{"type": "FeatureCollection", "features": [{"type": "Feature", "properties": {"k": "area", "s": "grass", "name": "Trinity River Floodway"}, "geometry": {"type": "Polygon", "coordinates": [[[-96.899088, 32.823008], [-96.896849, 32.820878], [-96.897616, 32.820347], [-96.901175, 32.817807], [-96.902389, 32.816414], [-96.903367, 32.814715], [-96.903723, 32.813499], [-96.903888, 32.81226], [-96.903818, 32.81061], [-96.903324, 32.809345], [-96.901139, 32.807273], [-96.888311, 32.803113], [-96.882387, 32.803045], [-96.881632, 32.80279], [-96.873829, 32.80283], [-96.873539, 32.802832], [-96.868756, 32.802856], [-96.861443, 32.80292], [-96.861171, 32.802978], [-96.856059, 32.803016], [-96.855557, 32.803041], [-96.855099, 32.802976], [-96.854183, 32.802767], [-96.853736, 32.802665], [-96.85327, 32.802618], [-96.851989, 32.80255], [-96.851105, 32.802341], [-96.850278, 32.802124], [-96.849482, 32.801883], [-96.848461, 32.801433], [-96.847425, 32.800847], [-96.845914, 32.800035], [-96.843857, 32.798974], [-96.842595, 32.798283], [-96.840233, 32.797174], [-96.83874, 32.796293], [-96.838442, 32.796188], [-96.837759, 32.795851], [-96.836956, 32.795457], [-96.836911, 32.795433], [-96.834422, 32.794099], [-96.831277, 32.792506], [-96.830831, 32.79224], [-96.829963, 32.791397], [-96.828597, 32.790658], [-96.827456, 32.790079], [-96.826564, 32.789557], [-96.825761, 32.78901], [-96.824788, 32.788239], [-96.824089, 32.787572], [-96.823318, 32.786768], [-96.822474, 32.785691], [-96.821357, 32.784165], [-96.820458, 32.782813], [-96.81979, 32.78181], [-96.81844, 32.779994], [-96.817419, 32.778282], [-96.816415, 32.775912], [-96.815859, 32.776031], [-96.815779, 32.77578], [-96.815292, 32.774256], [-96.813519, 32.774646], [-96.813474, 32.774404], [-96.813441, 32.774226], [-96.813724, 32.77406], [-96.813961, 32.773884], [-96.814079, 32.773753], [-96.814153, 32.77359], [-96.814201, 32.773433], [-96.814224, 32.773158], [-96.813525, 32.770292], [-96.812808, 32.770307], [-96.811952, 32.769173], [-96.811228, 32.768714], [-96.810299, 32.768339], [-96.810084, 32.768581], [-96.808748, 32.767943], [-96.807648, 32.767632], [-96.807693, 32.767538], [-96.80782, 32.767489], [-96.807994, 32.76701], [-96.80779, 32.76696], [-96.807906, 32.766598], [-96.807882, 32.766515], [-96.80743, 32.766298], [-96.806948, 32.766155], [-96.806962, 32.766098], [-96.806897, 32.766084], [-96.806904, 32.766056], [-96.806684, 32.76601], [-96.806338, 32.766799], [-96.806249, 32.767251], [-96.805295, 32.76703], [-96.80581, 32.765951], [-96.805684, 32.765899], [-96.80497, 32.765616], [-96.804703, 32.766154], [-96.804503, 32.766713], [-96.803504, 32.765941], [-96.803897, 32.765487], [-96.804388, 32.764769], [-96.803678, 32.764129], [-96.802441, 32.763158], [-96.801528, 32.762548], [-96.801067, 32.762336], [-96.797497, 32.758857], [-96.795501, 32.7581], [-96.794575, 32.757996], [-96.794129, 32.757946], [-96.789704, 32.758062], [-96.789403, 32.757796], [-96.789428, 32.757392], [-96.791449, 32.753765], [-96.792927, 32.751855], [-96.795417, 32.749902], [-96.798374, 32.751052], [-96.79972, 32.75185], [-96.80081, 32.752755], [-96.803262, 32.75409], [-96.803446, 32.754796], [-96.804668, 32.755612], [-96.80557, 32.756097], [-96.806072, 32.756481], [-96.80643, 32.756798], [-96.806984, 32.757347], [-96.807047, 32.757348], [-96.807499, 32.757885], [-96.80764, 32.758161], [-96.808338, 32.758955], [-96.809173, 32.759916], [-96.809938, 32.760591], [-96.812234, 32.761603], [-96.815959, 32.763344], [-96.817957, 32.764963], [-96.819465, 32.766436], [-96.820283, 32.767584], [-96.820938, 32.769028], [-96.822123, 32.773544], [-96.82215, 32.773647], [-96.822221, 32.773916], [-96.822278, 32.774135], [-96.82233, 32.77433], [-96.82263, 32.775475], [-96.822974, 32.776079], [-96.823855, 32.776834], [-96.824267, 32.77716], [-96.824565, 32.777888], [-96.824719, 32.778141], [-96.824724, 32.778149], [-96.824908, 32.778451], [-96.825312, 32.779113], [-96.825708, 32.779536], [-96.825981, 32.779391], [-96.827468, 32.781357], [-96.827517, 32.781407], [-96.827663, 32.781557], [-96.828087, 32.781995], [-96.828703, 32.782537], [-96.82889, 32.782702], [-96.82904, 32.782787], [-96.830048, 32.783361], [-96.83166, 32.784117], [-96.834467, 32.785499], [-96.83699, 32.78664], [-96.839337, 32.787765], [-96.84148, 32.788717], [-96.842165, 32.788835], [-96.842439, 32.788799], [-96.851026, 32.79266], [-96.852153, 32.793], [-96.853712, 32.793275], [-96.855512, 32.793299], [-96.85672, 32.79341], [-96.857663, 32.7934], [-96.860109, 32.793377], [-96.860413, 32.792753], [-96.865698, 32.792779], [-96.867732, 32.79282], [-96.867773, 32.79349], [-96.872903, 32.793516], [-96.873987, 32.793385], [-96.877996, 32.793454], [-96.878417, 32.79326], [-96.890987, 32.793381], [-96.890977, 32.793651], [-96.89711, 32.795634], [-96.904101, 32.79534], [-96.905505, 32.795294], [-96.905966, 32.795119], [-96.90692, 32.797374], [-96.899088, 32.823008]]]}}, {"type": "Feature", "properties": {"k": "area", "s": "water"}, "geometry": {"type": "Polygon", "coordinates": [[[-96.599313, 32.610484], [-96.599385, 32.610402], [-96.599443, 32.610391], [-96.599489, 32.610369], [-96.599508, 32.610341], [-96.599515, 32.610308], [-96.599593, 32.61022], [-96.599592, 32.610193], [-96.599573, 32.610165], [-96.59958, 32.610138], [-96.599651, 32.610088], [-96.599696, 32.610072], [-96.599755, 32.610028], [-96.599813, 32.609956], [-96.59982, 32.609912], [-96.599846, 32.609868], [-96.599924, 32.60978], [-96.599956, 32.609715], [-96.600079, 32.609555], [-96.600222, 32.609423], [-96.600287, 32.60933], [-96.600313, 32.609264], [-96.600579, 32.609], [-96.600793, 32.608703], [-96.601131, 32.608478], [-96.601462, 32.608307], [-96.601618, 32.608241], [-96.601826, 32.60823], [-96.602358, 32.608246], [-96.602598, 32.608351], [-96.602773, 32.608455], [-96.602968, 32.608472], [-96.603079, 32.608494], [-96.603358, 32.608598], [-96.603553, 32.608746], [-96.603884, 32.608944], [-96.604111, 32.608966], [-96.604202, 32.609021], [-96.604241, 32.609081], [-96.604261, 32.609147], [-96.604397, 32.609191], [-96.604553, 32.609257], [-96.604683, 32.609252], [-96.604806, 32.609279], [-96.605027, 32.609307], [-96.605163, 32.609356], [-96.605313, 32.609433], [-96.605508, 32.60951], [-96.60567, 32.609559], [-96.605923, 32.609707], [-96.606183, 32.609883], [-96.606326, 32.609966], [-96.606404, 32.610026], [-96.606443, 32.610141], [-96.60643, 32.610196], [-96.606437, 32.610295], [-96.606501, 32.61035], [-96.606566, 32.610378], [-96.606651, 32.610438], [-96.606716, 32.61051], [-96.606748, 32.610576], [-96.606729, 32.610663], [-96.606612, 32.610757], [-96.606586, 32.61085], [-96.606586, 32.610933], [-96.606651, 32.611191], [-96.606697, 32.611274], [-96.606723, 32.611433], [-96.606749, 32.61151], [-96.606775, 32.611691], [-96.606846, 32.611905], [-96.60695, 32.612109], [-96.607112, 32.612208], [-96.607164, 32.612279], [-96.60734, 32.612406], [-96.607379, 32.612427], [-96.607489, 32.612416], [-96.607892, 32.612295], [-96.608048, 32.612262], [-96.608132, 32.612262], [-96.608236, 32.61224], [-96.60845, 32.612163], [-96.608541, 32.612147], [-96.60871, 32.612075], [-96.608807, 32.612059], [-96.609002, 32.612053], [-96.609041, 32.612059], [-96.609242, 32.612048], [-96.609333, 32.61207], [-96.609392, 32.612097], [-96.609548, 32.612125], [-96.609755, 32.612069], [-96.609963, 32.612053], [-96.610125, 32.612058], [-96.610229, 32.61208], [-96.610333, 32.61208], [-96.610508, 32.612119], [-96.610684, 32.612091], [-96.610794, 32.612091], [-96.61082, 32.612102], [-96.610905, 32.612173], [-96.610957, 32.612195], [-96.611138, 32.612195], [-96.611437, 32.612272], [-96.611755, 32.612311], [-96.612028, 32.612201], [-96.612145, 32.612212], [-96.612411, 32.612277], [-96.612807, 32.612173], [-96.613378, 32.612112], [-96.613456, 32.612079], [-96.613599, 32.612057], [-96.613742, 32.612079], [-96.613807, 32.612134], [-96.613898, 32.612145], [-96.613956, 32.612096], [-96.614255, 32.611947], [-96.614495, 32.611958], [-96.614697, 32.611925], [-96.61482, 32.611853], [-96.614911, 32.61182], [-96.614956, 32.611837], [-96.615034, 32.611831], [-96.615145, 32.611798], [-96.615236, 32.611793], [-96.615287, 32.611771], [-96.615346, 32.61176], [-96.61556, 32.611771], [-96.615748, 32.611798], [-96.615885, 32.611793], [-96.61606, 32.61177], [-96.616151, 32.611781], [-96.616294, 32.611814], [-96.616515, 32.611792], [-96.616586, 32.611803], [-96.616632, 32.611798], [-96.616794, 32.611803], [-96.616885, 32.611831], [-96.616917, 32.611853], [-96.616969, 32.611973], [-96.617041, 32.612023], [-96.617132, 32.612116], [-96.61719, 32.612127], [-96.617255, 32.612116], [-96.617372, 32.612056], [-96.61743, 32.612039], [-96.617528, 32.612028], [-96.61758, 32.612045], [-96.617638, 32.612078], [-96.617716, 32.612166], [-96.617729, 32.612199], [-96.617729, 32.612243], [-96.61771, 32.612281], [-96.61771, 32.612319], [-96.617736, 32.612385], [-96.617853, 32.612413], [-96.617963, 32.612424], [-96.617983, 32.61255], [-96.618009, 32.612633], [-96.618093, 32.61271], [-96.618515, 32.612951], [-96.618626, 32.613061], [-96.618691, 32.613083], [-96.618801, 32.613138], [-96.618873, 32.613281], [-96.618944, 32.613358], [-96.619009, 32.613391], [-96.619119, 32.613512], [-96.619249, 32.613676], [-96.619457, 32.613896], [-96.619503, 32.613962], [-96.619698, 32.614116], [-96.619834, 32.614369], [-96.619912, 32.614462], [-96.61999, 32.614522], [-96.620068, 32.614627], [-96.62012, 32.614748], [-96.620192, 32.614852], [-96.620419, 32.615], [-96.620439, 32.615055], [-96.620503, 32.615138], [-96.620659, 32.61522], [-96.620731, 32.615275], [-96.62075, 32.615396], [-96.620776, 32.615473], [-96.620822, 32.615544], [-96.620893, 32.615616], [-96.620958, 32.615704], [-96.62103, 32.615758], [-96.621147, 32.615814], [-96.621264, 32.615984], [-96.621459, 32.616154], [-96.621537, 32.616253], [-96.621634, 32.616434], [-96.621712, 32.616555], [-96.621771, 32.616703], [-96.62181, 32.616912], [-96.62192, 32.617017], [-96.621953, 32.617072], [-96.622018, 32.617143], [-96.622063, 32.617176], [-96.622109, 32.617242], [-96.62218, 32.61739], [-96.622187, 32.617445], [-96.622219, 32.617528], [-96.622297, 32.617583], [-96.622425, 32.617645], [-96.62268, 32.617769], [-96.622804, 32.617896], [-96.622778, 32.618044], [-96.622791, 32.618105], [-96.622823, 32.618143], [-96.622927, 32.618198], [-96.622999, 32.618253], [-96.623135, 32.618319], [-96.623181, 32.618396], [-96.623226, 32.618412], [-96.623285, 32.618484], [-96.623343, 32.618522], [-96.623428, 32.618544], [-96.623506, 32.618599], [-96.623532, 32.618687], [-96.623558, 32.618714], [-96.623616, 32.618736], [-96.623649, 32.618736], [-96.623675, 32.618725], [-96.623694, 32.618681], [-96.62372, 32.618659], [-96.623765, 32.618654], [-96.623804, 32.618665], [-96.623817, 32.618698], [-96.623863, 32.618736], [-96.623902, 32.618725], [-96.623954, 32.618731], [-96.624045, 32.618758], [-96.624129, 32.618818], [-96.624233, 32.618851], [-96.624324, 32.618824], [-96.624363, 32.618824], [-96.624415, 32.618868], [-96.624428, 32.618912], [-96.624473, 32.61895], [-96.624512, 32.618961], [-96.625102, 32.61899], [-96.625166, 32.618989], [-96.625279, 32.618938], [-96.625359, 32.618909], [-96.625477, 32.618904], [-96.625645, 32.61891], [-96.625761, 32.618876], [-96.625943, 32.618913], [-96.626127, 32.618904], [-96.626317, 32.618965], [-96.626522, 32.618964], [-96.626837, 32.618932], [-96.627019, 32.61901], [-96.627203, 32.61908], [-96.627522, 32.619298], [-96.627712, 32.619369], [-96.627962, 32.619531], [-96.628142, 32.619562], [-96.628459, 32.619604], [-96.628554, 32.619644], [-96.628642, 32.619631], [-96.628824, 32.619647], [-96.629068, 32.619612], [-96.629463, 32.619584], [-96.630059, 32.6195], [-96.630731, 32.619886], [-96.63088, 32.62018], [-96.630985, 32.620362], [-96.630981, 32.620539], [-96.63104, 32.620662], [-96.63092, 32.620763], [-96.630991, 32.620917], [-96.630991, 32.620944], [-96.630978, 32.620977], [-96.63088, 32.621076], [-96.630283, 32.62162], [-96.630166, 32.621746], [-96.630055, 32.6219], [-96.629983, 32.62196], [-96.62997, 32.622037], [-96.629977, 32.622175], [-96.629892, 32.622394], [-96.62986, 32.622444], [-96.629775, 32.622515], [-96.629678, 32.622559], [-96.629561, 32.622598], [-96.629509, 32.62263], [-96.629412, 32.622713], [-96.629204, 32.622927], [-96.629138, 32.623021], [-96.629113, 32.623103], [-96.629057, 32.62316], [-96.628987, 32.623285], [-96.628872, 32.623388], [-96.628787, 32.623523], [-96.628771, 32.623676], [-96.628643, 32.623935], [-96.628663, 32.624088], [-96.628664, 32.624269], [-96.628677, 32.624356], [-96.628693, 32.624496], [-96.628674, 32.624589], [-96.628788, 32.62474], [-96.628753, 32.624869], [-96.628962, 32.625167], [-96.628912, 32.625478], [-96.62908, 32.625972], [-96.628933, 32.626352], [-96.628726, 32.626473], [-96.628385, 32.626601], [-96.627969, 32.626959], [-96.627781, 32.627288], [-96.627663, 32.627639], [-96.627647, 32.627822], [-96.627651, 32.627918], [-96.627768, 32.628156], [-96.627914, 32.628464], [-96.628127, 32.628743], [-96.628451, 32.629014], [-96.628542, 32.629146], [-96.628737, 32.629344], [-96.628906, 32.62947], [-96.629912, 32.629844], [-96.630438, 32.630142], [-96.630971, 32.630422], [-96.63236, 32.63095], [-96.63325, 32.631363], [-96.633814, 32.631523], [-96.634198, 32.631655], [-96.635022, 32.632001], [-96.635925, 32.632359], [-96.636834, 32.632667], [-96.638561, 32.633382], [-96.639107, 32.633635], [-96.639711, 32.633877], [-96.640152, 32.63402], [-96.640438, 32.634086], [-96.640724, 32.634218], [-96.640925, 32.63435], [-96.641665, 32.634592], [-96.64212, 32.634763], [-96.642503, 32.634867], [-96.643165, 32.635109], [-96.643646, 32.635252], [-96.644503, 32.635703], [-96.646087, 32.636671], [-96.646711, 32.636996], [-96.647328, 32.637282], [-96.647691, 32.637491], [-96.647782, 32.637524], [-96.647867, 32.63754], [-96.64799, 32.63754], [-96.648016, 32.637551], [-96.648042, 32.637579], [-96.648062, 32.637639], [-96.648088, 32.637815], [-96.648127, 32.637848], [-96.648399, 32.638008], [-96.648601, 32.638073], [-96.649497, 32.638447], [-96.650269, 32.638734], [-96.65038, 32.63881], [-96.650977, 32.638954], [-96.651179, 32.638981], [-96.651354, 32.638959], [-96.651478, 32.638915], [-96.65164, 32.638822], [-96.651867, 32.638646], [-96.651978, 32.638602], [-96.652114, 32.638569], [-96.652251, 32.638503], [-96.652374, 32.638415], [-96.652426, 32.638328], [-96.652465, 32.638196], [-96.652517, 32.638102], [-96.65279, 32.637871], [-96.653251, 32.637394], [-96.65368, 32.637058], [-96.653836, 32.636899], [-96.654324, 32.636536], [-96.65459, 32.636388], [-96.654843, 32.636306], [-96.655051, 32.636273], [-96.655129, 32.636278], [-96.6552, 32.6363], [-96.655224, 32.636313], [-96.655369, 32.636388], [-96.65583, 32.636581], [-96.656616, 32.636966], [-96.657201, 32.637274], [-96.658019, 32.637862], [-96.658876, 32.638373], [-96.659696, 32.638769], [-96.660747, 32.639275], [-96.661812, 32.63961], [-96.662338, 32.639764], [-96.663572, 32.640067], [-96.664501, 32.640309], [-96.664611, 32.640309], [-96.664663, 32.640293], [-96.664942, 32.640199], [-96.665144, 32.640122], [-96.665293, 32.640045], [-96.665397, 32.640012], [-96.66552, 32.640007], [-96.665741, 32.640018], [-96.666125, 32.640012], [-96.666462, 32.640034], [-96.667092, 32.640101], [-96.667833, 32.640227], [-96.667963, 32.64026], [-96.668651, 32.640464], [-96.66897, 32.640634], [-96.670158, 32.641299], [-96.670743, 32.641744], [-96.670905, 32.641887], [-96.671405, 32.642245], [-96.671522, 32.642355], [-96.671665, 32.64253], [-96.671892, 32.64286], [-96.6721, 32.643124], [-96.672736, 32.643707], [-96.673373, 32.644344], [-96.675198, 32.645971], [-96.676016, 32.646631], [-96.676367, 32.646856], [-96.676893, 32.647131], [-96.677614, 32.647411], [-96.677803, 32.647455], [-96.678206, 32.647516], [-96.678355, 32.647505], [-96.678686, 32.647373], [-96.679057, 32.647302], [-96.679427, 32.647274], [-96.680453, 32.647324], [-96.680746, 32.647362], [-96.68094, 32.647417], [-96.681265, 32.647632], [-96.681863, 32.648088], [-96.68246, 32.648412], [-96.682993, 32.648769], [-96.683201, 32.648989], [-96.683331, 32.649209], [-96.683461, 32.649671], [-96.683441, 32.650055], [-96.68335, 32.650523], [-96.683071, 32.651138], [-96.682746, 32.651693], [-96.682421, 32.652061], [-96.681343, 32.652957], [-96.680894, 32.653353], [-96.680511, 32.653715], [-96.680186, 32.654161], [-96.679868, 32.654622], [-96.679829, 32.654699], [-96.679764, 32.654793], [-96.679608, 32.654941], [-96.67938, 32.655188], [-96.679316, 32.655282], [-96.679277, 32.655485], [-96.679283, 32.655562], [-96.679277, 32.655699], [-96.679218, 32.655914], [-96.679173, 32.656002], [-96.679042, 32.656161], [-96.679023, 32.656211], [-96.67899, 32.656441], [-96.678971, 32.656507], [-96.678822, 32.656815], [-96.678627, 32.657282], [-96.678445, 32.657859], [-96.67836, 32.658239], [-96.678314, 32.658854], [-96.678211, 32.659437], [-96.677866, 32.660096], [-96.677632, 32.66036], [-96.677281, 32.66069], [-96.677002, 32.661008], [-96.676976, 32.661217], [-96.676969, 32.661387], [-96.676976, 32.661519], [-96.677021, 32.661728], [-96.677132, 32.661915], [-96.677236, 32.662009], [-96.677411, 32.662102], [-96.677918, 32.662421], [-96.678333, 32.662822], [-96.678399, 32.662921], [-96.678567, 32.663416], [-96.678548, 32.663526], [-96.678424, 32.663707], [-96.677794, 32.664306], [-96.677476, 32.664515], [-96.67704, 32.664713], [-96.676144, 32.665031], [-96.675708, 32.665152], [-96.675247, 32.665322], [-96.675098, 32.665438], [-96.674967, 32.665586], [-96.674909, 32.665734], [-96.674915, 32.665938], [-96.675039, 32.666141], [-96.675182, 32.666328], [-96.675253, 32.6664], [-96.675344, 32.66646], [-96.675507, 32.666548], [-96.675669, 32.666598], [-96.675883, 32.66668], [-96.676195, 32.666751], [-96.676449, 32.666762], [-96.676962, 32.666817], [-96.677222, 32.666911], [-96.677768, 32.667263], [-96.677885, 32.667367], [-96.67832, 32.667763], [-96.678768, 32.668302], [-96.678931, 32.66851], [-96.679002, 32.66862], [-96.679086, 32.668697], [-96.679158, 32.668714], [-96.679243, 32.668758], [-96.679366, 32.668928], [-96.679489, 32.669483], [-96.679574, 32.669961], [-96.679554, 32.670275], [-96.679502, 32.670423], [-96.679489, 32.670516], [-96.679502, 32.670615], [-96.679145, 32.671396], [-96.678878, 32.671846], [-96.678586, 32.67227], [-96.678378, 32.672539], [-96.678014, 32.672885], [-96.677702, 32.673149], [-96.67726, 32.673643], [-96.677013, 32.673979], [-96.676779, 32.674517], [-96.676727, 32.67488], [-96.676759, 32.675155], [-96.677052, 32.675638], [-96.677292, 32.675842], [-96.677565, 32.676001], [-96.678124, 32.676177], [-96.67867, 32.676249], [-96.678845, 32.676243], [-96.679228, 32.676183], [-96.679631, 32.676078], [-96.680132, 32.675919], [-96.68058, 32.675672], [-96.681204, 32.675353], [-96.682679, 32.674364], [-96.682874, 32.674199], [-96.683277, 32.673957], [-96.684167, 32.673501], [-96.684895, 32.673062], [-96.685331, 32.672902], [-96.685772, 32.672897], [-96.686006, 32.672963], [-96.686149, 32.673012], [-96.686715, 32.673116], [-96.687319, 32.673336], [-96.687715, 32.673501], [-96.688508, 32.67404], [-96.688957, 32.67465], [-96.689112, 32.675227], [-96.689177, 32.675529], [-96.689223, 32.675881], [-96.689229, 32.676079], [-96.689483, 32.677041], [-96.689593, 32.678085], [-96.689684, 32.678574], [-96.689873, 32.679986], [-96.690022, 32.680827], [-96.690055, 32.681058], [-96.69008, 32.681185], [-96.690113, 32.681481], [-96.690224, 32.682113], [-96.690302, 32.682745], [-96.690444, 32.683355], [-96.69051, 32.683762], [-96.690529, 32.683834], [-96.690574, 32.684262], [-96.690704, 32.685048], [-96.690958, 32.686988], [-96.690977, 32.687263], [-96.690997, 32.687291], [-96.691081, 32.68751], [-96.691089, 32.687591], [-96.691153, 32.688252], [-96.691166, 32.688274], [-96.691224, 32.689148], [-96.691276, 32.689527], [-96.691348, 32.689813], [-96.691718, 32.691627], [-96.691874, 32.692649], [-96.691887, 32.693017], [-96.691868, 32.693517], [-96.691764, 32.6946], [-96.691647, 32.695276], [-96.691647, 32.695606], [-96.691679, 32.696007], [-96.691887, 32.697332], [-96.691939, 32.697452], [-96.692011, 32.697573], [-96.692102, 32.697689], [-96.692277, 32.697755], [-96.692459, 32.697782], [-96.692674, 32.697755], [-96.692888, 32.697661], [-96.693122, 32.697409], [-96.693239, 32.697299], [-96.69333, 32.697227], [-96.693473, 32.69715], [-96.693792, 32.697046], [-96.694305, 32.697007], [-96.694858, 32.697062], [-96.694903, 32.697084], [-96.694929, 32.697106], [-96.694988, 32.697156], [-96.695436, 32.697634], [-96.695761, 32.698106], [-96.696158, 32.699107], [-96.696242, 32.699425], [-96.696314, 32.699541], [-96.696411, 32.699634], [-96.696528, 32.699728], [-96.696658, 32.699794], [-96.696788, 32.699827], [-96.697035, 32.699821], [-96.697419, 32.699838], [-96.698335, 32.699596], [-96.69868, 32.699442], [-96.699154, 32.699145], [-96.699382, 32.698931], [-96.699564, 32.698804], [-96.699694, 32.698733], [-96.699947, 32.698502], [-96.700175, 32.698414], [-96.700331, 32.698392], [-96.700461, 32.698408], [-96.700721, 32.69848], [-96.700942, 32.698529], [-96.701247, 32.698491], [-96.701364, 32.698513], [-96.701442, 32.698557], [-96.701501, 32.698628], [-96.701546, 32.698716], [-96.701572, 32.698815], [-96.701611, 32.698898], [-96.701683, 32.699002], [-96.701858, 32.699145], [-96.701982, 32.699211], [-96.702157, 32.699359], [-96.702229, 32.699557], [-96.702268, 32.699975], [-96.702391, 32.700497], [-96.702502, 32.700849], [-96.702658, 32.70103], [-96.702801, 32.701134], [-96.702911, 32.701184], [-96.702989, 32.701189], [-96.703243, 32.701145], [-96.703425, 32.701085], [-96.7036, 32.700991], [-96.703802, 32.700909], [-96.703951, 32.700799], [-96.704075, 32.700667], [-96.70412, 32.70053], [-96.704068, 32.699656], [-96.70425, 32.699178], [-96.704374, 32.699062], [-96.704465, 32.699007], [-96.705056, 32.698897], [-96.705264, 32.698798], [-96.705563, 32.698738], [-96.706252, 32.69876], [-96.706493, 32.698782], [-96.706714, 32.69882], [-96.707234, 32.698859], [-96.707675, 32.698825], [-96.708618, 32.698534], [-96.709177, 32.698342], [-96.709632, 32.698122], [-96.71088, 32.697446], [-96.711686, 32.696918], [-96.712452, 32.696357], [-96.71257, 32.696291], [-96.712765, 32.696247], [-96.713005, 32.696253], [-96.713128, 32.696247], [-96.713297, 32.696203], [-96.713603, 32.696088], [-96.713947, 32.696077], [-96.714032, 32.696071], [-96.715163, 32.696126], [-96.716905, 32.696246], [-96.717444, 32.696257], [-96.71916, 32.696136], [-96.719732, 32.696207], [-96.720317, 32.696218], [-96.720779, 32.696246], [-96.721429, 32.696344], [-96.721975, 32.696575], [-96.7223, 32.696663], [-96.723021, 32.6968], [-96.723522, 32.696976], [-96.723815, 32.69713], [-96.724484, 32.697652], [-96.724998, 32.698086], [-96.725349, 32.698366], [-96.72555, 32.698481], [-96.7257, 32.698525], [-96.725915, 32.698536], [-96.726753, 32.698503], [-96.726948, 32.698503], [-96.727357, 32.698431], [-96.727513, 32.698371], [-96.727838, 32.69831], [-96.728098, 32.698266], [-96.728625, 32.6982], [-96.729307, 32.698266], [-96.730133, 32.698551], [-96.731121, 32.698798], [-96.731908, 32.699084], [-96.732168, 32.699205], [-96.732317, 32.699243], [-96.732512, 32.699243], [-96.733117, 32.699216], [-96.733546, 32.699215], [-96.733799, 32.699265], [-96.734033, 32.699441], [-96.734443, 32.699963], [-96.73469, 32.700441], [-96.734782, 32.70077], [-96.734801, 32.700963], [-96.734775, 32.701237], [-96.734587, 32.70248], [-96.734465, 32.703766], [-96.734549, 32.704337], [-96.734621, 32.704733], [-96.734881, 32.70525], [-96.735154, 32.705706], [-96.735506, 32.70659], [-96.735786, 32.707063], [-96.735887, 32.707249], [-96.736052, 32.707552], [-96.736267, 32.708118], [-96.736417, 32.708866], [-96.736385, 32.709437], [-96.736268, 32.70991], [-96.736197, 32.710294], [-96.735989, 32.710679], [-96.735755, 32.71135], [-96.735547, 32.711652], [-96.734586, 32.713076], [-96.734274, 32.713648], [-96.733592, 32.714747], [-96.732968, 32.715902], [-96.732676, 32.716682], [-96.732605, 32.716973], [-96.732429, 32.717858], [-96.732384, 32.717974], [-96.7323, 32.718287], [-96.732267, 32.718369], [-96.732079, 32.718694], [-96.732046, 32.718831], [-96.73204, 32.719507], [-96.732099, 32.720024], [-96.732008, 32.720623], [-96.732002, 32.720876], [-96.732099, 32.721365], [-96.732334, 32.721793], [-96.732653, 32.722134], [-96.733004, 32.722552], [-96.733543, 32.722914], [-96.73396, 32.723299], [-96.734305, 32.723546], [-96.734831, 32.723722], [-96.735007, 32.723766], [-96.735332, 32.723788], [-96.735644, 32.723826], [-96.735904, 32.723842], [-96.736106, 32.723842], [-96.736548, 32.723815], [-96.736821, 32.723776], [-96.737016, 32.723732], [-96.737673, 32.723721], [-96.738206, 32.723649], [-96.738947, 32.723572], [-96.73963, 32.72355], [-96.740514, 32.723599], [-96.741665, 32.723703], [-96.742569, 32.723801], [-96.74305, 32.723818], [-96.743531, 32.723812], [-96.743791, 32.723785], [-96.744363, 32.723702], [-96.744695, 32.723619], [-96.745299, 32.723366], [-96.745631, 32.723284], [-96.745741, 32.723284], [-96.746105, 32.72336], [-96.746359, 32.723399], [-96.746561, 32.723454], [-96.747068, 32.723833], [-96.747445, 32.72408], [-96.747595, 32.724223], [-96.747862, 32.724651], [-96.747998, 32.724898], [-96.748148, 32.725201], [-96.748213, 32.725294], [-96.748337, 32.725387], [-96.74889, 32.725662], [-96.749254, 32.725761], [-96.749722, 32.725854], [-96.750001, 32.725942], [-96.750669, 32.726147], [-96.750916, 32.726224], [-96.751254, 32.726389], [-96.751488, 32.726532], [-96.752001, 32.726956], [-96.752755, 32.727627], [-96.753134, 32.727951], [-96.753657, 32.728222], [-96.753905, 32.728281], [-96.754081, 32.728314], [-96.75425, 32.72832], [-96.754439, 32.728315], [-96.754751, 32.728293], [-96.755141, 32.728243], [-96.756116, 32.728173], [-96.756298, 32.728162], [-96.756396, 32.728167], [-96.756767, 32.728129], [-96.757053, 32.728074], [-96.75782, 32.727981], [-96.758178, 32.727915], [-96.759173, 32.727624], [-96.759387, 32.727586], [-96.759491, 32.727575], [-96.759628, 32.727559], [-96.760532, 32.727493], [-96.760707, 32.727499], [-96.760922, 32.727488], [-96.76098, 32.727499], [-96.761026, 32.727526], [-96.761253, 32.727516], [-96.761345, 32.727521], [-96.761767, 32.727587], [-96.762086, 32.727653], [-96.762248, 32.72773], [-96.762736, 32.728033], [-96.762833, 32.72811], [-96.762944, 32.728258], [-96.763008, 32.728374], [-96.763015, 32.728401], [-96.763035, 32.728451], [-96.763035, 32.728522], [-96.763015, 32.728654], [-96.763021, 32.728769], [-96.763015, 32.728841], [-96.762995, 32.72894], [-96.762956, 32.729033], [-96.762891, 32.729127], [-96.762767, 32.729275], [-96.762579, 32.729473], [-96.762494, 32.729544], [-96.762377, 32.729621], [-96.762123, 32.729747], [-96.762, 32.729791], [-96.761863, 32.729824], [-96.761714, 32.729846], [-96.761337, 32.729857], [-96.760842, 32.729857], [-96.760452, 32.72984], [-96.760296, 32.729851], [-96.760017, 32.729911], [-96.759724, 32.730043], [-96.759639, 32.730098], [-96.759581, 32.730175], [-96.759535, 32.730246], [-96.759457, 32.730505], [-96.759457, 32.73057], [-96.759489, 32.730664], [-96.759626, 32.730933], [-96.759704, 32.731142], [-96.75984, 32.731445], [-96.759905, 32.73162], [-96.760152, 32.732077], [-96.760548, 32.732638], [-96.760671, 32.732835], [-96.760788, 32.733061], [-96.761172, 32.73372], [-96.761256, 32.733841], [-96.761444, 32.734061], [-96.761704, 32.73443], [-96.761841, 32.734578], [-96.762354, 32.73504], [-96.762504, 32.73515], [-96.762907, 32.735409], [-96.763017, 32.735513], [-96.763186, 32.735645], [-96.763394, 32.735788], [-96.763537, 32.735903], [-96.764096, 32.736313], [-96.764729, 32.736593], [-96.765032, 32.736902], [-96.765598, 32.737216], [-96.766166, 32.737558], [-96.766614, 32.737858], [-96.767152, 32.738217], [-96.767919, 32.738872], [-96.768257, 32.739156], [-96.768631, 32.739555], [-96.769028, 32.739914], [-96.769631, 32.740609], [-96.769907, 32.740935], [-96.770642, 32.74159], [-96.770824, 32.741787], [-96.770941, 32.741941], [-96.771006, 32.742046], [-96.771051, 32.742128], [-96.771109, 32.742365], [-96.771135, 32.742414], [-96.771148, 32.742513], [-96.771187, 32.742634], [-96.771161, 32.742722], [-96.771109, 32.743244], [-96.771115, 32.743519], [-96.771161, 32.743656], [-96.771232, 32.743799], [-96.771447, 32.744129], [-96.771804, 32.744481], [-96.772402, 32.745152], [-96.772682, 32.745393], [-96.773272, 32.74564], [-96.77389, 32.745703], [-96.774256, 32.745635], [-96.775211, 32.745587], [-96.775348, 32.745587], [-96.775478, 32.745603], [-96.775667, 32.745691], [-96.775823, 32.745736], [-96.77594, 32.745785], [-96.776024, 32.745862], [-96.776109, 32.746065], [-96.77633, 32.746335], [-96.776349, 32.746395], [-96.776336, 32.746439], [-96.776303, 32.746752], [-96.776232, 32.74689], [-96.776147, 32.746967], [-96.776037, 32.747121], [-96.775946, 32.747296], [-96.775815, 32.747599], [-96.775776, 32.747692], [-96.77575, 32.747791], [-96.775763, 32.74806], [-96.775815, 32.748198], [-96.775854, 32.748264], [-96.775893, 32.748418], [-96.775971, 32.748566], [-96.776062, 32.748643], [-96.776322, 32.74883], [-96.77642, 32.748956], [-96.776699, 32.749242], [-96.776894, 32.749418], [-96.776933, 32.749462], [-96.776952, 32.749567], [-96.77705, 32.749649], [-96.777115, 32.749655], [-96.777187, 32.749633], [-96.77733, 32.749627], [-96.777408, 32.749655], [-96.777486, 32.749737], [-96.777518, 32.749759], [-96.777635, 32.74977], [-96.777759, 32.749754], [-96.777902, 32.749704], [-96.77824, 32.749639], [-96.778422, 32.749617], [-96.778722, 32.749639], [-96.778793, 32.749672], [-96.778839, 32.749732], [-96.778903, 32.749771], [-96.778949, 32.749787], [-96.779138, 32.749804], [-96.779222, 32.749831], [-96.779307, 32.749903], [-96.779359, 32.749919], [-96.779734, 32.750002], [-96.78017, 32.750306], [-96.780339, 32.750394], [-96.780522, 32.750526], [-96.781029, 32.751026], [-96.781237, 32.751306], [-96.781445, 32.751493], [-96.781646, 32.751647], [-96.599313, 32.610484]]]}}, {"type": "Feature", "properties": {"k": "area", "s": "water"}, "geometry": {"type": "Polygon", "coordinates": [[[-96.781594, 32.751928], [-96.781484, 32.751862], [-96.781347, 32.751752], [-96.781113, 32.75162], [-96.780976, 32.751499], [-96.780788, 32.75129], [-96.780528, 32.751064], [-96.780274, 32.750757], [-96.780131, 32.750625], [-96.779956, 32.750504], [-96.779578, 32.750267], [-96.779221, 32.750075], [-96.77906, 32.750002], [-96.778975, 32.749914], [-96.778806, 32.749864], [-96.77865, 32.749831], [-96.778253, 32.749858], [-96.778038, 32.749908], [-96.777843, 32.749979], [-96.777674, 32.749985], [-96.777518, 32.749979], [-96.777453, 32.749979], [-96.777271, 32.749935], [-96.777115, 32.74988], [-96.776809, 32.749731], [-96.776725, 32.74966], [-96.776621, 32.749512], [-96.776283, 32.749176], [-96.775997, 32.748868], [-96.775802, 32.748687], [-96.775633, 32.748467], [-96.775568, 32.748401], [-96.775438, 32.748214], [-96.775379, 32.748104], [-96.775386, 32.747972], [-96.775419, 32.747917], [-96.775438, 32.747829], [-96.775445, 32.747703], [-96.775464, 32.747588], [-96.775549, 32.747478], [-96.77564, 32.747318], [-96.775822, 32.746879], [-96.775835, 32.746554], [-96.775907, 32.74623], [-96.775875, 32.746098], [-96.775829, 32.746054], [-96.775745, 32.745999], [-96.775465, 32.745917], [-96.774958, 32.745883], [-96.77445, 32.745905], [-96.774366, 32.745927], [-96.774229, 32.745988], [-96.774054, 32.746015], [-96.773891, 32.746021], [-96.773507, 32.745982], [-96.773293, 32.745927], [-96.773013, 32.745872], [-96.772883, 32.745817], [-96.772636, 32.745657], [-96.772558, 32.745569], [-96.772454, 32.74541], [-96.772292, 32.7453], [-96.772103, 32.745151], [-96.771889, 32.744937], [-96.77172, 32.744717], [-96.77157, 32.744563], [-96.771434, 32.744464], [-96.771329, 32.744316], [-96.77116, 32.744162], [-96.771011, 32.743997], [-96.770991, 32.743942], [-96.770966, 32.743904], [-96.770803, 32.743782], [-96.770732, 32.743651], [-96.770699, 32.74348], [-96.770706, 32.743442], [-96.770797, 32.74326], [-96.770842, 32.743084], [-96.770895, 32.742716], [-96.770927, 32.742617], [-96.770927, 32.742557], [-96.770882, 32.742419], [-96.77055, 32.741941], [-96.770375, 32.741721], [-96.77018, 32.741534], [-96.769731, 32.741193], [-96.769213, 32.740672], [-96.769019, 32.740463], [-96.76858, 32.739932], [-96.767957, 32.739237], [-96.767366, 32.738741], [-96.76686, 32.738315], [-96.766874, 32.738253], [-96.765661, 32.737504], [-96.765211, 32.737314], [-96.763868, 32.736591], [-96.763758, 32.736514], [-96.763712, 32.736459], [-96.763667, 32.736382], [-96.763563, 32.736277], [-96.763296, 32.736041], [-96.762458, 32.735403], [-96.761697, 32.734771], [-96.761405, 32.734479], [-96.761275, 32.73432], [-96.760911, 32.73383], [-96.760762, 32.733577], [-96.760645, 32.73333], [-96.76056, 32.733182], [-96.760437, 32.733006], [-96.760288, 32.732824], [-96.76021, 32.732687], [-96.760054, 32.732313], [-96.759924, 32.732126], [-96.759866, 32.732088], [-96.759814, 32.732011], [-96.759716, 32.731824], [-96.759651, 32.731631], [-96.759541, 32.731373], [-96.759339, 32.731027], [-96.759229, 32.730719], [-96.759197, 32.730477], [-96.75921, 32.730274], [-96.759236, 32.730186], [-96.759327, 32.730059], [-96.759457, 32.729916], [-96.75964, 32.72979], [-96.75988, 32.729669], [-96.759997, 32.729636], [-96.760381, 32.729636], [-96.760927, 32.729675], [-96.761304, 32.729675], [-96.761564, 32.729648], [-96.761746, 32.729621], [-96.761896, 32.729588], [-96.762176, 32.729484], [-96.762312, 32.729412], [-96.762533, 32.72917], [-96.762664, 32.72894], [-96.762703, 32.728599], [-96.762696, 32.728516], [-96.76267, 32.728451], [-96.762619, 32.728373], [-96.76245, 32.728198], [-96.762339, 32.72811], [-96.762157, 32.728016], [-96.761747, 32.727862], [-96.761617, 32.727829], [-96.761214, 32.727801], [-96.761071, 32.727812], [-96.760857, 32.72779], [-96.760629, 32.727779], [-96.76035, 32.727773], [-96.759888, 32.72779], [-96.759686, 32.727812], [-96.75927, 32.727883], [-96.758197, 32.728146], [-96.75756, 32.728239], [-96.757209, 32.728266], [-96.75635, 32.728382], [-96.756038, 32.728414], [-96.755297, 32.728458], [-96.755056, 32.728502], [-96.754738, 32.728535], [-96.754334, 32.728534], [-96.753935, 32.728549], [-96.753739, 32.728628], [-96.753409, 32.728548], [-96.753037, 32.728403], [-96.752814, 32.728289], [-96.752633, 32.728226], [-96.75251, 32.728117], [-96.752483, 32.728026], [-96.752408, 32.727782], [-96.752293, 32.727602], [-96.752096, 32.727411], [-96.751871, 32.727176], [-96.751565, 32.727015], [-96.751227, 32.726873], [-96.750914, 32.726609], [-96.750677, 32.726453], [-96.750437, 32.72634], [-96.749999, 32.726266], [-96.749436, 32.726167], [-96.748955, 32.726019], [-96.748168, 32.725629], [-96.747992, 32.725492], [-96.747908, 32.725399], [-96.747615, 32.724855], [-96.74753, 32.724717], [-96.747478, 32.724646], [-96.747296, 32.724448], [-96.747036, 32.724195], [-96.746996, 32.724173], [-96.746814, 32.724173], [-96.746763, 32.724146], [-96.746724, 32.724091], [-96.74671, 32.724014], [-96.746613, 32.723888], [-96.746535, 32.723822], [-96.746353, 32.723728], [-96.746184, 32.723679], [-96.745806, 32.72363], [-96.745579, 32.723652], [-96.744578, 32.723905], [-96.743928, 32.724037], [-96.743499, 32.724098], [-96.743147, 32.724114], [-96.742712, 32.724093], [-96.742211, 32.724093], [-96.740508, 32.723912], [-96.739935, 32.723901], [-96.739617, 32.723824], [-96.7395, 32.723825], [-96.738609, 32.723902], [-96.73842, 32.723902], [-96.738141, 32.723951], [-96.737972, 32.723996], [-96.737816, 32.724007], [-96.737601, 32.724007], [-96.736704, 32.724084], [-96.73632, 32.72415], [-96.736067, 32.724183], [-96.735924, 32.724188], [-96.735709, 32.724238], [-96.735618, 32.724282], [-96.73556, 32.724293], [-96.735248, 32.724222], [-96.735157, 32.724156], [-96.735046, 32.724095], [-96.73487, 32.724046], [-96.734636, 32.724063], [-96.734545, 32.724046], [-96.734448, 32.724013], [-96.734298, 32.723903], [-96.734207, 32.723854], [-96.733869, 32.723744], [-96.733602, 32.723491], [-96.733141, 32.723167], [-96.732809, 32.722893], [-96.731989, 32.721986], [-96.731807, 32.721651], [-96.731644, 32.721244], [-96.731553, 32.720914], [-96.731548, 32.720145], [-96.731624, 32.719524], [-96.73163, 32.71915], [-96.731695, 32.718441], [-96.731786, 32.718128], [-96.731792, 32.718073], [-96.731741, 32.71804], [-96.731734, 32.717968], [-96.731766, 32.717897], [-96.731838, 32.717836], [-96.731981, 32.717452], [-96.732026, 32.717067], [-96.732273, 32.716418], [-96.732643, 32.715759], [-96.732883, 32.715176], [-96.732942, 32.714918], [-96.732981, 32.714802], [-96.733091, 32.714582], [-96.733247, 32.714379], [-96.733501, 32.71411], [-96.733975, 32.713274], [-96.734241, 32.712686], [-96.734774, 32.712065], [-96.735125, 32.711482], [-96.735384, 32.711009], [-96.73569, 32.710355], [-96.735845, 32.70991], [-96.73591, 32.709498], [-96.735949, 32.708965], [-96.735923, 32.70858], [-96.735858, 32.708195], [-96.735467, 32.707415], [-96.735402, 32.707146], [-96.7352, 32.706673], [-96.73455, 32.705387], [-96.734354, 32.70509], [-96.734348, 32.705068], [-96.734231, 32.704612], [-96.734166, 32.70448], [-96.734107, 32.70403], [-96.734113, 32.703662], [-96.734087, 32.703612], [-96.734035, 32.703552], [-96.734029, 32.703508], [-96.734035, 32.703425], [-96.734087, 32.703409], [-96.73412, 32.703326], [-96.734165, 32.703073], [-96.734184, 32.702601], [-96.734262, 32.702134], [-96.734398, 32.701782], [-96.734411, 32.70165], [-96.734398, 32.701479], [-96.734353, 32.701408], [-96.734333, 32.701337], [-96.734353, 32.701161], [-96.734353, 32.700875], [-96.734313, 32.700611], [-96.734177, 32.70027], [-96.734066, 32.700062], [-96.733825, 32.699803], [-96.73354, 32.699666], [-96.733221, 32.699595], [-96.732623, 32.69954], [-96.732343, 32.699523], [-96.731947, 32.699436], [-96.731407, 32.699266], [-96.730796, 32.699101], [-96.730159, 32.698903], [-96.729808, 32.698804], [-96.72908, 32.698623], [-96.728885, 32.698557], [-96.728781, 32.698546], [-96.728424, 32.698563], [-96.728222, 32.698602], [-96.727995, 32.698722], [-96.727819, 32.698772], [-96.727429, 32.698805], [-96.727306, 32.698833], [-96.727071, 32.698838], [-96.726779, 32.69886], [-96.726155, 32.698877], [-96.725726, 32.69885], [-96.725583, 32.698816], [-96.725453, 32.698784], [-96.724985, 32.69852], [-96.724868, 32.698443], [-96.72477, 32.698372], [-96.724634, 32.698245], [-96.724491, 32.698086], [-96.723971, 32.697707], [-96.723581, 32.697432], [-96.723067, 32.697146], [-96.722599, 32.69702], [-96.722228, 32.696976], [-96.721741, 32.696844], [-96.72139, 32.696718], [-96.720922, 32.696608], [-96.720278, 32.69652], [-96.719778, 32.696532], [-96.719264, 32.696521], [-96.718666, 32.696477], [-96.718075, 32.696515], [-96.717548, 32.696571], [-96.717185, 32.696598], [-96.716846, 32.696576], [-96.716795, 32.696582], [-96.71656, 32.696554], [-96.716385, 32.696521], [-96.715547, 32.696423], [-96.71515, 32.696401], [-96.714337, 32.696384], [-96.714142, 32.69639], [-96.713668, 32.69645], [-96.713408, 32.696467], [-96.713252, 32.696495], [-96.713089, 32.696538], [-96.712868, 32.696643], [-96.712134, 32.697033], [-96.711172, 32.697627], [-96.710711, 32.697929], [-96.710691, 32.69794], [-96.710204, 32.698215], [-96.709658, 32.69849], [-96.70934, 32.698699], [-96.709112, 32.69882], [-96.708976, 32.69888], [-96.708859, 32.698908], [-96.708742, 32.698897], [-96.708228, 32.699067], [-96.707812, 32.699161], [-96.706649, 32.699145], [-96.706441, 32.699111], [-96.705823, 32.699051], [-96.7057, 32.699051], [-96.705433, 32.69909], [-96.705206, 32.699205], [-96.705154, 32.699222], [-96.704913, 32.699266], [-96.704705, 32.69937], [-96.704639, 32.699434], [-96.704562, 32.699507], [-96.704484, 32.699656], [-96.704452, 32.699848], [-96.704426, 32.700101], [-96.70446, 32.700355], [-96.704426, 32.70079], [-96.70439, 32.700894], [-96.704367, 32.700992], [-96.704313, 32.701147], [-96.704224, 32.701366], [-96.703966, 32.7016], [-96.703572, 32.70165], [-96.703261, 32.701632], [-96.702851, 32.701656], [-96.70258, 32.701647], [-96.702432, 32.701499], [-96.702238, 32.701384], [-96.702075, 32.70125], [-96.702079, 32.701101], [-96.701974, 32.700993], [-96.701988, 32.700849], [-96.701923, 32.700541], [-96.701917, 32.700162], [-96.701936, 32.699722], [-96.701884, 32.69959], [-96.701696, 32.699475], [-96.701592, 32.699392], [-96.701338, 32.699095], [-96.701267, 32.699073], [-96.70102, 32.698958], [-96.700857, 32.698898], [-96.700695, 32.698859], [-96.700506, 32.698837], [-96.700175, 32.698947], [-96.699941, 32.699085], [-96.699785, 32.699222], [-96.699681, 32.699294], [-96.699583, 32.699343], [-96.699479, 32.699381], [-96.699346, 32.699471], [-96.699219, 32.699557], [-96.698894, 32.699728], [-96.698303, 32.699942], [-96.69775, 32.700102], [-96.69738, 32.700145], [-96.697152, 32.700189], [-96.69686, 32.700217], [-96.696691, 32.700211], [-96.696431, 32.700151], [-96.696223, 32.700024], [-96.696127, 32.699935], [-96.696034, 32.699849], [-96.695787, 32.699535], [-96.695742, 32.699464], [-96.695716, 32.699371], [-96.695709, 32.699277], [-96.695735, 32.69903], [-96.695631, 32.698689], [-96.695495, 32.698387], [-96.695371, 32.698205], [-96.695254, 32.698057], [-96.695183, 32.697936], [-96.694877, 32.697617], [-96.694793, 32.697568], [-96.694682, 32.697485], [-96.694598, 32.697441], [-96.69452, 32.697414], [-96.694409, 32.697403], [-96.693974, 32.697491], [-96.693564, 32.697617], [-96.6932, 32.697865], [-96.693057, 32.697975], [-96.692888, 32.698079], [-96.692661, 32.698134], [-96.692199, 32.698156], [-96.691965, 32.69815], [-96.691855, 32.698134], [-96.691744, 32.698068], [-96.691582, 32.697595], [-96.691562, 32.697449], [-96.691523, 32.697161], [-96.691438, 32.696792], [-96.691426, 32.696738], [-96.691354, 32.695853], [-96.691328, 32.695754], [-96.691283, 32.695705], [-96.69127, 32.695188], [-96.691328, 32.695062], [-96.691354, 32.694952], [-96.691341, 32.69427], [-96.691296, 32.694128], [-96.691309, 32.693677], [-96.691348, 32.693199], [-96.691315, 32.692847], [-96.691315, 32.692671], [-96.691361, 32.692083], [-96.691244, 32.691412], [-96.691094, 32.690748], [-96.691049, 32.69044], [-96.691042, 32.690055], [-96.690964, 32.689637], [-96.690899, 32.689214], [-96.690899, 32.689033], [-96.690841, 32.688752], [-96.690776, 32.688511], [-96.690704, 32.687978], [-96.69062, 32.687521], [-96.6906, 32.687516], [-96.690516, 32.687032], [-96.690425, 32.68673], [-96.690353, 32.686307], [-96.690094, 32.68446], [-96.689989, 32.683834], [-96.689873, 32.682943], [-96.689847, 32.682339], [-96.689775, 32.682058], [-96.689626, 32.681899], [-96.689619, 32.681861], [-96.689678, 32.681762], [-96.689684, 32.681718], [-96.689561, 32.680959], [-96.689457, 32.680569], [-96.689333, 32.679838], [-96.689262, 32.679261], [-96.689236, 32.678645], [-96.688846, 32.676766], [-96.688807, 32.676321], [-96.68869, 32.675348], [-96.688528, 32.674991], [-96.688424, 32.67465], [-96.688073, 32.674227], [-96.687709, 32.673963], [-96.68728, 32.673716], [-96.686851, 32.673545], [-96.686117, 32.67338], [-96.685629, 32.673347], [-96.685168, 32.673364], [-96.684759, 32.67354], [-96.684596, 32.673644], [-96.68392, 32.674012], [-96.682965, 32.674606], [-96.682237, 32.6751], [-96.681639, 32.675408], [-96.680112, 32.676331], [-96.679969, 32.676408], [-96.679859, 32.676447], [-96.679384, 32.676513], [-96.679118, 32.67654], [-96.678475, 32.676545], [-96.67826, 32.676534], [-96.678085, 32.676512], [-96.677734, 32.676435], [-96.677552, 32.676364], [-96.677292, 32.676237], [-96.677143, 32.67615], [-96.676701, 32.675803], [-96.676551, 32.675611], [-96.676421, 32.67538], [-96.67635, 32.675188], [-96.676292, 32.67494], [-96.676278, 32.674841], [-96.676285, 32.674737], [-96.676331, 32.674567], [-96.676435, 32.674297], [-96.676454, 32.674259], [-96.676558, 32.673902], [-96.676714, 32.673616], [-96.677117, 32.673121], [-96.677572, 32.672803], [-96.67815, 32.672248], [-96.67817, 32.672077], [-96.678189, 32.671995], [-96.678261, 32.671918], [-96.678482, 32.67178], [-96.678618, 32.671632], [-96.678839, 32.671236], [-96.679073, 32.670599], [-96.679151, 32.670236], [-96.679138, 32.669725], [-96.679119, 32.66956], [-96.679086, 32.669483], [-96.678995, 32.669346], [-96.678684, 32.668736], [-96.678203, 32.668082], [-96.677495, 32.667417], [-96.677235, 32.667263], [-96.676501, 32.667098], [-96.675909, 32.666999], [-96.675234, 32.666839], [-96.674604, 32.66663], [-96.674538, 32.666586], [-96.674487, 32.666537], [-96.674415, 32.666443], [-96.674376, 32.666361], [-96.67435, 32.666251], [-96.674337, 32.666114], [-96.674389, 32.665729], [-96.674454, 32.665531], [-96.674526, 32.665432], [-96.674695, 32.665289], [-96.674877, 32.665207], [-96.675059, 32.665075], [-96.675234, 32.664932], [-96.675481, 32.664778], [-96.675786, 32.664674], [-96.676163, 32.664592], [-96.676436, 32.664553], [-96.676865, 32.664443], [-96.67719, 32.664262], [-96.677593, 32.664004], [-96.677794, 32.663828], [-96.677898, 32.66369], [-96.677983, 32.663559], [-96.678022, 32.66346], [-96.678061, 32.663245], [-96.678009, 32.663069], [-96.677807, 32.662855], [-96.677372, 32.66258], [-96.676924, 32.662223], [-96.676709, 32.662036], [-96.676618, 32.661904], [-96.676541, 32.66158], [-96.676515, 32.661228], [-96.676528, 32.660959], [-96.676567, 32.660849], [-96.676625, 32.660772], [-96.6768, 32.660629], [-96.677086, 32.66036], [-96.677632, 32.659678], [-96.677918, 32.658645], [-96.677996, 32.657892], [-96.678159, 32.657387], [-96.678393, 32.656897], [-96.678614, 32.656364], [-96.678718, 32.656046], [-96.678724, 32.655914], [-96.678685, 32.655557], [-96.678724, 32.655364], [-96.678763, 32.655287], [-96.67888, 32.655172], [-96.679049, 32.655034], [-96.679153, 32.654936], [-96.679212, 32.654859], [-96.679374, 32.654496], [-96.679725, 32.654012], [-96.680173, 32.653468], [-96.680362, 32.653298], [-96.680907, 32.65293], [-96.681154, 32.652633], [-96.681473, 32.652419], [-96.681687, 32.652254], [-96.681934, 32.651979], [-96.681993, 32.651946], [-96.682161, 32.651798], [-96.682382, 32.651462], [-96.682733, 32.650885], [-96.682902, 32.650264], [-96.682915, 32.65], [-96.682954, 32.649737], [-96.682889, 32.64944], [-96.682798, 32.649242], [-96.682668, 32.649039], [-96.682538, 32.648923], [-96.68198, 32.648588], [-96.681272, 32.648132], [-96.680739, 32.647862], [-96.680388, 32.647747], [-96.679875, 32.647708], [-96.679024, 32.64773], [-96.678472, 32.647851], [-96.678238, 32.647961], [-96.677939, 32.64806], [-96.677842, 32.648077], [-96.677627, 32.648071], [-96.677471, 32.648027], [-96.677043, 32.647719], [-96.676945, 32.647686], [-96.676724, 32.64756], [-96.675607, 32.646768], [-96.674951, 32.646285], [-96.673308, 32.644965], [-96.673139, 32.644795], [-96.672977, 32.644652], [-96.672684, 32.644443], [-96.672327, 32.644075], [-96.672321, 32.644025], [-96.672275, 32.643921], [-96.672204, 32.643833], [-96.672061, 32.643685], [-96.671749, 32.643404], [-96.671645, 32.643217], [-96.671489, 32.64302], [-96.671373, 32.642838], [-96.671256, 32.642706], [-96.670963, 32.642453], [-96.670749, 32.642316], [-96.670489, 32.642102], [-96.66997, 32.64164], [-96.669268, 32.641178], [-96.669119, 32.641101], [-96.668528, 32.64087], [-96.667742, 32.640601], [-96.667086, 32.64048], [-96.66682, 32.640447], [-96.666215, 32.640403], [-96.665754, 32.640403], [-96.665293, 32.640474], [-96.664871, 32.640617], [-96.664604, 32.640694], [-96.664371, 32.640732], [-96.664306, 32.640732], [-96.663598, 32.640496], [-96.663267, 32.640402], [-96.662883, 32.640276], [-96.662487, 32.640122], [-96.662045, 32.640001], [-96.661513, 32.639907], [-96.661123, 32.639841], [-96.660935, 32.639863], [-96.66085, 32.639852], [-96.660694, 32.639808], [-96.660512, 32.639736], [-96.660396, 32.639649], [-96.660065, 32.639445], [-96.658727, 32.638769], [-96.657739, 32.638186], [-96.657148, 32.637873], [-96.656337, 32.637482], [-96.655291, 32.636927], [-96.655122, 32.636844], [-96.654901, 32.636795], [-96.654668, 32.636762], [-96.65457, 32.636762], [-96.654492, 32.636811], [-96.654271, 32.637009], [-96.653706, 32.637481], [-96.653433, 32.637751], [-96.652972, 32.638256], [-96.652718, 32.638569], [-96.652621, 32.638652], [-96.652283, 32.638861], [-96.651536, 32.63919], [-96.651348, 32.639294], [-96.651289, 32.639327], [-96.651107, 32.639382], [-96.651016, 32.639382], [-96.650919, 32.639366], [-96.650198, 32.63914], [-96.649009, 32.638706], [-96.648535, 32.638475], [-96.646555, 32.637435], [-96.646074, 32.637177], [-96.644672, 32.636336], [-96.643996, 32.636], [-96.643711, 32.63583], [-96.642996, 32.635516], [-96.642457, 32.635379], [-96.641951, 32.635208], [-96.641418, 32.634971], [-96.640632, 32.634691], [-96.640295, 32.63452], [-96.639944, 32.634394], [-96.639632, 32.634328], [-96.639081, 32.634064], [-96.638392, 32.633789], [-96.638074, 32.633635], [-96.637983, 32.633569], [-96.637327, 32.633283], [-96.636613, 32.633002], [-96.635542, 32.632622], [-96.633652, 32.631929], [-96.631158, 32.630928], [-96.630613, 32.630741], [-96.629957, 32.630389], [-96.629263, 32.630086], [-96.628607, 32.629778], [-96.628347, 32.629607], [-96.627713, 32.629228], [-96.627495, 32.628999], [-96.627185, 32.628781], [-96.626899, 32.628331], [-96.626731, 32.627805], [-96.626877, 32.627254], [-96.627152, 32.62677], [-96.627396, 32.626463], [-96.627509, 32.6263], [-96.627901, 32.626211], [-96.628133, 32.625866], [-96.628258, 32.625398], [-96.628137, 32.625151], [-96.628064, 32.624949], [-96.627972, 32.624782], [-96.627955, 32.624438], [-96.627949, 32.624328], [-96.627962, 32.62429], [-96.627811, 32.624243], [-96.627762, 32.62414], [-96.627703, 32.624119], [-96.627633, 32.623876], [-96.627736, 32.623695], [-96.627718, 32.623456], [-96.628005, 32.623043], [-96.628212, 32.622771], [-96.62837, 32.622581], [-96.62861, 32.622437], [-96.628879, 32.622438], [-96.628944, 32.622361], [-96.629042, 32.622306], [-96.629139, 32.622268], [-96.629392, 32.622213], [-96.629438, 32.622174], [-96.629444, 32.622119], [-96.629431, 32.62207], [-96.629431, 32.621988], [-96.629458, 32.621916], [-96.629536, 32.621817], [-96.629575, 32.621746], [-96.62962, 32.621702], [-96.629685, 32.621647], [-96.629828, 32.621559], [-96.629906, 32.621405], [-96.630055, 32.621207], [-96.630218, 32.621026], [-96.630257, 32.620938], [-96.63029, 32.620817], [-96.630277, 32.620768], [-96.630204, 32.62044], [-96.630045, 32.620238], [-96.629895, 32.620141], [-96.629683, 32.620101], [-96.629473, 32.620063], [-96.629148, 32.620134], [-96.628898, 32.620136], [-96.628503, 32.620127], [-96.628295, 32.620149], [-96.628153, 32.620146], [-96.628037, 32.620113], [-96.627881, 32.620074], [-96.627719, 32.620052], [-96.627582, 32.620047], [-96.627491, 32.620013], [-96.627387, 32.619953], [-96.627348, 32.619942], [-96.627173, 32.619947], [-96.627102, 32.619942], [-96.62655, 32.619837], [-96.626134, 32.619689], [-96.625879, 32.619812], [-96.625483, 32.619772], [-96.62496, 32.619579], [-96.624823, 32.619505], [-96.624678, 32.619448], [-96.624542, 32.619384], [-96.624253, 32.619225], [-96.624194, 32.619225], [-96.624142, 32.619264], [-96.624168, 32.619291], [-96.624175, 32.619318], [-96.624116, 32.619329], [-96.624084, 32.619324], [-96.623999, 32.61928], [-96.623889, 32.619247], [-96.623779, 32.619137], [-96.623616, 32.619104], [-96.623519, 32.619061], [-96.623447, 32.618984], [-96.623369, 32.618945], [-96.623207, 32.618824], [-96.623116, 32.618808], [-96.623077, 32.618786], [-96.623038, 32.618742], [-96.622928, 32.618665], [-96.622824, 32.618533], [-96.622629, 32.618456], [-96.622525, 32.61844], [-96.622506, 32.618412], [-96.622447, 32.618374], [-96.622376, 32.618352], [-96.622349, 32.618319], [-96.622349, 32.618275], [-96.622382, 32.61822], [-96.622376, 32.618198], [-96.622317, 32.618165], [-96.622265, 32.618077], [-96.622161, 32.618011], [-96.622005, 32.617869], [-96.621934, 32.61777], [-96.621914, 32.617704], [-96.621719, 32.617594], [-96.621667, 32.61755], [-96.621622, 32.6175], [-96.621563, 32.617336], [-96.621485, 32.617259], [-96.621453, 32.617226], [-96.621401, 32.617138], [-96.621368, 32.617066], [-96.621349, 32.616973], [-96.621316, 32.616918], [-96.621134, 32.61677], [-96.620855, 32.616325], [-96.620809, 32.616209], [-96.620757, 32.616143], [-96.620725, 32.616078], [-96.620621, 32.615967], [-96.620549, 32.615929], [-96.620413, 32.615748], [-96.62038, 32.615671], [-96.620315, 32.615588], [-96.620199, 32.615473], [-96.620094, 32.615325], [-96.620049, 32.615237], [-96.619971, 32.615155], [-96.619776, 32.61499], [-96.619698, 32.614907], [-96.619685, 32.614825], [-96.619633, 32.614759], [-96.61951, 32.614676], [-96.619308, 32.614435], [-96.619211, 32.614286], [-96.61912, 32.61421], [-96.619074, 32.614149], [-96.619035, 32.614056], [-96.618854, 32.613885], [-96.618821, 32.613825], [-96.618659, 32.613699], [-96.618509, 32.613561], [-96.61847, 32.613495], [-96.618353, 32.613413], [-96.618275, 32.613341], [-96.618197, 32.613292], [-96.618126, 32.613188], [-96.618113, 32.613138], [-96.618015, 32.613105], [-96.61797, 32.613067], [-96.617807, 32.612864], [-96.617697, 32.612803], [-96.617496, 32.612743], [-96.617431, 32.612715], [-96.617177, 32.612496], [-96.617093, 32.612457], [-96.617028, 32.612364], [-96.61693, 32.612298], [-96.616846, 32.612276], [-96.616664, 32.612276], [-96.616554, 32.612292], [-96.61634, 32.612293], [-96.616093, 32.61226], [-96.615995, 32.612271], [-96.615898, 32.61226], [-96.615781, 32.61221], [-96.615658, 32.612205], [-96.615495, 32.612216], [-96.615379, 32.612243], [-96.615281, 32.612249], [-96.615216, 32.612232], [-96.615054, 32.612216], [-96.614866, 32.612255], [-96.61471, 32.612337], [-96.614606, 32.612365], [-96.614463, 32.612469], [-96.614392, 32.612508], [-96.614171, 32.61253], [-96.613716, 32.612519], [-96.613606, 32.612541], [-96.613333, 32.612513], [-96.613022, 32.612508], [-96.612931, 32.612524], [-96.612749, 32.612585], [-96.612652, 32.612629], [-96.612606, 32.612668], [-96.612528, 32.612701], [-96.612346, 32.612701], [-96.612294, 32.612723], [-96.612165, 32.612728], [-96.611846, 32.612772], [-96.611756, 32.612756], [-96.611613, 32.612712], [-96.611379, 32.612668], [-96.611282, 32.612679], [-96.611132, 32.612745], [-96.611054, 32.612761], [-96.61097, 32.612761], [-96.610866, 32.61274], [-96.610769, 32.612671], [-96.610626, 32.612569], [-96.610502, 32.612531], [-96.610333, 32.612498], [-96.610158, 32.612493], [-96.609983, 32.612498], [-96.609827, 32.612542], [-96.609457, 32.612581], [-96.609353, 32.612575], [-96.609256, 32.612597], [-96.609165, 32.612603], [-96.608879, 32.61268], [-96.608606, 32.612685], [-96.608528, 32.612702], [-96.608405, 32.612768], [-96.60834, 32.612828], [-96.60808, 32.612982], [-96.607509, 32.612972], [-96.607275, 32.612917], [-96.607158, 32.612862], [-96.606704, 32.612565], [-96.606619, 32.612494], [-96.606528, 32.612323], [-96.606483, 32.612263], [-96.606424, 32.612213], [-96.606392, 32.612158], [-96.606327, 32.611999], [-96.606307, 32.611878], [-96.606236, 32.611702], [-96.606197, 32.611504], [-96.606151, 32.611422], [-96.606138, 32.611378], [-96.606138, 32.61123], [-96.606125, 32.611191], [-96.606118, 32.611059], [-96.606105, 32.611004], [-96.606105, 32.610883], [-96.606118, 32.610828], [-96.60606, 32.610647], [-96.605911, 32.610559], [-96.605748, 32.610433], [-96.605651, 32.610301], [-96.605618, 32.610224], [-96.605566, 32.610142], [-96.605475, 32.61007], [-96.605261, 32.609944], [-96.605177, 32.609927], [-96.605112, 32.609867], [-96.605073, 32.609845], [-96.60493, 32.609834], [-96.604845, 32.609774], [-96.604781, 32.609746], [-96.604696, 32.609741], [-96.604397, 32.609642], [-96.604248, 32.609636], [-96.604066, 32.609549], [-96.603975, 32.609444], [-96.603871, 32.609378], [-96.603787, 32.609389], [-96.603611, 32.609307], [-96.603404, 32.609175], [-96.603137, 32.609049], [-96.60304, 32.608939], [-96.6028, 32.608867], [-96.602443, 32.60884], [-96.602352, 32.608802], [-96.6023, 32.608752], [-96.602209, 32.60873], [-96.601975, 32.608719], [-96.601845, 32.60873], [-96.601527, 32.608857], [-96.601261, 32.609033], [-96.600897, 32.609324], [-96.600761, 32.609374], [-96.600612, 32.609527], [-96.600534, 32.609571], [-96.600482, 32.609665], [-96.600469, 32.609764], [-96.600385, 32.609951], [-96.600203, 32.610143], [-96.60008, 32.610313], [-96.599943, 32.610424], [-96.599865, 32.610473], [-96.599774, 32.610561], [-96.781594, 32.751928]]]}}, {"type": "Feature", "properties": {"k": "area", "s": "water"}, "geometry": {"type": "Polygon", "coordinates": [[[-96.583005, 32.584542], [-96.583453, 32.584151], [-96.58368, 32.583888], [-96.583732, 32.583794], [-96.583797, 32.583756], [-96.583868, 32.583673], [-96.583927, 32.583569], [-96.583972, 32.583448], [-96.584043, 32.58331], [-96.584115, 32.583074], [-96.584134, 32.582964], [-96.584115, 32.582887], [-96.584082, 32.582519], [-96.583985, 32.582332], [-96.583926, 32.582266], [-96.583881, 32.582233], [-96.583797, 32.582145], [-96.583738, 32.582107], [-96.58366, 32.582085], [-96.583569, 32.582014], [-96.583517, 32.581931], [-96.583485, 32.581816], [-96.583413, 32.581739], [-96.583277, 32.58164], [-96.583193, 32.581596], [-96.583121, 32.581579], [-96.583044, 32.581547], [-96.582992, 32.581547], [-96.58292, 32.581563], [-96.582855, 32.581596], [-96.582816, 32.581601], [-96.582777, 32.581596], [-96.582654, 32.581547], [-96.582576, 32.58153], [-96.582414, 32.581601], [-96.582323, 32.581601], [-96.582083, 32.581623], [-96.581901, 32.581569], [-96.581719, 32.581497], [-96.581564, 32.581464], [-96.581336, 32.581382], [-96.58122, 32.581382], [-96.581122, 32.581332], [-96.58107, 32.581266], [-96.580849, 32.581167], [-96.580752, 32.581052], [-96.58072, 32.580997], [-96.580681, 32.580893], [-96.580668, 32.580755], [-96.580674, 32.580579], [-96.580655, 32.580475], [-96.58068, 32.580288], [-96.580778, 32.580052], [-96.580862, 32.57992], [-96.58096, 32.579849], [-96.581037, 32.579777], [-96.581089, 32.57975], [-96.581297, 32.57953], [-96.581414, 32.579425], [-96.581511, 32.579414], [-96.581648, 32.579425], [-96.581745, 32.579359], [-96.581836, 32.579172], [-96.581965, 32.578997], [-96.582004, 32.578612], [-96.582024, 32.578535], [-96.581991, 32.578436], [-96.581933, 32.578354], [-96.581686, 32.577864], [-96.581407, 32.577601], [-96.581258, 32.577507], [-96.581082, 32.577425], [-96.580933, 32.577337], [-96.580777, 32.577277], [-96.580609, 32.57715], [-96.580375, 32.577051], [-96.58005, 32.576985], [-96.579843, 32.576963], [-96.579713, 32.577007], [-96.579564, 32.576991], [-96.579168, 32.576859], [-96.578902, 32.576749], [-96.578661, 32.576683], [-96.578317, 32.576645], [-96.578175, 32.576535], [-96.577967, 32.576458], [-96.577746, 32.576453], [-96.577156, 32.576485], [-96.576967, 32.576546], [-96.576831, 32.576667], [-96.576487, 32.576914], [-96.576163, 32.577189], [-96.576, 32.577425], [-96.575845, 32.577568], [-96.575228, 32.577854], [-96.57478, 32.577986], [-96.57441, 32.578068], [-96.574189, 32.57809], [-96.573975, 32.578079], [-96.573755, 32.578003], [-96.573372, 32.577832], [-96.573255, 32.5777], [-96.572956, 32.577316], [-96.572898, 32.57709], [-96.572963, 32.576733], [-96.573112, 32.576475], [-96.573229, 32.576194], [-96.573339, 32.5757], [-96.573443, 32.57537], [-96.573475, 32.57515], [-96.573624, 32.574875], [-96.574014, 32.574233], [-96.574124, 32.574073], [-96.574286, 32.573804], [-96.574429, 32.573666], [-96.57463, 32.573287], [-96.574624, 32.573161], [-96.57463, 32.573029], [-96.574773, 32.572639], [-96.57489, 32.572578], [-96.575026, 32.572468], [-96.575169, 32.572303], [-96.575383, 32.571875], [-96.575539, 32.57149], [-96.575636, 32.571094], [-96.575708, 32.570875], [-96.575604, 32.570347], [-96.575461, 32.569869], [-96.57526, 32.569528], [-96.575201, 32.569418], [-96.575033, 32.569286], [-96.574844, 32.569122], [-96.574682, 32.569034], [-96.574254, 32.568836], [-96.573871, 32.56872], [-96.573553, 32.568665], [-96.57339, 32.568616], [-96.572981, 32.568561], [-96.572748, 32.568506], [-96.572345, 32.568358], [-96.57206, 32.568264], [-96.57182, 32.568198], [-96.57158, 32.56811], [-96.571041, 32.567979], [-96.570814, 32.567934], [-96.57058, 32.567929], [-96.57034, 32.567946], [-96.570204, 32.567968], [-96.570048, 32.567979], [-96.569853, 32.567962], [-96.569652, 32.567957], [-96.569451, 32.56788], [-96.569315, 32.567869], [-96.569204, 32.56783], [-96.569068, 32.567748], [-96.568938, 32.567704], [-96.56864, 32.567654], [-96.568588, 32.567621], [-96.568471, 32.567588], [-96.568335, 32.567484], [-96.56814, 32.567429], [-96.568068, 32.567369], [-96.568062, 32.567281], [-96.568029, 32.567226], [-96.567945, 32.567171], [-96.567828, 32.567116], [-96.567497, 32.566879], [-96.567361, 32.566731], [-96.56727, 32.566654], [-96.567004, 32.566627], [-96.566939, 32.566594], [-96.566732, 32.566429], [-96.566712, 32.566385], [-96.566608, 32.566253], [-96.566498, 32.566138], [-96.566277, 32.565764], [-96.566225, 32.565615], [-96.566173, 32.565577], [-96.566109, 32.565478], [-96.566044, 32.565302], [-96.565985, 32.565104], [-96.565894, 32.564912], [-96.565855, 32.56478], [-96.5657, 32.564615], [-96.565609, 32.564533], [-96.565531, 32.56439], [-96.565427, 32.564154], [-96.565356, 32.563868], [-96.56533, 32.563598], [-96.565258, 32.563412], [-96.565213, 32.563258], [-96.565155, 32.563126], [-96.565142, 32.562994], [-96.565077, 32.562857], [-96.565077, 32.562802], [-96.565012, 32.562675], [-96.565012, 32.562538], [-96.564973, 32.562428], [-96.56496, 32.562312], [-96.564915, 32.562181], [-96.564778, 32.562109], [-96.564759, 32.56206], [-96.564746, 32.561928], [-96.5647, 32.561746], [-96.564655, 32.561653], [-96.564577, 32.56156], [-96.564441, 32.561455], [-96.564291, 32.561384], [-96.56422, 32.561307], [-96.564168, 32.561219], [-96.564142, 32.561048], [-96.564064, 32.560955], [-96.563954, 32.560862], [-96.563909, 32.56079], [-96.563772, 32.560504], [-96.563759, 32.560389], [-96.563714, 32.560235], [-96.56363, 32.560098], [-96.563552, 32.560021], [-96.563461, 32.5599], [-96.563331, 32.559762], [-96.56324, 32.559631], [-96.563162, 32.559477], [-96.563007, 32.559345], [-96.562922, 32.55929], [-96.562819, 32.559169], [-96.562754, 32.55896], [-96.562598, 32.55818], [-96.562513, 32.558048], [-96.562455, 32.557834], [-96.562455, 32.557702], [-96.562429, 32.557548], [-96.562332, 32.557163], [-96.56226, 32.55702], [-96.562163, 32.556872], [-96.562137, 32.556729], [-96.562137, 32.556624], [-96.562118, 32.556536], [-96.562027, 32.556372], [-96.561936, 32.556163], [-96.561787, 32.555948], [-96.561741, 32.555827], [-96.561638, 32.555663], [-96.56132, 32.555382], [-96.560878, 32.555047], [-96.56069, 32.554882], [-96.560178, 32.554514], [-96.560067, 32.554454], [-96.559899, 32.554393], [-96.559626, 32.554239], [-96.559561, 32.554162], [-96.559334, 32.553992], [-96.559113, 32.55381], [-96.55888, 32.553569], [-96.558601, 32.553349], [-96.558393, 32.55314], [-96.558108, 32.552909], [-96.557913, 32.5527], [-96.557693, 32.55253], [-96.557511, 32.552414], [-96.557057, 32.552068], [-96.55694, 32.551997], [-96.556492, 32.551799], [-96.556265, 32.551733], [-96.555993, 32.551689], [-96.555447, 32.551694], [-96.555272, 32.551716], [-96.554915, 32.551848], [-96.554753, 32.551887], [-96.554688, 32.551914], [-96.554526, 32.551925], [-96.554189, 32.552024], [-96.553897, 32.552167], [-96.553734, 32.552332], [-96.553475, 32.552458], [-96.553261, 32.552579], [-96.552969, 32.552771], [-96.552832, 32.552892], [-96.552729, 32.553035], [-96.552462, 32.553255], [-96.552346, 32.553387], [-96.552196, 32.553508], [-96.552002, 32.553683], [-96.551891, 32.553755], [-96.551781, 32.553843], [-96.551651, 32.553964], [-96.551534, 32.554107], [-96.55134, 32.554233], [-96.551171, 32.55437], [-96.55108, 32.554414], [-96.55095, 32.554442], [-96.550671, 32.554436], [-96.550386, 32.554337], [-96.550295, 32.554315], [-96.550094, 32.554238], [-96.549834, 32.554106], [-96.549717, 32.554063], [-96.54964, 32.554013], [-96.549555, 32.553865], [-96.549451, 32.553733], [-96.549413, 32.553639], [-96.5494, 32.553535], [-96.549426, 32.553266], [-96.549393, 32.553156], [-96.54916, 32.552925], [-96.549049, 32.552776], [-96.548939, 32.552595], [-96.548946, 32.552535], [-96.548861, 32.552441], [-96.54877, 32.55237], [-96.548725, 32.552304], [-96.54866, 32.552144], [-96.54855, 32.552106], [-96.548407, 32.551952], [-96.548336, 32.551798], [-96.548277, 32.551699], [-96.548154, 32.551545], [-96.547953, 32.551342], [-96.547648, 32.551094], [-96.547265, 32.550699], [-96.547019, 32.550545], [-96.546584, 32.550122], [-96.546325, 32.549918], [-96.546175, 32.549704], [-96.545773, 32.54927], [-96.545501, 32.549099], [-96.545332, 32.548923], [-96.545196, 32.548808], [-96.54504, 32.548698], [-96.544897, 32.548484], [-96.544722, 32.54828], [-96.544567, 32.548115], [-96.544398, 32.547989], [-96.544184, 32.547753], [-96.543892, 32.547533], [-96.543736, 32.547428], [-96.543464, 32.547307], [-96.543224, 32.54717], [-96.542938, 32.546977], [-96.542744, 32.546813], [-96.542692, 32.546752], [-96.542556, 32.546692], [-96.542315, 32.546642], [-96.542199, 32.546565], [-96.542114, 32.546494], [-96.542095, 32.546422], [-96.542017, 32.546296], [-96.541887, 32.546186], [-96.54177, 32.546104], [-96.541498, 32.545966], [-96.541148, 32.545867], [-96.540973, 32.545796], [-96.540525, 32.545697], [-96.540356, 32.545674], [-96.540162, 32.545664], [-96.539922, 32.545669], [-96.539357, 32.545823], [-96.539149, 32.545911], [-96.538689, 32.546031], [-96.538481, 32.546015], [-96.538267, 32.54596], [-96.538001, 32.545938], [-96.537761, 32.545976], [-96.537508, 32.545998], [-96.536567, 32.545982], [-96.536288, 32.545998], [-96.536223, 32.545976], [-96.536041, 32.545948], [-96.535899, 32.545893], [-96.53573, 32.545844], [-96.535697, 32.545844], [-96.535438, 32.545838], [-96.535127, 32.545805], [-96.534646, 32.545783], [-96.534484, 32.545789], [-96.534354, 32.545811], [-96.534257, 32.545838], [-96.534062, 32.54586], [-96.53381, 32.545849], [-96.533226, 32.545931], [-96.532946, 32.545942], [-96.53281, 32.545964], [-96.532512, 32.545964], [-96.532356, 32.54598], [-96.532129, 32.545986], [-96.53161, 32.545975], [-96.531415, 32.545986], [-96.531169, 32.54598], [-96.530688, 32.545887], [-96.530552, 32.545848], [-96.53041, 32.545837], [-96.530338, 32.545815], [-96.530254, 32.54576], [-96.530209, 32.545711], [-96.530098, 32.545408], [-96.529975, 32.545232], [-96.529897, 32.545172], [-96.529865, 32.545079], [-96.5298, 32.544979], [-96.529774, 32.544903], [-96.529793, 32.544831], [-96.5298, 32.544743], [-96.529696, 32.544507], [-96.529657, 32.544359], [-96.52958, 32.544188], [-96.529554, 32.544106], [-96.529418, 32.543941], [-96.529431, 32.543759], [-96.529411, 32.543688], [-96.529301, 32.543512], [-96.529223, 32.543413], [-96.529217, 32.543347], [-96.529191, 32.543292], [-96.529132, 32.54321], [-96.529035, 32.5431], [-96.52899, 32.542995], [-96.52899, 32.542809], [-96.528919, 32.542693], [-96.528893, 32.542578], [-96.528899, 32.54244], [-96.528919, 32.542308], [-96.528984, 32.542056], [-96.529074, 32.541896], [-96.52912, 32.541715], [-96.529094, 32.541539], [-96.52912, 32.541424], [-96.52914, 32.541193], [-96.529192, 32.54099], [-96.529282, 32.540863], [-96.529315, 32.540781], [-96.529341, 32.54066], [-96.529399, 32.540528], [-96.529328, 32.540314], [-96.529361, 32.540072], [-96.529257, 32.539819], [-96.529212, 32.539742], [-96.529114, 32.539671], [-96.528784, 32.539374], [-96.528673, 32.539313], [-96.527999, 32.539148], [-96.527674, 32.539088], [-96.527499, 32.539088], [-96.526525, 32.539116], [-96.526149, 32.539377], [-96.525662, 32.540115], [-96.525307, 32.541033], [-96.525128, 32.541252], [-96.524961, 32.541395], [-96.524663, 32.541384], [-96.524333, 32.541437], [-96.524115, 32.541381], [-96.523724, 32.541122], [-96.523482, 32.54076], [-96.523457, 32.540249], [-96.523665, 32.539822], [-96.524603, 32.538293], [-96.52469, 32.538158], [-96.524803, 32.537811], [-96.524814, 32.537593], [-96.524769, 32.536794], [-96.524431, 32.536193], [-96.523887, 32.535712], [-96.523403, 32.53546], [-96.522964, 32.535239], [-96.522164, 32.53507], [-96.520748, 32.534945], [-96.520459, 32.53489], [-96.520313, 32.534833], [-96.520266, 32.534697], [-96.520154, 32.534668], [-96.519977, 32.534619], [-96.519995, 32.534469], [-96.520573, 32.53392], [-96.52085, 32.53322], [-96.520855, 32.532814], [-96.520603, 32.532036], [-96.520206, 32.53136], [-96.519704, 32.531039], [-96.519283, 32.530928], [-96.518877, 32.530924], [-96.518398, 32.530992], [-96.517139, 32.531359], [-96.516286, 32.531544], [-96.5152, 32.531766], [-96.514779, 32.531967], [-96.514433, 32.532336], [-96.514337, 32.532669], [-96.514256, 32.533313], [-96.514367, 32.533559], [-96.514312, 32.533639], [-96.514312, 32.534066], [-96.514331, 32.534396], [-96.514148, 32.534682], [-96.514078, 32.535044], [-96.51408, 32.53562], [-96.51393, 32.535921], [-96.513787, 32.536108], [-96.513552, 32.536175], [-96.513138, 32.536285], [-96.512868, 32.536302], [-96.512383, 32.536204], [-96.511976, 32.535956], [-96.510976, 32.535297], [-96.510757, 32.535127], [-96.5106, 32.534875], [-96.510308, 32.53458], [-96.509393, 32.533895], [-96.50863, 32.533535], [-96.508487, 32.533481], [-96.508292, 32.533354], [-96.507728, 32.532898], [-96.507547, 32.532667], [-96.507396, 32.532467], [-96.507248, 32.532282], [-96.507254, 32.53209], [-96.5075, 32.531556], [-96.507842, 32.531182], [-96.508128, 32.53088], [-96.508507, 32.530777], [-96.508717, 32.530791], [-96.508863, 32.530922], [-96.508985, 32.530981], [-96.509251, 32.530987], [-96.509669, 32.53118], [-96.509868, 32.531151], [-96.510136, 32.53107], [-96.510253, 32.530959], [-96.51044, 32.530744], [-96.510607, 32.530248], [-96.510678, 32.529996], [-96.510682, 32.529415], [-96.510674, 32.529099], [-96.510559, 32.528548], [-96.509961, 32.527017], [-96.509703, 32.526398], [-96.509409, 32.525999], [-96.508981, 32.525794], [-96.508718, 32.525733], [-96.508266, 32.525749], [-96.507744, 32.525731], [-96.507327, 32.525584], [-96.50689, 32.525325], [-96.506771, 32.525213], [-96.50636, 32.524856], [-96.506051, 32.524742], [-96.505739, 32.524693], [-96.50533, 32.524803], [-96.505084, 32.524924], [-96.504861, 32.52521], [-96.504711, 32.525473], [-96.504736, 32.525761], [-96.504713, 32.526566], [-96.504508, 32.52684], [-96.504372, 32.52692], [-96.504153, 32.526924], [-96.503795, 32.526866], [-96.503393, 32.526654], [-96.503208, 32.526466], [-96.502905, 32.525974], [-96.583005, 32.584542]]]}}, {"type": "Feature", "properties": {"k": "area", "s": "water"}, "geometry": {"type": "Polygon", "coordinates": [[[-96.502623, 32.524728], [-96.50252, 32.525289], [-96.502595, 32.526052], [-96.502965, 32.526702], [-96.503257, 32.527026], [-96.504376, 32.527612], [-96.504553, 32.527609], [-96.504828, 32.527498], [-96.505019, 32.527347], [-96.505092, 32.52717], [-96.505233, 32.526092], [-96.50524, 32.525551], [-96.505449, 32.525415], [-96.505675, 32.525338], [-96.506352, 32.525486], [-96.506705, 32.525706], [-96.507019, 32.526012], [-96.507178, 32.526112], [-96.507508, 32.52623], [-96.508195, 32.526191], [-96.508617, 32.526155], [-96.508892, 32.526268], [-96.509218, 32.526576], [-96.509354, 32.526963], [-96.509419, 32.527068], [-96.509729, 32.527958], [-96.509703, 32.528079], [-96.510033, 32.528943], [-96.510102, 32.529289], [-96.510117, 32.529717], [-96.510078, 32.53017], [-96.510006, 32.530371], [-96.509893, 32.530459], [-96.509678, 32.530535], [-96.509524, 32.530569], [-96.508901, 32.53038], [-96.508482, 32.530273], [-96.508249, 32.530333], [-96.507711, 32.530521], [-96.507429, 32.530778], [-96.507126, 32.531265], [-96.507029, 32.53143], [-96.506767, 32.532017], [-96.506794, 32.532481], [-96.506949, 32.532708], [-96.507093, 32.532936], [-96.507376, 32.533183], [-96.509012, 32.534151], [-96.509086, 32.534275], [-96.509525, 32.534565], [-96.509662, 32.534718], [-96.510066, 32.535055], [-96.510214, 32.535182], [-96.510231, 32.535373], [-96.510831, 32.535856], [-96.512034, 32.53663], [-96.512629, 32.536704], [-96.51308, 32.536805], [-96.51335, 32.536798], [-96.513818, 32.536654], [-96.514112, 32.536547], [-96.514317, 32.536378], [-96.514442, 32.536198], [-96.514629, 32.535374], [-96.514955, 32.533769], [-96.514968, 32.533615], [-96.514716, 32.53276], [-96.514764, 32.532565], [-96.515197, 32.532259], [-96.515371, 32.532236], [-96.515844, 32.532123], [-96.516513, 32.532088], [-96.517137, 32.532001], [-96.517602, 32.531865], [-96.518378, 32.531522], [-96.518846, 32.531429], [-96.519135, 32.531406], [-96.51959, 32.531528], [-96.519966, 32.531859], [-96.520222, 32.532546], [-96.520251, 32.532778], [-96.520183, 32.533007], [-96.520087, 32.533463], [-96.519555, 32.534219], [-96.519523, 32.534347], [-96.519512, 32.534536], [-96.519481, 32.534698], [-96.519611, 32.534904], [-96.519878, 32.535134], [-96.520323, 32.535336], [-96.521326, 32.535508], [-96.522315, 32.535648], [-96.522908, 32.535829], [-96.523403, 32.536018], [-96.523652, 32.536268], [-96.523969, 32.536562], [-96.524085, 32.536846], [-96.524232, 32.537267], [-96.524222, 32.537578], [-96.524119, 32.537971], [-96.523948, 32.538306], [-96.523873, 32.538543], [-96.523652, 32.538769], [-96.523639, 32.538897], [-96.523363, 32.539226], [-96.523016, 32.539961], [-96.52303, 32.540292], [-96.522864, 32.540571], [-96.523004, 32.540811], [-96.52304, 32.540991], [-96.523331, 32.541382], [-96.523505, 32.541585], [-96.524096, 32.541773], [-96.524358, 32.54179], [-96.52465, 32.541851], [-96.525026, 32.541873], [-96.525136, 32.541846], [-96.525286, 32.541774], [-96.525415, 32.54173], [-96.525636, 32.541588], [-96.525889, 32.541472], [-96.526012, 32.541362], [-96.526084, 32.541252], [-96.526123, 32.541165], [-96.526155, 32.541126], [-96.526305, 32.540747], [-96.526409, 32.540555], [-96.526474, 32.540373], [-96.526668, 32.540087], [-96.526779, 32.539983], [-96.527019, 32.539818], [-96.527168, 32.539758], [-96.527304, 32.539719], [-96.52746, 32.539692], [-96.528011, 32.539725], [-96.528336, 32.539797], [-96.528504, 32.539874], [-96.528602, 32.539956], [-96.528706, 32.540066], [-96.528783, 32.540297], [-96.528829, 32.540374], [-96.52879, 32.5405], [-96.528764, 32.540643], [-96.528718, 32.540775], [-96.528692, 32.540885], [-96.528679, 32.541006], [-96.528614, 32.541237], [-96.528621, 32.541418], [-96.528575, 32.541473], [-96.528549, 32.541572], [-96.528543, 32.541704], [-96.52853, 32.541764], [-96.528497, 32.541836], [-96.528432, 32.541918], [-96.528387, 32.542039], [-96.528367, 32.542149], [-96.528322, 32.542259], [-96.528289, 32.542446], [-96.528302, 32.542512], [-96.528348, 32.542622], [-96.528413, 32.542687], [-96.528458, 32.542858], [-96.528549, 32.542973], [-96.528607, 32.543083], [-96.528646, 32.543221], [-96.528717, 32.543353], [-96.528756, 32.543583], [-96.528711, 32.543677], [-96.528704, 32.543842], [-96.52886, 32.54405], [-96.528944, 32.54427], [-96.52908, 32.544748], [-96.529125, 32.544963], [-96.529209, 32.545122], [-96.529339, 32.545425], [-96.529443, 32.545595], [-96.529579, 32.54576], [-96.529709, 32.545897], [-96.529832, 32.546007], [-96.529929, 32.546079], [-96.530085, 32.546167], [-96.530202, 32.546211], [-96.530351, 32.546227], [-96.530403, 32.546266], [-96.530591, 32.546332], [-96.530714, 32.546403], [-96.530799, 32.546414], [-96.531032, 32.546381], [-96.531389, 32.546392], [-96.531655, 32.546381], [-96.531869, 32.546409], [-96.532271, 32.546426], [-96.532388, 32.546365], [-96.532609, 32.546343], [-96.532875, 32.546349], [-96.532959, 32.546321], [-96.533096, 32.546321], [-96.533323, 32.546305], [-96.533491, 32.546321], [-96.533738, 32.546316], [-96.534088, 32.546289], [-96.534173, 32.546261], [-96.534276, 32.546261], [-96.534478, 32.546294], [-96.534711, 32.5463], [-96.535191, 32.546256], [-96.535412, 32.546256], [-96.535853, 32.546306], [-96.535996, 32.546361], [-96.536087, 32.546371], [-96.536126, 32.546366], [-96.536191, 32.546372], [-96.536268, 32.546388], [-96.536489, 32.546399], [-96.53656, 32.546421], [-96.536755, 32.546438], [-96.536956, 32.546432], [-96.53717, 32.546383], [-96.537248, 32.546377], [-96.537436, 32.546394], [-96.537592, 32.546427], [-96.538202, 32.546465], [-96.538344, 32.546487], [-96.538585, 32.546493], [-96.538695, 32.54651], [-96.538812, 32.54651], [-96.538922, 32.546521], [-96.539013, 32.54646], [-96.539045, 32.546416], [-96.539195, 32.546389], [-96.539383, 32.546334], [-96.539733, 32.546213], [-96.539908, 32.546174], [-96.540512, 32.546098], [-96.540726, 32.546136], [-96.540953, 32.546208], [-96.541167, 32.546296], [-96.541206, 32.546323], [-96.541264, 32.546334], [-96.541349, 32.546411], [-96.541459, 32.546488], [-96.541524, 32.546499], [-96.54166, 32.546549], [-96.54179, 32.546642], [-96.541855, 32.546708], [-96.541913, 32.546801], [-96.542036, 32.546895], [-96.542205, 32.546955], [-96.542413, 32.547082], [-96.542497, 32.547153], [-96.542575, 32.547285], [-96.542672, 32.547357], [-96.542919, 32.547582], [-96.543113, 32.547681], [-96.543198, 32.547681], [-96.543321, 32.547714], [-96.543528, 32.547824], [-96.54371, 32.547939], [-96.543762, 32.548016], [-96.543859, 32.548126], [-96.543879, 32.548203], [-96.544125, 32.54839], [-96.544184, 32.548478], [-96.544255, 32.548561], [-96.544502, 32.548654], [-96.544625, 32.548791], [-96.544735, 32.548896], [-96.544865, 32.54905], [-96.544917, 32.549132], [-96.54504, 32.549264], [-96.545481, 32.549665], [-96.54552, 32.549753], [-96.545598, 32.549819], [-96.545676, 32.549907], [-96.545929, 32.550127], [-96.546052, 32.550297], [-96.546123, 32.550347], [-96.546162, 32.55044], [-96.546331, 32.550545], [-96.546493, 32.55066], [-96.546642, 32.550781], [-96.546779, 32.55093], [-96.547064, 32.551199], [-96.547486, 32.55154], [-96.547674, 32.551732], [-96.547894, 32.551935], [-96.548011, 32.552095], [-96.548096, 32.552161], [-96.548245, 32.552315], [-96.548258, 32.552414], [-96.548251, 32.552848], [-96.54831, 32.55304], [-96.548439, 32.553403], [-96.548549, 32.553579], [-96.548712, 32.553793], [-96.548822, 32.553832], [-96.548841, 32.553903], [-96.548939, 32.554013], [-96.549004, 32.554062], [-96.549224, 32.554271], [-96.549308, 32.554332], [-96.549471, 32.554552], [-96.549484, 32.554584], [-96.549717, 32.554634], [-96.549873, 32.554694], [-96.550165, 32.55487], [-96.550308, 32.554876], [-96.550321, 32.554887], [-96.550463, 32.55492], [-96.550781, 32.554958], [-96.551074, 32.554914], [-96.551177, 32.554882], [-96.551236, 32.554848], [-96.551359, 32.554805], [-96.551437, 32.554799], [-96.551489, 32.554783], [-96.551625, 32.554689], [-96.551852, 32.554579], [-96.551988, 32.554486], [-96.552294, 32.554222], [-96.552391, 32.554101], [-96.552547, 32.55398], [-96.552631, 32.553887], [-96.552735, 32.553815], [-96.553066, 32.553541], [-96.553163, 32.553442], [-96.553215, 32.553354], [-96.553332, 32.553244], [-96.553429, 32.553167], [-96.553572, 32.553085], [-96.553708, 32.552953], [-96.553832, 32.552854], [-96.553987, 32.552771], [-96.554221, 32.552689], [-96.554318, 32.552629], [-96.554545, 32.552535], [-96.555071, 32.552354], [-96.555311, 32.55231], [-96.555584, 32.552244], [-96.55572, 32.552261], [-96.555843, 32.552299], [-96.555954, 32.552321], [-96.556025, 32.55231], [-96.556077, 32.552282], [-96.556181, 32.552255], [-96.556382, 32.552239], [-96.556512, 32.552272], [-96.55668, 32.552343], [-96.556739, 32.552398], [-96.556875, 32.55248], [-96.556914, 32.552552], [-96.556966, 32.552612], [-96.557225, 32.552783], [-96.557336, 32.552838], [-96.55753, 32.553024], [-96.557602, 32.553047], [-96.557654, 32.55308], [-96.557699, 32.553184], [-96.557913, 32.553415], [-96.557978, 32.553514], [-96.558075, 32.553624], [-96.558283, 32.553832], [-96.558426, 32.553948], [-96.558633, 32.554184], [-96.558945, 32.554398], [-96.55923, 32.55453], [-96.559522, 32.55469], [-96.559633, 32.554772], [-96.559795, 32.554866], [-96.559866, 32.554921], [-96.559983, 32.555042], [-96.560197, 32.555228], [-96.560411, 32.555344], [-96.560515, 32.55541], [-96.560833, 32.55569], [-96.561138, 32.555943], [-96.561339, 32.556267], [-96.561436, 32.556399], [-96.561534, 32.556646], [-96.561599, 32.556888], [-96.56167, 32.557009], [-96.561741, 32.557102], [-96.561852, 32.557377], [-96.562027, 32.557691], [-96.562059, 32.557927], [-96.562053, 32.558125], [-96.562092, 32.558455], [-96.562267, 32.558878], [-96.56226, 32.559163], [-96.562332, 32.559422], [-96.56239, 32.559515], [-96.562559, 32.559702], [-96.562695, 32.5599], [-96.562766, 32.559955], [-96.562812, 32.559966], [-96.562994, 32.560136], [-96.563078, 32.560257], [-96.563123, 32.560356], [-96.563195, 32.560471], [-96.563214, 32.560548], [-96.563279, 32.560614], [-96.563351, 32.560768], [-96.563377, 32.560944], [-96.5635, 32.56107], [-96.563584, 32.561142], [-96.563753, 32.561351], [-96.563805, 32.561439], [-96.563863, 32.56151], [-96.56396, 32.561598], [-96.564025, 32.561708], [-96.564129, 32.561796], [-96.564252, 32.561972], [-96.564337, 32.562038], [-96.564382, 32.56217], [-96.564434, 32.562461], [-96.564525, 32.562604], [-96.564603, 32.562807], [-96.564661, 32.562912], [-96.564681, 32.563043], [-96.564661, 32.563098], [-96.564648, 32.563263], [-96.564655, 32.563401], [-96.564687, 32.5635], [-96.564694, 32.563758], [-96.56485, 32.564368], [-96.565271, 32.565225], [-96.565336, 32.565456], [-96.565369, 32.56567], [-96.565479, 32.565791], [-96.565674, 32.566066], [-96.565791, 32.566187], [-96.565901, 32.566242], [-96.566219, 32.5665], [-96.56644, 32.566736], [-96.566745, 32.56694], [-96.566933, 32.567121], [-96.567011, 32.567176], [-96.567102, 32.567215], [-96.567192, 32.567281], [-96.567335, 32.567418], [-96.568062, 32.567907], [-96.568451, 32.568067], [-96.568906, 32.568182], [-96.569016, 32.56822], [-96.569191, 32.568297], [-96.569341, 32.568336], [-96.569535, 32.568407], [-96.569821, 32.568451], [-96.57021, 32.56844], [-96.57045, 32.568446], [-96.570944, 32.56849], [-96.571385, 32.568594], [-96.57156, 32.568649], [-96.571722, 32.568687], [-96.572079, 32.568814], [-96.572216, 32.56888], [-96.57243, 32.568962], [-96.572741, 32.569061], [-96.57302, 32.569122], [-96.573559, 32.569275], [-96.574312, 32.569572], [-96.574461, 32.569704], [-96.574611, 32.569863], [-96.574766, 32.57005], [-96.574877, 32.570248], [-96.575013, 32.570693], [-96.575, 32.570858], [-96.574929, 32.571023], [-96.574851, 32.571116], [-96.574715, 32.571484], [-96.574429, 32.571787], [-96.574332, 32.571847], [-96.574195, 32.571913], [-96.574105, 32.572012], [-96.57402, 32.572446], [-96.574079, 32.572842], [-96.574066, 32.573023], [-96.574014, 32.573194], [-96.573904, 32.573364], [-96.573774, 32.573595], [-96.573592, 32.573864], [-96.573209, 32.574304], [-96.57306, 32.574711], [-96.572891, 32.575293], [-96.57269, 32.575755], [-96.57256, 32.576161], [-96.57243, 32.576431], [-96.572249, 32.576975], [-96.572255, 32.577233], [-96.572359, 32.577469], [-96.572567, 32.577805], [-96.573054, 32.578283], [-96.573255, 32.578365], [-96.573333, 32.578382], [-96.573436, 32.578426], [-96.573534, 32.578519], [-96.573677, 32.578601], [-96.573897, 32.578607], [-96.5743, 32.578574], [-96.574696, 32.578459], [-96.574793, 32.578415], [-96.575014, 32.578398], [-96.575215, 32.578404], [-96.57539, 32.578338], [-96.575611, 32.578211], [-96.575838, 32.578101], [-96.576266, 32.577827], [-96.576604, 32.577629], [-96.576708, 32.577552], [-96.577104, 32.577189], [-96.577383, 32.57714], [-96.577655, 32.577117], [-96.57785, 32.577117], [-96.578116, 32.577156], [-96.578402, 32.577178], [-96.578713, 32.577227], [-96.579466, 32.577431], [-96.579668, 32.577475], [-96.57983, 32.577562], [-96.579979, 32.577667], [-96.580122, 32.577711], [-96.580401, 32.577738], [-96.580596, 32.577793], [-96.580998, 32.578062], [-96.581122, 32.578277], [-96.581251, 32.57876], [-96.581258, 32.578881], [-96.581238, 32.57898], [-96.581174, 32.579041], [-96.581089, 32.579074], [-96.580914, 32.57909], [-96.580817, 32.579145], [-96.580726, 32.579211], [-96.580544, 32.579261], [-96.580401, 32.579359], [-96.580317, 32.579464], [-96.580343, 32.579541], [-96.580336, 32.579568], [-96.580148, 32.579783], [-96.580083, 32.57992], [-96.579999, 32.580206], [-96.579979, 32.580415], [-96.579979, 32.580585], [-96.580077, 32.581014], [-96.5802, 32.581272], [-96.580454, 32.58153], [-96.58059, 32.581624], [-96.580746, 32.581701], [-96.580876, 32.58175], [-96.581044, 32.58186], [-96.581252, 32.581904], [-96.581453, 32.581975], [-96.581622, 32.582014], [-96.581739, 32.582052], [-96.58205, 32.582124], [-96.582394, 32.582129], [-96.58255, 32.582107], [-96.582751, 32.582102], [-96.583018, 32.582184], [-96.583297, 32.58247], [-96.583453, 32.58269], [-96.583498, 32.582777], [-96.583517, 32.582849], [-96.583518, 32.58297], [-96.583505, 32.583074], [-96.583388, 32.583338], [-96.583213, 32.583668], [-96.583109, 32.583772], [-96.582901, 32.583937], [-96.582765, 32.584014], [-96.582557, 32.584162], [-96.502623, 32.524728]]]}}, {"type": "Feature", "properties": {"k": "area", "s": "water"}, "geometry": {"type": "Polygon", "coordinates": [[[-96.436272, 32.387775], [-96.43637, 32.387709], [-96.436352, 32.387591], [-96.436036, 32.387436], [-96.435449, 32.387139], [-96.43539, 32.387035], [-96.435352, 32.386854], [-96.435429, 32.386326], [-96.43563, 32.385958], [-96.436602, 32.385166], [-96.436906, 32.385029], [-96.437333, 32.384897], [-96.437534, 32.384672], [-96.437638, 32.384595], [-96.437754, 32.384535], [-96.438046, 32.384304], [-96.438117, 32.38421], [-96.438253, 32.384078], [-96.438331, 32.383985], [-96.43859, 32.38354], [-96.438681, 32.383408], [-96.438719, 32.383276], [-96.438732, 32.383117], [-96.438428, 32.382314], [-96.438169, 32.381809], [-96.437994, 32.381545], [-96.437534, 32.38077], [-96.437029, 32.379633], [-96.436964, 32.379242], [-96.436977, 32.379028], [-96.437068, 32.378616], [-96.437146, 32.378457], [-96.437398, 32.378259], [-96.437657, 32.378121], [-96.438098, 32.377951], [-96.438434, 32.377857], [-96.438855, 32.377836], [-96.439263, 32.377885], [-96.439704, 32.377962], [-96.440047, 32.378099], [-96.440332, 32.378193], [-96.440565, 32.378314], [-96.440733, 32.378456], [-96.440928, 32.378605], [-96.441103, 32.378665], [-96.441873, 32.378687], [-96.442204, 32.378616], [-96.442501, 32.378533], [-96.442838, 32.378456], [-96.44311, 32.378434], [-96.443259, 32.378402], [-96.443466, 32.37833], [-96.44366, 32.37833], [-96.443803, 32.378275], [-96.444315, 32.378248], [-96.444457, 32.378193], [-96.444619, 32.37811], [-96.444852, 32.377923], [-96.44491, 32.377824], [-96.444943, 32.377676], [-96.44493, 32.377533], [-96.444852, 32.377357], [-96.444761, 32.376978], [-96.444645, 32.376714], [-96.444509, 32.376555], [-96.444444, 32.376297], [-96.444451, 32.376143], [-96.444489, 32.375879], [-96.44458, 32.375703], [-96.444645, 32.375516], [-96.444709, 32.375412], [-96.444988, 32.375203], [-96.445305, 32.375], [-96.44539, 32.374944], [-96.445519, 32.37495], [-96.445662, 32.374933], [-96.445785, 32.374901], [-96.445869, 32.374862], [-96.44594, 32.374862], [-96.446128, 32.374884], [-96.44618, 32.374901], [-96.446277, 32.374961], [-96.446581, 32.375], [-96.44684, 32.375181], [-96.447092, 32.375335], [-96.447378, 32.375681], [-96.447559, 32.375769], [-96.447896, 32.375961], [-96.448019, 32.375983], [-96.448122, 32.375978], [-96.448239, 32.375945], [-96.448284, 32.375846], [-96.448303, 32.375752], [-96.448303, 32.375681], [-96.448278, 32.375604], [-96.448265, 32.375456], [-96.448129, 32.375263], [-96.44807, 32.375131], [-96.447993, 32.375], [-96.447928, 32.37467], [-96.447682, 32.3739], [-96.447417, 32.372966], [-96.447294, 32.372675], [-96.447164, 32.372466], [-96.446963, 32.372312], [-96.44686, 32.372257], [-96.446309, 32.372048], [-96.445662, 32.371878], [-96.445513, 32.371752], [-96.445448, 32.371708], [-96.445325, 32.371669], [-96.44526, 32.371669], [-96.445176, 32.371647], [-96.445021, 32.371581], [-96.444904, 32.371548], [-96.444813, 32.371493], [-96.444412, 32.371202], [-96.444354, 32.371186], [-96.44427, 32.371186], [-96.444166, 32.371169], [-96.444088, 32.371131], [-96.444043, 32.371059], [-96.44403, 32.370999], [-96.443985, 32.370944], [-96.4439, 32.3709], [-96.443842, 32.370856], [-96.443771, 32.370784], [-96.443719, 32.370691], [-96.443641, 32.370383], [-96.443635, 32.370317], [-96.443603, 32.370229], [-96.443577, 32.369955], [-96.443577, 32.369762], [-96.443603, 32.369669], [-96.443868, 32.369273], [-96.443991, 32.369174], [-96.444082, 32.369075], [-96.444198, 32.368976], [-96.444321, 32.368905], [-96.444496, 32.368834], [-96.444671, 32.368784], [-96.444878, 32.368751], [-96.445338, 32.368702], [-96.445785, 32.36868], [-96.445999, 32.368685], [-96.446128, 32.368707], [-96.446458, 32.368795], [-96.446581, 32.368856], [-96.44664, 32.368894], [-96.446678, 32.368932], [-96.446853, 32.369163], [-96.446924, 32.369202], [-96.447119, 32.36924], [-96.447326, 32.369361], [-96.447501, 32.369504], [-96.447559, 32.369586], [-96.447643, 32.369751], [-96.447766, 32.36996], [-96.447818, 32.370169], [-96.447812, 32.370372], [-96.447857, 32.370449], [-96.447954, 32.370532], [-96.447986, 32.370554], [-96.448064, 32.370521], [-96.448103, 32.370482], [-96.44811, 32.370411], [-96.448025, 32.370026], [-96.447954, 32.369504], [-96.447909, 32.369438], [-96.447902, 32.369411], [-96.447818, 32.369378], [-96.447715, 32.369361], [-96.447598, 32.369328], [-96.447553, 32.369301], [-96.447553, 32.369279], [-96.447637, 32.369273], [-96.447676, 32.369246], [-96.447682, 32.369185], [-96.447617, 32.369097], [-96.447287, 32.368795], [-96.447041, 32.368619], [-96.446905, 32.368421], [-96.446821, 32.368317], [-96.446776, 32.368235], [-96.446763, 32.368185], [-96.446814, 32.368009], [-96.446918, 32.367756], [-96.44695, 32.367586], [-96.447138, 32.367174], [-96.447326, 32.366894], [-96.447455, 32.366729], [-96.447708, 32.366492], [-96.447902, 32.366388], [-96.447915, 32.366328], [-96.44798, 32.366295], [-96.448038, 32.36624], [-96.448051, 32.366212], [-96.448051, 32.366152], [-96.448038, 32.366097], [-96.44798, 32.365937], [-96.447999, 32.365696], [-96.448077, 32.365283], [-96.448116, 32.365135], [-96.448219, 32.364948], [-96.448634, 32.364476], [-96.449048, 32.364091], [-96.449113, 32.364008], [-96.449132, 32.363932], [-96.449094, 32.363772], [-96.449119, 32.363525], [-96.449249, 32.363283], [-96.449288, 32.363036], [-96.449339, 32.362953], [-96.449404, 32.362876], [-96.449916, 32.36242], [-96.44998, 32.362382], [-96.450116, 32.36236], [-96.450259, 32.362294], [-96.450362, 32.362228], [-96.450764, 32.361909], [-96.450861, 32.361816], [-96.450965, 32.361662], [-96.451081, 32.36131], [-96.451088, 32.361217], [-96.451107, 32.360695], [-96.4511, 32.360535], [-96.451062, 32.3602], [-96.451049, 32.36014], [-96.450945, 32.359975], [-96.450939, 32.35992], [-96.450913, 32.359843], [-96.450718, 32.359563], [-96.450595, 32.359227], [-96.450485, 32.359057], [-96.450421, 32.358986], [-96.450401, 32.358892], [-96.450052, 32.35804], [-96.450026, 32.357958], [-96.449728, 32.357568], [-96.44954, 32.357227], [-96.449482, 32.357178], [-96.449417, 32.357101], [-96.449249, 32.356974], [-96.448918, 32.35682], [-96.448867, 32.356815], [-96.448769, 32.35676], [-96.448614, 32.356699], [-96.448433, 32.356612], [-96.448362, 32.356557], [-96.448271, 32.356507], [-96.44818, 32.356485], [-96.448174, 32.356529], [-96.448239, 32.356606], [-96.448239, 32.356699], [-96.448232, 32.356716], [-96.4482, 32.356744], [-96.448167, 32.356738], [-96.44809, 32.356628], [-96.44798, 32.356513], [-96.447934, 32.356441], [-96.447876, 32.356386], [-96.447682, 32.356117], [-96.447319, 32.355738], [-96.447254, 32.355639], [-96.447261, 32.355562], [-96.447254, 32.355496], [-96.447203, 32.355309], [-96.447125, 32.354666], [-96.447092, 32.354606], [-96.447054, 32.354573], [-96.447021, 32.354578], [-96.446983, 32.354523], [-96.446976, 32.35449], [-96.446983, 32.354337], [-96.447021, 32.354276], [-96.44708, 32.354254], [-96.447177, 32.354348], [-96.447215, 32.354315], [-96.447222, 32.354287], [-96.447235, 32.353831], [-96.447228, 32.353672], [-96.447241, 32.353556], [-96.447228, 32.353474], [-96.447287, 32.353094], [-96.44728, 32.352869], [-96.447138, 32.352188], [-96.447118, 32.351935], [-96.447118, 32.351875], [-96.447138, 32.351792], [-96.44719, 32.351666], [-96.447228, 32.351605], [-96.447384, 32.351462], [-96.447494, 32.351391], [-96.447675, 32.351336], [-96.447889, 32.35132], [-96.447986, 32.351331], [-96.44807, 32.351358], [-96.448161, 32.351402], [-96.448691, 32.351354], [-96.448789, 32.351237], [-96.448806, 32.351124], [-96.448819, 32.350944], [-96.448789, 32.350731], [-96.448795, 32.35044], [-96.448743, 32.350017], [-96.448678, 32.349814], [-96.448646, 32.349533], [-96.448581, 32.349341], [-96.448555, 32.349033], [-96.44851, 32.348945], [-96.448426, 32.348868], [-96.4484, 32.348819], [-96.448374, 32.348665], [-96.448368, 32.348555], [-96.448342, 32.348489], [-96.448031, 32.348121], [-96.44785, 32.347929], [-96.447597, 32.347681], [-96.447345, 32.3475], [-96.446982, 32.347214], [-96.446555, 32.346984], [-96.446419, 32.346929], [-96.446056, 32.346813], [-96.445875, 32.346758], [-96.445577, 32.346687], [-96.445416, 32.346665], [-96.445267, 32.346659], [-96.444328, 32.346654], [-96.444121, 32.346643], [-96.44392, 32.346659], [-96.443163, 32.346681], [-96.443059, 32.346703], [-96.442884, 32.346786], [-96.442742, 32.346791], [-96.442606, 32.346775], [-96.442522, 32.34678], [-96.436272, 32.387775]]]}}, {"type": "Feature", "properties": {"k": "area", "s": "water"}, "geometry": {"type": "Polygon", "coordinates": [[[-96.442548, 32.346176], [-96.442626, 32.345868], [-96.442612, 32.345758], [-96.442619, 32.345714], [-96.442658, 32.345648], [-96.44271, 32.345489], [-96.442801, 32.345381], [-96.443004, 32.345218], [-96.443318, 32.345096], [-96.44394, 32.345011], [-96.443998, 32.345016], [-96.44403, 32.345055], [-96.444004, 32.34517], [-96.444011, 32.345197], [-96.44405, 32.345208], [-96.444095, 32.345208], [-96.444199, 32.345181], [-96.444302, 32.345197], [-96.444373, 32.34523], [-96.444775, 32.345544], [-96.445344, 32.345835], [-96.445435, 32.34589], [-96.445513, 32.345923], [-96.445623, 32.345945], [-96.445752, 32.345934], [-96.445849, 32.345895], [-96.445979, 32.345884], [-96.446128, 32.345901], [-96.44638, 32.345901], [-96.446529, 32.34589], [-96.446775, 32.345835], [-96.446917, 32.345774], [-96.44741, 32.345621], [-96.447481, 32.345582], [-96.447565, 32.345516], [-96.447694, 32.345373], [-96.447824, 32.34528], [-96.44796, 32.345203], [-96.448283, 32.345055], [-96.448393, 32.344972], [-96.448419, 32.344901], [-96.448432, 32.344791], [-96.448523, 32.344653], [-96.44862, 32.344555], [-96.448685, 32.344505], [-96.44897, 32.344395], [-96.449235, 32.344313], [-96.449397, 32.344241], [-96.449928, 32.344126], [-96.450148, 32.344126], [-96.450238, 32.344142], [-96.450575, 32.344214], [-96.451041, 32.344335], [-96.451229, 32.344406], [-96.451468, 32.344516], [-96.451578, 32.344576], [-96.451637, 32.344631], [-96.45187, 32.34495], [-96.451973, 32.345115], [-96.452109, 32.345373], [-96.452142, 32.345598], [-96.452258, 32.345895], [-96.452284, 32.346071], [-96.452278, 32.346241], [-96.452252, 32.346384], [-96.45209, 32.346648], [-96.451974, 32.346972], [-96.451967, 32.347071], [-96.451993, 32.347165], [-96.452025, 32.347434], [-96.45209, 32.34756], [-96.452155, 32.347615], [-96.452239, 32.347665], [-96.452498, 32.347786], [-96.453055, 32.34795], [-96.453107, 32.347972], [-96.453385, 32.348104], [-96.453514, 32.348181], [-96.453637, 32.348313], [-96.453793, 32.348621], [-96.454058, 32.34922], [-96.454071, 32.349302], [-96.454071, 32.349434], [-96.454058, 32.3495], [-96.454052, 32.349671], [-96.454097, 32.349896], [-96.45413, 32.350171], [-96.454123, 32.350286], [-96.45413, 32.350385], [-96.454162, 32.350434], [-96.454188, 32.350566], [-96.454182, 32.350621], [-96.454188, 32.350676], [-96.454207, 32.35072], [-96.454233, 32.350753], [-96.454402, 32.350896], [-96.454441, 32.351006], [-96.454907, 32.35183], [-96.455308, 32.352154], [-96.455425, 32.352297], [-96.455457, 32.352479], [-96.455548, 32.352825], [-96.455658, 32.352984], [-96.45591, 32.35322], [-96.455995, 32.35333], [-96.456072, 32.353473], [-96.456098, 32.353737], [-96.45604, 32.353913], [-96.45604, 32.353951], [-96.456046, 32.35399], [-96.456098, 32.35405], [-96.456105, 32.3541], [-96.456072, 32.354138], [-96.455969, 32.35421], [-96.455807, 32.354402], [-96.455729, 32.354462], [-96.45558, 32.354699], [-96.455516, 32.35482], [-96.45536, 32.35499], [-96.455315, 32.355083], [-96.455309, 32.355138], [-96.455334, 32.355364], [-96.455328, 32.355496], [-96.455341, 32.355716], [-96.455367, 32.355726], [-96.455412, 32.355655], [-96.455444, 32.355699], [-96.455464, 32.355809], [-96.455496, 32.355875], [-96.455509, 32.355913], [-96.455503, 32.355946], [-96.455464, 32.355946], [-96.455412, 32.35588], [-96.455386, 32.35588], [-96.45538, 32.355924], [-96.455386, 32.355946], [-96.455457, 32.356089], [-96.455529, 32.356194], [-96.455594, 32.356282], [-96.455684, 32.356353], [-96.455704, 32.35638], [-96.455716, 32.356419], [-96.455704, 32.356518], [-96.455755, 32.356743], [-96.455788, 32.356803], [-96.455788, 32.356842], [-96.455749, 32.356848], [-96.455665, 32.356804], [-96.455665, 32.356853], [-96.455678, 32.356881], [-96.455736, 32.356941], [-96.455755, 32.357073], [-96.455781, 32.357139], [-96.455866, 32.357271], [-96.455892, 32.357359], [-96.455943, 32.357479], [-96.456021, 32.357639], [-96.456079, 32.357732], [-96.456105, 32.357793], [-96.45617, 32.358029], [-96.456183, 32.358084], [-96.456196, 32.358534], [-96.456209, 32.358595], [-96.45628, 32.358705], [-96.456306, 32.358776], [-96.456293, 32.358925], [-96.456306, 32.358991], [-96.456312, 32.35915], [-96.456332, 32.359227], [-96.456397, 32.35937], [-96.456623, 32.359595], [-96.456649, 32.359634], [-96.456682, 32.359716], [-96.456766, 32.35982], [-96.456785, 32.359936], [-96.456805, 32.359969], [-96.456902, 32.360035], [-96.456986, 32.360139], [-96.457031, 32.360227], [-96.457128, 32.360485], [-96.4572, 32.360722], [-96.457368, 32.36092], [-96.457595, 32.361271], [-96.457737, 32.361568], [-96.45788, 32.361892], [-96.457958, 32.362178], [-96.458106, 32.362579], [-96.458113, 32.362645], [-96.458106, 32.362744], [-96.458074, 32.362854], [-96.458074, 32.362909], [-96.458029, 32.363123], [-96.458035, 32.363173], [-96.458055, 32.363211], [-96.458204, 32.363261], [-96.458236, 32.363282], [-96.458301, 32.363359], [-96.458372, 32.363469], [-96.458553, 32.363502], [-96.458618, 32.363552], [-96.458651, 32.363601], [-96.458884, 32.364129], [-96.45911, 32.364607], [-96.459201, 32.365041], [-96.459337, 32.365343], [-96.459499, 32.365612], [-96.459661, 32.365827], [-96.459836, 32.366101], [-96.459914, 32.366173], [-96.459933, 32.366217], [-96.459965, 32.366255], [-96.460127, 32.366409], [-96.46038, 32.366574], [-96.460697, 32.36675], [-96.460742, 32.366788], [-96.460833, 32.366843], [-96.460989, 32.366882], [-96.461189, 32.366997], [-96.461338, 32.367107], [-96.4615, 32.367266], [-96.461649, 32.367431], [-96.461979, 32.367838], [-96.462025, 32.367876], [-96.462103, 32.368019], [-96.462232, 32.368201], [-96.462465, 32.368387], [-96.462588, 32.368464], [-96.462705, 32.368563], [-96.462931, 32.368684], [-96.462996, 32.368733], [-96.463067, 32.368816], [-96.463139, 32.368931], [-96.463255, 32.369222], [-96.463327, 32.369464], [-96.463385, 32.369706], [-96.463392, 32.370113], [-96.463217, 32.371734], [-96.463139, 32.372278], [-96.463042, 32.372855], [-96.462906, 32.373289], [-96.462919, 32.37335], [-96.462887, 32.373476], [-96.462732, 32.373713], [-96.462699, 32.373756], [-96.462486, 32.373971], [-96.462285, 32.374196], [-96.462013, 32.374625], [-96.461987, 32.37468], [-96.461784, 32.374909], [-96.461648, 32.374931], [-96.461637, 32.374839], [-96.461722, 32.37474], [-96.46176, 32.374663], [-96.461981, 32.374317], [-96.462253, 32.373943], [-96.462596, 32.373564], [-96.462719, 32.373355], [-96.462757, 32.373267], [-96.462829, 32.372982], [-96.462861, 32.372553], [-96.46288, 32.372421], [-96.463023, 32.371613], [-96.463055, 32.371498], [-96.463061, 32.371058], [-96.4631, 32.370569], [-96.463158, 32.370206], [-96.463178, 32.369997], [-96.463165, 32.369789], [-96.463126, 32.369563], [-96.462983, 32.369091], [-96.462899, 32.36897], [-96.462698, 32.368766], [-96.462167, 32.368321], [-96.462115, 32.368266], [-96.461869, 32.367942], [-96.46174, 32.367794], [-96.461545, 32.367525], [-96.461468, 32.367431], [-96.461377, 32.367343], [-96.461131, 32.367129], [-96.461002, 32.367052], [-96.46027, 32.366689], [-96.459965, 32.366514], [-96.459862, 32.366426], [-96.459816, 32.366338], [-96.459758, 32.366277], [-96.459622, 32.366074], [-96.45957, 32.366025], [-96.459519, 32.365937], [-96.459389, 32.365794], [-96.459292, 32.365656], [-96.459266, 32.365558], [-96.459227, 32.36547], [-96.459162, 32.365382], [-96.459156, 32.365354], [-96.459097, 32.36531], [-96.459085, 32.365272], [-96.459098, 32.365167], [-96.458877, 32.364486], [-96.458806, 32.364393], [-96.458767, 32.364316], [-96.458735, 32.364277], [-96.458696, 32.364178], [-96.458651, 32.36398], [-96.458573, 32.363816], [-96.458515, 32.363728], [-96.45843, 32.363667], [-96.458275, 32.363607], [-96.458223, 32.363601], [-96.458191, 32.363612], [-96.458126, 32.363667], [-96.458081, 32.363733], [-96.458035, 32.363827], [-96.457997, 32.363838], [-96.458022, 32.363728], [-96.458016, 32.363689], [-96.457964, 32.363667], [-96.457899, 32.363601], [-96.457867, 32.363535], [-96.457854, 32.363414], [-96.457828, 32.363332], [-96.457815, 32.363282], [-96.457848, 32.363184], [-96.45786, 32.362958], [-96.45788, 32.362865], [-96.457925, 32.362766], [-96.457945, 32.362596], [-96.457886, 32.362348], [-96.457821, 32.362156], [-96.457712, 32.361931], [-96.457647, 32.361744], [-96.457485, 32.361348], [-96.457381, 32.361183], [-96.457129, 32.360821], [-96.457031, 32.360716], [-96.457012, 32.360678], [-96.457005, 32.360634], [-96.456967, 32.360584], [-96.456889, 32.360529], [-96.45685, 32.360485], [-96.456818, 32.360408], [-96.456792, 32.360299], [-96.456727, 32.360156], [-96.456649, 32.360018], [-96.456552, 32.35993], [-96.456526, 32.35982], [-96.456507, 32.359788], [-96.456468, 32.359749], [-96.456442, 32.359809], [-96.456371, 32.359705], [-96.456215, 32.359535], [-96.45619, 32.359403], [-96.456177, 32.35937], [-96.456144, 32.359348], [-96.456105, 32.359282], [-96.456092, 32.359205], [-96.456047, 32.359068], [-96.456021, 32.35882], [-96.455969, 32.358644], [-96.455963, 32.358551], [-96.455937, 32.358425], [-96.455943, 32.358331], [-96.455924, 32.358166], [-96.455924, 32.357974], [-96.455898, 32.35793], [-96.455814, 32.35787], [-96.455756, 32.357743], [-96.455736, 32.357534], [-96.455619, 32.357238], [-96.455613, 32.357117], [-96.4556, 32.357045], [-96.455581, 32.357029], [-96.455561, 32.357029], [-96.455548, 32.35704], [-96.455542, 32.357073], [-96.455542, 32.357144], [-96.455529, 32.357172], [-96.455516, 32.357166], [-96.455432, 32.357007], [-96.455348, 32.356699], [-96.455341, 32.356628], [-96.455302, 32.356556], [-96.455302, 32.356474], [-96.455257, 32.356419], [-96.45527, 32.356342], [-96.455263, 32.356265], [-96.455218, 32.356172], [-96.45516, 32.356089], [-96.45514, 32.356029], [-96.455108, 32.35582], [-96.455069, 32.35577], [-96.455069, 32.355721], [-96.45503, 32.355512], [-96.455037, 32.355424], [-96.455062, 32.355364], [-96.455037, 32.355287], [-96.455037, 32.35516], [-96.455056, 32.355012], [-96.455108, 32.354836], [-96.455153, 32.354737], [-96.45525, 32.354583], [-96.45536, 32.354446], [-96.455541, 32.354287], [-96.45558, 32.35421], [-96.455703, 32.354023], [-96.455755, 32.353918], [-96.455742, 32.353863], [-96.455749, 32.353748], [-96.455723, 32.353649], [-96.455703, 32.353501], [-96.455341, 32.352973], [-96.455263, 32.352803], [-96.455243, 32.352737], [-96.45525, 32.352643], [-96.455114, 32.352297], [-96.454965, 32.352143], [-96.454907, 32.352116], [-96.454868, 32.35211], [-96.454829, 32.352407], [-96.454803, 32.352517], [-96.4547, 32.352781], [-96.454654, 32.352863], [-96.454622, 32.352902], [-96.454531, 32.352957], [-96.454441, 32.352968], [-96.45413, 32.353045], [-96.453994, 32.353045], [-96.453204, 32.352929], [-96.452867, 32.352836], [-96.452764, 32.352841], [-96.452673, 32.352836], [-96.452537, 32.352803], [-96.452337, 32.352721], [-96.452214, 32.352682], [-96.452123, 32.352633], [-96.452006, 32.352545], [-96.451793, 32.352297], [-96.451132, 32.351402], [-96.451048, 32.351325], [-96.450945, 32.351264], [-96.450886, 32.351215], [-96.450291, 32.351017], [-96.450161, 32.350962], [-96.449922, 32.350946], [-96.449663, 32.350962], [-96.449611, 32.350973], [-96.449559, 32.351006], [-96.449527, 32.351078], [-96.449546, 32.351188], [-96.44954, 32.351396], [-96.449572, 32.351539], [-96.449559, 32.351737], [-96.449501, 32.351891], [-96.449488, 32.351957], [-96.449507, 32.352067], [-96.449546, 32.352155], [-96.44963, 32.352435], [-96.449669, 32.352611], [-96.449676, 32.352704], [-96.449669, 32.352814], [-96.44921, 32.353606], [-96.448989, 32.353836], [-96.448821, 32.35393], [-96.448776, 32.353974], [-96.448744, 32.354062], [-96.448724, 32.354479], [-96.448724, 32.354562], [-96.448743, 32.35465], [-96.448828, 32.354782], [-96.448951, 32.354864], [-96.449061, 32.354919], [-96.449151, 32.354946], [-96.449236, 32.354952], [-96.449397, 32.35493], [-96.449488, 32.35493], [-96.449818, 32.354782], [-96.45009, 32.354622], [-96.450252, 32.354556], [-96.450466, 32.354529], [-96.450731, 32.35454], [-96.450951, 32.354611], [-96.450977, 32.354655], [-96.451003, 32.354748], [-96.451035, 32.354793], [-96.451132, 32.354831], [-96.451236, 32.354853], [-96.451366, 32.354897], [-96.451456, 32.354935], [-96.451515, 32.354985], [-96.451547, 32.355051], [-96.451553, 32.355144], [-96.451579, 32.355205], [-96.451761, 32.355348], [-96.451884, 32.355413], [-96.452084, 32.355562], [-96.452279, 32.355787], [-96.452337, 32.355897], [-96.452492, 32.356007], [-96.45268, 32.356084], [-96.4529, 32.356194], [-96.453308, 32.356507], [-96.453412, 32.356622], [-96.45358, 32.356683], [-96.453677, 32.356743], [-96.453949, 32.357067], [-96.454027, 32.357205], [-96.454124, 32.357523], [-96.454111, 32.35771], [-96.453897, 32.358035], [-96.453748, 32.358188], [-96.453354, 32.358447], [-96.4527, 32.358799], [-96.45259, 32.358886], [-96.452551, 32.358936], [-96.452518, 32.359007], [-96.452525, 32.359249], [-96.452557, 32.359354], [-96.452726, 32.359447], [-96.452777, 32.359507], [-96.452803, 32.359606], [-96.452842, 32.35965], [-96.4529, 32.359689], [-96.452997, 32.359661], [-96.453114, 32.359678], [-96.453515, 32.359997], [-96.453652, 32.360079], [-96.453697, 32.360095], [-96.453813, 32.360106], [-96.454033, 32.360161], [-96.454131, 32.360205], [-96.454403, 32.360381], [-96.454519, 32.360475], [-96.454739, 32.360672], [-96.454843, 32.360744], [-96.455005, 32.360931], [-96.455044, 32.361013], [-96.45507, 32.361101], [-96.455057, 32.361442], [-96.454992, 32.361585], [-96.45496, 32.361722], [-96.454895, 32.361826], [-96.454785, 32.361925], [-96.454668, 32.36198], [-96.454416, 32.362189], [-96.454099, 32.362414], [-96.454014, 32.362459], [-96.453878, 32.362552], [-96.453697, 32.362601], [-96.453613, 32.362645], [-96.453438, 32.362777], [-96.453244, 32.362942], [-96.453082, 32.363019], [-96.452642, 32.363151], [-96.452189, 32.36325], [-96.451671, 32.363338], [-96.451476, 32.363398], [-96.45112, 32.363558], [-96.450868, 32.363728], [-96.450486, 32.364162], [-96.450421, 32.36441], [-96.450389, 32.364607], [-96.450408, 32.364767], [-96.450544, 32.365047], [-96.450576, 32.365141], [-96.450745, 32.365355], [-96.450803, 32.365448], [-96.450881, 32.365547], [-96.451159, 32.365822], [-96.451347, 32.365954], [-96.451489, 32.366009], [-96.451839, 32.366102], [-96.452241, 32.366245], [-96.452389, 32.366273], [-96.452733, 32.366273], [-96.452992, 32.366217], [-96.453128, 32.36625], [-96.453251, 32.3663], [-96.453451, 32.36636], [-96.453659, 32.366448], [-96.453769, 32.366509], [-96.453911, 32.366613], [-96.454034, 32.366783], [-96.454112, 32.36691], [-96.454177, 32.366976], [-96.454216, 32.367031], [-96.454241, 32.367075], [-96.454339, 32.367437], [-96.454378, 32.367514], [-96.454397, 32.36758], [-96.454384, 32.367767], [-96.454339, 32.367872], [-96.454229, 32.367981], [-96.45395, 32.368454], [-96.453859, 32.368569], [-96.453232, 32.369251], [-96.45318, 32.369289], [-96.453044, 32.369421], [-96.453005, 32.369526], [-96.452985, 32.369674], [-96.45294, 32.370455], [-96.452856, 32.370735], [-96.452849, 32.370933], [-96.45283, 32.371092], [-96.452889, 32.371504], [-96.452876, 32.371955], [-96.452908, 32.372103], [-96.452953, 32.372213], [-96.453063, 32.372796], [-96.45307, 32.37323], [-96.452908, 32.373658], [-96.452804, 32.37384], [-96.452772, 32.373922], [-96.452649, 32.374373], [-96.452617, 32.374642], [-96.452571, 32.374741], [-96.452565, 32.374785], [-96.452571, 32.374878], [-96.45261, 32.374966], [-96.452629, 32.374999], [-96.452642, 32.375241], [-96.452636, 32.375477], [-96.452597, 32.375647], [-96.452552, 32.375779], [-96.452448, 32.375977], [-96.452396, 32.376142], [-96.45237, 32.376318], [-96.452293, 32.37645], [-96.452267, 32.376516], [-96.452118, 32.376703], [-96.452008, 32.377016], [-96.451917, 32.37717], [-96.451788, 32.377456], [-96.451568, 32.377714], [-96.451419, 32.377868], [-96.451056, 32.378428], [-96.45103, 32.378483], [-96.45094, 32.378621], [-96.450771, 32.378951], [-96.450648, 32.379159], [-96.450616, 32.379286], [-96.45059, 32.379335], [-96.450176, 32.379929], [-96.450124, 32.380011], [-96.450124, 32.380039], [-96.449897, 32.380434], [-96.449742, 32.380577], [-96.449709, 32.380621], [-96.449684, 32.380682], [-96.44945, 32.38094], [-96.449302, 32.381061], [-96.449256, 32.381121], [-96.448893, 32.381495], [-96.448835, 32.381544], [-96.448628, 32.381643], [-96.448427, 32.381797], [-96.448194, 32.381885], [-96.448052, 32.382006], [-96.44798, 32.382083], [-96.447722, 32.382215], [-96.44765, 32.382281], [-96.447573, 32.382407], [-96.447417, 32.382512], [-96.447365, 32.382561], [-96.447307, 32.382594], [-96.44719, 32.382688], [-96.447177, 32.382726], [-96.447139, 32.382776], [-96.447061, 32.382847], [-96.446905, 32.382924], [-96.446666, 32.383133], [-96.446608, 32.38321], [-96.446465, 32.383358], [-96.446355, 32.383523], [-96.446251, 32.383655], [-96.446102, 32.383798], [-96.446064, 32.383853], [-96.445973, 32.38393], [-96.445805, 32.384166], [-96.445636, 32.384424], [-96.445597, 32.384468], [-96.44552, 32.384512], [-96.445403, 32.384551], [-96.445267, 32.384672], [-96.445228, 32.384688], [-96.445053, 32.38482], [-96.444905, 32.384892], [-96.44473, 32.385056], [-96.444678, 32.385133], [-96.4446, 32.385199], [-96.444451, 32.385304], [-96.444341, 32.385342], [-96.444056, 32.38548], [-96.443473, 32.385952], [-96.443402, 32.386024], [-96.443382, 32.386062], [-96.443376, 32.386134], [-96.443311, 32.386331], [-96.443272, 32.386419], [-96.443234, 32.386469], [-96.443065, 32.386771], [-96.442949, 32.387057], [-96.442813, 32.387304], [-96.442767, 32.387359], [-96.442644, 32.387453], [-96.442593, 32.387513], [-96.442411, 32.387667], [-96.4421, 32.387854], [-96.441984, 32.387848], [-96.441213, 32.388008], [-96.44052, 32.388052], [-96.440332, 32.388035], [-96.439931, 32.388112], [-96.43982, 32.388145], [-96.439568, 32.388277], [-96.439438, 32.388524], [-96.439425, 32.388914], [-96.43938, 32.389101], [-96.439238, 32.389447], [-96.439056, 32.389755], [-96.438868, 32.389964], [-96.438745, 32.390008], [-96.438648, 32.39003], [-96.438473, 32.390046], [-96.438149, 32.390096], [-96.43802, 32.390101], [-96.437929, 32.390096], [-96.437787, 32.390074], [-96.437657, 32.39003], [-96.437528, 32.389964], [-96.437081, 32.389827], [-96.436608, 32.389563], [-96.436252, 32.389381], [-96.43607, 32.389249], [-96.435928, 32.389123], [-96.435714, 32.388991], [-96.435494, 32.388876], [-96.43541, 32.38887], [-96.435332, 32.388876], [-96.435254, 32.388898], [-96.435151, 32.388958], [-96.435054, 32.389107], [-96.435021, 32.389184], [-96.435034, 32.389337], [-96.435099, 32.389425], [-96.435177, 32.389607], [-96.435203, 32.389799], [-96.435261, 32.38998], [-96.43539, 32.390519], [-96.435358, 32.390678], [-96.435364, 32.390728], [-96.435624, 32.391184], [-96.435818, 32.391624], [-96.435869, 32.39175], [-96.435876, 32.391799], [-96.435947, 32.391937], [-96.436006, 32.392019], [-96.4362, 32.392113], [-96.436297, 32.392184], [-96.436394, 32.392228], [-96.436491, 32.392228], [-96.436712, 32.392261], [-96.436796, 32.392283], [-96.436938, 32.39242], [-96.437074, 32.392662], [-96.43721, 32.392761], [-96.437677, 32.393157], [-96.437787, 32.3933], [-96.437819, 32.393619], [-96.437988, 32.393877], [-96.438001, 32.394042], [-96.437994, 32.394064], [-96.438026, 32.39414], [-96.43802, 32.394163], [-96.438046, 32.394338], [-96.438149, 32.394498], [-96.438305, 32.394987], [-96.438292, 32.395251], [-96.438396, 32.39552], [-96.438389, 32.396042], [-96.438396, 32.396597], [-96.438706, 32.397674], [-96.438674, 32.397762], [-96.438706, 32.397861], [-96.438771, 32.397943], [-96.438784, 32.397987], [-96.438784, 32.398015], [-96.438745, 32.398097], [-96.438713, 32.398125], [-96.438713, 32.398196], [-96.438804, 32.398432], [-96.438979, 32.398553], [-96.439199, 32.398652], [-96.439205, 32.398724], [-96.439633, 32.399081], [-96.439853, 32.399279], [-96.440034, 32.399575], [-96.440209, 32.399828], [-96.440242, 32.399982], [-96.440268, 32.400196], [-96.440261, 32.400372], [-96.440235, 32.400559], [-96.440125, 32.400779], [-96.440073, 32.400856], [-96.440002, 32.400916], [-96.439672, 32.401378], [-96.439607, 32.401504], [-96.438434, 32.402592], [-96.438046, 32.402983], [-96.437832, 32.403213], [-96.437579, 32.403461], [-96.43732, 32.403752], [-96.43697, 32.404181], [-96.436698, 32.404571], [-96.436627, 32.404725], [-96.436621, 32.404802], [-96.436627, 32.405016], [-96.436646, 32.40512], [-96.436705, 32.405302], [-96.436769, 32.40539], [-96.436867, 32.405445], [-96.437029, 32.405577], [-96.43708, 32.405604], [-96.437171, 32.40573], [-96.437314, 32.405785], [-96.43745, 32.405857], [-96.43778, 32.40606], [-96.438052, 32.406351], [-96.43822, 32.406571], [-96.438272, 32.406802], [-96.438279, 32.407088], [-96.438233, 32.407308], [-96.438143, 32.407588], [-96.437968, 32.40784], [-96.437625, 32.408126], [-96.437404, 32.40833], [-96.436964, 32.408538], [-96.436731, 32.408637], [-96.436329, 32.408896], [-96.435921, 32.409264], [-96.435681, 32.409511], [-96.435513, 32.409736], [-96.435007, 32.41028], [-96.434858, 32.410621], [-96.434806, 32.410808], [-96.434748, 32.411088], [-96.434761, 32.411132], [-96.434878, 32.411363], [-96.434936, 32.411418], [-96.435046, 32.411555], [-96.435104, 32.411588], [-96.435215, 32.411698], [-96.435331, 32.411753], [-96.435772, 32.41172], [-96.435849, 32.411726], [-96.436238, 32.411495], [-96.43653, 32.411369], [-96.436879, 32.411297], [-96.437035, 32.411341], [-96.437249, 32.411369], [-96.437469, 32.411413], [-96.438376, 32.411907], [-96.439186, 32.412391], [-96.439315, 32.412484], [-96.439406, 32.412517], [-96.439471, 32.412517], [-96.439646, 32.412644], [-96.440009, 32.413353], [-96.440177, 32.413446], [-96.440268, 32.413457], [-96.440332, 32.413528], [-96.440326, 32.413704], [-96.4403, 32.413825], [-96.440268, 32.413908], [-96.440268, 32.414001], [-96.440313, 32.414067], [-96.44043, 32.414171], [-96.44043, 32.41427], [-96.440443, 32.41432], [-96.440455, 32.414507], [-96.440494, 32.414655], [-96.440546, 32.414798], [-96.44063, 32.414957], [-96.440637, 32.415001], [-96.440721, 32.415227], [-96.440773, 32.415408], [-96.440903, 32.415672], [-96.441097, 32.415897], [-96.441136, 32.415968], [-96.44122, 32.416056], [-96.44144, 32.416144], [-96.441622, 32.416177], [-96.441771, 32.416304], [-96.441816, 32.416485], [-96.441933, 32.416633], [-96.442114, 32.41671], [-96.442211, 32.416677], [-96.44238, 32.416721], [-96.442516, 32.417012], [-96.442859, 32.417265], [-96.443196, 32.41765], [-96.443429, 32.417842], [-96.443669, 32.417996], [-96.443883, 32.418073], [-96.444038, 32.418161], [-96.444226, 32.418298], [-96.444369, 32.418381], [-96.444842, 32.41843], [-96.442548, 32.346176]]]}}, {"type": "Feature", "properties": {"k": "area", "s": "water"}, "geometry": {"type": "Polygon", "coordinates": [[[-96.355306, 32.314148], [-96.354762, 32.313565], [-96.354283, 32.313203], [-96.353992, 32.312829], [-96.353824, 32.312549], [-96.353545, 32.312208], [-96.35337, 32.311879], [-96.35326, 32.311785], [-96.353144, 32.311758], [-96.352878, 32.311752], [-96.352756, 32.311774], [-96.352244, 32.311994], [-96.351267, 32.312258], [-96.35084, 32.312341], [-96.350646, 32.312401], [-96.350446, 32.312517], [-96.350174, 32.312577], [-96.349844, 32.312764], [-96.349721, 32.312863], [-96.349424, 32.313237], [-96.349275, 32.313341], [-96.348641, 32.313561], [-96.348123, 32.313573], [-96.347599, 32.313408], [-96.347075, 32.313287], [-96.346712, 32.313254], [-96.346408, 32.313271], [-96.346214, 32.313254], [-96.345916, 32.313183], [-96.345651, 32.313084], [-96.345243, 32.312831], [-96.3449, 32.31254], [-96.34468, 32.312249], [-96.344492, 32.311788], [-96.34435, 32.311524], [-96.344149, 32.311265], [-96.343935, 32.311084], [-96.343767, 32.310881], [-96.343612, 32.310667], [-96.343547, 32.310507], [-96.343566, 32.310288], [-96.343696, 32.310068], [-96.343883, 32.309914], [-96.34411, 32.309798], [-96.344517, 32.309655], [-96.344724, 32.309545], [-96.345229, 32.309364], [-96.345274, 32.309243], [-96.345229, 32.309128], [-96.345171, 32.309073], [-96.344711, 32.308875], [-96.344459, 32.308721], [-96.344058, 32.308578], [-96.343818, 32.308375], [-96.343326, 32.308095], [-96.34242, 32.307798], [-96.342168, 32.30776], [-96.34145, 32.307848], [-96.341016, 32.307958], [-96.340583, 32.308194], [-96.340525, 32.308244], [-96.340415, 32.308458], [-96.340046, 32.308667], [-96.339742, 32.308744], [-96.33958, 32.308739], [-96.339431, 32.308717], [-96.339205, 32.308629], [-96.339004, 32.308535], [-96.3389, 32.308436], [-96.338784, 32.308101], [-96.338752, 32.30786], [-96.33879, 32.307673], [-96.33892, 32.307338], [-96.339178, 32.307002], [-96.339334, 32.306607], [-96.339165, 32.306326], [-96.338997, 32.306178], [-96.338641, 32.306052], [-96.338221, 32.306096], [-96.337703, 32.306046], [-96.33714, 32.305942], [-96.336208, 32.305662], [-96.335891, 32.305503], [-96.335768, 32.305475], [-96.334383, 32.304909], [-96.33426, 32.304882], [-96.333937, 32.30492], [-96.333833, 32.304904], [-96.333633, 32.30475], [-96.333258, 32.304563], [-96.333102, 32.304426], [-96.332856, 32.304409], [-96.332099, 32.303992], [-96.331465, 32.303811], [-96.330934, 32.303564], [-96.330695, 32.303525], [-96.330507, 32.303454], [-96.330158, 32.303426], [-96.329045, 32.303212], [-96.328547, 32.303146], [-96.328379, 32.303151], [-96.328204, 32.303102], [-96.327156, 32.303152], [-96.326373, 32.30313], [-96.325577, 32.30319], [-96.325137, 32.303207], [-96.324898, 32.30319], [-96.324419, 32.303256], [-96.323972, 32.303465], [-96.323727, 32.303657], [-96.323533, 32.30391], [-96.323461, 32.30424], [-96.323487, 32.304361], [-96.323779, 32.304877], [-96.323927, 32.305059], [-96.324535, 32.305504], [-96.324639, 32.305713], [-96.324594, 32.305867], [-96.324794, 32.30596], [-96.324872, 32.306048], [-96.324853, 32.306185], [-96.324788, 32.306251], [-96.324542, 32.30641], [-96.323869, 32.306542], [-96.323617, 32.306537], [-96.32328, 32.306433], [-96.322323, 32.305954], [-96.321469, 32.305444], [-96.320925, 32.304998], [-96.320517, 32.304564], [-96.319922, 32.304015], [-96.319528, 32.303801], [-96.31901, 32.303614], [-96.317981, 32.3033], [-96.31756, 32.303251], [-96.317353, 32.303273], [-96.31714, 32.303191], [-96.316558, 32.303295], [-96.316111, 32.303218], [-96.31593, 32.303125], [-96.315736, 32.30296], [-96.315671, 32.302855], [-96.315607, 32.302669], [-96.315619, 32.302482], [-96.316118, 32.301872], [-96.316784, 32.301515], [-96.317017, 32.301328], [-96.317069, 32.301273], [-96.317205, 32.300971], [-96.317205, 32.300872], [-96.317172, 32.300817], [-96.316454, 32.300416], [-96.316215, 32.300366], [-96.315626, 32.300393], [-96.315335, 32.300481], [-96.315102, 32.300696], [-96.31474, 32.301267], [-96.314422, 32.302394], [-96.314274, 32.302652], [-96.313911, 32.302987], [-96.313458, 32.303246], [-96.313109, 32.303311], [-96.312578, 32.303366], [-96.312113, 32.30324], [-96.311724, 32.303042], [-96.311323, 32.302504], [-96.311123, 32.302146], [-96.311065, 32.301822], [-96.310993, 32.301608], [-96.310696, 32.301328], [-96.309887, 32.300663], [-96.309505, 32.300575], [-96.309389, 32.300487], [-96.309292, 32.300245], [-96.309247, 32.30002], [-96.309292, 32.299827], [-96.309486, 32.299481], [-96.309848, 32.29919], [-96.310644, 32.298987], [-96.310838, 32.29886], [-96.310838, 32.298767], [-96.310754, 32.298685], [-96.310172, 32.298531], [-96.309764, 32.298509], [-96.309027, 32.298569], [-96.308322, 32.298739], [-96.307584, 32.298816], [-96.307351, 32.298964], [-96.30726, 32.299058], [-96.307209, 32.299162], [-96.307196, 32.29936], [-96.307228, 32.299657], [-96.307319, 32.299822], [-96.308004, 32.300421], [-96.30803, 32.300503], [-96.30794, 32.300668], [-96.307739, 32.300893], [-96.307467, 32.301135], [-96.307053, 32.30141], [-96.30649, 32.301696], [-96.306173, 32.301805], [-96.305947, 32.301981], [-96.305216, 32.302415], [-96.305002, 32.302487], [-96.30484, 32.302498], [-96.304265, 32.302305], [-96.304103, 32.302294], [-96.304031, 32.302261], [-96.30396, 32.302151], [-96.30387, 32.301904], [-96.303702, 32.301151], [-96.303779, 32.300833], [-96.304045, 32.300376], [-96.304588, 32.2998], [-96.304621, 32.299558], [-96.304485, 32.298942], [-96.304051, 32.298074], [-96.303844, 32.297843], [-96.30334, 32.297585], [-96.303055, 32.297579], [-96.302796, 32.297629], [-96.30202, 32.297876], [-96.301865, 32.297986], [-96.301548, 32.298305], [-96.301386, 32.298788], [-96.301379, 32.298882], [-96.301399, 32.299173], [-96.301502, 32.299618], [-96.301502, 32.299843], [-96.301379, 32.300156], [-96.301224, 32.300387], [-96.301211, 32.300585], [-96.300751, 32.301299], [-96.300693, 32.301503], [-96.300551, 32.301596], [-96.300305, 32.301689], [-96.299548, 32.301805], [-96.299153, 32.301728], [-96.298869, 32.301601], [-96.2985, 32.301359], [-96.298345, 32.301228], [-96.298047, 32.300865], [-96.297769, 32.300392], [-96.297459, 32.29976], [-96.297387, 32.299667], [-96.296896, 32.299249], [-96.296424, 32.298612], [-96.296372, 32.298518], [-96.296294, 32.298167], [-96.296288, 32.297958], [-96.296353, 32.297782], [-96.296282, 32.297595], [-96.296301, 32.297518], [-96.296391, 32.297403], [-96.296929, 32.296963], [-96.297065, 32.296667], [-96.297388, 32.29632], [-96.298261, 32.295864], [-96.298909, 32.2957], [-96.299271, 32.295518], [-96.299594, 32.295441], [-96.299847, 32.295271], [-96.300229, 32.294678], [-96.300241, 32.294617], [-96.300067, 32.294277], [-96.299866, 32.294101], [-96.298864, 32.293776], [-96.29744, 32.29349], [-96.296509, 32.293534], [-96.296321, 32.293518], [-96.295403, 32.293611], [-96.294199, 32.293792], [-96.292944, 32.293935], [-96.292724, 32.293924], [-96.292582, 32.293847], [-96.292459, 32.293819], [-96.292187, 32.293825], [-96.291676, 32.293709], [-96.291295, 32.29366], [-96.290499, 32.293649], [-96.290065, 32.293687], [-96.289683, 32.293819], [-96.28958, 32.293819], [-96.289347, 32.293769], [-96.28903, 32.29361], [-96.288655, 32.293368], [-96.288467, 32.293132], [-96.288429, 32.293066], [-96.288396, 32.292648], [-96.288435, 32.292434], [-96.28861, 32.292099], [-96.28905, 32.291681], [-96.289406, 32.291494], [-96.290286, 32.291384], [-96.291677, 32.291138], [-96.292479, 32.29078], [-96.292854, 32.290577], [-96.293029, 32.290391], [-96.293333, 32.290226], [-96.293365, 32.290094], [-96.293294, 32.289923], [-96.293236, 32.289868], [-96.293094, 32.289769], [-96.292926, 32.289698], [-96.292648, 32.289632], [-96.292227, 32.289693], [-96.291955, 32.289687], [-96.291503, 32.289599], [-96.291224, 32.289527], [-96.290616, 32.289258], [-96.290992, 32.288994], [-96.29127, 32.289082], [-96.291554, 32.28911], [-96.291697, 32.289159], [-96.292175, 32.289176], [-96.29279, 32.289143], [-96.293411, 32.289242], [-96.293631, 32.28933], [-96.293877, 32.289511], [-96.294019, 32.289753], [-96.294103, 32.290011], [-96.294096, 32.290127], [-96.294142, 32.29027], [-96.355306, 32.314148]]]}}, {"type": "Feature", "properties": {"k": "area", "s": "water"}, "geometry": {"type": "Polygon", "coordinates": [[[-96.502905, 32.525974], [-96.502891, 32.52554], [-96.503059, 32.524751], [-96.504178, 32.523611], [-96.504244, 32.523438], [-96.504489, 32.521807], [-96.504576, 32.521456], [-96.504674, 32.521015], [-96.504735, 32.520822], [-96.505083, 32.520202], [-96.505135, 32.520092], [-96.505155, 32.519993], [-96.50535, 32.518527], [-96.505494, 32.518291], [-96.505863, 32.517928], [-96.506036, 32.517887], [-96.506258, 32.51787], [-96.507225, 32.518076], [-96.507681, 32.518074], [-96.507928, 32.51797], [-96.508358, 32.517534], [-96.508409, 32.51726], [-96.508173, 32.516787], [-96.507123, 32.516098], [-96.506922, 32.515982], [-96.506567, 32.515696], [-96.506045, 32.515569], [-96.503765, 32.51524], [-96.503582, 32.515156], [-96.503485, 32.515035], [-96.503439, 32.51492], [-96.503368, 32.51481], [-96.503303, 32.514672], [-96.5032, 32.514562], [-96.503076, 32.514392], [-96.50296, 32.51426], [-96.502817, 32.514134], [-96.502577, 32.513842], [-96.502055, 32.513212], [-96.501699, 32.512529], [-96.50169, 32.512369], [-96.501775, 32.512145], [-96.502084, 32.511709], [-96.502337, 32.511523], [-96.502531, 32.511474], [-96.502719, 32.511447], [-96.503176, 32.51147], [-96.503667, 32.511615], [-96.5046, 32.511978], [-96.505167, 32.512236], [-96.50531, 32.512349], [-96.505453, 32.512365], [-96.505808, 32.512622], [-96.506055, 32.512912], [-96.506346, 32.513366], [-96.506433, 32.513478], [-96.506605, 32.513568], [-96.506946, 32.513638], [-96.507381, 32.513555], [-96.507762, 32.51335], [-96.508073, 32.513098], [-96.508349, 32.512558], [-96.508552, 32.512416], [-96.508741, 32.511956], [-96.508961, 32.511746], [-96.509006, 32.511674], [-96.509039, 32.511598], [-96.509091, 32.511526], [-96.509156, 32.511477], [-96.509246, 32.511433], [-96.509747, 32.511318], [-96.509964, 32.511387], [-96.511853, 32.513275], [-96.511924, 32.513313], [-96.512112, 32.513434], [-96.512177, 32.513511], [-96.512306, 32.513605], [-96.512462, 32.513616], [-96.512741, 32.513654], [-96.512845, 32.513655], [-96.512871, 32.51366], [-96.512955, 32.513638], [-96.513013, 32.5136], [-96.513098, 32.513561], [-96.513143, 32.513517], [-96.513267, 32.513363], [-96.513267, 32.513275], [-96.513338, 32.513127], [-96.51339, 32.51299], [-96.513448, 32.512671], [-96.513442, 32.512578], [-96.513423, 32.512501], [-96.513423, 32.512363], [-96.513501, 32.512077], [-96.513514, 32.511973], [-96.51352, 32.511775], [-96.513494, 32.511627], [-96.513449, 32.511561], [-96.513417, 32.511457], [-96.513397, 32.511325], [-96.513326, 32.511132], [-96.513229, 32.511], [-96.513099, 32.510907], [-96.512516, 32.510527], [-96.511958, 32.510104], [-96.51188, 32.510022], [-96.511751, 32.509813], [-96.511706, 32.509763], [-96.511706, 32.50967], [-96.511738, 32.509472], [-96.511667, 32.509301], [-96.51155, 32.509186], [-96.511459, 32.50906], [-96.511408, 32.508917], [-96.511291, 32.508669], [-96.511239, 32.508477], [-96.511239, 32.508411], [-96.511317, 32.507878], [-96.511318, 32.507752], [-96.511292, 32.507625], [-96.511207, 32.507361], [-96.511156, 32.507279], [-96.511117, 32.507147], [-96.511039, 32.506944], [-96.510955, 32.506823], [-96.510871, 32.506729], [-96.510786, 32.506581], [-96.51054, 32.506312], [-96.510469, 32.506152], [-96.510404, 32.505927], [-96.510398, 32.505839], [-96.510339, 32.505734], [-96.510288, 32.505613], [-96.510281, 32.505471], [-96.510177, 32.50535], [-96.510048, 32.505234], [-96.509996, 32.505135], [-96.509983, 32.504899], [-96.509905, 32.504811], [-96.509847, 32.504778], [-96.509821, 32.504723], [-96.509841, 32.504586], [-96.509834, 32.504465], [-96.509795, 32.504415], [-96.509705, 32.50436], [-96.509666, 32.504316], [-96.509646, 32.504245], [-96.50964, 32.50414], [-96.509588, 32.504008], [-96.509517, 32.503876], [-96.50953, 32.503778], [-96.509446, 32.503376], [-96.509452, 32.503239], [-96.509427, 32.503113], [-96.509388, 32.503036], [-96.509349, 32.502805], [-96.509297, 32.502601], [-96.509291, 32.502491], [-96.509265, 32.50236], [-96.509233, 32.501947], [-96.509187, 32.501722], [-96.509045, 32.501447], [-96.508876, 32.501326], [-96.508792, 32.501172], [-96.508753, 32.501068], [-96.508695, 32.500963], [-96.508637, 32.500947], [-96.508481, 32.500925], [-96.508332, 32.500875], [-96.50826, 32.50087], [-96.508131, 32.500875], [-96.50804, 32.500908], [-96.507761, 32.500952], [-96.507528, 32.501051], [-96.50721, 32.501238], [-96.507086, 32.501359], [-96.507028, 32.501435], [-96.506918, 32.501534], [-96.506866, 32.501655], [-96.506762, 32.501721], [-96.506723, 32.501765], [-96.506626, 32.501787], [-96.506554, 32.501836], [-96.506516, 32.501875], [-96.506496, 32.50193], [-96.506457, 32.501963], [-96.506379, 32.501985], [-96.506308, 32.501979], [-96.506159, 32.502029], [-96.506042, 32.502045], [-96.505938, 32.502039], [-96.505659, 32.501973], [-96.505491, 32.501869], [-96.505335, 32.501819], [-96.505257, 32.501775], [-96.505121, 32.50166], [-96.505056, 32.501588], [-96.504933, 32.501506], [-96.504862, 32.50144], [-96.504706, 32.501363], [-96.504512, 32.501198], [-96.504376, 32.501033], [-96.504227, 32.500934], [-96.504188, 32.500879], [-96.504123, 32.500659], [-96.504039, 32.500533], [-96.503948, 32.500357], [-96.503903, 32.500236], [-96.50378, 32.500054], [-96.503767, 32.5], [-96.503561, 32.499248], [-96.503457, 32.499105], [-96.503269, 32.498907], [-96.502893, 32.49866], [-96.502556, 32.498083], [-96.502297, 32.497912], [-96.502122, 32.497698], [-96.501902, 32.497522], [-96.501623, 32.497357], [-96.501312, 32.497049], [-96.502905, 32.525974]]]}}, {"type": "Feature", "properties": {"k": "area", "s": "water"}, "geometry": {"type": "Polygon", "coordinates": [[[-96.415835, 32.334654], [-96.415899, 32.334555], [-96.415893, 32.334478], [-96.415841, 32.334429], [-96.415757, 32.334368], [-96.415634, 32.334302], [-96.415576, 32.33411], [-96.415705, 32.333692], [-96.415725, 32.333577], [-96.415777, 32.3335], [-96.415751, 32.333467], [-96.415744, 32.333407], [-96.415453, 32.333253], [-96.415233, 32.333198], [-96.414994, 32.333154], [-96.414489, 32.333143], [-96.414249, 32.333159], [-96.413835, 32.333236], [-96.413744, 32.333263], [-96.413673, 32.333269], [-96.41357, 32.333252], [-96.41333, 32.333181], [-96.413265, 32.33317], [-96.413065, 32.333159], [-96.412806, 32.33317], [-96.412418, 32.333148], [-96.412301, 32.333126], [-96.412107, 32.333076], [-96.41188, 32.332972], [-96.411596, 32.332823], [-96.410924, 32.332686], [-96.410492, 32.332364], [-96.409418, 32.331075], [-96.408272, 32.329235], [-96.407736, 32.32857], [-96.407435, 32.328304], [-96.407313, 32.328206], [-96.407177, 32.328162], [-96.407034, 32.328129], [-96.406944, 32.328123], [-96.406659, 32.328063], [-96.406135, 32.327986], [-96.405979, 32.327969], [-96.405513, 32.327975], [-96.405144, 32.328018], [-96.404931, 32.328062], [-96.404724, 32.32815], [-96.404491, 32.328348], [-96.404018, 32.328699], [-96.403856, 32.328782], [-96.403688, 32.328837], [-96.403591, 32.328848], [-96.403332, 32.328848], [-96.402898, 32.328963], [-96.402516, 32.328979], [-96.402342, 32.329001], [-96.402251, 32.328996], [-96.402005, 32.328952], [-96.401616, 32.328927], [-96.400976, 32.328962], [-96.400524, 32.329174], [-96.399673, 32.329554], [-96.399506, 32.329577], [-96.399306, 32.329676], [-96.397855, 32.330516], [-96.396651, 32.331241], [-96.396224, 32.331549], [-96.395544, 32.332109], [-96.395343, 32.33223], [-96.394916, 32.332614], [-96.39467, 32.332807], [-96.394456, 32.332933], [-96.393971, 32.333114], [-96.39377, 32.333208], [-96.39355, 32.333273], [-96.39298, 32.333378], [-96.392786, 32.333394], [-96.392631, 32.33346], [-96.392495, 32.333542], [-96.392139, 32.33368], [-96.392028, 32.333712], [-96.391388, 32.33385], [-96.391278, 32.333921], [-96.391096, 32.333992], [-96.390928, 32.33402], [-96.390378, 32.334003], [-96.390229, 32.333987], [-96.390067, 32.333832], [-96.389666, 32.333585], [-96.389161, 32.333299], [-96.388586, 32.33303], [-96.387874, 32.33276], [-96.387576, 32.332666], [-96.387194, 32.332589], [-96.386696, 32.332501], [-96.386282, 32.332441], [-96.385874, 32.332402], [-96.385544, 32.332319], [-96.385, 32.332088], [-96.384547, 32.331791], [-96.384379, 32.331665], [-96.384107, 32.331357], [-96.383726, 32.330829], [-96.383616, 32.33056], [-96.383597, 32.330472], [-96.383603, 32.330422], [-96.383584, 32.33034], [-96.383558, 32.330307], [-96.383506, 32.330203], [-96.383364, 32.330005], [-96.383345, 32.329955], [-96.383332, 32.329917], [-96.383358, 32.329829], [-96.383332, 32.32973], [-96.383235, 32.329521], [-96.382731, 32.328812], [-96.382504, 32.328581], [-96.38211, 32.328295], [-96.381696, 32.328064], [-96.380453, 32.327294], [-96.379858, 32.326904], [-96.378254, 32.326265], [-96.378053, 32.326194], [-96.377768, 32.326067], [-96.377484, 32.325974], [-96.377393, 32.325935], [-96.377193, 32.325902], [-96.377095, 32.325875], [-96.37617, 32.325561], [-96.37584, 32.325401], [-96.37573, 32.325325], [-96.375698, 32.325264], [-96.375271, 32.32511], [-96.374999, 32.325037], [-96.37472, 32.324928], [-96.374228, 32.324466], [-96.373612, 32.323824], [-96.372919, 32.323269], [-96.372343, 32.322604], [-96.372123, 32.32245], [-96.371793, 32.322082], [-96.37119, 32.321571], [-96.370666, 32.321061], [-96.370537, 32.320967], [-96.369753, 32.320187], [-96.369313, 32.319792], [-96.369099, 32.319545], [-96.368445, 32.318973], [-96.367649, 32.318215], [-96.367351, 32.317957], [-96.36715, 32.317836], [-96.366412, 32.317589], [-96.366173, 32.317573], [-96.365687, 32.317337], [-96.365137, 32.317013], [-96.364943, 32.316952], [-96.364593, 32.316711], [-96.36438, 32.316645], [-96.364283, 32.316584], [-96.364114, 32.316623], [-96.363856, 32.316601], [-96.363299, 32.316662], [-96.362814, 32.316679], [-96.362283, 32.316767], [-96.361888, 32.316953], [-96.361326, 32.317042], [-96.360892, 32.317069], [-96.36064, 32.317058], [-96.360102, 32.316982], [-96.359818, 32.317031], [-96.359721, 32.317026], [-96.358924, 32.316367], [-96.358866, 32.316339], [-96.358549, 32.316306], [-96.358264, 32.316202], [-96.357669, 32.316043], [-96.357209, 32.31584], [-96.356536, 32.315433], [-96.356018, 32.315027], [-96.355766, 32.314746], [-96.355306, 32.314148], [-96.415835, 32.334654]]]}}, {"type": "Feature", "properties": {"k": "area", "s": "water"}, "geometry": {"type": "Polygon", "coordinates": [[[-96.355552, 32.314032], [-96.355927, 32.314532], [-96.356193, 32.314785], [-96.356562, 32.315065], [-96.357351, 32.315603], [-96.357617, 32.315697], [-96.358206, 32.315817], [-96.358562, 32.315944], [-96.35908, 32.316185], [-96.359805, 32.316592], [-96.360128, 32.316718], [-96.360564, 32.316717], [-96.360909, 32.316603], [-96.361631, 32.316369], [-96.36274, 32.316261], [-96.363053, 32.316338], [-96.364334, 32.316233], [-96.364464, 32.316244], [-96.364613, 32.316293], [-96.364949, 32.316568], [-96.365823, 32.317144], [-96.366153, 32.317271], [-96.366775, 32.317419], [-96.367241, 32.317567], [-96.367513, 32.317754], [-96.368548, 32.31866], [-96.370452, 32.320363], [-96.372026, 32.321846], [-96.373379, 32.323274], [-96.373651, 32.323428], [-96.37415, 32.323977], [-96.374752, 32.324504], [-96.374998, 32.324658], [-96.375064, 32.324725], [-96.375122, 32.324753], [-96.375206, 32.324775], [-96.375271, 32.324786], [-96.375523, 32.324907], [-96.376054, 32.325198], [-96.376287, 32.325297], [-96.376746, 32.325462], [-96.377251, 32.325622], [-96.377406, 32.325688], [-96.377652, 32.325749], [-96.377911, 32.325793], [-96.378416, 32.326024], [-96.378687, 32.326178], [-96.379962, 32.326678], [-96.380195, 32.326822], [-96.38046, 32.32703], [-96.380958, 32.327311], [-96.380984, 32.327327], [-96.381172, 32.327432], [-96.381916, 32.327894], [-96.382375, 32.328119], [-96.382789, 32.3284], [-96.382957, 32.328565], [-96.383041, 32.328785], [-96.383326, 32.329219], [-96.383559, 32.329499], [-96.383636, 32.329615], [-96.383727, 32.329835], [-96.384186, 32.33083], [-96.384438, 32.33122], [-96.384884, 32.33161], [-96.385421, 32.331962], [-96.385634, 32.332056], [-96.385829, 32.332122], [-96.386068, 32.332116], [-96.386379, 32.332133], [-96.387233, 32.332271], [-96.38788, 32.332436], [-96.388968, 32.332826], [-96.38931, 32.332991], [-96.389944, 32.333365], [-96.390087, 32.333437], [-96.390507, 32.333558], [-96.390566, 32.333591], [-96.390604, 32.333673], [-96.39063, 32.333794], [-96.390695, 32.333844], [-96.390766, 32.33386], [-96.39087, 32.333866], [-96.390993, 32.33386], [-96.391077, 32.333838], [-96.391284, 32.333696], [-96.391809, 32.333399], [-96.39219, 32.333295], [-96.392449, 32.333169], [-96.392579, 32.33313], [-96.392767, 32.333114], [-96.392922, 32.333059], [-96.393013, 32.332982], [-96.393939, 32.33257], [-96.394741, 32.332191], [-96.394864, 32.332158], [-96.394968, 32.332109], [-96.395328, 32.331436], [-96.395953, 32.330863], [-96.396895, 32.330415], [-96.398149, 32.329532], [-96.399218, 32.329], [-96.399713, 32.328837], [-96.400322, 32.328682], [-96.400924, 32.328506], [-96.401229, 32.328462], [-96.401397, 32.328451], [-96.401669, 32.328451], [-96.401927, 32.328436], [-96.402782, 32.328184], [-96.40334, 32.32814], [-96.403587, 32.327931], [-96.403781, 32.327855], [-96.404429, 32.327459], [-96.405011, 32.327261], [-96.405784, 32.327186], [-96.406637, 32.327338], [-96.407498, 32.327502], [-96.40791, 32.327734], [-96.408063, 32.328096], [-96.408186, 32.328322], [-96.408937, 32.329119], [-96.409241, 32.329481], [-96.409616, 32.32996], [-96.409875, 32.330295], [-96.410315, 32.331009], [-96.410865, 32.331669], [-96.411253, 32.332109], [-96.411771, 32.33251], [-96.411945, 32.332625], [-96.412029, 32.332664], [-96.412152, 32.33268], [-96.412424, 32.332735], [-96.412625, 32.332763], [-96.413143, 32.332758], [-96.413395, 32.332697], [-96.413473, 32.332686], [-96.413861, 32.332769], [-96.414133, 32.332752], [-96.414211, 32.332758], [-96.414295, 32.332791], [-96.414482, 32.332824], [-96.415291, 32.332813], [-96.415667, 32.332824], [-96.415881, 32.332885], [-96.41612, 32.33305], [-96.416243, 32.333165], [-96.41632, 32.333335], [-96.416366, 32.333506], [-96.416424, 32.333566], [-96.416528, 32.333643], [-96.41665, 32.333841], [-96.41667, 32.333901], [-96.41667, 32.334017], [-96.416631, 32.334099], [-96.416586, 32.334149], [-96.416579, 32.334198], [-96.416592, 32.334561], [-96.355552, 32.314032]]]}}, {"type": "Feature", "properties": {"k": "area", "s": "water"}, "geometry": {"type": "Polygon", "coordinates": [[[-96.500916, 32.497279], [-96.501001, 32.497279], [-96.501059, 32.497329], [-96.501117, 32.497406], [-96.501215, 32.497505], [-96.501538, 32.497758], [-96.501817, 32.498], [-96.501973, 32.498126], [-96.502174, 32.498346], [-96.502245, 32.498495], [-96.502368, 32.498654], [-96.502621, 32.498929], [-96.502945, 32.499325], [-96.503281, 32.499915], [-96.503274, 32.499999], [-96.503313, 32.500285], [-96.503449, 32.500714], [-96.503766, 32.501203], [-96.503889, 32.501313], [-96.503986, 32.50145], [-96.50409, 32.501566], [-96.504181, 32.501643], [-96.504252, 32.501681], [-96.504414, 32.501819], [-96.504486, 32.501896], [-96.504732, 32.50205], [-96.504874, 32.502127], [-96.504965, 32.502209], [-96.505088, 32.502242], [-96.505231, 32.502358], [-96.505302, 32.502391], [-96.505439, 32.502429], [-96.505503, 32.502435], [-96.505659, 32.502413], [-96.505717, 32.502457], [-96.50588, 32.502479], [-96.506035, 32.502479], [-96.506191, 32.502501], [-96.506327, 32.502479], [-96.506437, 32.502424], [-96.506684, 32.502325], [-96.506775, 32.502238], [-96.506898, 32.502177], [-96.507099, 32.501985], [-96.507216, 32.501815], [-96.5073, 32.501721], [-96.507514, 32.501534], [-96.507767, 32.501353], [-96.507871, 32.501326], [-96.508053, 32.501309], [-96.50828, 32.501348], [-96.508409, 32.501414], [-96.5085, 32.501486], [-96.508565, 32.501573], [-96.508675, 32.501645], [-96.508707, 32.501716], [-96.508818, 32.501832], [-96.508863, 32.502046], [-96.508856, 32.502233], [-96.508882, 32.502403], [-96.508882, 32.502541], [-96.508856, 32.502667], [-96.50883, 32.502733], [-96.508804, 32.502766], [-96.50883, 32.502986], [-96.508869, 32.503052], [-96.508895, 32.503162], [-96.508901, 32.503255], [-96.508888, 32.503365], [-96.508927, 32.503448], [-96.508953, 32.503574], [-96.509089, 32.503722], [-96.509095, 32.503827], [-96.509056, 32.503882], [-96.509076, 32.503926], [-96.509121, 32.503986], [-96.509238, 32.504245], [-96.509302, 32.504453], [-96.509289, 32.504607], [-96.509309, 32.504673], [-96.509361, 32.504728], [-96.509413, 32.504739], [-96.509477, 32.504789], [-96.509536, 32.504893], [-96.509561, 32.505179], [-96.50962, 32.505305], [-96.509736, 32.505481], [-96.509879, 32.505751], [-96.509931, 32.505882], [-96.509944, 32.505976], [-96.51006, 32.50619], [-96.510099, 32.506317], [-96.510222, 32.506498], [-96.510378, 32.506762], [-96.51041, 32.506856], [-96.510572, 32.507075], [-96.510617, 32.507246], [-96.510695, 32.507383], [-96.510773, 32.507625], [-96.510779, 32.507707], [-96.51076, 32.50796], [-96.510759, 32.508306], [-96.510772, 32.508554], [-96.510798, 32.508697], [-96.510856, 32.508834], [-96.510876, 32.508999], [-96.510902, 32.509065], [-96.510986, 32.50918], [-96.511031, 32.509345], [-96.511077, 32.509461], [-96.511141, 32.509565], [-96.511252, 32.50979], [-96.511323, 32.509884], [-96.511368, 32.510038], [-96.511439, 32.510153], [-96.511537, 32.510263], [-96.511595, 32.510346], [-96.511686, 32.510406], [-96.511887, 32.510599], [-96.512237, 32.510989], [-96.512386, 32.511066], [-96.512567, 32.511242], [-96.512671, 32.511297], [-96.512768, 32.511363], [-96.512917, 32.511764], [-96.51293, 32.511863], [-96.512975, 32.512028], [-96.512943, 32.512182], [-96.512943, 32.512286], [-96.512806, 32.512715], [-96.512644, 32.512956], [-96.512553, 32.513033], [-96.512443, 32.513022], [-96.512229, 32.512874], [-96.512067, 32.512885], [-96.511928, 32.512763], [-96.51166, 32.512289], [-96.511335, 32.511841], [-96.510948, 32.51152], [-96.51066, 32.511364], [-96.510272, 32.510849], [-96.510093, 32.510775], [-96.509617, 32.51066], [-96.509348, 32.510784], [-96.509066, 32.510877], [-96.508733, 32.511071], [-96.508695, 32.511174], [-96.508436, 32.511498], [-96.508345, 32.511662], [-96.507984, 32.51215], [-96.507595, 32.512736], [-96.50743, 32.512969], [-96.507304, 32.513036], [-96.507097, 32.513076], [-96.506786, 32.513003], [-96.506559, 32.512745], [-96.506452, 32.51262], [-96.506222, 32.512192], [-96.506002, 32.512093], [-96.505653, 32.511833], [-96.50492, 32.511545], [-96.5048, 32.511523], [-96.503812, 32.51108], [-96.503327, 32.510967], [-96.502753, 32.51095], [-96.502519, 32.510978], [-96.502301, 32.510989], [-96.502013, 32.511082], [-96.501766, 32.511313], [-96.501565, 32.511607], [-96.501356, 32.511902], [-96.501255, 32.51222], [-96.501234, 32.512569], [-96.501269, 32.512757], [-96.501345, 32.512951], [-96.501776, 32.513425], [-96.502114, 32.514144], [-96.502764, 32.515069], [-96.502843, 32.515231], [-96.50309, 32.515492], [-96.503607, 32.51575], [-96.503731, 32.515832], [-96.503828, 32.515882], [-96.504266, 32.515894], [-96.505199, 32.515899], [-96.505509, 32.515948], [-96.506194, 32.516066], [-96.506424, 32.516218], [-96.506709, 32.516376], [-96.50702, 32.516662], [-96.507432, 32.517004], [-96.507444, 32.517234], [-96.507258, 32.517411], [-96.507009, 32.517439], [-96.505682, 32.517215], [-96.505222, 32.517261], [-96.505007, 32.517412], [-96.504847, 32.517685], [-96.504832, 32.517987], [-96.50491, 32.518413], [-96.504904, 32.519095], [-96.504773, 32.519482], [-96.50472, 32.519707], [-96.504086, 32.520985], [-96.50407, 32.52165], [-96.503875, 32.522883], [-96.50338, 32.523625], [-96.502623, 32.524728], [-96.500916, 32.497279]]]}}, {"type": "Feature", "properties": {"k": "area", "s": "water"}, "geometry": {"type": "Polygon", "coordinates": [[[-96.294142, 32.29027], [-96.294051, 32.290534], [-96.293928, 32.29066], [-96.293009, 32.290995], [-96.291767, 32.291588], [-96.291055, 32.291786], [-96.290286, 32.291928], [-96.289593, 32.292148], [-96.289283, 32.29228], [-96.289076, 32.292489], [-96.288992, 32.292665], [-96.288972, 32.29278], [-96.289017, 32.292939], [-96.289166, 32.293148], [-96.289224, 32.293187], [-96.289968, 32.293352], [-96.290246, 32.293308], [-96.290699, 32.293302], [-96.290887, 32.293253], [-96.291133, 32.293281], [-96.29154, 32.293242], [-96.291754, 32.293281], [-96.292032, 32.293402], [-96.292666, 32.293501], [-96.293423, 32.29349], [-96.294212, 32.293292], [-96.294659, 32.293303], [-96.29493, 32.293215], [-96.29517, 32.293199], [-96.295829, 32.293243], [-96.296612, 32.293122], [-96.297253, 32.293078], [-96.297887, 32.293128], [-96.298139, 32.293265], [-96.298501, 32.293353], [-96.299866, 32.293562], [-96.300067, 32.293639], [-96.300222, 32.293732], [-96.300604, 32.294013], [-96.300824, 32.294271], [-96.300824, 32.294458], [-96.300908, 32.294689], [-96.300914, 32.29481], [-96.300778, 32.295046], [-96.300558, 32.295288], [-96.300325, 32.295491], [-96.30006, 32.295672], [-96.299426, 32.296024], [-96.298902, 32.296233], [-96.298242, 32.296441], [-96.297776, 32.296667], [-96.29755, 32.296881], [-96.297226, 32.297326], [-96.29711, 32.29765], [-96.296896, 32.297881], [-96.296864, 32.297952], [-96.296844, 32.298238], [-96.296941, 32.298579], [-96.297297, 32.299062], [-96.297549, 32.299216], [-96.297659, 32.299321], [-96.297802, 32.299354], [-96.297899, 32.299414], [-96.298526, 32.30037], [-96.298726, 32.300777], [-96.298914, 32.300997], [-96.299309, 32.3012], [-96.299457, 32.30125], [-96.299742, 32.301299], [-96.300046, 32.301272], [-96.300098, 32.301255], [-96.300409, 32.300986], [-96.300499, 32.300838], [-96.300836, 32.300481], [-96.300894, 32.3002], [-96.300997, 32.29997], [-96.301011, 32.299827], [-96.300862, 32.299211], [-96.300868, 32.298557], [-96.300927, 32.298332], [-96.301011, 32.298184], [-96.301224, 32.297887], [-96.30138, 32.297744], [-96.301891, 32.297469], [-96.302408, 32.297272], [-96.303392, 32.297074], [-96.303754, 32.297057], [-96.303942, 32.297151], [-96.304103, 32.297503], [-96.304524, 32.297871], [-96.30464, 32.298234], [-96.304899, 32.298701], [-96.30508, 32.299206], [-96.305138, 32.299508], [-96.305125, 32.299706], [-96.304963, 32.300052], [-96.304562, 32.300624], [-96.304362, 32.301091], [-96.304349, 32.301388], [-96.304394, 32.301684], [-96.304523, 32.301888], [-96.304594, 32.301943], [-96.304815, 32.301987], [-96.305216, 32.30191], [-96.30541, 32.301844], [-96.30563, 32.301685], [-96.305882, 32.301547], [-96.306147, 32.301459], [-96.306322, 32.301371], [-96.307027, 32.300844], [-96.30706, 32.30069], [-96.307001, 32.300283], [-96.306976, 32.300206], [-96.306672, 32.29975], [-96.306588, 32.299525], [-96.306562, 32.299355], [-96.306646, 32.299074], [-96.306749, 32.298893], [-96.307008, 32.298629], [-96.307189, 32.298497], [-96.307565, 32.298404], [-96.307798, 32.298267], [-96.307959, 32.298212], [-96.308283, 32.298212], [-96.308431, 32.298305], [-96.308626, 32.298322], [-96.309091, 32.298234], [-96.309441, 32.298135], [-96.310178, 32.298063], [-96.310929, 32.29813], [-96.311427, 32.298272], [-96.311634, 32.298393], [-96.311725, 32.298487], [-96.311828, 32.29869], [-96.31186, 32.298882], [-96.311809, 32.299069], [-96.311666, 32.299217], [-96.311543, 32.299294], [-96.311013, 32.29936], [-96.310366, 32.299547], [-96.310107, 32.299652], [-96.310049, 32.299751], [-96.310042, 32.299871], [-96.310288, 32.30025], [-96.310592, 32.300646], [-96.311239, 32.301185], [-96.31153, 32.301646], [-96.312048, 32.302619], [-96.312248, 32.302789], [-96.312456, 32.302877], [-96.312695, 32.302905], [-96.313096, 32.302866], [-96.313446, 32.302778], [-96.313691, 32.302608], [-96.31386, 32.302432], [-96.313963, 32.302169], [-96.31406, 32.301531], [-96.314241, 32.300971], [-96.314804, 32.300251], [-96.315147, 32.299998], [-96.31527, 32.299954], [-96.315878, 32.29997], [-96.316486, 32.300053], [-96.316745, 32.30013], [-96.31714, 32.300322], [-96.317289, 32.300421], [-96.317502, 32.300635], [-96.317657, 32.300861], [-96.317671, 32.300993], [-96.317515, 32.301355], [-96.317373, 32.301443], [-96.317179, 32.301641], [-96.316486, 32.302009], [-96.316215, 32.302213], [-96.316118, 32.302339], [-96.316059, 32.302559], [-96.316066, 32.302647], [-96.316118, 32.302734], [-96.316273, 32.302866], [-96.316461, 32.302949], [-96.316551, 32.30296], [-96.316778, 32.302965], [-96.317179, 32.302883], [-96.317463, 32.302872], [-96.317768, 32.30302], [-96.318162, 32.303042], [-96.319029, 32.303383], [-96.319353, 32.303471], [-96.319579, 32.303564], [-96.320026, 32.303828], [-96.320705, 32.304317], [-96.321566, 32.305158], [-96.322213, 32.305504], [-96.323177, 32.306086], [-96.323461, 32.306196], [-96.323837, 32.306246], [-96.323992, 32.306158], [-96.324037, 32.306108], [-96.324102, 32.305911], [-96.324121, 32.305641], [-96.324005, 32.305515], [-96.32374, 32.305317], [-96.323662, 32.305207], [-96.323455, 32.305059], [-96.323248, 32.304707], [-96.323151, 32.304471], [-96.32308, 32.304169], [-96.323086, 32.303998], [-96.323325, 32.303603], [-96.32374, 32.303256], [-96.324011, 32.30313], [-96.324509, 32.302954], [-96.324716, 32.302921], [-96.325072, 32.30291], [-96.325409, 32.30296], [-96.325823, 32.302921], [-96.327007, 32.302877], [-96.327499, 32.302904], [-96.328107, 32.302871], [-96.329174, 32.303042], [-96.329815, 32.303212], [-96.330151, 32.303228], [-96.330566, 32.303366], [-96.331148, 32.303399], [-96.332597, 32.303964], [-96.332772, 32.304074], [-96.333063, 32.304173], [-96.333859, 32.304552], [-96.335018, 32.30492], [-96.336603, 32.305519], [-96.337088, 32.305667], [-96.337891, 32.305843], [-96.338104, 32.305859], [-96.338298, 32.305799], [-96.338531, 32.305771], [-96.338965, 32.305804], [-96.339256, 32.305942], [-96.339521, 32.306216], [-96.339657, 32.306403], [-96.339761, 32.306475], [-96.33978, 32.306557], [-96.339748, 32.306689], [-96.33967, 32.30676], [-96.339353, 32.307222], [-96.33923, 32.307513], [-96.339185, 32.307755], [-96.339179, 32.307975], [-96.339243, 32.308156], [-96.339347, 32.308294], [-96.339444, 32.308365], [-96.339561, 32.308387], [-96.339806, 32.308315], [-96.339981, 32.308304], [-96.340499, 32.307887], [-96.34077, 32.307716], [-96.340984, 32.307623], [-96.341307, 32.307601], [-96.341857, 32.307513], [-96.342414, 32.307524], [-96.342821, 32.307721], [-96.343177, 32.307804], [-96.343339, 32.307914], [-96.343508, 32.307958], [-96.343792, 32.308089], [-96.344006, 32.308133], [-96.344168, 32.308221], [-96.344485, 32.308479], [-96.344951, 32.308726], [-96.345352, 32.308814], [-96.345656, 32.308963], [-96.345708, 32.309073], [-96.345734, 32.309336], [-96.345682, 32.309501], [-96.34554, 32.30971], [-96.34532, 32.309853], [-96.345126, 32.310034], [-96.345003, 32.310084], [-96.34442, 32.310068], [-96.344162, 32.310249], [-96.344078, 32.310441], [-96.344078, 32.310579], [-96.344129, 32.310848], [-96.344738, 32.311689], [-96.344958, 32.312084], [-96.345088, 32.312271], [-96.345217, 32.312419], [-96.345405, 32.312518], [-96.345502, 32.312655], [-96.34589, 32.312859], [-96.34657, 32.313007], [-96.346926, 32.312963], [-96.34712, 32.312974], [-96.347851, 32.313166], [-96.348149, 32.313221], [-96.348679, 32.313193], [-96.349177, 32.312935], [-96.349372, 32.312699], [-96.349896, 32.312352], [-96.350116, 32.312319], [-96.350957, 32.312066], [-96.351597, 32.311918], [-96.351901, 32.311775], [-96.352309, 32.311736], [-96.352419, 32.311681], [-96.352678, 32.311461], [-96.353079, 32.311439], [-96.353254, 32.311456], [-96.353364, 32.311489], [-96.353532, 32.311587], [-96.353901, 32.311845], [-96.353992, 32.311944], [-96.354127, 32.312016], [-96.354069, 32.312368], [-96.35414, 32.312598], [-96.355066, 32.313494], [-96.355552, 32.314032], [-96.294142, 32.29027]]]}}, {"type": "Feature", "properties": {"k": "area", "s": "water"}, "geometry": {"type": "Polygon", "coordinates": [[[-96.444842, 32.41843], [-96.44536, 32.418903], [-96.445658, 32.419051], [-96.445859, 32.419106], [-96.446047, 32.419298], [-96.446053, 32.419397], [-96.446125, 32.41948], [-96.446973, 32.420167], [-96.44733, 32.420364], [-96.447459, 32.420496], [-96.448055, 32.420887], [-96.44814, 32.420919], [-96.448328, 32.42104], [-96.448457, 32.42109], [-96.448548, 32.421145], [-96.448904, 32.421315], [-96.449163, 32.421524], [-96.449319, 32.421694], [-96.449351, 32.421766], [-96.449526, 32.421898], [-96.449604, 32.421942], [-96.449708, 32.422063], [-96.449747, 32.422167], [-96.449798, 32.422365], [-96.449798, 32.422453], [-96.450012, 32.422991], [-96.449967, 32.423277], [-96.44998, 32.423414], [-96.449999, 32.423447], [-96.449993, 32.423486], [-96.450045, 32.423695], [-96.450038, 32.423931], [-96.450116, 32.424063], [-96.450142, 32.424074], [-96.450194, 32.42414], [-96.450278, 32.424151], [-96.450356, 32.424145], [-96.450375, 32.424129], [-96.450498, 32.424112], [-96.450628, 32.424134], [-96.450699, 32.424134], [-96.450777, 32.424167], [-96.450809, 32.424162], [-96.450861, 32.424123], [-96.450926, 32.424107], [-96.450978, 32.424079], [-96.45114, 32.424019], [-96.451198, 32.424019], [-96.451217, 32.424008], [-96.451269, 32.423969], [-96.451276, 32.423947], [-96.451373, 32.423826], [-96.451412, 32.423815], [-96.451665, 32.423799], [-96.451781, 32.423821], [-96.451859, 32.423821], [-96.452027, 32.423755], [-96.452235, 32.423711], [-96.452643, 32.423661], [-96.452967, 32.423634], [-96.453245, 32.423573], [-96.453459, 32.423546], [-96.453595, 32.423551], [-96.453997, 32.423518], [-96.45471, 32.423645], [-96.454865, 32.423661], [-96.454976, 32.423661], [-96.455358, 32.423721], [-96.45574, 32.42382], [-96.455876, 32.423881], [-96.456155, 32.423925], [-96.456874, 32.424084], [-96.457632, 32.424441], [-96.458021, 32.424699], [-96.458073, 32.42476], [-96.458326, 32.424903], [-96.458442, 32.424958], [-96.458603, 32.424903], [-96.459126, 32.42489], [-96.46011, 32.425034], [-96.460508, 32.425065], [-96.460882, 32.425114], [-96.461448, 32.425272], [-96.461931, 32.425509], [-96.462713, 32.426031], [-96.462892, 32.426159], [-96.46327, 32.426578], [-96.463432, 32.426611], [-96.463931, 32.426847], [-96.464248, 32.427067], [-96.464812, 32.427561], [-96.466556, 32.428484], [-96.467592, 32.429209], [-96.469308, 32.430436], [-96.470126, 32.43092], [-96.470719, 32.431248], [-96.472005, 32.431734], [-96.473016, 32.432068], [-96.474364, 32.432305], [-96.47494, 32.432528], [-96.475601, 32.432699], [-96.476342, 32.433115], [-96.476587, 32.433393], [-96.477582, 32.43395], [-96.477787, 32.434136], [-96.478014, 32.434411], [-96.47804, 32.434422], [-96.478079, 32.434488], [-96.478318, 32.434675], [-96.478351, 32.434713], [-96.478403, 32.434752], [-96.478837, 32.435318], [-96.479148, 32.435636], [-96.479401, 32.435993], [-96.479719, 32.436285], [-96.479939, 32.436636], [-96.480082, 32.436834], [-96.48016, 32.43701], [-96.480179, 32.437186], [-96.480212, 32.437279], [-96.480316, 32.437384], [-96.480581, 32.437477], [-96.480627, 32.437559], [-96.48062, 32.437724], [-96.480653, 32.437911], [-96.480769, 32.438098], [-96.480828, 32.438252], [-96.480847, 32.438428], [-96.480912, 32.438603], [-96.481107, 32.439048], [-96.481062, 32.439351], [-96.481211, 32.43984], [-96.481412, 32.440219], [-96.481581, 32.440411], [-96.481632, 32.440554], [-96.481736, 32.44073], [-96.481995, 32.440917], [-96.482086, 32.440955], [-96.482138, 32.440966], [-96.482307, 32.441054], [-96.482559, 32.441389], [-96.482819, 32.441691], [-96.483098, 32.441972], [-96.483175, 32.44201], [-96.48326, 32.442098], [-96.483584, 32.442394], [-96.483733, 32.442576], [-96.483824, 32.442631], [-96.484116, 32.442883], [-96.484206, 32.443026], [-96.484304, 32.443301], [-96.484343, 32.443515], [-96.444842, 32.41843]]]}}, {"type": "Feature", "properties": {"k": "area", "s": "water"}, "geometry": {"type": "Polygon", "coordinates": [[[-96.444479, 32.419112], [-96.442976, 32.418139], [-96.442691, 32.417936], [-96.44238, 32.417694], [-96.442095, 32.417458], [-96.44181, 32.41726], [-96.441142, 32.416699], [-96.44098, 32.416523], [-96.440812, 32.416413], [-96.440423, 32.416001], [-96.440255, 32.415754], [-96.439902, 32.415598], [-96.439469, 32.414962], [-96.439304, 32.414568], [-96.439207, 32.41422], [-96.439106, 32.413822], [-96.439051, 32.413459], [-96.438946, 32.413237], [-96.438855, 32.413105], [-96.438771, 32.41294], [-96.438726, 32.412874], [-96.438376, 32.412627], [-96.43835, 32.412594], [-96.437929, 32.412303], [-96.437624, 32.412182], [-96.43719, 32.412028], [-96.437022, 32.412023], [-96.436685, 32.412039], [-96.436581, 32.41205], [-96.436458, 32.412083], [-96.436387, 32.412286], [-96.436219, 32.412468], [-96.436037, 32.412523], [-96.435765, 32.412556], [-96.43524, 32.41238], [-96.435007, 32.412264], [-96.4348, 32.412121], [-96.434528, 32.411874], [-96.43434, 32.411676], [-96.434185, 32.411429], [-96.434139, 32.41122], [-96.434133, 32.4105], [-96.434437, 32.409857], [-96.434703, 32.409484], [-96.435066, 32.409126], [-96.435241, 32.408967], [-96.435331, 32.408797], [-96.435461, 32.408626], [-96.435888, 32.40822], [-96.436186, 32.408038], [-96.436439, 32.407961], [-96.436646, 32.407918], [-96.436789, 32.407923], [-96.436892, 32.407918], [-96.437016, 32.407879], [-96.437061, 32.407841], [-96.437152, 32.407692], [-96.437456, 32.407357], [-96.437521, 32.407093], [-96.437514, 32.406934], [-96.437417, 32.406813], [-96.436802, 32.406335], [-96.436549, 32.406082], [-96.436316, 32.405774], [-96.436109, 32.405472], [-96.436012, 32.405214], [-96.43596, 32.404675], [-96.436012, 32.404192], [-96.436051, 32.404087], [-96.43642, 32.403587], [-96.436711, 32.403301], [-96.43697, 32.403109], [-96.43723, 32.402944], [-96.437476, 32.402752], [-96.437709, 32.402488], [-96.438143, 32.402175], [-96.438279, 32.402048], [-96.438583, 32.401818], [-96.438706, 32.401653], [-96.439205, 32.400922], [-96.439361, 32.400515], [-96.439406, 32.400306], [-96.439425, 32.400087], [-96.4394, 32.399955], [-96.439283, 32.399773], [-96.43892, 32.399449], [-96.438454, 32.398971], [-96.43826, 32.39874], [-96.438085, 32.398427], [-96.438026, 32.398213], [-96.437975, 32.397619], [-96.4378, 32.3973], [-96.437787, 32.397053], [-96.437787, 32.396657], [-96.4378, 32.396278], [-96.437774, 32.396135], [-96.437696, 32.395916], [-96.437683, 32.395701], [-96.437651, 32.39552], [-96.437664, 32.395415], [-96.437651, 32.395272], [-96.437579, 32.395179], [-96.437541, 32.395091], [-96.437521, 32.394959], [-96.437515, 32.394756], [-96.437463, 32.394597], [-96.43732, 32.394432], [-96.437301, 32.394322], [-96.437307, 32.394129], [-96.437197, 32.393827], [-96.437139, 32.393717], [-96.436938, 32.39341], [-96.436789, 32.393294], [-96.436744, 32.393272], [-96.436498, 32.393036], [-96.436174, 32.392865], [-96.43598, 32.392794], [-96.435598, 32.392519], [-96.435513, 32.392442], [-96.435235, 32.392069], [-96.435228, 32.392041], [-96.435196, 32.391992], [-96.435164, 32.39181], [-96.435028, 32.391525], [-96.434879, 32.39114], [-96.434769, 32.390931], [-96.434723, 32.390865], [-96.434691, 32.390728], [-96.434678, 32.390568], [-96.434633, 32.39042], [-96.434574, 32.390316], [-96.434535, 32.3902], [-96.434458, 32.390041], [-96.434445, 32.38998], [-96.434406, 32.389898], [-96.434224, 32.389689], [-96.434218, 32.389607], [-96.434192, 32.389513], [-96.434173, 32.389332], [-96.434179, 32.389074], [-96.434251, 32.388826], [-96.434535, 32.388524], [-96.434743, 32.388332], [-96.435041, 32.388178], [-96.435653, 32.387805], [-96.436272, 32.387775], [-96.444479, 32.419112]]]}}, {"type": "Feature", "properties": {"k": "area", "s": "water"}, "geometry": {"type": "Polygon", "coordinates": [[[-96.483831, 32.443515], [-96.483688, 32.443318], [-96.483481, 32.44318], [-96.483312, 32.443043], [-96.483156, 32.442977], [-96.48291, 32.442779], [-96.48256, 32.442351], [-96.482398, 32.441999], [-96.482009, 32.441708], [-96.48175, 32.441483], [-96.481652, 32.441428], [-96.481458, 32.44117], [-96.481341, 32.441038], [-96.481198, 32.440972], [-96.480971, 32.440846], [-96.480881, 32.440719], [-96.480686, 32.440571], [-96.480582, 32.440428], [-96.480485, 32.440054], [-96.480491, 32.43984], [-96.480569, 32.439703], [-96.480621, 32.439538], [-96.480614, 32.439351], [-96.480537, 32.439186], [-96.480452, 32.439054], [-96.480459, 32.438928], [-96.480426, 32.438807], [-96.480284, 32.438653], [-96.480193, 32.438472], [-96.480173, 32.438411], [-96.480147, 32.438136], [-96.480082, 32.437977], [-96.479979, 32.437845], [-96.47992, 32.437735], [-96.479765, 32.437543], [-96.479693, 32.437406], [-96.479654, 32.437356], [-96.479499, 32.437076], [-96.479428, 32.436966], [-96.479317, 32.436741], [-96.479129, 32.436576], [-96.479097, 32.436521], [-96.478863, 32.436246], [-96.478662, 32.436071], [-96.478552, 32.435922], [-96.478397, 32.435768], [-96.478235, 32.435587], [-96.478163, 32.435494], [-96.477982, 32.435318], [-96.477865, 32.435164], [-96.477755, 32.435054], [-96.477625, 32.43495], [-96.477269, 32.434604], [-96.477061, 32.434444], [-96.476964, 32.43439], [-96.476935, 32.434322], [-96.476277, 32.433994], [-96.475351, 32.433722], [-96.475013, 32.433774], [-96.474715, 32.43372], [-96.474255, 32.433489], [-96.47386, 32.433434], [-96.473801, 32.433374], [-96.473536, 32.433324], [-96.472985, 32.43294], [-96.470283, 32.43173], [-96.47001, 32.431539], [-96.468922, 32.430929], [-96.467804, 32.43022], [-96.465709, 32.428731], [-96.464521, 32.42815], [-96.462959, 32.427023], [-96.462516, 32.426849], [-96.462083, 32.426527], [-96.461477, 32.426135], [-96.460665, 32.426005], [-96.460094, 32.425872], [-96.459468, 32.425742], [-96.458494, 32.425502], [-96.458099, 32.425304], [-96.457995, 32.425287], [-96.457775, 32.425221], [-96.457483, 32.425079], [-96.456634, 32.42476], [-96.456511, 32.424694], [-96.456479, 32.424639], [-96.456323, 32.42454], [-96.456278, 32.424524], [-96.455818, 32.424403], [-96.455196, 32.424304], [-96.454904, 32.424304], [-96.454671, 32.424326], [-96.454354, 32.424282], [-96.453913, 32.424244], [-96.45377, 32.424194], [-96.453537, 32.424183], [-96.453485, 32.424205], [-96.453246, 32.424216], [-96.45285, 32.4242], [-96.452488, 32.424255], [-96.452254, 32.424359], [-96.451853, 32.424519], [-96.451593, 32.424601], [-96.451347, 32.424739], [-96.451244, 32.424843], [-96.451146, 32.424849], [-96.451017, 32.424843], [-96.450874, 32.42486], [-96.450447, 32.424865], [-96.450148, 32.42481], [-96.449922, 32.424673], [-96.449688, 32.424475], [-96.44954, 32.424206], [-96.449416, 32.423898], [-96.449364, 32.423052], [-96.449287, 32.42276], [-96.449209, 32.422601], [-96.449138, 32.422535], [-96.449112, 32.422458], [-96.449112, 32.42242], [-96.449066, 32.422337], [-96.44893, 32.422145], [-96.448697, 32.421925], [-96.44847, 32.421744], [-96.448036, 32.421507], [-96.447531, 32.421321], [-96.447395, 32.421194], [-96.44722, 32.420909], [-96.447155, 32.420837], [-96.446999, 32.420716], [-96.44628, 32.420266], [-96.44617, 32.42015], [-96.4456, 32.419661], [-96.445159, 32.419485], [-96.445004, 32.419436], [-96.444855, 32.419331], [-96.444479, 32.419112], [-96.483831, 32.443515]]]}}, {"type": "Feature", "properties": {"k": "area", "s": "water"}, "geometry": {"type": "Polygon", "coordinates": [[[-96.416592, 32.334561], [-96.416647, 32.334854], [-96.416713, 32.335021], [-96.41676, 32.335105], [-96.416903, 32.335193], [-96.417232, 32.335341], [-96.417323, 32.335363], [-96.417375, 32.335385], [-96.417556, 32.335413], [-96.417815, 32.335385], [-96.418113, 32.335369], [-96.418501, 32.335298], [-96.418928, 32.335342], [-96.419284, 32.335331], [-96.419511, 32.335292], [-96.419628, 32.335248], [-96.419763, 32.33521], [-96.419984, 32.335106], [-96.420268, 32.334869], [-96.420305, 32.3348], [-96.420327, 32.334658], [-96.420269, 32.334413], [-96.41979, 32.333809], [-96.419699, 32.333682], [-96.41966, 32.333539], [-96.419641, 32.333314], [-96.419673, 32.333078], [-96.419732, 32.332924], [-96.419816, 32.332797], [-96.419894, 32.332721], [-96.420062, 32.332611], [-96.420418, 32.332451], [-96.420806, 32.332358], [-96.421479, 32.332292], [-96.421732, 32.332342], [-96.421829, 32.332353], [-96.421991, 32.332397], [-96.422599, 32.332683], [-96.422929, 32.332886], [-96.423136, 32.333073], [-96.423266, 32.333221], [-96.423305, 32.333309], [-96.423304, 32.333386], [-96.423343, 32.333557], [-96.423369, 32.333765], [-96.423363, 32.333925], [-96.423389, 32.334068], [-96.423537, 32.334496], [-96.423602, 32.334733], [-96.423744, 32.335079], [-96.423893, 32.335293], [-96.424132, 32.335513], [-96.424443, 32.33576], [-96.424608, 32.33582], [-96.424823, 32.335853], [-96.425211, 32.335912], [-96.425415, 32.335953], [-96.425655, 32.335957], [-96.425945, 32.33598], [-96.426029, 32.335947], [-96.4261, 32.335881], [-96.426178, 32.335711], [-96.426197, 32.335579], [-96.42621, 32.335348], [-96.426178, 32.335222], [-96.426081, 32.335013], [-96.426068, 32.334958], [-96.426068, 32.33487], [-96.426074, 32.334826], [-96.426152, 32.334623], [-96.426204, 32.334513], [-96.426295, 32.33437], [-96.426333, 32.334288], [-96.426372, 32.334249], [-96.426489, 32.334189], [-96.426657, 32.334103], [-96.426917, 32.334001], [-96.427261, 32.333872], [-96.427409, 32.333806], [-96.427501, 32.33377], [-96.427615, 32.333678], [-96.427784, 32.333414], [-96.428004, 32.333041], [-96.42836, 32.332628], [-96.428606, 32.332453], [-96.429085, 32.332244], [-96.429337, 32.332183], [-96.429719, 32.332118], [-96.429913, 32.332101], [-96.430133, 32.332118], [-96.43025, 32.332139], [-96.430522, 32.332332], [-96.430807, 32.332596], [-96.430949, 32.332805], [-96.431065, 32.333024], [-96.431085, 32.33309], [-96.431091, 32.333233], [-96.431085, 32.333447], [-96.431052, 32.333596], [-96.430981, 32.334393], [-96.431, 32.334646], [-96.431052, 32.334843], [-96.431122, 32.335123], [-96.431229, 32.335436], [-96.431245, 32.33556], [-96.431363, 32.336433], [-96.431347, 32.336775], [-96.431353, 32.336911], [-96.431328, 32.337083], [-96.431245, 32.337319], [-96.431045, 32.337702], [-96.430615, 32.338122], [-96.4305, 32.338359], [-96.430499, 32.338519], [-96.430444, 32.33889], [-96.430491, 32.338915], [-96.430752, 32.339003], [-96.431387, 32.338745], [-96.431572, 32.338772], [-96.432377, 32.338795], [-96.432687, 32.338989], [-96.432793, 32.33902], [-96.432929, 32.339064], [-96.433168, 32.33918], [-96.433518, 32.339432], [-96.433686, 32.339658], [-96.433809, 32.339795], [-96.433854, 32.339905], [-96.433938, 32.340174], [-96.434113, 32.340421], [-96.434236, 32.340575], [-96.434262, 32.34063], [-96.434294, 32.340658], [-96.434333, 32.340669], [-96.434702, 32.340631], [-96.434877, 32.340647], [-96.43513, 32.340652], [-96.435544, 32.34068], [-96.435757, 32.340702], [-96.436029, 32.340724], [-96.436236, 32.340762], [-96.436295, 32.340801], [-96.436586, 32.340916], [-96.437, 32.341153], [-96.43711, 32.341241], [-96.437201, 32.341339], [-96.43733, 32.341521], [-96.437427, 32.34179], [-96.437434, 32.342312], [-96.437427, 32.342504], [-96.437414, 32.342592], [-96.437382, 32.342658], [-96.437285, 32.342757], [-96.43724, 32.342829], [-96.437214, 32.342977], [-96.436897, 32.343867], [-96.436786, 32.344093], [-96.43645, 32.344901], [-96.43645, 32.34506], [-96.436514, 32.345203], [-96.436566, 32.345258], [-96.43667, 32.34534], [-96.43698, 32.345527], [-96.43722, 32.345653], [-96.437285, 32.345725], [-96.43733, 32.345758], [-96.437421, 32.345774], [-96.437615, 32.345785], [-96.437848, 32.345763], [-96.438074, 32.345769], [-96.438256, 32.345747], [-96.438521, 32.345681], [-96.438599, 32.345653], [-96.43867, 32.34561], [-96.438728, 32.34556], [-96.438897, 32.345467], [-96.439175, 32.345362], [-96.439227, 32.345324], [-96.43935, 32.345154], [-96.439408, 32.345016], [-96.439518, 32.344692], [-96.439686, 32.344406], [-96.439881, 32.344186], [-96.440243, 32.343911], [-96.440541, 32.343752], [-96.440645, 32.343714], [-96.440787, 32.343681], [-96.441072, 32.343675], [-96.441266, 32.343692], [-96.441674, 32.343851], [-96.441907, 32.343978], [-96.441991, 32.344043], [-96.442062, 32.344115], [-96.442095, 32.344181], [-96.442146, 32.344401], [-96.442153, 32.344566], [-96.442004, 32.344994], [-96.441907, 32.345176], [-96.441862, 32.345318], [-96.441836, 32.345373], [-96.44179, 32.345417], [-96.441486, 32.345615], [-96.441434, 32.345665], [-96.441402, 32.345769], [-96.441402, 32.345956], [-96.441415, 32.345994], [-96.441493, 32.346088], [-96.441583, 32.346126], [-96.441855, 32.346176], [-96.441985, 32.346181], [-96.442263, 32.346082], [-96.442334, 32.346088], [-96.442457, 32.346121], [-96.442548, 32.346176], [-96.416592, 32.334561]]]}}, {"type": "Feature", "properties": {"k": "area", "s": "water"}, "geometry": {"type": "Polygon", "coordinates": [[[-96.781646, 32.751647], [-96.781945, 32.75182], [-96.782303, 32.751889], [-96.78244, 32.751922], [-96.782636, 32.751965], [-96.782752, 32.751977], [-96.782856, 32.751988], [-96.783109, 32.751988], [-96.783363, 32.75195], [-96.783506, 32.751901], [-96.783779, 32.751763], [-96.783871, 32.751708], [-96.783994, 32.751653], [-96.784261, 32.751505], [-96.784684, 32.751362], [-96.78495, 32.751258], [-96.785334, 32.751148], [-96.785965, 32.751], [-96.786245, 32.750989], [-96.78672, 32.750989], [-96.787019, 32.751011], [-96.787468, 32.751126], [-96.787708, 32.751215], [-96.787975, 32.751341], [-96.788066, 32.751407], [-96.788254, 32.751489], [-96.788488, 32.751616], [-96.789373, 32.752017], [-96.789568, 32.752133], [-96.790082, 32.752309], [-96.790335, 32.752419], [-96.790667, 32.752595], [-96.790993, 32.752765], [-96.791309, 32.75288], [-96.791437, 32.752993], [-96.791539, 32.752978], [-96.792208, 32.753367], [-96.792473, 32.753559], [-96.794315, 32.754766], [-96.794823, 32.755063], [-96.79507, 32.755189], [-96.795642, 32.755508], [-96.795863, 32.755657], [-96.796137, 32.755811], [-96.796449, 32.756025], [-96.797515, 32.756657], [-96.797788, 32.756789], [-96.798055, 32.756938], [-96.798777, 32.757383], [-96.799779, 32.758054], [-96.799967, 32.758191], [-96.800325, 32.7584], [-96.800488, 32.758521], [-96.801053, 32.759037], [-96.80117, 32.759164], [-96.801216, 32.759279], [-96.801255, 32.759345], [-96.801353, 32.759444], [-96.802133, 32.760021], [-96.802998, 32.760708], [-96.803336, 32.76089], [-96.803421, 32.760967], [-96.803609, 32.761104], [-96.804423, 32.761676], [-96.804767, 32.761868], [-96.804904, 32.761973], [-96.805606, 32.762407], [-96.805899, 32.762572], [-96.806081, 32.762698], [-96.806263, 32.762786], [-96.807031, 32.763116], [-96.807324, 32.763259], [-96.808059, 32.763495], [-96.808254, 32.763534], [-96.808488, 32.7636], [-96.809034, 32.763688], [-96.809223, 32.763743], [-96.80947, 32.763847], [-96.80973, 32.763919], [-96.810069, 32.764045], [-96.810511, 32.764155], [-96.811142, 32.764468], [-96.811649, 32.764683], [-96.811819, 32.764782], [-96.812222, 32.764935], [-96.812378, 32.765007], [-96.812723, 32.765194], [-96.812902, 32.765212], [-96.813152, 32.765291], [-96.813825, 32.765562], [-96.814443, 32.765914], [-96.81504, 32.766354], [-96.815479, 32.766667], [-96.815647, 32.76681], [-96.81578, 32.766964], [-96.815806, 32.766997], [-96.815852, 32.767035], [-96.815832, 32.767057], [-96.815852, 32.767101], [-96.815917, 32.767178], [-96.816086, 32.767337], [-96.816476, 32.767931], [-96.816509, 32.767969], [-96.816535, 32.768063], [-96.816678, 32.768338], [-96.816847, 32.768623], [-96.817094, 32.76892], [-96.817224, 32.76914], [-96.817374, 32.769294], [-96.817472, 32.769475], [-96.817634, 32.769811], [-96.81768, 32.769942], [-96.817934, 32.770481], [-96.818064, 32.770723], [-96.818174, 32.770981], [-96.818304, 32.771174], [-96.818389, 32.771322], [-96.818636, 32.771861], [-96.818701, 32.772036], [-96.818805, 32.772234], [-96.818832, 32.772394], [-96.818942, 32.772707], [-96.819053, 32.772965], [-96.819124, 32.773229], [-96.81915, 32.773372], [-96.819183, 32.77346], [-96.819228, 32.773542], [-96.819404, 32.773757], [-96.819482, 32.773834], [-96.819834, 32.774455], [-96.820061, 32.774801], [-96.820178, 32.774999], [-96.820341, 32.775213], [-96.820966, 32.776131], [-96.821141, 32.776428], [-96.821219, 32.776538], [-96.821265, 32.776659], [-96.821278, 32.776675], [-96.821337, 32.776686], [-96.821356, 32.776714], [-96.821349, 32.776862], [-96.821388, 32.776933], [-96.821558, 32.777461], [-96.821616, 32.777939], [-96.821681, 32.778093], [-96.82174, 32.778291], [-96.822254, 32.779308], [-96.822404, 32.779572], [-96.822501, 32.77977], [-96.822612, 32.780033], [-96.822755, 32.78022], [-96.82282, 32.780264], [-96.822853, 32.780303], [-96.822872, 32.780341], [-96.822918, 32.780522], [-96.823061, 32.780819], [-96.823159, 32.781072], [-96.823341, 32.781407], [-96.823425, 32.781539], [-96.823946, 32.782149], [-96.824128, 32.782396], [-96.824284, 32.782682], [-96.824441, 32.782842], [-96.824564, 32.782995], [-96.824707, 32.783248], [-96.824857, 32.783419], [-96.825072, 32.78371], [-96.825417, 32.784111], [-96.825755, 32.784474], [-96.825924, 32.784611], [-96.826191, 32.784859], [-96.826373, 32.785001], [-96.826633, 32.785227], [-96.826855, 32.785436], [-96.826933, 32.785496], [-96.827122, 32.785612], [-96.827193, 32.785672], [-96.827493, 32.785958], [-96.827707, 32.78604], [-96.828339, 32.786381], [-96.829119, 32.786738], [-96.829718, 32.786991], [-96.830043, 32.787172], [-96.830291, 32.787276], [-96.830349, 32.787359], [-96.830388, 32.787397], [-96.830538, 32.78743], [-96.830694, 32.78748], [-96.830961, 32.78759], [-96.831534, 32.78787], [-96.832679, 32.78848], [-96.833271, 32.788727], [-96.833375, 32.788744], [-96.833648, 32.78882], [-96.83374, 32.788859], [-96.83385, 32.788914], [-96.834136, 32.789084], [-96.834215, 32.789117], [-96.834358, 32.789156], [-96.83482, 32.789419], [-96.834885, 32.789441], [-96.834969, 32.789441], [-96.834989, 32.789425], [-96.835061, 32.789425], [-96.835197, 32.789491], [-96.835275, 32.78954], [-96.835458, 32.789689], [-96.835724, 32.789793], [-96.835783, 32.789826], [-96.835991, 32.789974], [-96.836162, 32.790067], [-96.836596, 32.790304], [-96.836662, 32.790381], [-96.836759, 32.790441], [-96.836941, 32.79054], [-96.837189, 32.790645], [-96.837885, 32.791084], [-96.8381, 32.791172], [-96.838367, 32.79132], [-96.838614, 32.791425], [-96.838894, 32.791557], [-96.83931, 32.791733], [-96.840527, 32.792194], [-96.840833, 32.792375], [-96.841738, 32.792721], [-96.84248, 32.793111], [-96.842948, 32.793287], [-96.843078, 32.793364], [-96.844003, 32.793809], [-96.844562, 32.794056], [-96.844998, 32.794314], [-96.845721, 32.794683], [-96.845896, 32.794814], [-96.845994, 32.794908], [-96.846228, 32.795029], [-96.846489, 32.795227], [-96.846866, 32.795452], [-96.847075, 32.795622], [-96.847504, 32.795864], [-96.847875, 32.796111], [-96.848279, 32.796336], [-96.848565, 32.796468], [-96.848891, 32.796583], [-96.849229, 32.796726], [-96.849411, 32.796831], [-96.84986, 32.796984], [-96.849977, 32.797012], [-96.850212, 32.797094], [-96.850303, 32.797116], [-96.850798, 32.797292], [-96.850999, 32.79738], [-96.851253, 32.797506], [-96.851533, 32.797578], [-96.851793, 32.797666], [-96.852047, 32.797726], [-96.852347, 32.797731], [-96.852744, 32.797775], [-96.85318, 32.797797], [-96.85398, 32.797879], [-96.85441, 32.797901], [-96.854559, 32.797917], [-96.855223, 32.797934], [-96.855373, 32.797923], [-96.855483, 32.797895], [-96.855594, 32.79789], [-96.855646, 32.797906], [-96.855692, 32.797939], [-96.855737, 32.797956], [-96.856147, 32.797988], [-96.856713, 32.797966], [-96.856928, 32.797994], [-96.857065, 32.797999], [-96.857481, 32.797982], [-96.857553, 32.797966], [-96.857644, 32.797911], [-96.857722, 32.7979], [-96.858132, 32.797905], [-96.858347, 32.797894], [-96.858587, 32.797949], [-96.859264, 32.797971], [-96.859499, 32.797943], [-96.85959, 32.797921], [-96.859804, 32.797833], [-96.860175, 32.797877], [-96.860527, 32.79786], [-96.86082, 32.797921], [-96.860911, 32.797926], [-96.861028, 32.797921], [-96.861197, 32.797899], [-96.861529, 32.797833], [-96.862219, 32.797783], [-96.862603, 32.797766], [-96.863013, 32.797782], [-96.863507, 32.797843], [-96.863709, 32.797876], [-96.863794, 32.797898], [-96.86393, 32.797914], [-96.864301, 32.797897], [-96.864594, 32.797897], [-96.864828, 32.79787], [-96.865115, 32.797815], [-96.865277, 32.797804], [-96.865512, 32.797809], [-96.865726, 32.797792], [-96.866826, 32.797809], [-96.86734, 32.797836], [-96.867893, 32.797885], [-96.868115, 32.797885], [-96.868427, 32.797846], [-96.868726, 32.797846], [-96.868948, 32.797835], [-96.869097, 32.797791], [-96.86926, 32.797791], [-96.869904, 32.797824], [-96.870497, 32.797818], [-96.870887, 32.797801], [-96.871336, 32.797768], [-96.871681, 32.797762], [-96.871818, 32.797751], [-96.872019, 32.797751], [-96.872462, 32.797823], [-96.872735, 32.797828], [-96.872852, 32.79785], [-96.873132, 32.797872], [-96.873282, 32.797861], [-96.873607, 32.797871], [-96.873711, 32.797855], [-96.874199, 32.797816], [-96.874382, 32.797811], [-96.875, 32.797823], [-96.875508, 32.797824], [-96.875983, 32.797835], [-96.876503, 32.79783], [-96.876991, 32.797874], [-96.877466, 32.797896], [-96.877935, 32.797902], [-96.878299, 32.797984], [-96.879594, 32.797837], [-96.880395, 32.797903], [-96.881104, 32.797859], [-96.882211, 32.797882], [-96.882738, 32.797931], [-96.884319, 32.797998], [-96.884475, 32.798015], [-96.885334, 32.797988], [-96.885588, 32.798026], [-96.888015, 32.797978], [-96.888145, 32.797994], [-96.888848, 32.798006], [-96.889558, 32.797995], [-96.89056, 32.797962], [-96.891679, 32.798018], [-96.891803, 32.797996], [-96.892369, 32.797958], [-96.892499, 32.797914], [-96.892656, 32.797903], [-96.893248, 32.797941], [-96.895057, 32.79797], [-96.895317, 32.797992], [-96.896196, 32.79797], [-96.896541, 32.797976], [-96.89699, 32.798003], [-96.897491, 32.797998], [-96.897693, 32.798015], [-96.897804, 32.798014], [-96.898102, 32.797993], [-96.89848, 32.798009], [-96.898558, 32.798031], [-96.898675, 32.798081], [-96.898727, 32.798081], [-96.898778, 32.79807], [-96.898714, 32.798115], [-96.898743, 32.79829], [-96.898741, 32.79851], [-96.89831, 32.798388], [-96.898031, 32.798372], [-96.897881, 32.798357], [-96.896892, 32.798256], [-96.896658, 32.798245], [-96.896404, 32.798278], [-96.896098, 32.798239], [-96.895831, 32.79825], [-96.895571, 32.798283], [-96.89531, 32.798255], [-96.89469, 32.798205], [-96.894362, 32.798185], [-96.893894, 32.798198], [-96.893089, 32.798185], [-96.892724, 32.798247], [-96.892493, 32.798329], [-96.891738, 32.798282], [-96.891699, 32.798271], [-96.891255, 32.798236], [-96.890944, 32.798259], [-96.890781, 32.798248], [-96.890425, 32.798231], [-96.890324, 32.798211], [-96.890164, 32.798229], [-96.889252, 32.798242], [-96.888787, 32.798211], [-96.888166, 32.798216], [-96.887927, 32.798213], [-96.887662, 32.798185], [-96.886636, 32.798229], [-96.886055, 32.798223], [-96.88596, 32.7982], [-96.885852, 32.798239], [-96.885422, 32.798218], [-96.885136, 32.798203], [-96.88466, 32.798239], [-96.884076, 32.798244], [-96.88337, 32.798273], [-96.883188, 32.798267], [-96.882992, 32.798218], [-96.882402, 32.798203], [-96.881931, 32.798141], [-96.88104, 32.798164], [-96.880475, 32.79818], [-96.880143, 32.798169], [-96.879501, 32.798169], [-96.878809, 32.798169], [-96.877595, 32.798146], [-96.876655, 32.798107], [-96.876056, 32.798105], [-96.875788, 32.798071], [-96.875438, 32.798138], [-96.875156, 32.798142], [-96.875, 32.798124], [-96.874746, 32.798091], [-96.874369, 32.798102], [-96.874115, 32.79813], [-96.873718, 32.79813], [-96.872963, 32.798114], [-96.872631, 32.798092], [-96.872514, 32.798059], [-96.872228, 32.798048], [-96.872045, 32.798021], [-96.871941, 32.798015], [-96.871251, 32.798054], [-96.870119, 32.798093], [-96.869195, 32.798104], [-96.868408, 32.798094], [-96.867659, 32.798149], [-96.867445, 32.798149], [-96.866039, 32.798095], [-96.865381, 32.798078], [-96.865258, 32.798095], [-96.86479, 32.798128], [-96.864705, 32.798123], [-96.864373, 32.798156], [-96.864035, 32.798178], [-96.863878, 32.798178], [-96.86354, 32.798101], [-96.863351, 32.798085], [-96.863156, 32.798096], [-96.863013, 32.79809], [-96.862837, 32.798129], [-96.861484, 32.798113], [-96.861099, 32.79819], [-96.86, 32.798169], [-96.859284, 32.798224], [-96.858874, 32.79824], [-96.85877, 32.798262], [-96.858529, 32.798268], [-96.858392, 32.798246], [-96.857924, 32.79823], [-96.8559, 32.798241], [-96.855776, 32.798192], [-96.85564, 32.798164], [-96.855425, 32.798153], [-96.854917, 32.79817], [-96.853726, 32.798072], [-96.853102, 32.798077], [-96.852991, 32.798088], [-96.852848, 32.798088], [-96.85247, 32.79805], [-96.852015, 32.797984], [-96.85154, 32.79788], [-96.850642, 32.797583], [-96.850075, 32.797314], [-96.849594, 32.797128], [-96.849092, 32.796957], [-96.848637, 32.796743], [-96.847973, 32.796446], [-96.847817, 32.796353], [-96.847491, 32.7961], [-96.847088, 32.795842], [-96.846385, 32.795369], [-96.845871, 32.795062], [-96.845422, 32.79482], [-96.845024, 32.794584], [-96.844191, 32.794133], [-96.84304, 32.793606], [-96.842265, 32.793243], [-96.842018, 32.793117], [-96.84071, 32.79254], [-96.840644, 32.792535], [-96.840612, 32.792546], [-96.840553, 32.79259], [-96.84041, 32.792546], [-96.840332, 32.792502], [-96.840273, 32.792436], [-96.840182, 32.792386], [-96.839486, 32.792084], [-96.839369, 32.792018], [-96.839284, 32.791958], [-96.839135, 32.791886], [-96.838887, 32.791815], [-96.838542, 32.791661], [-96.838484, 32.79165], [-96.838373, 32.791667], [-96.838341, 32.791661], [-96.838211, 32.791573], [-96.838035, 32.791508], [-96.837117, 32.79087], [-96.836681, 32.790672], [-96.836545, 32.790584], [-96.836089, 32.790326], [-96.835731, 32.790145], [-96.83538, 32.78998], [-96.835314, 32.789958], [-96.835074, 32.789821], [-96.834878, 32.78976], [-96.834709, 32.789694], [-96.834534, 32.789612], [-96.834306, 32.78954], [-96.834273, 32.789507], [-96.834221, 32.789474], [-96.833837, 32.789326], [-96.833408, 32.789112], [-96.833284, 32.789079], [-96.833043, 32.788964], [-96.832679, 32.788826], [-96.832285, 32.788649], [-96.831946, 32.788524], [-96.831699, 32.788393], [-96.831514, 32.788265], [-96.831243, 32.788108], [-96.830703, 32.787788], [-96.830134, 32.787557], [-96.829744, 32.787386], [-96.829503, 32.787255], [-96.828508, 32.786744], [-96.828163, 32.786529], [-96.827857, 32.786403], [-96.827675, 32.786293], [-96.82733, 32.786145], [-96.827174, 32.786057], [-96.827115, 32.786046], [-96.827007, 32.785997], [-96.82692, 32.785958], [-96.826777, 32.785826], [-96.826438, 32.785551], [-96.826185, 32.785293], [-96.825892, 32.784969], [-96.825827, 32.78487], [-96.824844, 32.78388], [-96.824428, 32.783386], [-96.824135, 32.782913], [-96.823835, 32.782578], [-96.823718, 32.782429], [-96.823562, 32.782182], [-96.823334, 32.781913], [-96.822937, 32.781231], [-96.822872, 32.7811], [-96.822573, 32.780676], [-96.822553, 32.780555], [-96.822573, 32.780506], [-96.822573, 32.780467], [-96.822345, 32.780193], [-96.82228, 32.780099], [-96.822118, 32.779649], [-96.821929, 32.779198], [-96.82174, 32.778895], [-96.821545, 32.778555], [-96.821382, 32.778115], [-96.82135, 32.778099], [-96.821337, 32.778077], [-96.821304, 32.778055], [-96.821232, 32.777708], [-96.821213, 32.777153], [-96.82107, 32.77695], [-96.821037, 32.77689], [-96.821024, 32.776741], [-96.820868, 32.776538], [-96.820608, 32.776125], [-96.820439, 32.775878], [-96.820276, 32.775664], [-96.820016, 32.775252], [-96.819931, 32.775147], [-96.819873, 32.775098], [-96.819801, 32.774911], [-96.819651, 32.774675], [-96.819352, 32.774273], [-96.819261, 32.774076], [-96.819137, 32.773872], [-96.819059, 32.773702], [-96.818936, 32.773559], [-96.818884, 32.773477], [-96.818581, 32.773131], [-96.818357, 32.772448], [-96.818259, 32.771723], [-96.818174, 32.771575], [-96.818096, 32.771377], [-96.818051, 32.7713], [-96.817921, 32.771163], [-96.817914, 32.771069], [-96.817836, 32.770866], [-96.817751, 32.770717], [-96.817686, 32.770498], [-96.817439, 32.769987], [-96.817179, 32.769503], [-96.817101, 32.769426], [-96.816951, 32.76914], [-96.81671, 32.768849], [-96.816574, 32.76864], [-96.816424, 32.768436], [-96.816053, 32.768019], [-96.81593, 32.767846], [-96.815892, 32.767773], [-96.815911, 32.767679], [-96.815805, 32.767476], [-96.815754, 32.767381], [-96.815566, 32.767238], [-96.815182, 32.766986], [-96.815136, 32.766947], [-96.815071, 32.76687], [-96.814791, 32.766711], [-96.814486, 32.766513], [-96.814141, 32.766271], [-96.813789, 32.766062], [-96.813471, 32.765892], [-96.813124, 32.76571], [-96.812918, 32.765617], [-96.812264, 32.765474], [-96.812085, 32.76543], [-96.812023, 32.765462], [-96.811907, 32.765593], [-96.811816, 32.765746], [-96.811784, 32.765827], [-96.811746, 32.765889], [-96.811691, 32.765961], [-96.811658, 32.76602], [-96.811633, 32.766052], [-96.811614, 32.76608], [-96.81158, 32.766115], [-96.811547, 32.766141], [-96.811506, 32.766153], [-96.811465, 32.766163], [-96.811428, 32.766169], [-96.811382, 32.766168], [-96.811196, 32.766076], [-96.811044, 32.766001], [-96.811015, 32.765967], [-96.810983, 32.765918], [-96.81098, 32.765883], [-96.810994, 32.765823], [-96.811046, 32.765721], [-96.811135, 32.765605], [-96.811188, 32.765544], [-96.811264, 32.765474], [-96.811418, 32.765301], [-96.811484, 32.765133], [-96.810649, 32.764695], [-96.810361, 32.764614], [-96.810138, 32.764509], [-96.80989, 32.764378], [-96.808982, 32.763952], [-96.808325, 32.763825], [-96.807824, 32.763699], [-96.807688, 32.763649], [-96.80735, 32.763567], [-96.807207, 32.76349], [-96.806927, 32.763369], [-96.806615, 32.763248], [-96.806472, 32.763165], [-96.806127, 32.76299], [-96.805951, 32.762946], [-96.805684, 32.762792], [-96.805398, 32.76266], [-96.804819, 32.762281], [-96.804644, 32.762182], [-96.80344, 32.761335], [-96.80305, 32.761077], [-96.802946, 32.76095], [-96.802822, 32.760873], [-96.80238, 32.760549], [-96.801853, 32.760115], [-96.801496, 32.759856], [-96.80119, 32.759653], [-96.801066, 32.759582], [-96.801047, 32.759593], [-96.80104, 32.75962], [-96.80104, 32.759703], [-96.801027, 32.759735], [-96.801001, 32.759752], [-96.800923, 32.75978], [-96.800845, 32.759785], [-96.800735, 32.759741], [-96.800676, 32.759664], [-96.80067, 32.75962], [-96.80067, 32.759582], [-96.800728, 32.75929], [-96.800728, 32.759235], [-96.800715, 32.759202], [-96.800474, 32.759048], [-96.800026, 32.758598], [-96.799961, 32.758499], [-96.799915, 32.75846], [-96.799746, 32.758361], [-96.799564, 32.758235], [-96.799479, 32.758153], [-96.799044, 32.757867], [-96.798731, 32.757691], [-96.798432, 32.757493], [-96.798198, 32.757377], [-96.798029, 32.757245], [-96.797918, 32.757141], [-96.797392, 32.756894], [-96.797079, 32.756729], [-96.796143, 32.756173], [-96.795993, 32.756058], [-96.795935, 32.756031], [-96.795844, 32.756014], [-96.795694, 32.755937], [-96.795668, 32.755899], [-96.795597, 32.755844], [-96.795343, 32.755695], [-96.794696, 32.755321], [-96.79418, 32.755071], [-96.793769, 32.754846], [-96.792479, 32.754075], [-96.792184, 32.753873], [-96.791512, 32.753458], [-96.79109, 32.75321], [-96.790836, 32.75304], [-96.789731, 32.752463], [-96.788998, 32.752198], [-96.788582, 32.752052], [-96.787595, 32.751574], [-96.787338, 32.751484], [-96.78714, 32.751399], [-96.786889, 32.751324], [-96.78642, 32.751291], [-96.785984, 32.751291], [-96.785815, 32.751313], [-96.785484, 32.751434], [-96.785308, 32.751511], [-96.785074, 32.751582], [-96.784677, 32.751681], [-96.784469, 32.75178], [-96.784066, 32.751994], [-96.783942, 32.752071], [-96.783825, 32.752126], [-96.783682, 32.752175], [-96.783246, 32.752263], [-96.782732, 32.752291], [-96.782492, 32.752241], [-96.782387, 32.752203], [-96.782342, 32.752197], [-96.782303, 32.752208], [-96.782212, 32.752302], [-96.782121, 32.752571], [-96.782069, 32.752659], [-96.781698, 32.753098], [-96.781542, 32.753318], [-96.781496, 32.753335], [-96.781457, 32.753324], [-96.781425, 32.753186], [-96.781431, 32.753131], [-96.781457, 32.753104], [-96.781568, 32.753054], [-96.781594, 32.753032], [-96.781685, 32.752933], [-96.781795, 32.752708], [-96.781978, 32.752571], [-96.782017, 32.752527], [-96.782043, 32.752455], [-96.782088, 32.752389], [-96.782121, 32.752241], [-96.782114, 32.752203], [-96.782082, 32.752159], [-96.78203, 32.752115], [-96.781929, 32.752082], [-96.781594, 32.751928], [-96.781646, 32.751647]]]}}, {"type": "Feature", "properties": {"k": "area", "s": "water"}, "geometry": {"type": "Polygon", "coordinates": [[[-96.509448, 32.481385], [-96.509182, 32.481121], [-96.508943, 32.480962], [-96.508333, 32.480786], [-96.507018, 32.480323], [-96.506512, 32.479933], [-96.506084, 32.479559], [-96.5053, 32.478762], [-96.505015, 32.478492], [-96.504717, 32.478146], [-96.504497, 32.477937], [-96.504264, 32.477684], [-96.503901, 32.477123], [-96.50383, 32.476782], [-96.503695, 32.475887], [-96.503604, 32.475183], [-96.503572, 32.475002], [-96.503488, 32.474699], [-96.503028, 32.473589], [-96.502685, 32.472715], [-96.502498, 32.472314], [-96.502362, 32.472077], [-96.501857, 32.470951], [-96.500931, 32.469917], [-96.500458, 32.469604], [-96.499997, 32.469454], [-96.499822, 32.469393], [-96.499705, 32.469371], [-96.498778, 32.469278], [-96.498214, 32.469268], [-96.498072, 32.469273], [-96.497981, 32.469262], [-96.497326, 32.469114], [-96.497119, 32.469054], [-96.496879, 32.468938], [-96.496574, 32.468845], [-96.495919, 32.468516], [-96.495783, 32.468439], [-96.495407, 32.468313], [-96.494797, 32.468049], [-96.494564, 32.467928], [-96.494486, 32.467857], [-96.494311, 32.467725], [-96.494123, 32.467637], [-96.493805, 32.467544], [-96.49374, 32.467533], [-96.493585, 32.467472], [-96.493403, 32.467363], [-96.492949, 32.467017], [-96.492852, 32.466879], [-96.492819, 32.466802], [-96.492793, 32.466681], [-96.49269, 32.466445], [-96.492469, 32.466006], [-96.492423, 32.465725], [-96.492417, 32.465505], [-96.492384, 32.465357], [-96.492384, 32.465214], [-96.492565, 32.464807], [-96.492643, 32.464665], [-96.492689, 32.46461], [-96.492773, 32.464538], [-96.493246, 32.464038], [-96.493447, 32.463917], [-96.49368, 32.46367], [-96.493809, 32.463581], [-96.493945, 32.46346], [-96.494107, 32.463197], [-96.494231, 32.463136], [-96.494282, 32.463032], [-96.494328, 32.462812], [-96.494405, 32.462576], [-96.494515, 32.46201], [-96.509448, 32.481385]]]}}, {"type": "Feature", "properties": {"k": "area", "s": "water"}, "geometry": {"type": "Polygon", "coordinates": [[[-96.495098, 32.462114], [-96.495105, 32.462383], [-96.49506, 32.462608], [-96.494995, 32.462757], [-96.494905, 32.462949], [-96.494807, 32.463081], [-96.494756, 32.46318], [-96.49471, 32.463334], [-96.49473, 32.463433], [-96.494717, 32.463477], [-96.494497, 32.463828], [-96.494302, 32.464043], [-96.494225, 32.464038], [-96.49414, 32.464065], [-96.494011, 32.464274], [-96.493836, 32.464477], [-96.493512, 32.46495], [-96.493382, 32.465236], [-96.493292, 32.465522], [-96.493285, 32.465763], [-96.493312, 32.466154], [-96.493422, 32.466384], [-96.493597, 32.466621], [-96.493772, 32.46678], [-96.493896, 32.466906], [-96.494045, 32.466978], [-96.494168, 32.466972], [-96.494298, 32.467005], [-96.494369, 32.467126], [-96.494525, 32.467307], [-96.494641, 32.46739], [-96.49481, 32.467422], [-96.494966, 32.467488], [-96.495186, 32.467708], [-96.495355, 32.46773], [-96.495536, 32.46773], [-96.495893, 32.467851], [-96.496081, 32.4679], [-96.496509, 32.468048], [-96.496548, 32.468109], [-96.496885, 32.468241], [-96.497254, 32.468345], [-96.497734, 32.468515], [-96.497922, 32.468559], [-96.498058, 32.468581], [-96.498454, 32.468603], [-96.498784, 32.468674], [-96.499122, 32.468811], [-96.49931, 32.46886], [-96.499381, 32.468849], [-96.499614, 32.468855], [-96.499737, 32.468877], [-96.499997, 32.468943], [-96.500465, 32.469082], [-96.50086, 32.469252], [-96.501268, 32.469428], [-96.501527, 32.469621], [-96.501638, 32.469758], [-96.501832, 32.470143], [-96.501955, 32.470319], [-96.502175, 32.470709], [-96.502389, 32.471022], [-96.502499, 32.471292], [-96.503107, 32.472507], [-96.503657, 32.473644], [-96.503748, 32.473903], [-96.503968, 32.474337], [-96.504093, 32.474717], [-96.504149, 32.474887], [-96.504136, 32.475008], [-96.504201, 32.475244], [-96.504194, 32.475414], [-96.504227, 32.475563], [-96.504311, 32.475832], [-96.504408, 32.476085], [-96.504453, 32.476629], [-96.504426, 32.476953], [-96.504692, 32.477767], [-96.504776, 32.477877], [-96.504906, 32.477976], [-96.504977, 32.47797], [-96.505133, 32.477904], [-96.505236, 32.477937], [-96.505288, 32.478009], [-96.505327, 32.478124], [-96.505495, 32.478437], [-96.505599, 32.47852], [-96.505845, 32.478619], [-96.506104, 32.478916], [-96.506584, 32.479306], [-96.506934, 32.479548], [-96.507264, 32.479834], [-96.507459, 32.479966], [-96.508386, 32.480082], [-96.508573, 32.48017], [-96.508703, 32.480247], [-96.508904, 32.480302], [-96.509319, 32.480462], [-96.509663, 32.480687], [-96.509773, 32.480797], [-96.509857, 32.480924], [-96.509909, 32.481078], [-96.509986, 32.481215], [-96.495098, 32.462114]]]}}, {"type": "Feature", "properties": {"k": "area", "s": "water"}, "geometry": {"type": "Polygon", "coordinates": [[[-96.509986, 32.481215], [-96.510239, 32.481407], [-96.510446, 32.481655], [-96.510505, 32.481748], [-96.510569, 32.481864], [-96.510628, 32.482023], [-96.510647, 32.482424], [-96.51053, 32.482688], [-96.510374, 32.482853], [-96.510445, 32.4831], [-96.510445, 32.483243], [-96.510315, 32.483617], [-96.510088, 32.483869], [-96.509725, 32.484023], [-96.509608, 32.484133], [-96.509394, 32.484265], [-96.509031, 32.484545], [-96.508862, 32.484693], [-96.50811, 32.485215], [-96.507351, 32.485797], [-96.506754, 32.486192], [-96.506495, 32.486462], [-96.50604, 32.486731], [-96.505534, 32.486956], [-96.505171, 32.487071], [-96.504737, 32.48723], [-96.504568, 32.487274], [-96.504302, 32.487274], [-96.504127, 32.487235], [-96.503479, 32.487218], [-96.503109, 32.487301], [-96.502778, 32.487443], [-96.502506, 32.487597], [-96.502344, 32.487756], [-96.502026, 32.488421], [-96.501961, 32.48858], [-96.501947, 32.488729], [-96.501947, 32.488806], [-96.501986, 32.488844], [-96.502058, 32.488844], [-96.502213, 32.489075], [-96.502226, 32.489295], [-96.502323, 32.489438], [-96.502485, 32.489565], [-96.502718, 32.489625], [-96.503023, 32.489636], [-96.503192, 32.489697], [-96.503321, 32.48973], [-96.503484, 32.489713], [-96.503717, 32.48967], [-96.504437, 32.489587], [-96.504806, 32.489577], [-96.504904, 32.489555], [-96.50515, 32.489566], [-96.50563, 32.489725], [-96.505785, 32.489726], [-96.506109, 32.489819], [-96.506382, 32.489869], [-96.506686, 32.490039], [-96.507568, 32.490457], [-96.507937, 32.490595], [-96.508307, 32.490881], [-96.508754, 32.491326], [-96.509058, 32.491832], [-96.509129, 32.492568], [-96.509259, 32.493195], [-96.509278, 32.493343], [-96.509226, 32.493514], [-96.509116, 32.493673], [-96.509096, 32.493783], [-96.50909, 32.493821], [-96.509161, 32.493953], [-96.509213, 32.494124], [-96.50918, 32.494305], [-96.509044, 32.494536], [-96.508732, 32.494986], [-96.508609, 32.495146], [-96.50818, 32.495624], [-96.507836, 32.495964], [-96.507777, 32.496491], [-96.507652, 32.497317], [-96.507338, 32.498017], [-96.507022, 32.498225], [-96.506694, 32.498406], [-96.506135, 32.498512], [-96.505875, 32.498524], [-96.505412, 32.498502], [-96.504984, 32.498371], [-96.504868, 32.498312], [-96.504775, 32.498227], [-96.504521, 32.497946], [-96.504424, 32.49788], [-96.504334, 32.49766], [-96.504308, 32.497331], [-96.504315, 32.497188], [-96.504353, 32.497045], [-96.504659, 32.49655], [-96.504698, 32.496243], [-96.504646, 32.496056], [-96.50453, 32.495825], [-96.504329, 32.495473], [-96.504147, 32.495182], [-96.503914, 32.494835], [-96.503752, 32.494621], [-96.503499, 32.494368], [-96.503357, 32.494192], [-96.503143, 32.494066], [-96.502838, 32.493983], [-96.502573, 32.493895], [-96.502235, 32.493884], [-96.501996, 32.493906], [-96.501743, 32.493966], [-96.5016, 32.494037], [-96.501392, 32.494175], [-96.500957, 32.494608], [-96.500828, 32.494784], [-96.500795, 32.495015], [-96.500717, 32.495257], [-96.50073, 32.495488], [-96.500794, 32.495757], [-96.500963, 32.496257], [-96.501079, 32.49667], [-96.501312, 32.497049], [-96.509986, 32.481215]]]}}, {"type": "Feature", "properties": {"k": "area", "s": "grass", "name": "Trinity River Floodway"}, "geometry": {"type": "Polygon", "coordinates": [[[-96.899088, 32.823008], [-96.899748, 32.822238], [-96.900406, 32.821612], [-96.901392, 32.820678], [-96.902259, 32.819842], [-96.903371, 32.818861], [-96.904317, 32.817881], [-96.905373, 32.8169], [-96.905872, 32.816103], [-96.906181, 32.814731], [-96.906181, 32.813806], [-96.906181, 32.813414], [-96.906204, 32.80989], [-96.906149, 32.809393], [-96.899088, 32.823008]]]}}, {"type": "Feature", "properties": {"k": "area", "s": "water"}, "geometry": {"type": "Polygon", "coordinates": [[[-96.585793, 32.600699], [-96.585799, 32.600913], [-96.585838, 32.60099], [-96.585903, 32.601034], [-96.585955, 32.601089], [-96.586001, 32.601171], [-96.586072, 32.601331], [-96.586105, 32.601479], [-96.586157, 32.601573], [-96.58617, 32.601682], [-96.586208, 32.601814], [-96.58626, 32.60193], [-96.586572, 32.602402], [-96.586592, 32.602501], [-96.586689, 32.602644], [-96.5868, 32.602919], [-96.586917, 32.603007], [-96.58702, 32.603205], [-96.58704, 32.603271], [-96.587046, 32.603353], [-96.587085, 32.603435], [-96.587092, 32.603523], [-96.587137, 32.6036], [-96.587137, 32.60365], [-96.587189, 32.603787], [-96.587235, 32.603853], [-96.587274, 32.603935], [-96.587332, 32.604012], [-96.587417, 32.604238], [-96.587423, 32.60432], [-96.587456, 32.604402], [-96.587475, 32.604518], [-96.587495, 32.604815], [-96.587508, 32.604886], [-96.587599, 32.605232], [-96.587651, 32.605331], [-96.587683, 32.605447], [-96.587716, 32.605518], [-96.587852, 32.60576], [-96.587949, 32.605853], [-96.588073, 32.60609], [-96.588105, 32.606172], [-96.588346, 32.606403], [-96.588424, 32.606452], [-96.588579, 32.606601], [-96.588677, 32.606667], [-96.588781, 32.606705], [-96.588982, 32.60676], [-96.589235, 32.606771], [-96.589501, 32.606798], [-96.589911, 32.606782], [-96.589969, 32.606765], [-96.590105, 32.606672], [-96.590274, 32.606633], [-96.590566, 32.606639], [-96.590683, 32.606622], [-96.590871, 32.606628], [-96.591099, 32.606677], [-96.591163, 32.606677], [-96.59128, 32.60665], [-96.59128, 32.606622], [-96.591339, 32.6066], [-96.591397, 32.606617], [-96.591456, 32.606661], [-96.591573, 32.606677], [-96.591865, 32.606694], [-96.591956, 32.606677], [-96.592021, 32.60665], [-96.592099, 32.606633], [-96.592326, 32.606682], [-96.592592, 32.60671], [-96.59304, 32.606704], [-96.593215, 32.606715], [-96.593365, 32.606737], [-96.593683, 32.606814], [-96.593949, 32.606825], [-96.594118, 32.606842], [-96.594235, 32.606831], [-96.594605, 32.606841], [-96.594741, 32.606836], [-96.594936, 32.606847], [-96.595105, 32.606825], [-96.595657, 32.606671], [-96.595741, 32.606621], [-96.595806, 32.606533], [-96.595832, 32.606473], [-96.595923, 32.606412], [-96.59604, 32.606358], [-96.596377, 32.606237], [-96.596533, 32.606198], [-96.596682, 32.606176], [-96.596949, 32.606105], [-96.597033, 32.606044], [-96.597078, 32.605956], [-96.597072, 32.605824], [-96.597078, 32.605758], [-96.597098, 32.605698], [-96.597143, 32.605632], [-96.597429, 32.605527], [-96.597624, 32.605511], [-96.597786, 32.605522], [-96.598033, 32.605571], [-96.598182, 32.605632], [-96.598266, 32.605725], [-96.59837, 32.605791], [-96.598442, 32.605857], [-96.5985, 32.605961], [-96.598507, 32.606011], [-96.598552, 32.606071], [-96.59863, 32.606143], [-96.598676, 32.606242], [-96.598695, 32.606362], [-96.598715, 32.606412], [-96.59878, 32.606456], [-96.598838, 32.606527], [-96.598903, 32.606802], [-96.598962, 32.606923], [-96.598955, 32.607077], [-96.598975, 32.607143], [-96.598975, 32.607209], [-96.598994, 32.607269], [-96.598981, 32.607374], [-96.598994, 32.607401], [-96.599001, 32.607478], [-96.59902, 32.607505], [-96.599027, 32.607566], [-96.599007, 32.607588], [-96.599007, 32.607604], [-96.598988, 32.607621], [-96.598942, 32.607626], [-96.59891, 32.607659], [-96.598878, 32.607736], [-96.598865, 32.607824], [-96.598741, 32.607984], [-96.598611, 32.608121], [-96.598553, 32.608148], [-96.598475, 32.60817], [-96.598306, 32.608319], [-96.598222, 32.608363], [-96.598144, 32.608451], [-96.597982, 32.608528], [-96.59793, 32.608539], [-96.5978, 32.608632], [-96.59769, 32.608671], [-96.597625, 32.608682], [-96.597488, 32.608742], [-96.597449, 32.60877], [-96.597346, 32.608803], [-96.597268, 32.608814], [-96.597105, 32.608819], [-96.596988, 32.608797], [-96.596748, 32.608776], [-96.596683, 32.608732], [-96.596534, 32.608704], [-96.59643, 32.608699], [-96.596365, 32.608677], [-96.596209, 32.608666], [-96.596021, 32.608633], [-96.595657, 32.608638], [-96.595599, 32.608649], [-96.595462, 32.608644], [-96.595235, 32.608666], [-96.595001, 32.608726], [-96.5948, 32.608765], [-96.59467, 32.60882], [-96.594508, 32.608869], [-96.594443, 32.608913], [-96.594294, 32.608968], [-96.594196, 32.609023], [-96.594047, 32.609133], [-96.593989, 32.609194], [-96.593904, 32.609326], [-96.593852, 32.609386], [-96.593826, 32.609452], [-96.593826, 32.609573], [-96.593794, 32.609705], [-96.593801, 32.609947], [-96.59382, 32.610024], [-96.593852, 32.610068], [-96.593885, 32.610282], [-96.593918, 32.610364], [-96.593982, 32.610469], [-96.594054, 32.610623], [-96.594145, 32.610683], [-96.594164, 32.610732], [-96.594158, 32.610826], [-96.594197, 32.610864], [-96.594242, 32.610892], [-96.594275, 32.610936], [-96.59434, 32.610974], [-96.59445, 32.611062], [-96.594515, 32.611095], [-96.59458, 32.611188], [-96.594619, 32.611227], [-96.594742, 32.611298], [-96.594885, 32.611304], [-96.595061, 32.611353], [-96.59508, 32.611392], [-96.595294, 32.611469], [-96.595372, 32.611513], [-96.59547, 32.611601], [-96.595522, 32.611606], [-96.595587, 32.611595], [-96.595697, 32.611601], [-96.595827, 32.611622], [-96.595983, 32.611666], [-96.596132, 32.611688], [-96.596255, 32.611727], [-96.596463, 32.611738], [-96.596548, 32.611721], [-96.596749, 32.611765], [-96.596866, 32.611776], [-96.597132, 32.611837], [-96.59734, 32.611831], [-96.59745, 32.611853], [-96.597645, 32.611825], [-96.597892, 32.611803], [-96.598372, 32.611704], [-96.598749, 32.611556], [-96.598866, 32.611479], [-96.599262, 32.611127], [-96.599418, 32.611017], [-96.599697, 32.610786], [-96.599723, 32.610693], [-96.599723, 32.610649], [-96.599774, 32.610561], [-96.585793, 32.600699]]]}}, {"type": "Feature", "properties": {"k": "area", "s": "water"}, "geometry": {"type": "Polygon", "coordinates": [[[-96.586429, 32.600721], [-96.58641, 32.600528], [-96.58641, 32.600402], [-96.586455, 32.600198], [-96.586539, 32.600089], [-96.586585, 32.600001], [-96.586689, 32.599874], [-96.586728, 32.599792], [-96.586799, 32.599731], [-96.586851, 32.599665], [-96.586903, 32.599572], [-96.586942, 32.599446], [-96.587065, 32.599187], [-96.587124, 32.599088], [-96.587253, 32.598967], [-96.58748, 32.598638], [-96.587565, 32.598495], [-96.587656, 32.59844], [-96.58774, 32.598374], [-96.587818, 32.598297], [-96.587863, 32.598192], [-96.587909, 32.597983], [-96.588013, 32.597841], [-96.588045, 32.597753], [-96.588065, 32.597599], [-96.588065, 32.597511], [-96.58811, 32.597362], [-96.58811, 32.597318], [-96.588084, 32.597203], [-96.588038, 32.59717], [-96.588013, 32.597082], [-96.587967, 32.597022], [-96.588058, 32.596747], [-96.58809, 32.596676], [-96.58809, 32.596609], [-96.588064, 32.596555], [-96.588006, 32.596505], [-96.587947, 32.596494], [-96.587876, 32.596467], [-96.587824, 32.596461], [-96.587785, 32.596428], [-96.58772, 32.596291], [-96.587662, 32.59623], [-96.587636, 32.59617], [-96.587642, 32.596109], [-96.587636, 32.596021], [-96.587616, 32.595983], [-96.587584, 32.595934], [-96.587499, 32.595895], [-96.587473, 32.595868], [-96.587402, 32.595505], [-96.58735, 32.595428], [-96.587214, 32.59528], [-96.587175, 32.595219], [-96.587064, 32.595087], [-96.587019, 32.59495], [-96.586973, 32.594873], [-96.586993, 32.59478], [-96.587032, 32.594692], [-96.587025, 32.594604], [-96.586954, 32.594357], [-96.58685, 32.594208], [-96.586837, 32.594038], [-96.586811, 32.593911], [-96.586804, 32.593823], [-96.586694, 32.593653], [-96.586616, 32.593587], [-96.58659, 32.593477], [-96.586596, 32.593268], [-96.586467, 32.59295], [-96.586434, 32.592801], [-96.586324, 32.592543], [-96.586317, 32.59245], [-96.586226, 32.592274], [-96.586129, 32.592037], [-96.586031, 32.591889], [-96.586018, 32.591785], [-96.586051, 32.591647], [-96.586044, 32.591581], [-96.585979, 32.591526], [-96.585888, 32.591345], [-96.585739, 32.591164], [-96.585739, 32.591026], [-96.585687, 32.590922], [-96.585668, 32.590806], [-96.58557, 32.590565], [-96.58557, 32.590504], [-96.585544, 32.590427], [-96.585518, 32.590196], [-96.585408, 32.589916], [-96.585375, 32.589773], [-96.585382, 32.58968], [-96.585369, 32.589592], [-96.585291, 32.589487], [-96.585284, 32.589427], [-96.585232, 32.589246], [-96.585181, 32.589141], [-96.585167, 32.58902], [-96.585102, 32.588707], [-96.585044, 32.588625], [-96.585025, 32.588575], [-96.585031, 32.588531], [-96.585005, 32.58846], [-96.584934, 32.588344], [-96.584908, 32.588262], [-96.584895, 32.588081], [-96.584856, 32.587905], [-96.584726, 32.58768], [-96.584674, 32.587493], [-96.584589, 32.58741], [-96.584525, 32.587273], [-96.584518, 32.587185], [-96.584531, 32.587091], [-96.584414, 32.586899], [-96.58431, 32.586701], [-96.584089, 32.586564], [-96.584024, 32.586427], [-96.583979, 32.5863], [-96.58394, 32.586229], [-96.583791, 32.586014], [-96.58368, 32.585877], [-96.583641, 32.585811], [-96.583628, 32.585729], [-96.583563, 32.585674], [-96.583447, 32.585525], [-96.583278, 32.585432], [-96.583219, 32.585366], [-96.583174, 32.585278], [-96.583025, 32.585113], [-96.582992, 32.585053], [-96.58296, 32.584893], [-96.582921, 32.584811], [-96.582908, 32.584712], [-96.582927, 32.584635], [-96.583005, 32.584542], [-96.586429, 32.600721]]]}}, {"type": "Feature", "properties": {"k": "area", "s": "grass", "name": "Santa Fe Trail Corridor"}, "geometry": {"type": "Polygon", "coordinates": [[[-96.728987, 32.811636], [-96.728958, 32.811548], [-96.728796, 32.811653], [-96.72872, 32.811327], [-96.728947, 32.811162], [-96.728752, 32.810968], [-96.728741, 32.810896], [-96.728843, 32.810806], [-96.728724, 32.810652], [-96.72868, 32.810499], [-96.728804, 32.810395], [-96.728616, 32.810238], [-96.728539, 32.809505], [-96.728367, 32.808754], [-96.728277, 32.808678], [-96.728301, 32.80846], [-96.728213, 32.808138], [-96.728121, 32.807767], [-96.728085, 32.807537], [-96.728076, 32.807105], [-96.728106, 32.806644], [-96.728261, 32.805945], [-96.728387, 32.805523], [-96.728647, 32.805169], [-96.728671, 32.805095], [-96.728886, 32.804436], [-96.729144, 32.804492], [-96.729718, 32.804617], [-96.730125, 32.804692], [-96.730737, 32.804894], [-96.731329, 32.805188], [-96.73157, 32.805349], [-96.732103, 32.805685], [-96.732351, 32.805898], [-96.732636, 32.806215], [-96.732525, 32.806504], [-96.732541, 32.806516], [-96.732569, 32.806524], [-96.732588, 32.806522], [-96.732601, 32.80652], [-96.732619, 32.806514], [-96.732624, 32.80651], [-96.732642, 32.806499], [-96.732666, 32.806488], [-96.7327, 32.806476], [-96.732725, 32.806471], [-96.732751, 32.806468], [-96.732806, 32.806467], [-96.732852, 32.806474], [-96.732885, 32.806483], [-96.73291, 32.806494], [-96.732947, 32.806519], [-96.732979, 32.806547], [-96.733206, 32.806762], [-96.73342, 32.806994], [-96.733447, 32.807044], [-96.733464, 32.807095], [-96.733483, 32.807148], [-96.733487, 32.807168], [-96.733496, 32.807198], [-96.733516, 32.807188], [-96.733603, 32.807154], [-96.73382, 32.807371], [-96.734201, 32.807789], [-96.734265, 32.807861], [-96.734505, 32.808127], [-96.734804, 32.80838], [-96.735159, 32.808654], [-96.735601, 32.808946], [-96.735563, 32.808993], [-96.735703, 32.809077], [-96.735738, 32.809028], [-96.735778, 32.809063], [-96.736046, 32.809224], [-96.73657, 32.809438], [-96.736873, 32.809544], [-96.737278, 32.809677], [-96.737623, 32.809778], [-96.738015, 32.809866], [-96.738471, 32.80993], [-96.73886, 32.809956], [-96.73901, 32.80996], [-96.73966, 32.809957], [-96.740034, 32.80993], [-96.740487, 32.809891], [-96.740947, 32.809825], [-96.742844, 32.809277], [-96.743462, 32.809071], [-96.744114, 32.808825], [-96.744512, 32.808653], [-96.744921, 32.808448], [-96.744978, 32.80842], [-96.745057, 32.808394], [-96.745135, 32.808364], [-96.745216, 32.808353], [-96.74541, 32.808248], [-96.745472, 32.808291], [-96.745573, 32.808206], [-96.745641, 32.808149], [-96.746223, 32.807647], [-96.746563, 32.807289], [-96.746818, 32.806991], [-96.747311, 32.806391], [-96.747357, 32.806335], [-96.748218, 32.805305], [-96.749221, 32.803989], [-96.749333, 32.803819], [-96.749177, 32.803677], [-96.749304, 32.803586], [-96.749522, 32.803394], [-96.750898, 32.802194], [-96.750945, 32.802161], [-96.754162, 32.799441], [-96.754178, 32.799437], [-96.754187, 32.799427], [-96.754196, 32.799401], [-96.754165, 32.799376], [-96.754159, 32.799371], [-96.754136, 32.799354], [-96.754129, 32.799334], [-96.754326, 32.799173], [-96.754362, 32.799182], [-96.754445, 32.799245], [-96.755545, 32.798339], [-96.755703, 32.798465], [-96.755822, 32.798381], [-96.75566, 32.798249], [-96.757557, 32.796725], [-96.757507, 32.796678], [-96.757567, 32.796624], [-96.75759, 32.796643], [-96.757606, 32.796652], [-96.757625, 32.796655], [-96.757639, 32.796652], [-96.757651, 32.796643], [-96.758426, 32.796035], [-96.758495, 32.795987], [-96.758527, 32.795977], [-96.75856, 32.795962], [-96.758606, 32.79593], [-96.758617, 32.795888], [-96.758599, 32.795828], [-96.758584, 32.79579], [-96.758649, 32.795735], [-96.758653, 32.795757], [-96.75866, 32.795779], [-96.75868, 32.795791], [-96.7587, 32.795797], [-96.758725, 32.795797], [-96.758742, 32.795793], [-96.760003, 32.794751], [-96.760061, 32.794701], [-96.759988, 32.794632], [-96.759934, 32.794585], [-96.760128, 32.794426], [-96.76026, 32.794547], [-96.761604, 32.793441], [-96.761541, 32.793387], [-96.761578, 32.793323], [-96.76163, 32.793367], [-96.762922, 32.792217], [-96.764175, 32.791206], [-96.764195, 32.791185], [-96.764203, 32.791164], [-96.764198, 32.791151], [-96.764271, 32.79109], [-96.764294, 32.79109], [-96.764317, 32.791086], [-96.764336, 32.791077], [-96.764972, 32.790553], [-96.765328, 32.790265], [-96.765607, 32.79004], [-96.765615, 32.790025], [-96.765619, 32.790011], [-96.765618, 32.789994], [-96.76561, 32.789975], [-96.765599, 32.789965], [-96.765643, 32.78988], [-96.765682, 32.789913], [-96.765698, 32.789917], [-96.765715, 32.789915], [-96.765731, 32.78991], [-96.76617, 32.789545], [-96.766372, 32.789371], [-96.767204, 32.788576], [-96.767221, 32.788554], [-96.767224, 32.78853], [-96.767208, 32.788511], [-96.767192, 32.788496], [-96.767211, 32.788467], [-96.767247, 32.788416], [-96.767287, 32.788453], [-96.768469, 32.786833], [-96.768495, 32.786802], [-96.768458, 32.786769], [-96.768476, 32.786744], [-96.768512, 32.786696], [-96.768573, 32.786748], [-96.768587, 32.786748], [-96.769148, 32.785903], [-96.769119, 32.785883], [-96.769164, 32.78582], [-96.769348, 32.78592], [-96.770016, 32.785173], [-96.770966, 32.785428], [-96.771013, 32.785367], [-96.771907, 32.785606], [-96.773186, 32.785952], [-96.773403, 32.786023], [-96.775056, 32.786441], [-96.77516, 32.786361], [-96.773428, 32.785918], [-96.77342, 32.785946], [-96.773206, 32.785883], [-96.773218, 32.785843], [-96.770185, 32.785089], [-96.769998, 32.785008], [-96.769485, 32.784875], [-96.766977, 32.784217], [-96.76669, 32.784193], [-96.76625, 32.784152], [-96.766071, 32.784122], [-96.765907, 32.784079], [-96.765776, 32.784023], [-96.765669, 32.783935], [-96.765569, 32.783848], [-96.765449, 32.784025], [-96.76549, 32.784078], [-96.765625, 32.784035], [-96.765737, 32.784164], [-96.766557, 32.784354], [-96.766591, 32.784257], [-96.767018, 32.784375], [-96.767044, 32.784413], [-96.767329, 32.784491], [-96.767354, 32.784427], [-96.767458, 32.784429], [-96.768101, 32.784605], [-96.769516, 32.784997], [-96.769523, 32.785016], [-96.769515, 32.78504], [-96.769176, 32.785548], [-96.769028, 32.785716], [-96.769088, 32.785755], [-96.769095, 32.785781], [-96.769051, 32.785838], [-96.769042, 32.785816], [-96.76902, 32.785795], [-96.768989, 32.785772], [-96.768401, 32.786601], [-96.768477, 32.786666], [-96.768437, 32.786716], [-96.768421, 32.786735], [-96.768401, 32.786719], [-96.76838, 32.786709], [-96.768359, 32.786709], [-96.767743, 32.787547], [-96.767501, 32.787896], [-96.767175, 32.788331], [-96.767183, 32.78835], [-96.767192, 32.788366], [-96.767208, 32.788384], [-96.76717, 32.788437], [-96.767152, 32.788461], [-96.767112, 32.788425], [-96.766881, 32.788666], [-96.766731, 32.788839], [-96.766322, 32.78923], [-96.766308, 32.789233], [-96.76629, 32.789221], [-96.766267, 32.789207], [-96.766244, 32.789204], [-96.766223, 32.789215], [-96.76558, 32.789758], [-96.76556, 32.789775], [-96.765557, 32.789788], [-96.765564, 32.789809], [-96.765582, 32.789826], [-96.765537, 32.789911], [-96.765513, 32.78989], [-96.76466, 32.790603], [-96.764182, 32.791028], [-96.764177, 32.791036], [-96.764181, 32.791046], [-96.764198, 32.791057], [-96.764142, 32.7911], [-96.764123, 32.791093], [-96.764111, 32.791094], [-96.764099, 32.7911], [-96.761499, 32.793215], [-96.761491, 32.793227], [-96.761488, 32.793239], [-96.761494, 32.79325], [-96.761518, 32.79327], [-96.761478, 32.793335], [-96.761463, 32.793322], [-96.761443, 32.793316], [-96.761417, 32.793309], [-96.76139, 32.793307], [-96.761379, 32.793313], [-96.761126, 32.793526], [-96.760689, 32.793889], [-96.760309, 32.794201], [-96.760136, 32.794349], [-96.760118, 32.794364], [-96.760114, 32.794371], [-96.759865, 32.794572], [-96.759777, 32.79464], [-96.758605, 32.795628], [-96.75862, 32.795666], [-96.758548, 32.795723], [-96.758528, 32.795715], [-96.758505, 32.795714], [-96.758484, 32.795717], [-96.757889, 32.796217], [-96.757511, 32.796527], [-96.757501, 32.796542], [-96.757497, 32.796557], [-96.757507, 32.796567], [-96.757514, 32.796574], [-96.757454, 32.796625], [-96.757385, 32.796596], [-96.757332, 32.796589], [-96.754328, 32.799087], [-96.75431, 32.799116], [-96.754294, 32.79915], [-96.754099, 32.799317], [-96.754077, 32.799316], [-96.754058, 32.799326], [-96.754048, 32.799334], [-96.754027, 32.79934], [-96.750782, 32.802153], [-96.750656, 32.802244], [-96.750637, 32.80226], [-96.750108, 32.802723], [-96.749497, 32.803259], [-96.749229, 32.803493], [-96.749064, 32.803653], [-96.748932, 32.803819], [-96.748415, 32.804392], [-96.748015, 32.804832], [-96.747288, 32.805611], [-96.747089, 32.80584], [-96.746939, 32.806013], [-96.746276, 32.80683], [-96.745461, 32.807713], [-96.745185, 32.807957], [-96.744976, 32.808104], [-96.744897, 32.808159], [-96.744498, 32.808374], [-96.743905, 32.808605], [-96.743514, 32.808708], [-96.740952, 32.809522], [-96.740542, 32.809649], [-96.740195, 32.80969], [-96.739522, 32.809733], [-96.739114, 32.809775], [-96.73893, 32.809794], [-96.738698, 32.809816], [-96.73841, 32.80976], [-96.73801, 32.809676], [-96.737113, 32.809421], [-96.73711, 32.80942], [-96.736604, 32.809175], [-96.736371, 32.809107], [-96.736161, 32.808977], [-96.735856, 32.808772], [-96.735478, 32.808551], [-96.735215, 32.808387], [-96.734949, 32.808146], [-96.733922, 32.807154], [-96.733133, 32.806259], [-96.732908, 32.806015], [-96.732871, 32.805939], [-96.732871, 32.805837], [-96.732547, 32.805633], [-96.732167, 32.805363], [-96.731735, 32.80508], [-96.731276, 32.80483], [-96.730725, 32.804558], [-96.730515, 32.804464], [-96.730346, 32.804386], [-96.730037, 32.804276], [-96.729162, 32.804108], [-96.728526, 32.803946], [-96.728361, 32.804105], [-96.727758, 32.806481], [-96.72752, 32.807327], [-96.727502, 32.807592], [-96.727731, 32.807976], [-96.727832, 32.808864], [-96.727919, 32.809428], [-96.728046, 32.810004], [-96.728192, 32.810532], [-96.728332, 32.811145], [-96.728452, 32.81145], [-96.728518, 32.811463], [-96.72868, 32.81135], [-96.728755, 32.811674], [-96.728543, 32.811799], [-96.7287, 32.812685], [-96.728671, 32.812828], [-96.728686, 32.812891], [-96.728788, 32.812924], [-96.728825, 32.813185], [-96.728894, 32.813521], [-96.729006, 32.814119], [-96.729111, 32.814684], [-96.729359, 32.814905], [-96.729711, 32.815211], [-96.730084, 32.815519], [-96.730005, 32.815155], [-96.729961, 32.814948], [-96.729879, 32.814603], [-96.729838, 32.814421], [-96.72986, 32.81443], [-96.729883, 32.814433], [-96.729906, 32.814429], [-96.729926, 32.814419], [-96.729942, 32.814404], [-96.729953, 32.814387], [-96.729959, 32.814368], [-96.729958, 32.814354], [-96.729953, 32.814343], [-96.730133, 32.814213], [-96.730158, 32.814192], [-96.730178, 32.814178], [-96.7302, 32.814163], [-96.730226, 32.814148], [-96.730252, 32.814135], [-96.730274, 32.814128], [-96.730295, 32.814121], [-96.730314, 32.814116], [-96.730338, 32.814108], [-96.730373, 32.814093], [-96.730406, 32.81408], [-96.730429, 32.814066], [-96.730606, 32.81391], [-96.730876, 32.813692], [-96.731121, 32.813488], [-96.73129, 32.813341], [-96.731342, 32.813297], [-96.731387, 32.813252], [-96.731405, 32.813229], [-96.731418, 32.813206], [-96.731431, 32.813181], [-96.731439, 32.813154], [-96.731471, 32.813163], [-96.731517, 32.813127], [-96.731569, 32.813085], [-96.731594, 32.813066], [-96.731646, 32.813026], [-96.731534, 32.812953], [-96.731624, 32.812855], [-96.731768, 32.812686], [-96.731733, 32.812659], [-96.731582, 32.812835], [-96.731476, 32.812956], [-96.731426, 32.813012], [-96.731381, 32.813071], [-96.731344, 32.813123], [-96.731297, 32.813187], [-96.731349, 32.813234], [-96.731298, 32.813277], [-96.731249, 32.813317], [-96.731063, 32.813468], [-96.730642, 32.813811], [-96.73034, 32.814059], [-96.730344, 32.814071], [-96.73031, 32.814085], [-96.730273, 32.814095], [-96.730241, 32.814102], [-96.730219, 32.81411], [-96.730198, 32.814119], [-96.730171, 32.814134], [-96.730138, 32.814155], [-96.730071, 32.814198], [-96.729976, 32.814264], [-96.72992, 32.814305], [-96.729909, 32.814301], [-96.729899, 32.814298], [-96.729889, 32.814296], [-96.72987, 32.814296], [-96.729851, 32.8143], [-96.729834, 32.814307], [-96.72982, 32.814319], [-96.729316, 32.81226], [-96.729203, 32.812224], [-96.728987, 32.811636]]]}}, {"type": "Feature", "properties": {"k": "area", "s": "water"}, "geometry": {"type": "Polygon", "coordinates": [[[-96.442522, 32.34678], [-96.44236, 32.346808], [-96.442088, 32.34689], [-96.44201, 32.346879], [-96.4419, 32.346824], [-96.441803, 32.346791], [-96.441603, 32.346747], [-96.441227, 32.346648], [-96.441052, 32.346626], [-96.440955, 32.346588], [-96.440865, 32.346538], [-96.440781, 32.346467], [-96.440677, 32.346373], [-96.440573, 32.346247], [-96.440496, 32.346093], [-96.440463, 32.345978], [-96.440463, 32.345906], [-96.440476, 32.345846], [-96.440515, 32.345758], [-96.440593, 32.345648], [-96.440658, 32.345577], [-96.440781, 32.345505], [-96.441149, 32.345263], [-96.441311, 32.345104], [-96.441344, 32.345022], [-96.441331, 32.34484], [-96.441344, 32.344719], [-96.44137, 32.344637], [-96.441383, 32.344527], [-96.441363, 32.344472], [-96.441286, 32.344373], [-96.441149, 32.34428], [-96.441014, 32.344258], [-96.440904, 32.344263], [-96.440781, 32.344291], [-96.440586, 32.344362], [-96.44045, 32.344488], [-96.440334, 32.344648], [-96.440211, 32.344884], [-96.440017, 32.345148], [-96.439952, 32.345335], [-96.439913, 32.345401], [-96.439809, 32.345478], [-96.439609, 32.345692], [-96.439272, 32.346022], [-96.439259, 32.346071], [-96.439259, 32.346165], [-96.439246, 32.346236], [-96.43922, 32.346274], [-96.439097, 32.34634], [-96.438398, 32.346478], [-96.438295, 32.346489], [-96.437945, 32.346461], [-96.437803, 32.346406], [-96.437641, 32.346318], [-96.437505, 32.346302], [-96.437408, 32.346307], [-96.437155, 32.34628], [-96.436916, 32.346203], [-96.436754, 32.34617], [-96.43665, 32.346126], [-96.436119, 32.345807], [-96.435951, 32.345659], [-96.435919, 32.345582], [-96.435893, 32.345494], [-96.43588, 32.345384], [-96.435899, 32.34528], [-96.435906, 32.345148], [-96.435861, 32.344966], [-96.435867, 32.344818], [-96.435919, 32.344527], [-96.436294, 32.343796], [-96.436411, 32.343549], [-96.436508, 32.343197], [-96.436573, 32.343065], [-96.436754, 32.3429], [-96.436767, 32.342818], [-96.436845, 32.342664], [-96.436864, 32.342576], [-96.43689, 32.342219], [-96.436884, 32.342059], [-96.436812, 32.341993], [-96.4368, 32.341889], [-96.436715, 32.341631], [-96.436612, 32.341482], [-96.436476, 32.34135], [-96.436437, 32.341334], [-96.43612, 32.341334], [-96.435524, 32.341257], [-96.43511, 32.341218], [-96.434825, 32.341208], [-96.434411, 32.341207], [-96.43432, 32.341224], [-96.434152, 32.341202], [-96.434074, 32.341169], [-96.433887, 32.340998], [-96.433673, 32.34057], [-96.433647, 32.340493], [-96.433615, 32.340301], [-96.433589, 32.340262], [-96.433544, 32.340229], [-96.433459, 32.340246], [-96.433395, 32.340246], [-96.433304, 32.340207], [-96.43322, 32.340097], [-96.433188, 32.340037], [-96.433168, 32.339833], [-96.433155, 32.339801], [-96.433058, 32.339674], [-96.432819, 32.339504], [-96.432443, 32.33946], [-96.432391, 32.339438], [-96.432262, 32.339421], [-96.432126, 32.339449], [-96.431996, 32.339597], [-96.431925, 32.339658], [-96.43177, 32.339734], [-96.431537, 32.339712], [-96.431401, 32.339734], [-96.430941, 32.339751], [-96.430877, 32.33974], [-96.430514, 32.339635], [-96.430158, 32.339317], [-96.42997, 32.339179], [-96.429815, 32.339091], [-96.429246, 32.338844], [-96.429148, 32.3388], [-96.428741, 32.338547], [-96.428365, 32.33825], [-96.428178, 32.338063], [-96.427802, 32.337723], [-96.427576, 32.337492], [-96.427343, 32.33736], [-96.426974, 32.337234], [-96.426864, 32.337173], [-96.426683, 32.337107], [-96.42643, 32.337069], [-96.426281, 32.337036], [-96.426119, 32.336942], [-96.42599, 32.336914], [-96.425647, 32.336931], [-96.425213, 32.33698], [-96.424391, 32.337096], [-96.42399, 32.33714], [-96.423699, 32.337162], [-96.423453, 32.337145], [-96.422507, 32.337128], [-96.42098, 32.336969], [-96.420041, 32.336886], [-96.418656, 32.336732], [-96.418455, 32.336688], [-96.418255, 32.336661], [-96.417679, 32.336611], [-96.417135, 32.336512], [-96.416947, 32.336473], [-96.416857, 32.336446], [-96.416676, 32.336374], [-96.416553, 32.336281], [-96.416326, 32.336083], [-96.416054, 32.335836], [-96.415957, 32.335704], [-96.415899, 32.335583], [-96.415808, 32.335319], [-96.415783, 32.335171], [-96.415796, 32.334874], [-96.415815, 32.334709], [-96.415835, 32.334654], [-96.442522, 32.34678]]]}}, {"type": "Feature", "properties": {"k": "area", "s": "water"}, "geometry": {"type": "Polygon", "coordinates": [[[-96.582557, 32.584162], [-96.582278, 32.584399], [-96.582258, 32.584443], [-96.582252, 32.584509], [-96.582258, 32.584613], [-96.582272, 32.584652], [-96.582213, 32.58474], [-96.5822, 32.584849], [-96.582252, 32.584937], [-96.582272, 32.585163], [-96.58235, 32.585284], [-96.582395, 32.585317], [-96.582427, 32.585377], [-96.582447, 32.585448], [-96.582512, 32.585569], [-96.582557, 32.585613], [-96.582629, 32.585646], [-96.582681, 32.585663], [-96.582791, 32.585663], [-96.583005, 32.585795], [-96.583064, 32.585844], [-96.58318, 32.586064], [-96.583271, 32.586174], [-96.583453, 32.586284], [-96.583525, 32.58635], [-96.583577, 32.586432], [-96.583602, 32.586548], [-96.583745, 32.586696], [-96.583784, 32.586784], [-96.58381, 32.586883], [-96.583836, 32.586932], [-96.583882, 32.586987], [-96.583908, 32.587053], [-96.583914, 32.587141], [-96.583947, 32.587201], [-96.583999, 32.587251], [-96.58409, 32.587388], [-96.584129, 32.587465], [-96.584232, 32.587954], [-96.584297, 32.588037], [-96.584388, 32.588108], [-96.584414, 32.588207], [-96.584421, 32.588306], [-96.584473, 32.588355], [-96.584544, 32.588487], [-96.584564, 32.588669], [-96.584629, 32.588768], [-96.584648, 32.58891], [-96.584681, 32.58901], [-96.584687, 32.589125], [-96.58472, 32.589207], [-96.584752, 32.589372], [-96.584811, 32.589444], [-96.584895, 32.589718], [-96.584901, 32.589856], [-96.584914, 32.589911], [-96.58485, 32.590059], [-96.584862, 32.59018], [-96.584914, 32.590273], [-96.585018, 32.590565], [-96.585025, 32.590653], [-96.585083, 32.590851], [-96.585174, 32.590993], [-96.5852, 32.591076], [-96.585239, 32.591274], [-96.58533, 32.591493], [-96.585402, 32.591548], [-96.585408, 32.59162], [-96.585402, 32.591691], [-96.585421, 32.591779], [-96.585506, 32.591873], [-96.585532, 32.591988], [-96.585519, 32.592104], [-96.585622, 32.592378], [-96.585681, 32.592488], [-96.585778, 32.592593], [-96.585869, 32.592768], [-96.585902, 32.592895], [-96.58598, 32.593038], [-96.586084, 32.593367], [-96.586142, 32.593648], [-96.586201, 32.593823], [-96.586214, 32.59395], [-96.586311, 32.594104], [-96.586337, 32.59428], [-96.586408, 32.594378], [-96.586421, 32.594521], [-96.586447, 32.594615], [-96.586441, 32.59473], [-96.586473, 32.594807], [-96.586603, 32.594912], [-96.586649, 32.594988], [-96.586655, 32.595076], [-96.586649, 32.595142], [-96.586694, 32.595219], [-96.586714, 32.595357], [-96.586759, 32.595417], [-96.58685, 32.595577], [-96.586896, 32.595637], [-96.586993, 32.595736], [-96.587032, 32.596016], [-96.587071, 32.596153], [-96.587078, 32.596219], [-96.587123, 32.596346], [-96.587149, 32.596522], [-96.587201, 32.596626], [-96.587246, 32.59667], [-96.587266, 32.596879], [-96.587311, 32.596972], [-96.587363, 32.597027], [-96.587402, 32.59711], [-96.587409, 32.597242], [-96.587396, 32.597319], [-96.587409, 32.597401], [-96.587461, 32.597478], [-96.587467, 32.597527], [-96.587493, 32.597571], [-96.587506, 32.597626], [-96.587467, 32.597681], [-96.587461, 32.597747], [-96.587474, 32.597835], [-96.587448, 32.597901], [-96.587285, 32.598066], [-96.58711, 32.598176], [-96.587058, 32.598242], [-96.587052, 32.598297], [-96.587091, 32.598506], [-96.587052, 32.598577], [-96.586955, 32.59866], [-96.586929, 32.598742], [-96.586688, 32.598945], [-96.586585, 32.599011], [-96.586533, 32.599083], [-96.5865, 32.599165], [-96.586448, 32.599187], [-96.586396, 32.599253], [-96.586319, 32.599385], [-96.586163, 32.599517], [-96.586026, 32.599654], [-96.585858, 32.59994], [-96.585799, 32.600006], [-96.58576, 32.600105], [-96.585786, 32.600265], [-96.585806, 32.600517], [-96.585793, 32.600699], [-96.582557, 32.584162]]]}}, {"type": "Feature", "properties": {"k": "area", "s": "gravel", "name": "DART Central Rail Operating Facility"}, "geometry": {"type": "Polygon", "coordinates": [[[-96.778653, 32.772402], [-96.778728, 32.772488], [-96.778579, 32.772701], [-96.777993, 32.773507], [-96.777827, 32.773769], [-96.775984, 32.776315], [-96.775815, 32.776565], [-96.775064, 32.777636], [-96.774611, 32.778236], [-96.774273, 32.77873], [-96.774372, 32.778818], [-96.773597, 32.779874], [-96.773474, 32.780304], [-96.773244, 32.780319], [-96.772666, 32.781168], [-96.772546, 32.781339], [-96.772487, 32.781331], [-96.772162, 32.781786], [-96.771886, 32.781612], [-96.772192, 32.781157], [-96.77216, 32.780506], [-96.772072, 32.780411], [-96.771926, 32.780478], [-96.769761, 32.778428], [-96.769847, 32.778252], [-96.769909, 32.778263], [-96.77092, 32.779145], [-96.770939, 32.779091], [-96.770958, 32.778965], [-96.771009, 32.778884], [-96.771081, 32.778818], [-96.771148, 32.778755], [-96.772294, 32.777828], [-96.772335, 32.777794], [-96.772554, 32.777594], [-96.77275, 32.777355], [-96.773181, 32.776983], [-96.775215, 32.775181], [-96.775662, 32.774736], [-96.775923, 32.774511], [-96.777486, 32.773212], [-96.777537, 32.773246], [-96.777682, 32.773133], [-96.777733, 32.773187], [-96.778261, 32.772734], [-96.778653, 32.772402]]]}}, {"type": "Feature", "properties": {"k": "area", "s": "grass", "name": "Reverchon Park"}, "geometry": {"type": "Polygon", "coordinates": [[[-96.81577, 32.800253], [-96.815376, 32.800496], [-96.815016, 32.800789], [-96.814911, 32.801054], [-96.812886, 32.802725], [-96.812854, 32.802743], [-96.811958, 32.801984], [-96.811323, 32.801421], [-96.810543, 32.800669], [-96.809893, 32.800073], [-96.811625, 32.798997], [-96.812541, 32.798386], [-96.812679, 32.798241], [-96.81376, 32.798522], [-96.814103, 32.798647], [-96.814419, 32.798798], [-96.81459, 32.798896], [-96.814753, 32.798999], [-96.81477, 32.799012], [-96.814804, 32.799129], [-96.814863, 32.799254], [-96.814919, 32.799331], [-96.815235, 32.799663], [-96.815535, 32.799979], [-96.815628, 32.800081], [-96.81577, 32.800253]]]}}, {"type": "Feature", "properties": {"k": "area", "s": "water"}, "geometry": {"type": "Polygon", "coordinates": [[[-96.484343, 32.443515], [-96.484453, 32.443642], [-96.484518, 32.443988], [-96.484712, 32.444219], [-96.484745, 32.444521], [-96.48468, 32.44479], [-96.484648, 32.444856], [-96.484117, 32.445483], [-96.483981, 32.445631], [-96.483812, 32.445769], [-96.483741, 32.445906], [-96.483637, 32.446203], [-96.483612, 32.44656], [-96.48356, 32.446813], [-96.483476, 32.447071], [-96.483502, 32.447522], [-96.483586, 32.448022], [-96.483606, 32.44822], [-96.483684, 32.448412], [-96.483762, 32.448643], [-96.483756, 32.449264], [-96.483827, 32.449841], [-96.483957, 32.45017], [-96.484119, 32.450544], [-96.484515, 32.451116], [-96.484878, 32.451429], [-96.485105, 32.451659], [-96.485546, 32.451769], [-96.485727, 32.451764], [-96.485999, 32.451593], [-96.486206, 32.451593], [-96.48631, 32.451555], [-96.486388, 32.451472], [-96.486485, 32.451258], [-96.486524, 32.451148], [-96.486705, 32.450944], [-96.486952, 32.450796], [-96.48734, 32.450675], [-96.487561, 32.450658], [-96.487664, 32.450636], [-96.48793, 32.450647], [-96.48806, 32.450691], [-96.488079, 32.450708], [-96.488118, 32.450719], [-96.48819, 32.450768], [-96.488267, 32.450873], [-96.488533, 32.451092], [-96.488786, 32.451268], [-96.489078, 32.451438], [-96.489415, 32.45157], [-96.489784, 32.451669], [-96.490342, 32.451679], [-96.490536, 32.451696], [-96.490893, 32.451762], [-96.491204, 32.451861], [-96.491483, 32.451937], [-96.491645, 32.452053], [-96.491865, 32.45213], [-96.492079, 32.452245], [-96.492319, 32.452333], [-96.492377, 32.452382], [-96.49276, 32.45253], [-96.492818, 32.452657], [-96.493045, 32.452657], [-96.49309, 32.452679], [-96.493188, 32.452832], [-96.493252, 32.452849], [-96.493363, 32.452849], [-96.493408, 32.452904], [-96.493557, 32.452937], [-96.493771, 32.452926], [-96.494225, 32.452991], [-96.494367, 32.453052], [-96.494517, 32.453074], [-96.494918, 32.45309], [-96.495042, 32.453063], [-96.495197, 32.453041], [-96.495735, 32.453029], [-96.495884, 32.453013], [-96.496027, 32.453018], [-96.496792, 32.452902], [-96.49707, 32.452831], [-96.497517, 32.452831], [-96.497537, 32.45282], [-96.497783, 32.452787], [-96.497913, 32.452819], [-96.498185, 32.452957], [-96.498308, 32.453056], [-96.498477, 32.453281], [-96.498581, 32.453594], [-96.498561, 32.453858], [-96.498523, 32.454023], [-96.49849, 32.454067], [-96.498451, 32.4541], [-96.498452, 32.454325], [-96.498432, 32.454424], [-96.498374, 32.454484], [-96.498056, 32.454639], [-96.497642, 32.455034], [-96.497448, 32.455177], [-96.497279, 32.45532], [-96.497195, 32.455375], [-96.49713, 32.455403], [-96.497065, 32.455419], [-96.497026, 32.455419], [-96.496391, 32.455639], [-96.496326, 32.455788], [-96.496223, 32.455848], [-96.496126, 32.45587], [-96.495925, 32.455953], [-96.495614, 32.456118], [-96.49551, 32.456162], [-96.495374, 32.456244], [-96.494771, 32.456426], [-96.494622, 32.456454], [-96.494454, 32.456564], [-96.494311, 32.456618], [-96.49413, 32.456707], [-96.494052, 32.456761], [-96.493838, 32.456954], [-96.493767, 32.456998], [-96.493709, 32.457119], [-96.493689, 32.457218], [-96.493599, 32.457306], [-96.493612, 32.457498], [-96.493689, 32.457657], [-96.49369, 32.457762], [-96.493592, 32.457872], [-96.493742, 32.458036], [-96.493748, 32.458267], [-96.493813, 32.458295], [-96.493787, 32.458322], [-96.493813, 32.458377], [-96.49393, 32.458465], [-96.494014, 32.458575], [-96.494098, 32.458602], [-96.494176, 32.458652], [-96.494371, 32.458883], [-96.494546, 32.459014], [-96.494818, 32.459339], [-96.494961, 32.459437], [-96.495006, 32.459509], [-96.495045, 32.459619], [-96.495091, 32.45969], [-96.495104, 32.45991], [-96.495208, 32.460146], [-96.495279, 32.460157], [-96.495389, 32.460251], [-96.495435, 32.460305], [-96.495435, 32.460498], [-96.495409, 32.460586], [-96.495506, 32.460723], [-96.4955, 32.460816], [-96.495441, 32.460932], [-96.495396, 32.460993], [-96.495351, 32.461042], [-96.495241, 32.461064], [-96.495189, 32.461124], [-96.495182, 32.461317], [-96.495202, 32.461454], [-96.495176, 32.461614], [-96.495196, 32.461767], [-96.495098, 32.462114], [-96.484343, 32.443515]]]}}, {"type": "Feature", "properties": {"k": "area", "s": "gravel"}, "geometry": {"type": "Polygon", "coordinates": [[[-96.786458, 32.761741], [-96.786493, 32.761763], [-96.786099, 32.762303], [-96.785923, 32.762172], [-96.786096, 32.761935], [-96.786364, 32.761542], [-96.78645, 32.761353], [-96.78651, 32.761131], [-96.786494, 32.760986], [-96.786533, 32.760891], [-96.78681, 32.760498], [-96.78681, 32.760347], [-96.786767, 32.760115], [-96.786713, 32.759968], [-96.786598, 32.759774], [-96.786383, 32.759562], [-96.785982, 32.759276], [-96.785436, 32.758928], [-96.784353, 32.758322], [-96.782349, 32.757189], [-96.782467, 32.757074], [-96.782588, 32.757013], [-96.782767, 32.757045], [-96.784559, 32.757909], [-96.785265, 32.758254], [-96.785561, 32.758475], [-96.786624, 32.758982], [-96.787287, 32.759208], [-96.787198, 32.75949], [-96.788081, 32.759863], [-96.788481, 32.760085], [-96.788725, 32.759792], [-96.79061, 32.760753], [-96.791595, 32.761281], [-96.792263, 32.76171], [-96.792571, 32.76189], [-96.792825, 32.762022], [-96.792944, 32.762084], [-96.793126, 32.762185], [-96.794154, 32.762718], [-96.794327, 32.762548], [-96.795464, 32.763189], [-96.796033, 32.763493], [-96.796796, 32.764002], [-96.797625, 32.764699], [-96.79708, 32.765142], [-96.796651, 32.76482], [-96.796262, 32.764572], [-96.795004, 32.763886], [-96.793893, 32.76327], [-96.79336, 32.762973], [-96.7931, 32.762888], [-96.792285, 32.762461], [-96.792155, 32.762393], [-96.791619, 32.762185], [-96.791381, 32.762116], [-96.790447, 32.761606], [-96.790388, 32.761653], [-96.790186, 32.761551], [-96.789865, 32.761179], [-96.789529, 32.761015], [-96.788623, 32.760514], [-96.788151, 32.760264], [-96.787874, 32.760302], [-96.787617, 32.760385], [-96.787467, 32.760491], [-96.787327, 32.760579], [-96.787118, 32.760841], [-96.786458, 32.761741]]]}}, {"type": "Feature", "properties": {"k": "area", "s": "grass", "name": "Greenwood Cemetery"}, "geometry": {"type": "Polygon", "coordinates": [[[-96.798375, 32.803283], [-96.795653, 32.80095], [-96.795659, 32.800933], [-96.796264, 32.800434], [-96.796328, 32.800381], [-96.797033, 32.7998], [-96.797445, 32.799461], [-96.798413, 32.798712], [-96.799711, 32.799768], [-96.800172, 32.800143], [-96.799569, 32.800677], [-96.799831, 32.800902], [-96.800541, 32.800995], [-96.799496, 32.802185], [-96.798375, 32.803283]]]}}, {"type": "Feature", "properties": {"k": "area", "s": "grass", "name": "Trinity River Floodway"}, "geometry": {"type": "Polygon", "coordinates": [[[-96.906098, 32.808766], [-96.906063, 32.808343], [-96.905621, 32.807259], [-96.904848, 32.806029], [-96.903642, 32.804349], [-96.902999, 32.803128], [-96.902099, 32.801488], [-96.90062, 32.79956], [-96.899849, 32.798917], [-96.899122, 32.798497], [-96.898274, 32.798178], [-96.906098, 32.808766]]]}}, {"type": "Feature", "properties": {"k": "area", "s": "water"}, "geometry": {"type": "Polygon", "coordinates": [[[-96.500916, 32.497279], [-96.500882, 32.49718], [-96.500612, 32.497224], [-96.500657, 32.496763], [-96.500509, 32.496372], [-96.500431, 32.496229], [-96.50034, 32.495999], [-96.500224, 32.49546], [-96.500218, 32.495009], [-96.50038, 32.494608], [-96.500568, 32.494251], [-96.500854, 32.493916], [-96.501166, 32.493674], [-96.50162, 32.493488], [-96.5021, 32.493356], [-96.502722, 32.493362], [-96.503079, 32.493489], [-96.503578, 32.493698], [-96.50398, 32.493989], [-96.504154, 32.494138], [-96.504317, 32.494341], [-96.504517, 32.494693], [-96.504764, 32.494951], [-96.504861, 32.495171], [-96.505009, 32.495831], [-96.505132, 32.495963], [-96.505217, 32.496122], [-96.505262, 32.496282], [-96.505281, 32.496408], [-96.505275, 32.496589], [-96.505184, 32.496721], [-96.505132, 32.496864], [-96.505119, 32.496985], [-96.505088, 32.497163], [-96.505084, 32.497256], [-96.505087, 32.497328], [-96.505109, 32.497438], [-96.50509, 32.497593], [-96.505098, 32.49766], [-96.505079, 32.497726], [-96.505136, 32.497762], [-96.505177, 32.497776], [-96.505371, 32.49776], [-96.505624, 32.49771], [-96.505883, 32.497683], [-96.506156, 32.497595], [-96.506266, 32.497502], [-96.50637, 32.49737], [-96.506474, 32.49715], [-96.506558, 32.497002], [-96.506695, 32.496782], [-96.506948, 32.496321], [-96.507402, 32.495755], [-96.507766, 32.495359], [-96.508168, 32.49486], [-96.508421, 32.494524], [-96.508557, 32.494305], [-96.50861, 32.493969], [-96.508571, 32.493634], [-96.508649, 32.493052], [-96.508643, 32.492854], [-96.508585, 32.4922], [-96.508462, 32.491942], [-96.507341, 32.490869], [-96.50642, 32.490374], [-96.506083, 32.490226], [-96.505117, 32.490099], [-96.504417, 32.490088], [-96.503606, 32.490236], [-96.50325, 32.490219], [-96.50275, 32.49018], [-96.502478, 32.490048], [-96.502219, 32.489888], [-96.502018, 32.48968], [-96.501882, 32.489432], [-96.501746, 32.489152], [-96.50161, 32.488767], [-96.501617, 32.488394], [-96.501682, 32.487981], [-96.501773, 32.487718], [-96.501961, 32.487459], [-96.502201, 32.48724], [-96.502461, 32.487064], [-96.502746, 32.486905], [-96.503291, 32.486658], [-96.503816, 32.486669], [-96.504076, 32.486691], [-96.504367, 32.486735], [-96.504594, 32.486735], [-96.504873, 32.486681], [-96.505081, 32.48662], [-96.505347, 32.486494], [-96.505697, 32.486417], [-96.506274, 32.486055], [-96.506956, 32.485544], [-96.50763, 32.485116], [-96.508707, 32.48427], [-96.50918, 32.483869], [-96.509382, 32.483759], [-96.509524, 32.483649], [-96.509635, 32.48343], [-96.509713, 32.483298], [-96.509894, 32.483034], [-96.509933, 32.482886], [-96.509992, 32.482765], [-96.510044, 32.4826], [-96.510057, 32.482353], [-96.509973, 32.482166], [-96.509727, 32.481748], [-96.509448, 32.481385], [-96.500916, 32.497279]]]}}, {"type": "Feature", "properties": {"k": "area", "s": "dirt"}, "geometry": {"type": "Polygon", "coordinates": [[[-96.813704, 32.779364], [-96.813804, 32.779343], [-96.814464, 32.779207], [-96.817204, 32.778639], [-96.81721, 32.778638], [-96.818712, 32.780907], [-96.818175, 32.781015], [-96.817365, 32.781141], [-96.815649, 32.781317], [-96.815209, 32.781376], [-96.81468, 32.78149], [-96.814469, 32.781218], [-96.814246, 32.780956], [-96.814096, 32.780652], [-96.813956, 32.780282], [-96.813704, 32.779364]]]}}, {"type": "Feature", "properties": {"k": "area", "s": "grass"}, "geometry": {"type": "Polygon", "coordinates": [[[-96.782664, 32.780765], [-96.782058, 32.780313], [-96.781199, 32.780462], [-96.781054, 32.780272], [-96.780674, 32.779889], [-96.779782, 32.779171], [-96.779822, 32.77914], [-96.779914, 32.779069], [-96.780091, 32.778954], [-96.780219, 32.778899], [-96.780299, 32.778814], [-96.780317, 32.778324], [-96.780215, 32.778135], [-96.780024, 32.777712], [-96.781054, 32.777034], [-96.781382, 32.777422], [-96.781687, 32.777534], [-96.782723, 32.777525], [-96.782927, 32.777408], [-96.783844, 32.778491], [-96.783629, 32.778784], [-96.783538, 32.779104], [-96.78357, 32.779524], [-96.783619, 32.779672], [-96.783442, 32.779776], [-96.782562, 32.780279], [-96.782664, 32.780765]]]}}, {"type": "Feature", "properties": {"k": "area", "s": "water"}, "geometry": {"type": "Polygon", "coordinates": [[[-96.599313, 32.610484], [-96.599287, 32.610539], [-96.599242, 32.610594], [-96.599236, 32.610654], [-96.599242, 32.610759], [-96.599203, 32.610792], [-96.599145, 32.610792], [-96.599086, 32.610715], [-96.599054, 32.610687], [-96.599008, 32.610693], [-96.598956, 32.610764], [-96.598917, 32.610792], [-96.598814, 32.610803], [-96.598781, 32.610841], [-96.598794, 32.610907], [-96.598788, 32.610929], [-96.598645, 32.611045], [-96.598625, 32.611094], [-96.598593, 32.611133], [-96.598522, 32.611182], [-96.598463, 32.611281], [-96.598353, 32.611364], [-96.598268, 32.611391], [-96.598106, 32.611408], [-96.597859, 32.611353], [-96.597716, 32.611369], [-96.597574, 32.611369], [-96.597411, 32.611441], [-96.597385, 32.611435], [-96.597307, 32.611364], [-96.597249, 32.611364], [-96.597132, 32.611424], [-96.597015, 32.611441], [-96.596944, 32.61143], [-96.596892, 32.611402], [-96.59684, 32.611402], [-96.596775, 32.611424], [-96.596599, 32.611402], [-96.596528, 32.611386], [-96.596489, 32.611364], [-96.596411, 32.611353], [-96.596379, 32.611315], [-96.59634, 32.611293], [-96.59621, 32.611298], [-96.596165, 32.611287], [-96.596125, 32.611298], [-96.596086, 32.611326], [-96.596028, 32.611331], [-96.59597, 32.611326], [-96.595905, 32.611293], [-96.59584, 32.611282], [-96.595775, 32.611254], [-96.595703, 32.611254], [-96.595677, 32.611227], [-96.5956, 32.61121], [-96.595535, 32.611221], [-96.595509, 32.611216], [-96.595457, 32.611172], [-96.595437, 32.611139], [-96.595372, 32.6111], [-96.59532, 32.611089], [-96.595288, 32.611073], [-96.595197, 32.611007], [-96.595067, 32.611002], [-96.595022, 32.610985], [-96.594853, 32.610787], [-96.594781, 32.610732], [-96.594638, 32.610661], [-96.594418, 32.610474], [-96.594398, 32.610447], [-96.594398, 32.610364], [-96.594379, 32.610337], [-96.594301, 32.610309], [-96.594281, 32.610287], [-96.594275, 32.610221], [-96.594288, 32.610194], [-96.594346, 32.610139], [-96.594346, 32.6101], [-96.594274, 32.609963], [-96.594294, 32.609848], [-96.594333, 32.609809], [-96.594346, 32.609765], [-96.594378, 32.609716], [-96.594385, 32.609655], [-96.594456, 32.609589], [-96.594651, 32.609446], [-96.594865, 32.609331], [-96.59506, 32.609248], [-96.595352, 32.609172], [-96.595411, 32.609182], [-96.595476, 32.609177], [-96.595631, 32.609149], [-96.595937, 32.609122], [-96.596079, 32.609133], [-96.59617, 32.609155], [-96.596333, 32.609149], [-96.596436, 32.60916], [-96.596502, 32.609149], [-96.596618, 32.609149], [-96.596748, 32.609155], [-96.596995, 32.609215], [-96.597183, 32.609204], [-96.597268, 32.609215], [-96.597294, 32.609226], [-96.597365, 32.609226], [-96.597502, 32.609182], [-96.597612, 32.609182], [-96.597683, 32.609171], [-96.597807, 32.60911], [-96.597859, 32.609066], [-96.59793, 32.609045], [-96.598008, 32.609006], [-96.598261, 32.608951], [-96.59832, 32.608918], [-96.598391, 32.608819], [-96.598417, 32.608797], [-96.598547, 32.608709], [-96.598612, 32.608698], [-96.598683, 32.60866], [-96.598767, 32.608599], [-96.599086, 32.608269], [-96.599254, 32.608049], [-96.599306, 32.607994], [-96.599358, 32.607956], [-96.59941, 32.60789], [-96.599449, 32.607698], [-96.59954, 32.607467], [-96.599533, 32.607275], [-96.599546, 32.607176], [-96.59952, 32.607082], [-96.599507, 32.606802], [-96.599481, 32.606719], [-96.599481, 32.606642], [-96.599442, 32.60656], [-96.599409, 32.606428], [-96.599351, 32.606296], [-96.599293, 32.606121], [-96.599227, 32.606038], [-96.599104, 32.605923], [-96.599052, 32.605796], [-96.599046, 32.605714], [-96.599007, 32.605615], [-96.599007, 32.605565], [-96.598903, 32.605406], [-96.598818, 32.605307], [-96.598779, 32.605214], [-96.598682, 32.605115], [-96.59837, 32.604923], [-96.59826, 32.604868], [-96.598071, 32.604807], [-96.597909, 32.604774], [-96.597747, 32.604774], [-96.597435, 32.604862], [-96.597266, 32.604901], [-96.596987, 32.605011], [-96.596682, 32.605115], [-96.596539, 32.60522], [-96.596468, 32.605302], [-96.596448, 32.605379], [-96.596325, 32.605577], [-96.596124, 32.605841], [-96.595897, 32.605962], [-96.595754, 32.606022], [-96.595676, 32.606094], [-96.595514, 32.606193], [-96.595449, 32.606242], [-96.595481, 32.606292], [-96.595481, 32.606358], [-96.595436, 32.60638], [-96.595351, 32.60638], [-96.595287, 32.606352], [-96.595196, 32.60633], [-96.595053, 32.606319], [-96.594761, 32.606314], [-96.594709, 32.606319], [-96.59452, 32.606303], [-96.5943, 32.606297], [-96.593793, 32.60633], [-96.593676, 32.606314], [-96.59354, 32.606276], [-96.593403, 32.606259], [-96.592995, 32.606243], [-96.5928, 32.606248], [-96.592605, 32.606298], [-96.592455, 32.606298], [-96.592365, 32.60627], [-96.59217, 32.606259], [-96.592014, 32.606199], [-96.591917, 32.606183], [-96.591806, 32.606188], [-96.591748, 32.606204], [-96.591456, 32.606199], [-96.591313, 32.606204], [-96.591274, 32.606199], [-96.591183, 32.606155], [-96.591111, 32.60615], [-96.590871, 32.606205], [-96.590657, 32.606155], [-96.590631, 32.606139], [-96.59054, 32.606133], [-96.590319, 32.606172], [-96.590274, 32.606199], [-96.590235, 32.606265], [-96.59019, 32.606298], [-96.59006, 32.606309], [-96.590014, 32.606326], [-96.589962, 32.606331], [-96.589839, 32.606304], [-96.589774, 32.606309], [-96.589664, 32.606271], [-96.589592, 32.606221], [-96.589508, 32.606227], [-96.589443, 32.606249], [-96.589397, 32.606282], [-96.589183, 32.606287], [-96.58904, 32.606238], [-96.588943, 32.606161], [-96.588742, 32.606057], [-96.588729, 32.60604], [-96.588716, 32.605958], [-96.588573, 32.605837], [-96.58856, 32.605776], [-96.588534, 32.605727], [-96.588436, 32.605644], [-96.588404, 32.605534], [-96.588378, 32.605513], [-96.588352, 32.605469], [-96.588319, 32.605447], [-96.588287, 32.605359], [-96.588267, 32.605337], [-96.58817, 32.605293], [-96.588112, 32.605155], [-96.588112, 32.605117], [-96.588034, 32.604979], [-96.588021, 32.604875], [-96.58804, 32.604787], [-96.588079, 32.604738], [-96.588072, 32.604672], [-96.588034, 32.604606], [-96.587995, 32.604452], [-96.588001, 32.60438], [-96.587988, 32.60427], [-96.587878, 32.604045], [-96.587865, 32.603864], [-96.587832, 32.603792], [-96.587689, 32.603622], [-96.587644, 32.60354], [-96.587533, 32.603397], [-96.587514, 32.60332], [-96.587507, 32.603226], [-96.587514, 32.603062], [-96.587468, 32.602979], [-96.587261, 32.602743], [-96.587176, 32.602578], [-96.587131, 32.602517], [-96.587111, 32.602336], [-96.587092, 32.60227], [-96.587092, 32.602111], [-96.587059, 32.601935], [-96.586981, 32.60188], [-96.586916, 32.601743], [-96.586767, 32.601594], [-96.586715, 32.601457], [-96.586715, 32.601391], [-96.586605, 32.601127], [-96.586566, 32.600979], [-96.586475, 32.600831], [-96.586429, 32.600721], [-96.599313, 32.610484]]]}}, {"type": "Feature", "properties": {"k": "area", "s": "grass", "name": "Samuell Beaumont Park"}, "geometry": {"type": "Polygon", "coordinates": [[[-96.787611, 32.774129], [-96.787096, 32.774251], [-96.787034, 32.774237], [-96.786458, 32.773901], [-96.785284, 32.773301], [-96.785807, 32.772519], [-96.785542, 32.772349], [-96.786173, 32.771675], [-96.787581, 32.772843], [-96.789128, 32.771574], [-96.789234, 32.771685], [-96.789293, 32.771801], [-96.789401, 32.772051], [-96.789502, 32.772214], [-96.789666, 32.772359], [-96.789845, 32.772443], [-96.790014, 32.773065], [-96.790856, 32.773678], [-96.790933, 32.77383], [-96.789536, 32.773857], [-96.789034, 32.773894], [-96.787611, 32.774129]]]}}, {"type": "Feature", "properties": {"k": "area", "s": "gravel"}, "geometry": {"type": "Polygon", "coordinates": [[[-96.797357, 32.765428], [-96.7972, 32.765257], [-96.79708, 32.765142], [-96.797625, 32.764699], [-96.797851, 32.764885], [-96.798179, 32.76523], [-96.798403, 32.765495], [-96.799408, 32.766874], [-96.800981, 32.768976], [-96.800993, 32.768992], [-96.801098, 32.769148], [-96.801107, 32.769162], [-96.801511, 32.769757], [-96.802012, 32.770219], [-96.802208, 32.770357], [-96.802079, 32.770492], [-96.804175, 32.771707], [-96.804132, 32.771766], [-96.80411, 32.771797], [-96.804085, 32.771831], [-96.80406, 32.771865], [-96.804035, 32.771899], [-96.803847, 32.771941], [-96.803809, 32.771834], [-96.802905, 32.771301], [-96.801806, 32.770634], [-96.801767, 32.770596], [-96.801682, 32.770551], [-96.801552, 32.770457], [-96.801423, 32.770373], [-96.801295, 32.770284], [-96.801216, 32.770228], [-96.801118, 32.770317], [-96.801629, 32.770806], [-96.801593, 32.77084], [-96.801304, 32.770569], [-96.801154, 32.770449], [-96.801044, 32.770381], [-96.800886, 32.770282], [-96.800709, 32.770169], [-96.800741, 32.770113], [-96.800494, 32.769935], [-96.800558, 32.769865], [-96.800465, 32.76979], [-96.800599, 32.769655], [-96.800484, 32.769512], [-96.800331, 32.76943], [-96.799884, 32.76882], [-96.79935, 32.768092], [-96.798424, 32.766931], [-96.797749, 32.765878], [-96.797357, 32.765428]]]}}, {"type": "Feature", "properties": {"k": "area", "s": "grass", "name": "Temple Emanu-el Cemetery"}, "geometry": {"type": "Polygon", "coordinates": [[[-96.796828, 32.803047], [-96.796268, 32.802577], [-96.796817, 32.802115], [-96.796521, 32.801873], [-96.796269, 32.801661], [-96.795833, 32.801282], [-96.794953, 32.800515], [-96.794709, 32.80073], [-96.794468, 32.800934], [-96.794451, 32.800963], [-96.794444, 32.800986], [-96.794455, 32.801017], [-96.794537, 32.801078], [-96.794647, 32.801158], [-96.794697, 32.801234], [-96.794689, 32.801299], [-96.794641, 32.801349], [-96.794231, 32.801713], [-96.794181, 32.801773], [-96.794157, 32.801871], [-96.794053, 32.802139], [-96.794081, 32.802565], [-96.794106, 32.803152], [-96.79494, 32.803439], [-96.794813, 32.803686], [-96.794653, 32.803887], [-96.794766, 32.803883], [-96.7958, 32.803928], [-96.796292, 32.803464], [-96.796828, 32.803047]]]}}, {"type": "Feature", "properties": {"k": "area", "s": "grass"}, "geometry": {"type": "Polygon", "coordinates": [[[-96.818457, 32.798571], [-96.816829, 32.797635], [-96.816292, 32.797333], [-96.815807, 32.796948], [-96.815493, 32.796641], [-96.815244, 32.79628], [-96.814932, 32.795744], [-96.815131, 32.796323], [-96.815166, 32.796594], [-96.815166, 32.796783], [-96.816, 32.797964], [-96.815697, 32.798133], [-96.815233, 32.797457], [-96.815252, 32.797676], [-96.815217, 32.797888], [-96.815115, 32.798086], [-96.815008, 32.798201], [-96.814986, 32.798321], [-96.815759, 32.79878], [-96.816105, 32.799049], [-96.816394, 32.799315], [-96.816636, 32.79959], [-96.817226, 32.800309], [-96.817271, 32.800235], [-96.816073, 32.798614], [-96.816357, 32.798463], [-96.817464, 32.799985], [-96.818457, 32.798571]]]}}, {"type": "Feature", "properties": {"k": "area", "s": "asphalt", "name": "Lot E"}, "geometry": {"type": "Polygon", "coordinates": [[[-96.806671, 32.770267], [-96.806018, 32.769978], [-96.805573, 32.769853], [-96.805146, 32.769779], [-96.804652, 32.769776], [-96.804291, 32.769812], [-96.803924, 32.769879], [-96.803478, 32.770029], [-96.802803, 32.770348], [-96.802782, 32.770495], [-96.804225, 32.771321], [-96.805384, 32.77179], [-96.806671, 32.770267]]]}}, {"type": "Feature", "properties": {"k": "area", "s": "dirt", "name": "North End"}, "geometry": {"type": "Polygon", "coordinates": [[[-96.808622, 32.789082], [-96.808641, 32.789064], [-96.808655, 32.789043], [-96.808661, 32.789015], [-96.808657, 32.788988], [-96.808609, 32.788197], [-96.808523, 32.787173], [-96.808429, 32.787136], [-96.808224, 32.787027], [-96.807748, 32.786594], [-96.807068, 32.787154], [-96.806729, 32.787381], [-96.806554, 32.787525], [-96.806436, 32.787665], [-96.80648, 32.787797], [-96.806549, 32.788016], [-96.806601, 32.788304], [-96.806633, 32.788389], [-96.806676, 32.7885], [-96.806767, 32.788625], [-96.807345, 32.789125], [-96.807865, 32.789601], [-96.807884, 32.789607], [-96.807903, 32.789607], [-96.80792, 32.789602], [-96.808622, 32.789082]]]}}, {"type": "Feature", "properties": {"k": "area", "s": "grass", "name": "Exall Park"}, "geometry": {"type": "Polygon", "coordinates": [[[-96.786755, 32.792701], [-96.786795, 32.792738], [-96.786759, 32.792769], [-96.786253, 32.793201], [-96.786248, 32.793219], [-96.786241, 32.793237], [-96.786223, 32.793252], [-96.786083, 32.79337], [-96.786062, 32.793377], [-96.786035, 32.793381], [-96.784574, 32.794606], [-96.784547, 32.794625], [-96.784517, 32.794632], [-96.784493, 32.79463], [-96.784464, 32.794608], [-96.783448, 32.793763], [-96.783421, 32.793741], [-96.783416, 32.793718], [-96.783419, 32.793699], [-96.78345, 32.793667], [-96.785629, 32.791844], [-96.785657, 32.791826], [-96.785688, 32.791819], [-96.785721, 32.791831], [-96.785748, 32.791849], [-96.786755, 32.792701]]]}}, {"type": "Feature", "properties": {"k": "area", "s": "gravel"}, "geometry": {"type": "Polygon", "coordinates": [[[-96.829357, 32.805407], [-96.829534, 32.805619], [-96.829551, 32.805695], [-96.829513, 32.805767], [-96.829411, 32.805788], [-96.828939, 32.805634], [-96.82837, 32.805519], [-96.825482, 32.805091], [-96.825304, 32.805005], [-96.825317, 32.804931], [-96.824408, 32.804758], [-96.824439, 32.804611], [-96.822683, 32.804346], [-96.822648, 32.804497], [-96.82245, 32.804465], [-96.822268, 32.804435], [-96.821945, 32.804456], [-96.821334, 32.804254], [-96.820876, 32.804029], [-96.82033, 32.803729], [-96.819797, 32.80332], [-96.819368, 32.802901], [-96.818968, 32.80243], [-96.818102, 32.801342], [-96.817414, 32.800523], [-96.817637, 32.800211], [-96.818484, 32.801371], [-96.818744, 32.801707], [-96.819366, 32.802521], [-96.819664, 32.802812], [-96.819935, 32.803044], [-96.820342, 32.803339], [-96.820715, 32.803574], [-96.821083, 32.80375], [-96.821566, 32.80395], [-96.822124, 32.804117], [-96.822692, 32.804223], [-96.824278, 32.804471], [-96.826105, 32.804756], [-96.8279, 32.805093], [-96.829357, 32.805407]]]}}, {"type": "Feature", "properties": {"k": "area", "s": "grass"}, "geometry": {"type": "Polygon", "coordinates": [[[-96.819171, 32.798148], [-96.819175, 32.798173], [-96.820627, 32.799047], [-96.820652, 32.798884], [-96.821488, 32.798963], [-96.822239, 32.799162], [-96.822284, 32.799162], [-96.822553, 32.799164], [-96.822746, 32.799166], [-96.823143, 32.799094], [-96.823545, 32.798699], [-96.823822, 32.798277], [-96.823992, 32.798134], [-96.823795, 32.79786], [-96.823795, 32.797636], [-96.823758, 32.797458], [-96.823757, 32.79743], [-96.823751, 32.797017], [-96.823907, 32.796663], [-96.824083, 32.796592], [-96.823684, 32.795891], [-96.823359, 32.796205], [-96.823206, 32.796455], [-96.822958, 32.796973], [-96.822993, 32.797407], [-96.823036, 32.797969], [-96.823023, 32.798015], [-96.822987, 32.798149], [-96.822865, 32.798409], [-96.822753, 32.798512], [-96.822593, 32.798555], [-96.822508, 32.798562], [-96.822205, 32.798544], [-96.821641, 32.798464], [-96.820691, 32.798357], [-96.820035, 32.798405], [-96.819569, 32.798312], [-96.819521, 32.798292], [-96.819171, 32.798148]]]}}, {"type": "Feature", "properties": {"k": "area", "s": "dirt"}, "geometry": {"type": "Polygon", "coordinates": [[[-96.820726, 32.793126], [-96.819945, 32.793516], [-96.8196, 32.79301], [-96.818694, 32.793383], [-96.818927, 32.793826], [-96.81868, 32.794182], [-96.820863, 32.795245], [-96.821466, 32.794415], [-96.820726, 32.793126]]]}}, {"type": "Feature", "properties": {"k": "area", "s": "grass", "name": "Pioneer Park"}, "geometry": {"type": "Polygon", "coordinates": [[[-96.800348, 32.775256], [-96.800644, 32.775257], [-96.801013, 32.77523], [-96.801466, 32.775178], [-96.801528, 32.775199], [-96.801642, 32.775504], [-96.801959, 32.776626], [-96.801886, 32.776685], [-96.800808, 32.776784], [-96.800547, 32.776801], [-96.800313, 32.776768], [-96.800042, 32.776676], [-96.79944, 32.776396], [-96.799167, 32.776291], [-96.798862, 32.77623], [-96.798648, 32.776227], [-96.798616, 32.776192], [-96.799499, 32.775987], [-96.799326, 32.775435], [-96.800003, 32.775301], [-96.800035, 32.775324], [-96.80007, 32.775341], [-96.800109, 32.775352], [-96.80015, 32.775356], [-96.800191, 32.775354], [-96.80023, 32.775345], [-96.800267, 32.775331], [-96.800299, 32.77531], [-96.800326, 32.775285], [-96.800348, 32.775256]]]}}, {"type": "Feature", "properties": {"k": "area", "s": "grass"}, "geometry": {"type": "Polygon", "coordinates": [[[-96.811967, 32.77695], [-96.811658, 32.777065], [-96.810869, 32.777577], [-96.810345, 32.777967], [-96.810019, 32.778133], [-96.810131, 32.77797], [-96.810172, 32.777807], [-96.810188, 32.777305], [-96.810254, 32.776917], [-96.810457, 32.77604], [-96.810517, 32.775701], [-96.810536, 32.775238], [-96.811633, 32.775059], [-96.812002, 32.776776], [-96.811967, 32.77695]]]}}, {"type": "Feature", "properties": {"k": "area", "s": "grass", "name": "Griggs Park"}, "geometry": {"type": "Polygon", "coordinates": [[[-96.793838, 32.798367], [-96.793507, 32.798649], [-96.793488, 32.798661], [-96.793474, 32.798667], [-96.79345, 32.798677], [-96.793446, 32.798642], [-96.793433, 32.798281], [-96.793449, 32.79795], [-96.793492, 32.797622], [-96.793549, 32.797347], [-96.793599, 32.797145], [-96.793666, 32.796937], [-96.793762, 32.796661], [-96.793874, 32.796409], [-96.794015, 32.796138], [-96.794139, 32.795928], [-96.794187, 32.795848], [-96.794202, 32.795835], [-96.794224, 32.795829], [-96.794248, 32.795828], [-96.794263, 32.795834], [-96.794318, 32.795881], [-96.794973, 32.796436], [-96.795301, 32.796716], [-96.795468, 32.796858], [-96.79574, 32.797028], [-96.794768, 32.797812], [-96.79471, 32.797847], [-96.794014, 32.798413], [-96.793968, 32.79835], [-96.793946, 32.798343], [-96.793921, 32.798339], [-96.793897, 32.79834], [-96.793875, 32.798346], [-96.793855, 32.798355], [-96.793838, 32.798367]]]}}, {"type": "Feature", "properties": {"k": "area", "s": "gravel"}, "geometry": {"type": "Polygon", "coordinates": [[[-96.785651, 32.762427], [-96.78569, 32.762467], [-96.785705, 32.762449], [-96.785853, 32.762261], [-96.785867, 32.762243], [-96.785923, 32.762172], [-96.786099, 32.762303], [-96.786028, 32.762386], [-96.785857, 32.762587], [-96.785842, 32.762605], [-96.785978, 32.762747], [-96.785793, 32.762968], [-96.78579, 32.763071], [-96.785785, 32.763259], [-96.785957, 32.763863], [-96.786005, 32.763958], [-96.786472, 32.764506], [-96.786654, 32.764675], [-96.786844, 32.764797], [-96.787115, 32.764955], [-96.786986, 32.765057], [-96.786757, 32.76492], [-96.786577, 32.764812], [-96.786435, 32.764696], [-96.786325, 32.764584], [-96.786215, 32.764455], [-96.786088, 32.764299], [-96.785973, 32.764195], [-96.78578, 32.764074], [-96.785453, 32.763851], [-96.785302, 32.763782], [-96.784173, 32.765352], [-96.784143, 32.765336], [-96.783937, 32.765544], [-96.783557, 32.765948], [-96.783438, 32.766056], [-96.783248, 32.766295], [-96.782912, 32.766705], [-96.782778, 32.766577], [-96.783497, 32.765483], [-96.78394, 32.764676], [-96.785123, 32.762982], [-96.785651, 32.762427]]]}}, {"type": "Feature", "properties": {"k": "area", "s": "asphalt"}, "geometry": {"type": "Polygon", "coordinates": [[[-96.79935, 32.768092], [-96.798424, 32.766931], [-96.79836, 32.766741], [-96.797752, 32.765913], [-96.79739, 32.766246], [-96.797868, 32.766859], [-96.797933, 32.766825], [-96.798138, 32.767096], [-96.798054, 32.767148], [-96.797834, 32.766998], [-96.797879, 32.766959], [-96.797689, 32.76676], [-96.797127, 32.767303], [-96.797091, 32.767338], [-96.798941, 32.768653], [-96.799635, 32.769146], [-96.799674, 32.769107], [-96.799766, 32.769172], [-96.799827, 32.769216], [-96.799787, 32.769255], [-96.800142, 32.769505], [-96.800238, 32.769364], [-96.799716, 32.769], [-96.799884, 32.76882], [-96.79935, 32.768092]]]}}, {"type": "Feature", "properties": {"k": "area", "s": "grass", "name": "AT&T Discovery District"}, "geometry": {"type": "Polygon", "coordinates": [[[-96.798441, 32.77996], [-96.798316, 32.779544], [-96.79807, 32.77872], [-96.800291, 32.778248], [-96.800306, 32.778245], [-96.800322, 32.778245], [-96.800334, 32.778252], [-96.800339, 32.778261], [-96.800338, 32.778289], [-96.800345, 32.778498], [-96.800355, 32.778545], [-96.800367, 32.77858], [-96.800634, 32.779441], [-96.800633, 32.779461], [-96.800626, 32.779475], [-96.800617, 32.779489], [-96.800597, 32.7795], [-96.800579, 32.779504], [-96.798441, 32.77996]]]}}, {"type": "Feature", "properties": {"k": "area", "s": "dirt"}, "geometry": {"type": "Polygon", "coordinates": [[[-96.812277, 32.779605], [-96.813221, 32.779457], [-96.813353, 32.779436], [-96.813523, 32.780076], [-96.813817, 32.78098], [-96.814131, 32.781579], [-96.813385, 32.781671], [-96.812929, 32.781705], [-96.812527, 32.781682], [-96.812277, 32.779605]]]}}, {"type": "Feature", "properties": {"k": "area", "s": "dirt"}, "geometry": {"type": "Polygon", "coordinates": [[[-96.786021, 32.762818], [-96.787631, 32.764281], [-96.788598, 32.765006], [-96.788953, 32.765331], [-96.788558, 32.765676], [-96.787148, 32.764949], [-96.785957, 32.763863], [-96.78579, 32.763071], [-96.786021, 32.762818]]]}}, {"type": "Feature", "properties": {"k": "area", "s": "asphalt"}, "geometry": {"type": "Polygon", "coordinates": [[[-96.815508, 32.775239], [-96.815422, 32.77501], [-96.814867, 32.77508], [-96.814708, 32.774582], [-96.813936, 32.774709], [-96.814044, 32.775173], [-96.813566, 32.775248], [-96.813546, 32.77644], [-96.813562, 32.776494], [-96.81361, 32.776537], [-96.813714, 32.776562], [-96.814143, 32.776472], [-96.814315, 32.776464], [-96.815335, 32.776253], [-96.81534, 32.776151], [-96.815083, 32.775333], [-96.815508, 32.775239]]]}}, {"type": "Feature", "properties": {"k": "area", "s": "asphalt"}, "geometry": {"type": "Polygon", "coordinates": [[[-96.807937, 32.771453], [-96.808563, 32.771695], [-96.808723, 32.771831], [-96.808702, 32.771865], [-96.808713, 32.771885], [-96.808868, 32.771986], [-96.80897, 32.772083], [-96.809056, 32.772183], [-96.809127, 32.772298], [-96.809186, 32.772423], [-96.809209, 32.772525], [-96.809237, 32.772657], [-96.809293, 32.77265], [-96.809319, 32.772875], [-96.809144, 32.7729], [-96.809187, 32.7731], [-96.809118, 32.77311], [-96.809222, 32.773598], [-96.809275, 32.773591], [-96.809318, 32.773785], [-96.809238, 32.773797], [-96.809395, 32.774451], [-96.809451, 32.774441], [-96.809657, 32.774576], [-96.809696, 32.774588], [-96.809733, 32.774585], [-96.810171, 32.774499], [-96.810018, 32.773679], [-96.809784, 32.773708], [-96.809778, 32.773528], [-96.809988, 32.773499], [-96.809858, 32.772788], [-96.809645, 32.772814], [-96.80961, 32.772638], [-96.809811, 32.772607], [-96.809745, 32.772298], [-96.809699, 32.77216], [-96.809627, 32.77201], [-96.809528, 32.771877], [-96.80942, 32.771762], [-96.80938, 32.77172], [-96.80926, 32.771626], [-96.809122, 32.771527], [-96.808874, 32.771394], [-96.808296, 32.771062], [-96.808181, 32.771019], [-96.807837, 32.771403], [-96.807937, 32.771453]]]}}, {"type": "Feature", "properties": {"k": "area", "s": "grass"}, "geometry": {"type": "Polygon", "coordinates": [[[-96.807698, 32.771656], [-96.806835, 32.772717], [-96.80712, 32.772857], [-96.807373, 32.773097], [-96.807433, 32.773253], [-96.807731, 32.773496], [-96.807838, 32.773479], [-96.807937, 32.773387], [-96.808489, 32.773306], [-96.808661, 32.773334], [-96.808774, 32.773323], [-96.808854, 32.773225], [-96.8089, 32.77253], [-96.808827, 32.77232], [-96.808714, 32.772203], [-96.808595, 32.772069], [-96.808469, 32.772019], [-96.808356, 32.771988], [-96.807698, 32.771656]]]}}, {"type": "Feature", "properties": {"k": "area", "s": "asphalt"}, "geometry": {"type": "Polygon", "coordinates": [[[-96.794339, 32.789289], [-96.793163, 32.788303], [-96.793115, 32.788241], [-96.793077, 32.788174], [-96.793057, 32.78811], [-96.793046, 32.788027], [-96.793052, 32.787939], [-96.793082, 32.787858], [-96.79313, 32.787788], [-96.793279, 32.787636], [-96.793391, 32.787529], [-96.793669, 32.787302], [-96.795197, 32.78861], [-96.794339, 32.789289]]]}}, {"type": "Feature", "properties": {"k": "area", "s": "gravel"}, "geometry": {"type": "Polygon", "coordinates": [[[-96.810933, 32.784014], [-96.810889, 32.784035], [-96.81084, 32.784049], [-96.810778, 32.784054], [-96.810566, 32.783396], [-96.810054, 32.781736], [-96.809877, 32.781207], [-96.809812, 32.780916], [-96.809793, 32.780627], [-96.809796, 32.780446], [-96.809831, 32.780223], [-96.809917, 32.779702], [-96.809938, 32.779538], [-96.809939, 32.77947], [-96.809914, 32.779338], [-96.809904, 32.779307], [-96.809854, 32.7792], [-96.809806, 32.779122], [-96.809731, 32.779006], [-96.80969, 32.778912], [-96.809665, 32.778852], [-96.80956, 32.778694], [-96.809796, 32.778649], [-96.809815, 32.778672], [-96.809928, 32.778647], [-96.810078, 32.778798], [-96.810316, 32.778983], [-96.810323, 32.778987], [-96.810512, 32.779111], [-96.810738, 32.779249], [-96.810996, 32.779351], [-96.811288, 32.779419], [-96.811366, 32.779439], [-96.811371, 32.779475], [-96.811373, 32.779541], [-96.811373, 32.779549], [-96.811376, 32.7796], [-96.811258, 32.779606], [-96.811287, 32.779739], [-96.810938, 32.779798], [-96.810708, 32.779849], [-96.810442, 32.779945], [-96.810306, 32.780036], [-96.810213, 32.780141], [-96.810169, 32.780212], [-96.810114, 32.780371], [-96.810074, 32.780561], [-96.810067, 32.780706], [-96.810083, 32.780791], [-96.809993, 32.780808], [-96.810258, 32.781795], [-96.810933, 32.784014]]]}}, {"type": "Feature", "properties": {"k": "area", "s": "grass", "name": "Trinity River Floodway"}, "geometry": {"type": "Polygon", "coordinates": [[[-96.90692, 32.797374], [-96.906181, 32.797631], [-96.905281, 32.797888], [-96.904574, 32.798178], [-96.90361, 32.79821], [-96.902581, 32.798113], [-96.901488, 32.798017], [-96.900427, 32.797985], [-96.89927, 32.798113], [-96.898274, 32.798178], [-96.90692, 32.797374]]]}}, {"type": "Feature", "properties": {"k": "area", "s": "asphalt", "name": "Blue Parking Lot E"}, "geometry": {"type": "Polygon", "coordinates": [[[-96.812746, 32.791234], [-96.812795, 32.791394], [-96.812741, 32.791411], [-96.812752, 32.791439], [-96.812851, 32.791482], [-96.812933, 32.791467], [-96.813549, 32.793502], [-96.813363, 32.793539], [-96.813337, 32.793575], [-96.813248, 32.793517], [-96.812941, 32.793194], [-96.812198, 32.792338], [-96.812094, 32.792176], [-96.811991, 32.791967], [-96.811832, 32.791427], [-96.811787, 32.791272], [-96.8127, 32.791083], [-96.812746, 32.791234]]]}}, {"type": "Feature", "properties": {"k": "area", "s": "grass", "name": "Klyde Warren Park"}, "geometry": {"type": "Polygon", "coordinates": [[[-96.802902, 32.788488], [-96.802577, 32.788216], [-96.801314, 32.789203], [-96.801397, 32.789187], [-96.800157, 32.790226], [-96.800637, 32.790677], [-96.802181, 32.78936], [-96.802095, 32.789287], [-96.802907, 32.788651], [-96.802928, 32.788614], [-96.802934, 32.788583], [-96.802933, 32.788569], [-96.802931, 32.788548], [-96.802902, 32.788488]]]}}, {"type": "Feature", "properties": {"k": "area", "s": "grass", "name": "Julius Schepps Park"}, "geometry": {"type": "Polygon", "coordinates": [[[-96.789856, 32.782006], [-96.789807, 32.781947], [-96.789484, 32.781985], [-96.786626, 32.782591], [-96.786573, 32.783211], [-96.790169, 32.782472], [-96.790138, 32.782385], [-96.789394, 32.782424], [-96.789363, 32.782343], [-96.789856, 32.782006]]]}}, {"type": "Feature", "properties": {"k": "area", "s": "grass"}, "geometry": {"type": "Polygon", "coordinates": [[[-96.798159, 32.77243], [-96.797811, 32.772175], [-96.797497, 32.771792], [-96.797368, 32.771724], [-96.796926, 32.771704], [-96.795923, 32.772227], [-96.795912, 32.772787], [-96.795526, 32.773077], [-96.795616, 32.773165], [-96.796454, 32.772935], [-96.797358, 32.77271], [-96.798159, 32.77243]]]}}, {"type": "Feature", "properties": {"k": "area", "s": "grass", "name": "Carpenter Park"}, "geometry": {"type": "Polygon", "coordinates": [[[-96.792686, 32.784743], [-96.79272, 32.784786], [-96.792754, 32.78483], [-96.792796, 32.784871], [-96.792837, 32.784913], [-96.792874, 32.784943], [-96.792911, 32.784969], [-96.792984, 32.785026], [-96.793119, 32.785108], [-96.793262, 32.785188], [-96.793134, 32.785312], [-96.792367, 32.785954], [-96.792109, 32.786047], [-96.792077, 32.785872], [-96.792024, 32.785674], [-96.791935, 32.785439], [-96.79185, 32.785226], [-96.791751, 32.784987], [-96.791712, 32.784734], [-96.791706, 32.784614], [-96.791707, 32.784479], [-96.791722, 32.784332], [-96.79177, 32.784034], [-96.791866, 32.78394], [-96.792013, 32.783898], [-96.792105, 32.783875], [-96.792349, 32.783818], [-96.792378, 32.783815], [-96.7924, 32.783819], [-96.792415, 32.783834], [-96.79242, 32.783862], [-96.792464, 32.784092], [-96.792488, 32.784224], [-96.792509, 32.784342], [-96.792531, 32.784426], [-96.792555, 32.78451], [-96.792597, 32.784604], [-96.79264, 32.784674], [-96.792686, 32.784743]]]}}, {"type": "Feature", "properties": {"k": "area", "s": "asphalt"}, "geometry": {"type": "Polygon", "coordinates": [[[-96.806613, 32.772538], [-96.806297, 32.772358], [-96.80598, 32.772178], [-96.805958, 32.772152], [-96.805954, 32.772121], [-96.806045, 32.771984], [-96.806027, 32.771967], [-96.806049, 32.771939], [-96.806058, 32.771946], [-96.806674, 32.771161], [-96.806747, 32.771068], [-96.806777, 32.77103], [-96.807023, 32.770717], [-96.807015, 32.77071], [-96.807038, 32.770681], [-96.807066, 32.770686], [-96.807166, 32.77057], [-96.807177, 32.770558], [-96.807201, 32.770546], [-96.807236, 32.770544], [-96.807547, 32.770717], [-96.807595, 32.770744], [-96.807623, 32.770724], [-96.807647, 32.77072], [-96.807699, 32.770741], [-96.807941, 32.770875], [-96.807958, 32.770915], [-96.807952, 32.770942], [-96.807851, 32.771066], [-96.807861, 32.77108], [-96.807859, 32.771095], [-96.807647, 32.771366], [-96.807617, 32.771404], [-96.807551, 32.771488], [-96.806852, 32.772385], [-96.806859, 32.772389], [-96.806843, 32.772408], [-96.806825, 32.772417], [-96.806803, 32.772409], [-96.806687, 32.772537], [-96.806651, 32.772547], [-96.806613, 32.772538]]]}}, {"type": "Feature", "properties": {"k": "area", "s": "grass"}, "geometry": {"type": "Polygon", "coordinates": [[[-96.77861, 32.788804], [-96.776824, 32.787303], [-96.775984, 32.78801], [-96.775276, 32.787415], [-96.77515, 32.787521], [-96.776136, 32.788349], [-96.776493, 32.788049], [-96.776783, 32.788098], [-96.777083, 32.788382], [-96.777105, 32.788675], [-96.777411, 32.788933], [-96.777706, 32.788684], [-96.777744, 32.788715], [-96.777787, 32.788679], [-96.777968, 32.788832], [-96.778033, 32.788776], [-96.778338, 32.789032], [-96.77861, 32.788804]]]}}, {"type": "Feature", "properties": {"k": "area", "s": "asphalt", "name": "Infomart"}, "geometry": {"type": "Polygon", "coordinates": [[[-96.821656, 32.80073], [-96.821541, 32.801393], [-96.820841, 32.801031], [-96.821001, 32.800875], [-96.819186, 32.799826], [-96.819027, 32.80002], [-96.818625, 32.799788], [-96.818655, 32.799751], [-96.81858, 32.799708], [-96.818611, 32.79967], [-96.818395, 32.799547], [-96.818641, 32.799241], [-96.818681, 32.799264], [-96.818735, 32.79923], [-96.818799, 32.799263], [-96.81886, 32.799238], [-96.818958, 32.79924], [-96.818964, 32.799232], [-96.818993, 32.799197], [-96.8194, 32.799432], [-96.819472, 32.799474], [-96.820377, 32.799996], [-96.821217, 32.800482], [-96.821286, 32.800522], [-96.82133, 32.800547], [-96.821656, 32.80073]]]}}, {"type": "Feature", "properties": {"k": "area", "s": "asphalt"}, "geometry": {"type": "Polygon", "coordinates": [[[-96.806316, 32.784859], [-96.80537, 32.785624], [-96.804301, 32.784649], [-96.804325, 32.784586], [-96.805218, 32.783819], [-96.806316, 32.784859]]]}}, {"type": "Feature", "properties": {"k": "area", "s": "dirt"}, "geometry": {"type": "Polygon", "coordinates": [[[-96.819648, 32.782315], [-96.818994, 32.781268], [-96.818108, 32.781592], [-96.818588, 32.782263], [-96.817523, 32.782692], [-96.817881, 32.783222], [-96.819648, 32.782315]]]}}, {"type": "Feature", "properties": {"k": "area", "s": "gravel"}, "geometry": {"type": "Polygon", "coordinates": [[[-96.812567, 32.7889], [-96.811309, 32.784765], [-96.811177, 32.784792], [-96.810992, 32.785018], [-96.810965, 32.785051], [-96.811695, 32.787374], [-96.812117, 32.788996], [-96.812567, 32.7889]]]}}, {"type": "Feature", "properties": {"k": "area", "s": "wood"}, "geometry": {"type": "Polygon", "coordinates": [[[-96.811813, 32.793589], [-96.811633, 32.793796], [-96.811502, 32.793844], [-96.81136, 32.793871], [-96.811215, 32.79387], [-96.810944, 32.793959], [-96.810593, 32.793807], [-96.810472, 32.793883], [-96.810781, 32.79414], [-96.810858, 32.794068], [-96.811108, 32.794283], [-96.81111, 32.79403], [-96.811185, 32.793998], [-96.811413, 32.794251], [-96.811529, 32.794379], [-96.811971, 32.794531], [-96.812438, 32.794885], [-96.812291, 32.795286], [-96.812386, 32.795377], [-96.812411, 32.795355], [-96.81282, 32.795317], [-96.813106, 32.795581], [-96.813117, 32.795855], [-96.813066, 32.79597], [-96.813068, 32.796177], [-96.813205, 32.796349], [-96.813223, 32.796399], [-96.813286, 32.796494], [-96.813284, 32.796561], [-96.813087, 32.796745], [-96.81319, 32.796905], [-96.813064, 32.797001], [-96.812865, 32.796862], [-96.812776, 32.796936], [-96.813054, 32.797156], [-96.813166, 32.797201], [-96.813237, 32.797197], [-96.813275, 32.797185], [-96.81342, 32.796397], [-96.81343, 32.796117], [-96.81342, 32.795884], [-96.813182, 32.795254], [-96.813067, 32.795029], [-96.812912, 32.794806], [-96.812859, 32.794808], [-96.812783, 32.794799], [-96.812244, 32.794214], [-96.811991, 32.794012], [-96.811911, 32.793995], [-96.811871, 32.793943], [-96.811894, 32.793819], [-96.811925, 32.793767], [-96.811956, 32.79373], [-96.811813, 32.793589]]]}}, {"type": "Feature", "properties": {"k": "area", "s": "asphalt"}, "geometry": {"type": "Polygon", "coordinates": [[[-96.808849, 32.781718], [-96.808912, 32.781919], [-96.809066, 32.783171], [-96.809384, 32.783152], [-96.809502, 32.783157], [-96.809583, 32.7832], [-96.809624, 32.783283], [-96.809916, 32.783245], [-96.810204, 32.783235], [-96.810212, 32.783185], [-96.810335, 32.783201], [-96.809944, 32.781937], [-96.809755, 32.781961], [-96.809632, 32.781549], [-96.808849, 32.781718]]]}}, {"type": "Feature", "properties": {"k": "area", "s": "grass", "name": "Dealey Plaza"}, "geometry": {"type": "Polygon", "coordinates": [[[-96.809378, 32.77874], [-96.809338, 32.778858], [-96.808978, 32.779033], [-96.809052, 32.779344], [-96.808808, 32.779398], [-96.808812, 32.779422], [-96.808281, 32.779546], [-96.8082, 32.779379], [-96.808138, 32.779361], [-96.807816, 32.77829], [-96.807816, 32.778241], [-96.80785, 32.778223], [-96.807867, 32.778079], [-96.807855, 32.778021], [-96.808308, 32.777916], [-96.808316, 32.777948], [-96.808587, 32.777892], [-96.808709, 32.778232], [-96.809093, 32.778245], [-96.809378, 32.77874]]]}}, {"type": "Feature", "properties": {"k": "area", "s": "gravel"}, "geometry": {"type": "Polygon", "coordinates": [[[-96.809917, 32.779702], [-96.809831, 32.780223], [-96.809796, 32.780446], [-96.809793, 32.780627], [-96.809812, 32.780916], [-96.809877, 32.781207], [-96.810054, 32.781736], [-96.810566, 32.783396], [-96.810778, 32.784054], [-96.810723, 32.78406], [-96.810671, 32.784074], [-96.810615, 32.784085], [-96.810335, 32.783201], [-96.809944, 32.781937], [-96.809755, 32.781961], [-96.809475, 32.78095], [-96.809413, 32.780956], [-96.809345, 32.780809], [-96.809274, 32.780576], [-96.80907, 32.780506], [-96.808762, 32.780485], [-96.808482, 32.780516], [-96.808451, 32.780346], [-96.808715, 32.780318], [-96.808903, 32.7803], [-96.808988, 32.780286], [-96.809211, 32.780197], [-96.809429, 32.780099], [-96.809595, 32.779952], [-96.809667, 32.779854], [-96.809734, 32.779701], [-96.809754, 32.779489], [-96.809718, 32.779302], [-96.809634, 32.77916], [-96.809378, 32.77874], [-96.809418, 32.77873], [-96.80956, 32.778694], [-96.809665, 32.778852], [-96.80969, 32.778912], [-96.809731, 32.779006], [-96.809806, 32.779122], [-96.809854, 32.7792], [-96.809904, 32.779307], [-96.809914, 32.779338], [-96.809939, 32.77947], [-96.809938, 32.779538], [-96.809917, 32.779702]]]}}, {"type": "Feature", "properties": {"k": "area", "s": "grass"}, "geometry": {"type": "Polygon", "coordinates": [[[-96.784337, 32.774791], [-96.784275, 32.7748], [-96.784241, 32.774819], [-96.784024, 32.77494], [-96.783845, 32.774964], [-96.783695, 32.774955], [-96.783447, 32.774897], [-96.783245, 32.774831], [-96.783009, 32.774996], [-96.784167, 32.776286], [-96.784455, 32.776004], [-96.785156, 32.775458], [-96.784337, 32.774791]]]}}, {"type": "Feature", "properties": {"k": "area", "s": "gravel"}, "geometry": {"type": "Polygon", "coordinates": [[[-96.816, 32.797964], [-96.815166, 32.796783], [-96.814914, 32.796382], [-96.814686, 32.795913], [-96.814369, 32.795081], [-96.814383, 32.794918], [-96.814112, 32.794035], [-96.813688, 32.793933], [-96.814053, 32.795173], [-96.814153, 32.795495], [-96.81419, 32.795615], [-96.814391, 32.796001], [-96.81464, 32.796497], [-96.81489, 32.796923], [-96.815233, 32.797457], [-96.815697, 32.798133], [-96.816, 32.797964]]]}}, {"type": "Feature", "properties": {"k": "area", "s": "grass"}, "geometry": {"type": "Polygon", "coordinates": [[[-96.792088, 32.796472], [-96.791332, 32.795807], [-96.79109, 32.795985], [-96.790849, 32.795783], [-96.790232, 32.796315], [-96.791338, 32.797246], [-96.792138, 32.796701], [-96.792161, 32.796579], [-96.792088, 32.796472]]]}}, {"type": "Feature", "properties": {"k": "area", "s": "asphalt"}, "geometry": {"type": "Polygon", "coordinates": [[[-96.793806, 32.768671], [-96.793723, 32.768753], [-96.793511, 32.768638], [-96.793119, 32.768414], [-96.793008, 32.76835], [-96.792081, 32.767818], [-96.792147, 32.767753], [-96.792527, 32.767379], [-96.792741, 32.767157], [-96.793548, 32.767727], [-96.793903, 32.767978], [-96.793922, 32.767961], [-96.793969, 32.767994], [-96.793948, 32.768014], [-96.794117, 32.768136], [-96.794087, 32.768171], [-96.794207, 32.768259], [-96.793806, 32.768671]]]}}, {"type": "Feature", "properties": {"k": "area", "s": "wood"}, "geometry": {"type": "Polygon", "coordinates": [[[-96.799711, 32.799768], [-96.799066, 32.800286], [-96.798104, 32.799484], [-96.797784, 32.799756], [-96.797445, 32.799461], [-96.798413, 32.798712], [-96.799711, 32.799768]]]}}, {"type": "Feature", "properties": {"k": "area", "s": "grass", "name": "Pike Park"}, "geometry": {"type": "Polygon", "coordinates": [[[-96.809559, 32.792512], [-96.809264, 32.792752], [-96.808972, 32.792991], [-96.808839, 32.792876], [-96.808639, 32.793039], [-96.809875, 32.794111], [-96.810419, 32.793668], [-96.810663, 32.793469], [-96.809559, 32.792512]]]}}, {"type": "Feature", "properties": {"k": "area", "s": "grass"}, "geometry": {"type": "Polygon", "coordinates": [[[-96.797787, 32.775611], [-96.797761, 32.775654], [-96.795889, 32.77606], [-96.795719, 32.775571], [-96.796797, 32.77469], [-96.797787, 32.775611]]]}}, {"type": "Feature", "properties": {"k": "area", "s": "grass", "name": "Dallas City Hall Plaza"}, "geometry": {"type": "Polygon", "coordinates": [[[-96.798217, 32.777259], [-96.796439, 32.777669], [-96.7962, 32.776933], [-96.797978, 32.776523], [-96.798217, 32.777259]]]}}, {"type": "Feature", "properties": {"k": "area", "s": "dirt"}, "geometry": {"type": "Polygon", "coordinates": [[[-96.780214, 32.773786], [-96.781404, 32.77297], [-96.782066, 32.773699], [-96.78081, 32.774441], [-96.780214, 32.773786]]]}}, {"type": "Feature", "properties": {"k": "area", "s": "asphalt"}, "geometry": {"type": "Polygon", "coordinates": [[[-96.777483, 32.782376], [-96.776646, 32.78176], [-96.775621, 32.78278], [-96.775911, 32.783052], [-96.776018, 32.783086], [-96.776962, 32.782915], [-96.777483, 32.782376]]]}}, {"type": "Feature", "properties": {"k": "area", "s": "grass", "name": "Pacific Plaza"}, "geometry": {"type": "Polygon", "coordinates": [[[-96.796049, 32.782966], [-96.796227, 32.783023], [-96.797171, 32.783693], [-96.796424, 32.783845], [-96.796064, 32.784143], [-96.795299, 32.78355], [-96.794931, 32.783313], [-96.794971, 32.783191], [-96.796049, 32.782966]]]}}, {"type": "Feature", "properties": {"k": "area", "s": "grass"}, "geometry": {"type": "Polygon", "coordinates": [[[-96.816898, 32.785769], [-96.816604, 32.785372], [-96.814272, 32.786587], [-96.814567, 32.787001], [-96.816898, 32.785769]]]}}, {"type": "Feature", "properties": {"k": "area", "s": "dirt"}, "geometry": {"type": "Polygon", "coordinates": [[[-96.786164, 32.770215], [-96.786902, 32.770729], [-96.785781, 32.77192], [-96.785212, 32.771543], [-96.78492, 32.771926], [-96.78467, 32.771769], [-96.785207, 32.77118], [-96.785612, 32.771423], [-96.78614, 32.770887], [-96.785756, 32.770625], [-96.786164, 32.770215]]]}}, {"type": "Feature", "properties": {"k": "area", "s": "dirt"}, "geometry": {"type": "Polygon", "coordinates": [[[-96.799036, 32.770338], [-96.797734, 32.76943], [-96.797209, 32.769972], [-96.797993, 32.770539], [-96.798106, 32.77043], [-96.798983, 32.771053], [-96.799169, 32.770757], [-96.798903, 32.770578], [-96.799036, 32.770338]]]}}, {"type": "Feature", "properties": {"k": "area", "s": "gravel"}, "geometry": {"type": "Polygon", "coordinates": [[[-96.780308, 32.770553], [-96.780386, 32.770483], [-96.780217, 32.770217], [-96.779895, 32.770657], [-96.779782, 32.770817], [-96.778984, 32.769918], [-96.778873, 32.769752], [-96.778817, 32.769525], [-96.778823, 32.769198], [-96.77891, 32.768929], [-96.77901, 32.76876], [-96.778973, 32.768723], [-96.778729, 32.769034], [-96.778457, 32.769391], [-96.778382, 32.769529], [-96.779629, 32.770979], [-96.779519, 32.771051], [-96.779112, 32.771681], [-96.778809, 32.772159], [-96.778895, 32.772242], [-96.779291, 32.771694], [-96.779399, 32.771597], [-96.779724, 32.771136], [-96.779814, 32.771144], [-96.780289, 32.771642], [-96.780396, 32.771584], [-96.78031, 32.771417], [-96.780209, 32.771153], [-96.780185, 32.771011], [-96.780191, 32.7708], [-96.780214, 32.770636], [-96.780239, 32.770545], [-96.780308, 32.770553]]]}}, {"type": "Feature", "properties": {"k": "area", "s": "asphalt", "name": "Lot D"}, "geometry": {"type": "Polygon", "coordinates": [[[-96.803158, 32.771954], [-96.803081, 32.771745], [-96.803022, 32.771557], [-96.802184, 32.771149], [-96.802026, 32.771383], [-96.801783, 32.771736], [-96.801631, 32.771956], [-96.801732, 32.772002], [-96.80205, 32.772182], [-96.802059, 32.772207], [-96.802119, 32.772428], [-96.802176, 32.772458], [-96.802269, 32.772496], [-96.80233, 32.772401], [-96.802959, 32.772251], [-96.803158, 32.771954]]]}}, {"type": "Feature", "properties": {"k": "area", "s": "grass"}, "geometry": {"type": "Polygon", "coordinates": [[[-96.796819, 32.770691], [-96.796398, 32.770975], [-96.796454, 32.770986], [-96.796439, 32.77105], [-96.796133, 32.771095], [-96.795557, 32.77123], [-96.795044, 32.770617], [-96.795528, 32.770434], [-96.795236, 32.770113], [-96.795572, 32.769969], [-96.796819, 32.770691]]]}}, {"type": "Feature", "properties": {"k": "area", "s": "asphalt"}, "geometry": {"type": "Polygon", "coordinates": [[[-96.797749, 32.765878], [-96.797357, 32.765428], [-96.796651, 32.76482], [-96.796057, 32.765406], [-96.797278, 32.766333], [-96.797749, 32.765878]]]}}, {"type": "Feature", "properties": {"k": "area", "s": "asphalt", "name": "Perot Museum Lot B"}, "geometry": {"type": "Polygon", "coordinates": [[[-96.807126, 32.785368], [-96.807169, 32.785257], [-96.807168, 32.78514], [-96.807124, 32.78503], [-96.807041, 32.784936], [-96.806928, 32.784869], [-96.806795, 32.784835], [-96.806657, 32.784838], [-96.805462, 32.785816], [-96.805344, 32.786037], [-96.805299, 32.786178], [-96.805613, 32.786435], [-96.806615, 32.785554], [-96.806691, 32.785487], [-96.80674, 32.785444], [-96.806772, 32.785412], [-96.806925, 32.785533], [-96.807126, 32.785368]]]}}, {"type": "Feature", "properties": {"k": "area", "s": "gravel"}, "geometry": {"type": "Polygon", "coordinates": [[[-96.814013, 32.793744], [-96.813111, 32.790708], [-96.812663, 32.790814], [-96.812945, 32.79143], [-96.813632, 32.793703], [-96.814013, 32.793744]]]}}, {"type": "Feature", "properties": {"k": "area", "s": "grass", "name": "Harwood Park"}, "geometry": {"type": "Polygon", "coordinates": [[[-96.792454, 32.780518], [-96.79231, 32.780562], [-96.792213, 32.780599], [-96.792125, 32.780642], [-96.792048, 32.780549], [-96.792109, 32.780535], [-96.792219, 32.780408], [-96.791853, 32.77997], [-96.791622, 32.780113], [-96.791578, 32.78007], [-96.791568, 32.780029], [-96.791575, 32.78], [-96.791594, 32.779972], [-96.791639, 32.779934], [-96.791725, 32.779908], [-96.79187, 32.779878], [-96.792006, 32.77984], [-96.792111, 32.779812], [-96.792276, 32.779739], [-96.792476, 32.779622], [-96.792627, 32.779762], [-96.79309, 32.77952], [-96.793359, 32.779745], [-96.792995, 32.77984], [-96.793036, 32.779969], [-96.793492, 32.779861], [-96.793598, 32.77995], [-96.793635, 32.779999], [-96.793659, 32.780051], [-96.793717, 32.780227], [-96.792454, 32.780518]]]}}, {"type": "Feature", "properties": {"k": "area", "s": "grass"}, "geometry": {"type": "Polygon", "coordinates": [[[-96.807375, 32.802161], [-96.807164, 32.802239], [-96.807028, 32.802346], [-96.806899, 32.802433], [-96.8068, 32.802591], [-96.806673, 32.802776], [-96.806642, 32.802798], [-96.806563, 32.802871], [-96.806476, 32.802985], [-96.806409, 32.803055], [-96.806245, 32.8031], [-96.806174, 32.803123], [-96.805903, 32.803122], [-96.805851, 32.803068], [-96.805781, 32.802905], [-96.805747, 32.802983], [-96.805719, 32.803151], [-96.805675, 32.803374], [-96.805698, 32.803407], [-96.805801, 32.803519], [-96.805873, 32.803578], [-96.806004, 32.803619], [-96.806107, 32.803616], [-96.806183, 32.803586], [-96.806359, 32.803509], [-96.806632, 32.803376], [-96.806878, 32.80323], [-96.807333, 32.802905], [-96.807662, 32.802685], [-96.807751, 32.802626], [-96.807375, 32.802161]]]}}, {"type": "Feature", "properties": {"k": "area", "s": "dirt"}, "geometry": {"type": "Polygon", "coordinates": [[[-96.78037, 32.776228], [-96.781406, 32.775599], [-96.782029, 32.776277], [-96.781024, 32.776922], [-96.78037, 32.776228]]]}}, {"type": "Feature", "properties": {"k": "area", "s": "asphalt", "name": "Perot Museum Lot C"}, "geometry": {"type": "Polygon", "coordinates": [[[-96.808533, 32.78643], [-96.808485, 32.786853], [-96.808243, 32.78702], [-96.80773, 32.786531], [-96.806912, 32.785792], [-96.807462, 32.785397], [-96.80761, 32.78554], [-96.808533, 32.78643]]]}}, {"type": "Feature", "properties": {"k": "area", "s": "grass"}, "geometry": {"type": "Polygon", "coordinates": [[[-96.774841, 32.771388], [-96.774368, 32.771003], [-96.773201, 32.771997], [-96.773025, 32.772023], [-96.772827, 32.772068], [-96.77343, 32.772552], [-96.774841, 32.771388]]]}}, {"type": "Feature", "properties": {"k": "area", "s": "dirt"}, "geometry": {"type": "Polygon", "coordinates": [[[-96.806426, 32.796311], [-96.805976, 32.796682], [-96.80549, 32.796284], [-96.805389, 32.795283], [-96.806008, 32.795269], [-96.806514, 32.795673], [-96.806203, 32.795921], [-96.806489, 32.796174], [-96.806374, 32.796265], [-96.806426, 32.796311]]]}}, {"type": "Feature", "properties": {"k": "area", "s": "grass", "name": "Pioneer Park Cemetery"}, "geometry": {"type": "Polygon", "coordinates": [[[-96.800739, 32.77539], [-96.79942, 32.775473], [-96.799731, 32.776385], [-96.80068, 32.776365], [-96.800739, 32.77539]]]}}, {"type": "Feature", "properties": {"k": "area", "s": "grass", "name": "Freedman's Memorial Cemetery"}, "geometry": {"type": "Polygon", "coordinates": [[[-96.794653, 32.803887], [-96.793642, 32.803496], [-96.793605, 32.803446], [-96.793505, 32.802467], [-96.794058, 32.802115], [-96.794106, 32.803152], [-96.79494, 32.803439], [-96.794813, 32.803686], [-96.794653, 32.803887]]]}}, {"type": "Feature", "properties": {"k": "area", "s": "concrete"}, "geometry": {"type": "Polygon", "coordinates": [[[-96.805295, 32.76703], [-96.80581, 32.765951], [-96.805684, 32.765899], [-96.80497, 32.765616], [-96.804703, 32.766154], [-96.804503, 32.766713], [-96.805295, 32.76703]]]}}, {"type": "Feature", "properties": {"k": "area", "s": "asphalt"}, "geometry": {"type": "Polygon", "coordinates": [[[-96.796115, 32.779048], [-96.795113, 32.779258], [-96.794973, 32.778849], [-96.795074, 32.778824], [-96.794926, 32.778396], [-96.796177, 32.778091], [-96.796252, 32.778309], [-96.795906, 32.778393], [-96.795988, 32.77863], [-96.79634, 32.778545], [-96.796427, 32.778799], [-96.796116, 32.778875], [-96.796061, 32.778888], [-96.796115, 32.779048]]]}}, {"type": "Feature", "properties": {"k": "area", "s": "grass", "name": "Katy Trail Greenbelt"}, "geometry": {"type": "Polygon", "coordinates": [[[-96.803391, 32.804678], [-96.80356, 32.804376], [-96.803679, 32.804065], [-96.803855, 32.803786], [-96.804149, 32.803351], [-96.804194, 32.803276], [-96.804115, 32.803231], [-96.804343, 32.803019], [-96.804574, 32.802859], [-96.804794, 32.802703], [-96.80507, 32.802548], [-96.805413, 32.80235], [-96.805703, 32.80218], [-96.805655, 32.802085], [-96.805765, 32.802011], [-96.805751, 32.801917], [-96.805708, 32.801707], [-96.805657, 32.801628], [-96.805612, 32.80164], [-96.805655, 32.80177], [-96.805601, 32.801783], [-96.805642, 32.801907], [-96.805652, 32.801939], [-96.805577, 32.801957], [-96.805582, 32.801976], [-96.80552, 32.802041], [-96.805415, 32.802071], [-96.80531, 32.802084], [-96.805257, 32.8021], [-96.805229, 32.802125], [-96.80511, 32.802174], [-96.804772, 32.80241], [-96.8045, 32.802603], [-96.804488, 32.802611], [-96.803903, 32.80318], [-96.803874, 32.803208], [-96.803729, 32.803416], [-96.803382, 32.803963], [-96.803081, 32.804437], [-96.803391, 32.804678]]]}}, {"type": "Feature", "properties": {"k": "area", "s": "grass", "name": "J. W. Ray Park"}, "geometry": {"type": "Polygon", "coordinates": [[[-96.789441, 32.80084], [-96.789268, 32.800694], [-96.789325, 32.800654], [-96.788741, 32.800158], [-96.787899, 32.800862], [-96.788642, 32.801488], [-96.789441, 32.80084]]]}}, {"type": "Feature", "properties": {"k": "area", "s": "asphalt"}, "geometry": {"type": "Polygon", "coordinates": [[[-96.806783, 32.775013], [-96.807202, 32.774938], [-96.807264, 32.774968], [-96.807601, 32.774486], [-96.807556, 32.774463], [-96.807594, 32.774416], [-96.807442, 32.774215], [-96.807276, 32.774056], [-96.80731, 32.774025], [-96.806456, 32.773415], [-96.806426, 32.773721], [-96.806427, 32.773809], [-96.806446, 32.773901], [-96.806783, 32.775013]]]}}, {"type": "Feature", "properties": {"k": "area", "s": "asphalt"}, "geometry": {"type": "Polygon", "coordinates": [[[-96.810604, 32.787248], [-96.810327, 32.786347], [-96.810573, 32.786297], [-96.810555, 32.786233], [-96.811254, 32.786072], [-96.811581, 32.787152], [-96.811528, 32.78716], [-96.811531, 32.787181], [-96.81143, 32.787199], [-96.811448, 32.787253], [-96.811316, 32.787266], [-96.811217, 32.787253], [-96.811109, 32.787219], [-96.81102, 32.787217], [-96.810964, 32.787225], [-96.810952, 32.787175], [-96.810604, 32.787248]]]}}, {"type": "Feature", "properties": {"k": "area", "s": "gravel"}, "geometry": {"type": "Polygon", "coordinates": [[[-96.813738, 32.779175], [-96.813761, 32.779239], [-96.813776, 32.779274], [-96.813804, 32.779343], [-96.814464, 32.779207], [-96.817204, 32.778639], [-96.817468, 32.778524], [-96.817481, 32.778487], [-96.817471, 32.778453], [-96.81745, 32.778437], [-96.817011, 32.778395], [-96.815681, 32.77866], [-96.815472, 32.778705], [-96.813705, 32.779093], [-96.813738, 32.779175]]]}}, {"type": "Feature", "properties": {"k": "area", "s": "dirt"}, "geometry": {"type": "Polygon", "coordinates": [[[-96.810923, 32.780599], [-96.810611, 32.780581], [-96.810558, 32.78087], [-96.810451, 32.780861], [-96.810418, 32.781023], [-96.810451, 32.781357], [-96.810536, 32.781727], [-96.810558, 32.781943], [-96.810673, 32.782175], [-96.81088, 32.782917], [-96.811051, 32.78354], [-96.811125, 32.783996], [-96.8113, 32.783897], [-96.811105, 32.783026], [-96.810955, 32.782124], [-96.810912, 32.781628], [-96.810923, 32.780599]]]}}, {"type": "Feature", "properties": {"k": "area", "s": "turf", "name": "Cobb Stadium"}, "geometry": {"type": "Polygon", "coordinates": [[[-96.814718, 32.800126], [-96.81401, 32.800544], [-96.813679, 32.800489], [-96.813504, 32.800343], [-96.813442, 32.800142], [-96.813437, 32.799995], [-96.813463, 32.799924], [-96.813967, 32.79939], [-96.814076, 32.799271], [-96.814754, 32.799977], [-96.814718, 32.800126]]]}}, {"type": "Feature", "properties": {"k": "area", "s": "grass"}, "geometry": {"type": "Polygon", "coordinates": [[[-96.781272, 32.76613], [-96.780561, 32.765502], [-96.779359, 32.766465], [-96.779714, 32.766778], [-96.780462, 32.76618], [-96.780817, 32.766494], [-96.781272, 32.76613]]]}}, {"type": "Feature", "properties": {"k": "area", "s": "grass"}, "geometry": {"type": "Polygon", "coordinates": [[[-96.774576, 32.77526], [-96.774223, 32.775557], [-96.774004, 32.775374], [-96.774384, 32.775053], [-96.773847, 32.774603], [-96.773115, 32.775221], [-96.77403, 32.775987], [-96.774735, 32.775393], [-96.774576, 32.77526]]]}}, {"type": "Feature", "properties": {"k": "area", "s": "concrete", "name": "Ronald Kirk Bridge"}, "geometry": {"type": "Polygon", "coordinates": [[[-96.825533, 32.779329], [-96.819706, 32.782367], [-96.819713, 32.782382], [-96.819744, 32.782427], [-96.819787, 32.782476], [-96.819788, 32.782488], [-96.825626, 32.779451], [-96.825578, 32.779388], [-96.825533, 32.779329]]]}}, {"type": "Feature", "properties": {"k": "area", "s": "grass"}, "geometry": {"type": "Polygon", "coordinates": [[[-96.807588, 32.790193], [-96.807564, 32.791121], [-96.807451, 32.791334], [-96.80703, 32.791695], [-96.806359, 32.791105], [-96.806837, 32.790727], [-96.807556, 32.79021], [-96.807588, 32.790193]]]}}, {"type": "Feature", "properties": {"k": "area", "s": "asphalt", "name": "Parking Lot 19"}, "geometry": {"type": "Polygon", "coordinates": [[[-96.781387, 32.787855], [-96.781448, 32.787807], [-96.781465, 32.787821], [-96.781622, 32.78769], [-96.781584, 32.787643], [-96.781609, 32.787595], [-96.781619, 32.787578], [-96.781746, 32.787472], [-96.78187, 32.787499], [-96.781885, 32.787453], [-96.781932, 32.787459], [-96.781961, 32.787358], [-96.78172, 32.787301], [-96.781353, 32.787238], [-96.781234, 32.787216], [-96.781145, 32.787212], [-96.781137, 32.787212], [-96.781115, 32.787212], [-96.780966, 32.787206], [-96.780712, 32.787193], [-96.780461, 32.787194], [-96.780088, 32.787213], [-96.780034, 32.787254], [-96.77991, 32.787348], [-96.779951, 32.787374], [-96.779933, 32.787424], [-96.780238, 32.787708], [-96.780249, 32.787719], [-96.780428, 32.787886], [-96.780475, 32.787839], [-96.780525, 32.787893], [-96.780588, 32.787841], [-96.780768, 32.787691], [-96.780925, 32.787824], [-96.781153, 32.787629], [-96.781387, 32.787855]]]}}, {"type": "Feature", "properties": {"k": "area", "s": "asphalt"}, "geometry": {"type": "Polygon", "coordinates": [[[-96.794852, 32.776042], [-96.793963, 32.77679], [-96.79335, 32.776275], [-96.794239, 32.775527], [-96.794852, 32.776042]]]}}, {"type": "Feature", "properties": {"k": "area", "s": "asphalt"}, "geometry": {"type": "Polygon", "coordinates": [[[-96.795915, 32.775141], [-96.795001, 32.775899], [-96.794405, 32.775391], [-96.795319, 32.774633], [-96.795915, 32.775141]]]}}, {"type": "Feature", "properties": {"k": "area", "s": "asphalt", "name": "Lot C"}, "geometry": {"type": "Polygon", "coordinates": [[[-96.802987, 32.77577], [-96.802713, 32.774745], [-96.801897, 32.774927], [-96.802224, 32.776137], [-96.802404, 32.776099], [-96.802346, 32.775901], [-96.802987, 32.77577]]]}}, {"type": "Feature", "properties": {"k": "area", "s": "asphalt", "name": "South Victory 1"}, "geometry": {"type": "Polygon", "coordinates": [[[-96.80949, 32.788005], [-96.809436, 32.78745], [-96.809519, 32.787458], [-96.810381, 32.787399], [-96.810574, 32.788085], [-96.81062, 32.788248], [-96.809806, 32.78831], [-96.809538, 32.788498], [-96.809534, 32.788454], [-96.80949, 32.788005]]]}}, {"type": "Feature", "properties": {"k": "area", "s": "dirt"}, "geometry": {"type": "Polygon", "coordinates": [[[-96.789806, 32.781742], [-96.789774, 32.781615], [-96.78922, 32.780979], [-96.788455, 32.781437], [-96.788323, 32.781272], [-96.788114, 32.781375], [-96.788612, 32.781988], [-96.789806, 32.781742]]]}}, {"type": "Feature", "properties": {"k": "area", "s": "asphalt"}, "geometry": {"type": "Polygon", "coordinates": [[[-96.789211, 32.798165], [-96.788579, 32.797616], [-96.787659, 32.798365], [-96.788051, 32.798706], [-96.788238, 32.798554], [-96.788478, 32.798762], [-96.789211, 32.798165]]]}}, {"type": "Feature", "properties": {"k": "area", "s": "asphalt", "name": "Lexus Garage"}, "geometry": {"type": "Polygon", "coordinates": [[[-96.808698, 32.792066], [-96.809838, 32.791319], [-96.809998, 32.791492], [-96.809951, 32.791522], [-96.810049, 32.791628], [-96.810117, 32.791703], [-96.810169, 32.791668], [-96.810303, 32.791814], [-96.809156, 32.792566], [-96.808993, 32.792387], [-96.808698, 32.792066]]]}}, {"type": "Feature", "properties": {"k": "area", "s": "asphalt"}, "geometry": {"type": "Polygon", "coordinates": [[[-96.793586, 32.786028], [-96.793385, 32.786184], [-96.793343, 32.78615], [-96.793232, 32.786298], [-96.79324, 32.786331], [-96.793262, 32.786335], [-96.793303, 32.786304], [-96.793842, 32.786761], [-96.793628, 32.786943], [-96.792906, 32.786353], [-96.792827, 32.786335], [-96.79313, 32.785701], [-96.793488, 32.785318], [-96.793553, 32.785368], [-96.79361, 32.78532], [-96.793901, 32.785572], [-96.794089, 32.785643], [-96.79414, 32.785612], [-96.79431, 32.785767], [-96.794077, 32.785927], [-96.79399, 32.785943], [-96.793858, 32.785847], [-96.793832, 32.785819], [-96.793586, 32.786028]]]}}, {"type": "Feature", "properties": {"k": "area", "s": "grass", "name": "Martyr's Park"}, "geometry": {"type": "Polygon", "coordinates": [[[-96.809796, 32.778649], [-96.809815, 32.778672], [-96.809928, 32.778647], [-96.810078, 32.778798], [-96.810323, 32.778987], [-96.810512, 32.779111], [-96.810738, 32.779249], [-96.810996, 32.779351], [-96.811288, 32.779419], [-96.811366, 32.779439], [-96.811363, 32.779332], [-96.811117, 32.778371], [-96.810972, 32.778362], [-96.809781, 32.778619], [-96.809796, 32.778649]]]}}, {"type": "Feature", "properties": {"k": "area", "s": "asphalt"}, "geometry": {"type": "Polygon", "coordinates": [[[-96.801797, 32.772672], [-96.801691, 32.77269], [-96.801691, 32.772707], [-96.801558, 32.772726], [-96.801423, 32.772738], [-96.801289, 32.772742], [-96.801154, 32.772737], [-96.801047, 32.772728], [-96.80094, 32.772714], [-96.800835, 32.772694], [-96.800731, 32.77267], [-96.800629, 32.77264], [-96.800658, 32.77257], [-96.800389, 32.772418], [-96.80105, 32.771768], [-96.801702, 32.772245], [-96.80188, 32.772371], [-96.80192, 32.7725], [-96.801797, 32.772672]]]}}, {"type": "Feature", "properties": {"k": "area", "s": "asphalt"}, "geometry": {"type": "Polygon", "coordinates": [[[-96.781755, 32.790015], [-96.781687, 32.790071], [-96.781651, 32.790101], [-96.781635, 32.790087], [-96.781101, 32.790528], [-96.780595, 32.790946], [-96.780511, 32.791016], [-96.781133, 32.791548], [-96.781207, 32.791487], [-96.781304, 32.791407], [-96.781379, 32.791344], [-96.781033, 32.791048], [-96.781739, 32.790465], [-96.782085, 32.790762], [-96.782147, 32.790711], [-96.782213, 32.790657], [-96.782361, 32.790534], [-96.781916, 32.790153], [-96.781755, 32.790015]]]}}, {"type": "Feature", "properties": {"k": "area", "s": "gravel"}, "geometry": {"type": "Polygon", "coordinates": [[[-96.813111, 32.790708], [-96.812567, 32.7889], [-96.812117, 32.788996], [-96.8123, 32.789605], [-96.812371, 32.789843], [-96.812663, 32.790814], [-96.813111, 32.790708]]]}}, {"type": "Feature", "properties": {"k": "area", "s": "asphalt"}, "geometry": {"type": "Polygon", "coordinates": [[[-96.795285, 32.789397], [-96.795693, 32.789741], [-96.795273, 32.790094], [-96.794459, 32.789407], [-96.79531, 32.788694], [-96.795716, 32.789036], [-96.795285, 32.789397]]]}}, {"type": "Feature", "properties": {"k": "area", "s": "asphalt"}, "geometry": {"type": "Polygon", "coordinates": [[[-96.778297, 32.78166], [-96.777385, 32.78102], [-96.776765, 32.781646], [-96.777146, 32.781913], [-96.777262, 32.781796], [-96.777792, 32.782168], [-96.778297, 32.78166]]]}}, {"type": "Feature", "properties": {"k": "area", "s": "gravel"}, "geometry": {"type": "Polygon", "coordinates": [[[-96.783054, 32.786374], [-96.783084, 32.786452], [-96.783312, 32.786393], [-96.783661, 32.786299], [-96.783751, 32.786273], [-96.783842, 32.786251], [-96.78394, 32.786229], [-96.784024, 32.786206], [-96.784252, 32.786146], [-96.784456, 32.786098], [-96.784521, 32.785967], [-96.784626, 32.785927], [-96.784723, 32.78589], [-96.784872, 32.785828], [-96.785048, 32.785751], [-96.785134, 32.785709], [-96.785227, 32.785657], [-96.785335, 32.785578], [-96.785447, 32.78549], [-96.785768, 32.785227], [-96.785852, 32.785168], [-96.785933, 32.785114], [-96.786019, 32.785055], [-96.786106, 32.785016], [-96.786191, 32.784979], [-96.786282, 32.784945], [-96.786466, 32.784901], [-96.786477, 32.784898], [-96.786574, 32.784885], [-96.78667, 32.784878], [-96.786711, 32.784875], [-96.786755, 32.784873], [-96.786798, 32.784872], [-96.78684, 32.784877], [-96.786891, 32.784889], [-96.786935, 32.784899], [-96.786795, 32.7847], [-96.786717, 32.784705], [-96.786597, 32.784708], [-96.786358, 32.784738], [-96.786117, 32.784815], [-96.785897, 32.78493], [-96.785139, 32.785538], [-96.784892, 32.785669], [-96.784741, 32.785726], [-96.78299, 32.786192], [-96.783054, 32.786374]]]}}, {"type": "Feature", "properties": {"k": "area", "s": "asphalt"}, "geometry": {"type": "Polygon", "coordinates": [[[-96.809718, 32.779302], [-96.809754, 32.779489], [-96.809734, 32.779701], [-96.809667, 32.779854], [-96.809595, 32.779952], [-96.809429, 32.780099], [-96.809211, 32.780197], [-96.808988, 32.780286], [-96.808743, 32.780312], [-96.808721, 32.780261], [-96.808418, 32.780319], [-96.808358, 32.780129], [-96.808393, 32.780122], [-96.8087, 32.780058], [-96.808762, 32.780045], [-96.808622, 32.779572], [-96.80861, 32.779534], [-96.809079, 32.779437], [-96.809718, 32.779302]]]}}, {"type": "Feature", "properties": {"k": "area", "s": "asphalt"}, "geometry": {"type": "Polygon", "coordinates": [[[-96.801614, 32.777837], [-96.800491, 32.778083], [-96.80016, 32.77719], [-96.800601, 32.77709], [-96.800658, 32.777231], [-96.800754, 32.777326], [-96.800865, 32.7774], [-96.801089, 32.777478], [-96.801339, 32.777553], [-96.801357, 32.777497], [-96.801358, 32.777152], [-96.801556, 32.777145], [-96.801563, 32.777246], [-96.80149, 32.777603], [-96.801547, 32.777612], [-96.801614, 32.777837]]]}}, {"type": "Feature", "properties": {"k": "area", "s": "asphalt"}, "geometry": {"type": "Polygon", "coordinates": [[[-96.796892, 32.788772], [-96.796231, 32.789314], [-96.795424, 32.788614], [-96.795965, 32.788159], [-96.796369, 32.788498], [-96.796463, 32.788412], [-96.796892, 32.788772]]]}}, {"type": "Feature", "properties": {"k": "area", "s": "asphalt", "name": "DTS Commuter Lot"}, "geometry": {"type": "Polygon", "coordinates": [[[-96.782285, 32.795593], [-96.782257, 32.795617], [-96.782306, 32.795659], [-96.781461, 32.796364], [-96.780926, 32.795912], [-96.780963, 32.795881], [-96.780925, 32.795848], [-96.781695, 32.795205], [-96.781783, 32.795279], [-96.781816, 32.795307], [-96.781882, 32.795251], [-96.782285, 32.795593]]]}}, {"type": "Feature", "properties": {"k": "area", "s": "asphalt"}, "geometry": {"type": "Polygon", "coordinates": [[[-96.79367, 32.79338], [-96.793797, 32.793484], [-96.793957, 32.793359], [-96.794307, 32.793641], [-96.794399, 32.793582], [-96.794459, 32.79363], [-96.795022, 32.793183], [-96.794948, 32.793127], [-96.795125, 32.792993], [-96.795139, 32.792904], [-96.795075, 32.792853], [-96.795118, 32.792814], [-96.79476, 32.79252], [-96.794725, 32.792555], [-96.794682, 32.792523], [-96.79367, 32.79338]]]}}, {"type": "Feature", "properties": {"k": "area", "s": "asphalt", "name": "Elm Street Garage"}, "geometry": {"type": "Polygon", "coordinates": [[[-96.79419, 32.782332], [-96.794179, 32.782334], [-96.794198, 32.7824], [-96.792785, 32.782692], [-96.792771, 32.782646], [-96.792756, 32.782649], [-96.792695, 32.782442], [-96.792629, 32.782216], [-96.792646, 32.782212], [-96.792631, 32.78216], [-96.793396, 32.782002], [-96.794003, 32.781876], [-96.794011, 32.781906], [-96.794062, 32.781895], [-96.794135, 32.782143], [-96.79419, 32.782332]]]}}, {"type": "Feature", "properties": {"k": "area", "s": "asphalt"}, "geometry": {"type": "Polygon", "coordinates": [[[-96.819098, 32.798964], [-96.819725, 32.799334], [-96.820533, 32.799806], [-96.82061, 32.799849], [-96.820662, 32.799773], [-96.820845, 32.799504], [-96.820904, 32.799422], [-96.82021, 32.79896], [-96.820115, 32.798922], [-96.819886, 32.798857], [-96.819098, 32.798964]]]}}, {"type": "Feature", "properties": {"k": "area", "s": "grass", "name": "Main Street Garden"}, "geometry": {"type": "Polygon", "coordinates": [[[-96.794218, 32.781565], [-96.79409, 32.781078], [-96.794084, 32.78106], [-96.79447, 32.780965], [-96.794931, 32.780867], [-96.795399, 32.780763], [-96.795584, 32.781337], [-96.794218, 32.781565]]]}}, {"type": "Feature", "properties": {"k": "area", "s": "asphalt", "name": "Infomart"}, "geometry": {"type": "Polygon", "coordinates": [[[-96.818319, 32.800722], [-96.818235, 32.800673], [-96.817824, 32.800434], [-96.817657, 32.800211], [-96.818164, 32.799572], [-96.818506, 32.799767], [-96.818904, 32.799994], [-96.818604, 32.800367], [-96.818555, 32.80034], [-96.818536, 32.800364], [-96.818555, 32.800374], [-96.818501, 32.800441], [-96.818483, 32.80043], [-96.818462, 32.800455], [-96.818511, 32.800483], [-96.818319, 32.800722]]]}}, {"type": "Feature", "properties": {"k": "area", "s": "grass"}, "geometry": {"type": "Polygon", "coordinates": [[[-96.786967, 32.789595], [-96.786334, 32.789039], [-96.785648, 32.789595], [-96.786335, 32.790178], [-96.786967, 32.789595]]]}}, {"type": "Feature", "properties": {"k": "area", "s": "asphalt"}, "geometry": {"type": "Polygon", "coordinates": [[[-96.801806, 32.770634], [-96.802905, 32.771301], [-96.802821, 32.771426], [-96.802192, 32.771131], [-96.802044, 32.771338], [-96.801974, 32.771328], [-96.801904, 32.771337], [-96.801842, 32.771366], [-96.801794, 32.77141], [-96.801583, 32.771714], [-96.801476, 32.771755], [-96.801072, 32.771446], [-96.801273, 32.771237], [-96.801688, 32.770969], [-96.801593, 32.77084], [-96.801629, 32.770806], [-96.801806, 32.770634]]]}}, {"type": "Feature", "properties": {"k": "area", "s": "asphalt"}, "geometry": {"type": "Polygon", "coordinates": [[[-96.794533, 32.801276], [-96.794302, 32.801084], [-96.794191, 32.801178], [-96.793581, 32.80067], [-96.793538, 32.80212], [-96.793667, 32.802123], [-96.793696, 32.802158], [-96.793993, 32.80198], [-96.793984, 32.801665], [-96.794037, 32.80162], [-96.794083, 32.801659], [-96.794533, 32.801276]]]}}, {"type": "Feature", "properties": {"k": "area", "s": "grass"}, "geometry": {"type": "Polygon", "coordinates": [[[-96.775154, 32.775059], [-96.774847, 32.77466], [-96.774016, 32.773989], [-96.77366, 32.774261], [-96.77489, 32.775327], [-96.77502, 32.775241], [-96.775127, 32.77515], [-96.775154, 32.775059]]]}}, {"type": "Feature", "properties": {"k": "area", "s": "turf"}, "geometry": {"type": "Polygon", "coordinates": [[[-96.775945, 32.769347], [-96.775422, 32.76876], [-96.775266, 32.768733], [-96.774645, 32.769347], [-96.774877, 32.76954], [-96.775087, 32.769638], [-96.775309, 32.769665], [-96.775659, 32.769599], [-96.775848, 32.76949], [-96.775945, 32.769347]]]}}, {"type": "Feature", "properties": {"k": "area", "s": "asphalt", "name": "Dallas County Parking Garage D"}, "geometry": {"type": "Polygon", "coordinates": [[[-96.812826, 32.779094], [-96.812438, 32.779067], [-96.812318, 32.778923], [-96.812414, 32.778058], [-96.81311, 32.778112], [-96.813079, 32.77853], [-96.813125, 32.77854], [-96.813128, 32.77856], [-96.813117, 32.778567], [-96.813102, 32.778565], [-96.813101, 32.778573], [-96.813131, 32.778574], [-96.813125, 32.778654], [-96.813086, 32.778652], [-96.813081, 32.778683], [-96.813075, 32.778724], [-96.813109, 32.778729], [-96.813105, 32.778762], [-96.813111, 32.778765], [-96.813082, 32.778968], [-96.81307, 32.779057], [-96.812888, 32.779038], [-96.812879, 32.779098], [-96.812826, 32.779094]]]}}, {"type": "Feature", "properties": {"k": "area", "s": "asphalt", "name": "Lot 29"}, "geometry": {"type": "Polygon", "coordinates": [[[-96.780706, 32.792864], [-96.780664, 32.792828], [-96.780565, 32.792911], [-96.78025, 32.792646], [-96.780348, 32.792563], [-96.780282, 32.792508], [-96.781132, 32.791791], [-96.781218, 32.791863], [-96.781278, 32.791813], [-96.781617, 32.792097], [-96.780706, 32.792864]]]}}, {"type": "Feature", "properties": {"k": "area", "s": "water"}, "geometry": {"type": "Polygon", "coordinates": [[[-96.81627, 32.771581], [-96.816553, 32.771676], [-96.816666, 32.771546], [-96.817197, 32.771831], [-96.817246, 32.77223], [-96.817324, 32.772361], [-96.81714, 32.772694], [-96.816921, 32.772349], [-96.816723, 32.772254], [-96.816546, 32.772159], [-96.816213, 32.772301], [-96.816241, 32.772069], [-96.816177, 32.771849], [-96.81627, 32.771581]]]}}, {"type": "Feature", "properties": {"k": "area", "s": "grass", "name": "Katy Trail Greenbelt"}, "geometry": {"type": "Polygon", "coordinates": [[[-96.806068, 32.801831], [-96.806093, 32.801819], [-96.806602, 32.801648], [-96.807099, 32.801425], [-96.80729, 32.801389], [-96.807344, 32.801351], [-96.807353, 32.801312], [-96.807455, 32.801258], [-96.807518, 32.801267], [-96.807923, 32.801013], [-96.807952, 32.800995], [-96.808497, 32.800659], [-96.80859, 32.800749], [-96.808711, 32.800855], [-96.808183, 32.80118], [-96.807848, 32.801344], [-96.807333, 32.801581], [-96.806973, 32.801754], [-96.806515, 32.80193], [-96.806134, 32.802081], [-96.806106, 32.80198], [-96.806068, 32.801831]]]}}, {"type": "Feature", "properties": {"k": "area", "s": "grass"}, "geometry": {"type": "Polygon", "coordinates": [[[-96.793134, 32.785312], [-96.792367, 32.785954], [-96.792029, 32.785188], [-96.792095, 32.785179], [-96.792115, 32.785171], [-96.792133, 32.785159], [-96.792196, 32.785056], [-96.792202, 32.785025], [-96.792203, 32.784881], [-96.792224, 32.78484], [-96.792244, 32.784818], [-96.792267, 32.784799], [-96.792294, 32.784788], [-96.792326, 32.78478], [-96.792365, 32.784779], [-96.79242, 32.784791], [-96.792567, 32.784837], [-96.79261, 32.784854], [-96.792643, 32.784878], [-96.792663, 32.784904], [-96.792796, 32.785093], [-96.792856, 32.785132], [-96.79312, 32.785159], [-96.793134, 32.785312]]]}}, {"type": "Feature", "properties": {"k": "area", "s": "dirt"}, "geometry": {"type": "Polygon", "coordinates": [[[-96.806044, 32.780683], [-96.804844, 32.78094], [-96.804681, 32.780402], [-96.80588, 32.780145], [-96.806044, 32.780683]]]}}, {"type": "Feature", "properties": {"k": "area", "s": "dirt"}, "geometry": {"type": "Polygon", "coordinates": [[[-96.794464, 32.790756], [-96.794109, 32.790455], [-96.793954, 32.790577], [-96.793527, 32.790215], [-96.793402, 32.790383], [-96.793344, 32.790518], [-96.793325, 32.790652], [-96.79333, 32.790798], [-96.793362, 32.79093], [-96.793422, 32.791028], [-96.793751, 32.791342], [-96.793985, 32.791156], [-96.793971, 32.791108], [-96.794045, 32.79104], [-96.794098, 32.791063], [-96.794464, 32.790756]]]}}, {"type": "Feature", "properties": {"k": "area", "s": "grass", "name": "Katy Trail Greenbelt"}, "geometry": {"type": "Polygon", "coordinates": [[[-96.809893, 32.800073], [-96.811625, 32.798997], [-96.812541, 32.798386], [-96.812679, 32.798241], [-96.812581, 32.798249], [-96.812371, 32.798192], [-96.812135, 32.798413], [-96.811856, 32.798627], [-96.811138, 32.799059], [-96.810688, 32.79933], [-96.810301, 32.799562], [-96.809762, 32.799882], [-96.809893, 32.800073]]]}}, {"type": "Feature", "properties": {"k": "area", "s": "dirt"}, "geometry": {"type": "Polygon", "coordinates": [[[-96.793212, 32.77109], [-96.79276, 32.770698], [-96.791871, 32.771425], [-96.792323, 32.771816], [-96.793212, 32.77109]]]}}, {"type": "Feature", "properties": {"k": "area", "s": "grass"}, "geometry": {"type": "Polygon", "coordinates": [[[-96.784923, 32.768526], [-96.784537, 32.768278], [-96.78425, 32.768583], [-96.783901, 32.768364], [-96.783577, 32.768721], [-96.784323, 32.769243], [-96.784934, 32.768607], [-96.784923, 32.768526]]]}}, {"type": "Feature", "properties": {"k": "area", "s": "asphalt"}, "geometry": {"type": "Polygon", "coordinates": [[[-96.803022, 32.782698], [-96.802087, 32.783484], [-96.801909, 32.782736], [-96.802553, 32.782262], [-96.803022, 32.782698]]]}}, {"type": "Feature", "properties": {"k": "area", "s": "concrete", "name": "Banks Stone Service"}, "geometry": {"type": "Polygon", "coordinates": [[[-96.819785, 32.765369], [-96.819775, 32.764275], [-96.819169, 32.764278], [-96.819178, 32.765372], [-96.819785, 32.765369]]]}}, {"type": "Feature", "properties": {"k": "area", "s": "grass"}, "geometry": {"type": "Polygon", "coordinates": [[[-96.807849, 32.80253], [-96.807616, 32.80222], [-96.80772, 32.802135], [-96.807898, 32.802047], [-96.808012, 32.801963], [-96.808379, 32.801758], [-96.808588, 32.801704], [-96.80883, 32.801647], [-96.809075, 32.801593], [-96.809437, 32.801385], [-96.809575, 32.801482], [-96.809663, 32.801557], [-96.809686, 32.801587], [-96.809686, 32.801619], [-96.809674, 32.801643], [-96.809655, 32.801662], [-96.809618, 32.801671], [-96.809552, 32.801685], [-96.809342, 32.801725], [-96.809203, 32.801767], [-96.809049, 32.801809], [-96.808686, 32.801977], [-96.808503, 32.802113], [-96.807992, 32.802463], [-96.807948, 32.802495], [-96.807849, 32.80253]]]}}, {"type": "Feature", "properties": {"k": "area", "s": "gravel"}, "geometry": {"type": "Polygon", "coordinates": [[[-96.775568, 32.786488], [-96.775549, 32.786463], [-96.775595, 32.786379], [-96.776952, 32.786724], [-96.777475, 32.786808], [-96.778173, 32.786889], [-96.778859, 32.786907], [-96.77931, 32.786907], [-96.779326, 32.787001], [-96.779238, 32.787041], [-96.778327, 32.787072], [-96.777465, 32.786995], [-96.776834, 32.786895], [-96.776128, 32.786694], [-96.775576, 32.786546], [-96.775568, 32.786488]]]}}, {"type": "Feature", "properties": {"k": "area", "s": "grass"}, "geometry": {"type": "Polygon", "coordinates": [[[-96.799823, 32.776913], [-96.798811, 32.777158], [-96.798683, 32.77711], [-96.798482, 32.776443], [-96.798506, 32.776378], [-96.798747, 32.776378], [-96.799101, 32.776451], [-96.799329, 32.776547], [-96.799614, 32.776681], [-96.799734, 32.776761], [-96.799789, 32.776828], [-96.799823, 32.776913]]]}}, {"type": "Feature", "properties": {"k": "area", "s": "asphalt"}, "geometry": {"type": "Polygon", "coordinates": [[[-96.812268, 32.789577], [-96.811341, 32.789766], [-96.811312, 32.789669], [-96.811148, 32.789102], [-96.811324, 32.789066], [-96.811454, 32.78904], [-96.812063, 32.788915], [-96.812075, 32.788912], [-96.812268, 32.789577]]]}}, {"type": "Feature", "properties": {"k": "area", "s": "asphalt", "name": "Lot 44"}, "geometry": {"type": "Polygon", "coordinates": [[[-96.775502, 32.788887], [-96.774448, 32.789767], [-96.774329, 32.789667], [-96.774298, 32.789693], [-96.774053, 32.789486], [-96.77514, 32.78858], [-96.77531, 32.788724], [-96.775281, 32.788748], [-96.775371, 32.788825], [-96.7754, 32.7888], [-96.775502, 32.788887]]]}}, {"type": "Feature", "properties": {"k": "area", "s": "water"}, "geometry": {"type": "Polygon", "coordinates": [[[-96.494515, 32.46201], [-96.494593, 32.461696], [-96.494618, 32.461103], [-96.494651, 32.460762], [-96.494611, 32.460438], [-96.494534, 32.460064], [-96.494358, 32.459729], [-96.494099, 32.459405], [-96.493762, 32.459086], [-96.493632, 32.458949], [-96.493496, 32.45879], [-96.493295, 32.458498], [-96.493171, 32.458356], [-96.493061, 32.458075], [-96.493015, 32.457856], [-96.49299, 32.457811], [-96.492964, 32.457658], [-96.49297, 32.457262], [-96.493002, 32.457086], [-96.493002, 32.457026], [-96.493041, 32.456916], [-96.493157, 32.456718], [-96.49319, 32.456624], [-96.493358, 32.45635], [-96.493481, 32.456212], [-96.493637, 32.456086], [-96.493831, 32.455976], [-96.494039, 32.455882], [-96.494149, 32.455849], [-96.494602, 32.455739], [-96.494674, 32.455745], [-96.494842, 32.455706], [-96.495043, 32.455678], [-96.495672, 32.455491], [-96.495834, 32.455453], [-96.495911, 32.455409], [-96.495996, 32.455332], [-96.496022, 32.455293], [-96.496164, 32.455183], [-96.496274, 32.455156], [-96.496644, 32.454991], [-96.497045, 32.454848], [-96.497188, 32.454815], [-96.497343, 32.454716], [-96.497415, 32.454639], [-96.497544, 32.45443], [-96.497654, 32.454303], [-96.497803, 32.454078], [-96.497803, 32.454056], [-96.497861, 32.453902], [-96.497881, 32.453809], [-96.497887, 32.453633], [-96.497842, 32.453501], [-96.497848, 32.453479], [-96.497822, 32.45344], [-96.497783, 32.453424], [-96.497725, 32.45338], [-96.49766, 32.453358], [-96.497589, 32.453353], [-96.497382, 32.453358], [-96.496882, 32.453441], [-96.496364, 32.453496], [-96.495884, 32.453562], [-96.495625, 32.453584], [-96.495411, 32.45365], [-96.495217, 32.453678], [-96.494478, 32.45364], [-96.494232, 32.453601], [-96.494005, 32.453541], [-96.493733, 32.453486], [-96.493486, 32.453453], [-96.492948, 32.453344], [-96.492631, 32.453184], [-96.492352, 32.453009], [-96.492313, 32.45297], [-96.492099, 32.452827], [-96.491982, 32.452773], [-96.49182, 32.452729], [-96.491625, 32.452652], [-96.491496, 32.452564], [-96.491418, 32.452481], [-96.491217, 32.452377], [-96.490724, 32.452278], [-96.490582, 32.452245], [-96.490543, 32.452229], [-96.490258, 32.452185], [-96.49018, 32.452218], [-96.490122, 32.452224], [-96.49007, 32.452246], [-96.489597, 32.452317], [-96.489493, 32.452317], [-96.48937, 32.452284], [-96.489188, 32.452202], [-96.489046, 32.45212], [-96.488909, 32.45201], [-96.488618, 32.451801], [-96.488151, 32.451521], [-96.488041, 32.451482], [-96.487976, 32.45145], [-96.487859, 32.451433], [-96.487736, 32.4514], [-96.487645, 32.4514], [-96.487522, 32.451433], [-96.487367, 32.451538], [-96.487354, 32.45156], [-96.487296, 32.451604], [-96.486985, 32.451895], [-96.486913, 32.452082], [-96.486874, 32.452137], [-96.486764, 32.452214], [-96.48655, 32.452285], [-96.486213, 32.452357], [-96.485935, 32.452352], [-96.485708, 32.452335], [-96.485488, 32.452335], [-96.485319, 32.452308], [-96.485105, 32.452302], [-96.48493, 32.452269], [-96.484612, 32.45216], [-96.484204, 32.451896], [-96.484081, 32.451764], [-96.483996, 32.451704], [-96.483983, 32.451654], [-96.483886, 32.451555], [-96.48375, 32.45127], [-96.483581, 32.451022], [-96.483348, 32.450594], [-96.483186, 32.450204], [-96.483166, 32.450094], [-96.483147, 32.449869], [-96.483166, 32.449775], [-96.483121, 32.449671], [-96.483127, 32.449445], [-96.483172, 32.449143], [-96.483114, 32.448786], [-96.483094, 32.448522], [-96.483023, 32.448181], [-96.482886, 32.44789], [-96.482867, 32.447769], [-96.482867, 32.447698], [-96.482899, 32.447593], [-96.482886, 32.447396], [-96.482899, 32.446906], [-96.482873, 32.446659], [-96.482873, 32.446461], [-96.482886, 32.446335], [-96.482925, 32.446203], [-96.483015, 32.445972], [-96.483086, 32.445862], [-96.483145, 32.44567], [-96.483222, 32.445478], [-96.483222, 32.44545], [-96.483281, 32.445252], [-96.483319, 32.445164], [-96.483397, 32.445032], [-96.483514, 32.44489], [-96.483689, 32.444713], [-96.483792, 32.444642], [-96.483876, 32.444554], [-96.483896, 32.444499], [-96.483974, 32.444466], [-96.484038, 32.4444], [-96.484026, 32.444329], [-96.48398, 32.444241], [-96.483831, 32.443515], [-96.494515, 32.46201]]]}}, {"type": "Feature", "properties": {"k": "area", "s": "gravel"}, "geometry": {"type": "Polygon", "coordinates": [[[-96.792796, 32.789033], [-96.792821, 32.789638], [-96.792837, 32.789895], [-96.792855, 32.790112], [-96.79289, 32.790397], [-96.792943, 32.79071], [-96.793001, 32.791055], [-96.793109, 32.791715], [-96.79318, 32.791841], [-96.793229, 32.791834], [-96.793238, 32.791698], [-96.793274, 32.791674], [-96.793327, 32.791448], [-96.793324, 32.791338], [-96.793284, 32.791238], [-96.793177, 32.791052], [-96.793123, 32.790907], [-96.793105, 32.790774], [-96.793129, 32.790558], [-96.79319, 32.790368], [-96.793708, 32.789822], [-96.793629, 32.789725], [-96.793473, 32.78982], [-96.793339, 32.789921], [-96.793092, 32.790206], [-96.793028, 32.790291], [-96.792937, 32.789139], [-96.792796, 32.789033]]]}}, {"type": "Feature", "properties": {"k": "area", "s": "asphalt"}, "geometry": {"type": "Polygon", "coordinates": [[[-96.814899, 32.803392], [-96.814659, 32.803181], [-96.814594, 32.803124], [-96.814345, 32.803325], [-96.813891, 32.802926], [-96.813526, 32.803219], [-96.813614, 32.803296], [-96.813569, 32.803332], [-96.814164, 32.803856], [-96.814223, 32.803808], [-96.814283, 32.803861], [-96.814597, 32.803609], [-96.814612, 32.803622], [-96.81482, 32.803455], [-96.814899, 32.803392]]]}}, {"type": "Feature", "properties": {"k": "area", "s": "asphalt"}, "geometry": {"type": "Polygon", "coordinates": [[[-96.778568, 32.778943], [-96.778094, 32.779417], [-96.778008, 32.779357], [-96.778161, 32.779204], [-96.777947, 32.779052], [-96.77789, 32.779109], [-96.777646, 32.778936], [-96.777454, 32.779128], [-96.778268, 32.779704], [-96.778307, 32.779664], [-96.778349, 32.779693], [-96.778587, 32.779455], [-96.778768, 32.779582], [-96.779013, 32.779337], [-96.779055, 32.779367], [-96.779135, 32.779287], [-96.778951, 32.779157], [-96.778965, 32.779143], [-96.778672, 32.778936], [-96.778625, 32.778983], [-96.778568, 32.778943]]]}}, {"type": "Feature", "properties": {"k": "area", "s": "gravel"}, "geometry": {"type": "Polygon", "coordinates": [[[-96.816357, 32.798463], [-96.817464, 32.799985], [-96.817271, 32.800235], [-96.816073, 32.798614], [-96.816357, 32.798463]]]}}, {"type": "Feature", "properties": {"k": "area", "s": "asphalt"}, "geometry": {"type": "Polygon", "coordinates": [[[-96.784708, 32.791044], [-96.783683, 32.790167], [-96.783501, 32.790365], [-96.783418, 32.790582], [-96.784359, 32.791328], [-96.784708, 32.791044]]]}}, {"type": "Feature", "properties": {"k": "area", "s": "grass"}, "geometry": {"type": "Polygon", "coordinates": [[[-96.782898, 32.786651], [-96.782246, 32.787156], [-96.781739, 32.787035], [-96.781648, 32.786967], [-96.781339, 32.786924], [-96.7812, 32.786965], [-96.780647, 32.786951], [-96.782841, 32.786475], [-96.782898, 32.786651]]]}}, {"type": "Feature", "properties": {"k": "area", "s": "asphalt"}, "geometry": {"type": "Polygon", "coordinates": [[[-96.80243, 32.784166], [-96.801634, 32.784798], [-96.801432, 32.784618], [-96.801482, 32.784578], [-96.801226, 32.78435], [-96.801972, 32.783759], [-96.80243, 32.784166]]]}}, {"type": "Feature", "properties": {"k": "area", "s": "grass", "name": "Nasher Sculpture Garden"}, "geometry": {"type": "Polygon", "coordinates": [[[-96.800519, 32.788216], [-96.801407, 32.788958], [-96.801006, 32.789292], [-96.800344, 32.788735], [-96.800122, 32.788548], [-96.800519, 32.788216]]]}}, {"type": "Feature", "properties": {"k": "area", "s": "grass", "name": "Civic Garden"}, "geometry": {"type": "Polygon", "coordinates": [[[-96.802733, 32.779793], [-96.801715, 32.780008], [-96.801563, 32.779489], [-96.802682, 32.77926], [-96.802733, 32.779793]]]}}, {"type": "Feature", "properties": {"k": "area", "s": "asphalt"}, "geometry": {"type": "Polygon", "coordinates": [[[-96.80664, 32.790638], [-96.805981, 32.790056], [-96.806556, 32.789654], [-96.807182, 32.790233], [-96.80664, 32.790638]]]}}, {"type": "Feature", "properties": {"k": "area", "s": "asphalt"}, "geometry": {"type": "Polygon", "coordinates": [[[-96.801464, 32.783985], [-96.80088, 32.783399], [-96.801655, 32.782863], [-96.801868, 32.783637], [-96.801464, 32.783985]]]}}, {"type": "Feature", "properties": {"k": "area", "s": "grass"}, "geometry": {"type": "Polygon", "coordinates": [[[-96.799989, 32.773336], [-96.799955, 32.773221], [-96.80014, 32.773184], [-96.800116, 32.773118], [-96.799213, 32.772851], [-96.798787, 32.773095], [-96.798893, 32.77344], [-96.798913, 32.773482], [-96.798949, 32.773516], [-96.798996, 32.773538], [-96.799049, 32.773546], [-96.799102, 32.773539], [-96.799989, 32.773336]]]}}, {"type": "Feature", "properties": {"k": "area", "s": "asphalt"}, "geometry": {"type": "Polygon", "coordinates": [[[-96.796254, 32.793009], [-96.795618, 32.792469], [-96.796029, 32.792127], [-96.796393, 32.792436], [-96.796532, 32.79232], [-96.796951, 32.792675], [-96.796254, 32.793009]]]}}, {"type": "Feature", "properties": {"k": "area", "s": "asphalt", "name": "Parking Garage 7"}, "geometry": {"type": "Polygon", "coordinates": [[[-96.776152, 32.791179], [-96.776487, 32.790897], [-96.776531, 32.790934], [-96.776554, 32.790915], [-96.77694, 32.791243], [-96.777175, 32.791442], [-96.77725, 32.791504], [-96.777318, 32.791559], [-96.777305, 32.79157], [-96.777315, 32.791578], [-96.777293, 32.791597], [-96.777327, 32.791626], [-96.777307, 32.791643], [-96.777296, 32.791653], [-96.776993, 32.791907], [-96.776962, 32.791933], [-96.776779, 32.791779], [-96.776762, 32.791764], [-96.776726, 32.791735], [-96.776355, 32.791422], [-96.77632, 32.791393], [-96.776109, 32.791215], [-96.776152, 32.791179]]]}}, {"type": "Feature", "properties": {"k": "area", "s": "grass", "name": "Reunion Park"}, "geometry": {"type": "Polygon", "coordinates": [[[-96.808809, 32.773609], [-96.808834, 32.773846], [-96.808904, 32.77417], [-96.808916, 32.774203], [-96.808916, 32.774238], [-96.808905, 32.774271], [-96.808882, 32.774299], [-96.80885, 32.774321], [-96.808811, 32.774334], [-96.808609, 32.774325], [-96.808422, 32.77434], [-96.808243, 32.774026], [-96.808009, 32.773743], [-96.80797, 32.773578], [-96.808771, 32.773443], [-96.808809, 32.773609]]]}}, {"type": "Feature", "properties": {"k": "area", "s": "gravel"}, "geometry": {"type": "Polygon", "coordinates": [[[-96.782812, 32.766847], [-96.78268, 32.766709], [-96.781979, 32.767652], [-96.781882, 32.767837], [-96.7817, 32.768176], [-96.781523, 32.768356], [-96.780973, 32.769076], [-96.781121, 32.769233], [-96.781751, 32.768356], [-96.782812, 32.766847]]]}}, {"type": "Feature", "properties": {"k": "area", "s": "gravel"}, "geometry": {"type": "Polygon", "coordinates": [[[-96.779629, 32.787011], [-96.7796, 32.786884], [-96.780493, 32.786803], [-96.781129, 32.786693], [-96.781126, 32.786659], [-96.782784, 32.786262], [-96.782841, 32.786475], [-96.780647, 32.786951], [-96.780477, 32.786934], [-96.779629, 32.787011]]]}}, {"type": "Feature", "properties": {"k": "area", "s": "grass", "name": "Julius Schepps Park"}, "geometry": {"type": "Polygon", "coordinates": [[[-96.79031, 32.783214], [-96.789973, 32.783254], [-96.789394, 32.783263], [-96.789272, 32.783261], [-96.788748, 32.782939], [-96.789395, 32.782802], [-96.789742, 32.782725], [-96.789917, 32.782689], [-96.79019, 32.782635], [-96.790215, 32.78268], [-96.78996, 32.782828], [-96.79031, 32.783214]]]}}, {"type": "Feature", "properties": {"k": "area", "s": "wood"}, "geometry": {"type": "Polygon", "coordinates": [[[-96.808939, 32.800952], [-96.80883, 32.801043], [-96.80861, 32.801029], [-96.807748, 32.801453], [-96.80754, 32.801552], [-96.807058, 32.801752], [-96.806917, 32.80184], [-96.806756, 32.801885], [-96.806638, 32.801933], [-96.806308, 32.802033], [-96.806153, 32.802118], [-96.806099, 32.802141], [-96.806106, 32.802026], [-96.806106, 32.80198], [-96.806984, 32.801628], [-96.807487, 32.801399], [-96.80859, 32.800749], [-96.808671, 32.800703], [-96.808939, 32.800952]]]}}, {"type": "Feature", "properties": {"k": "area", "s": "asphalt", "name": "Parking Garage 10"}, "geometry": {"type": "Polygon", "coordinates": [[[-96.782356, 32.787509], [-96.782736, 32.787833], [-96.782057, 32.788397], [-96.782021, 32.788427], [-96.781956, 32.788481], [-96.781605, 32.788183], [-96.781575, 32.788158], [-96.781627, 32.788114], [-96.781578, 32.788072], [-96.781728, 32.787948], [-96.781758, 32.787923], [-96.781798, 32.787889], [-96.782257, 32.787507], [-96.782356, 32.787509]]]}}, {"type": "Feature", "properties": {"k": "area", "s": "gravel"}, "geometry": {"type": "Polygon", "coordinates": [[[-96.798664, 32.771704], [-96.798653, 32.771699], [-96.798273, 32.771481], [-96.79686, 32.770684], [-96.795444, 32.769875], [-96.794961, 32.769608], [-96.794369, 32.769276], [-96.79444, 32.769208], [-96.794705, 32.769354], [-96.795326, 32.769687], [-96.795629, 32.769847], [-96.79565, 32.769859], [-96.79606, 32.770081], [-96.796702, 32.770455], [-96.797804, 32.771086], [-96.798729, 32.771617], [-96.798664, 32.771704]]]}}, {"type": "Feature", "properties": {"k": "area", "s": "asphalt"}, "geometry": {"type": "Polygon", "coordinates": [[[-96.804119, 32.779486], [-96.803093, 32.779715], [-96.803057, 32.779682], [-96.803015, 32.779181], [-96.803976, 32.778969], [-96.804119, 32.779486]]]}}, {"type": "Feature", "properties": {"k": "area", "s": "asphalt"}, "geometry": {"type": "Polygon", "coordinates": [[[-96.809262, 32.777378], [-96.809331, 32.77773], [-96.80949, 32.778004], [-96.809612, 32.778106], [-96.809717, 32.778134], [-96.809839, 32.7781], [-96.809953, 32.77799], [-96.810018, 32.77786], [-96.810039, 32.777652], [-96.809998, 32.77705], [-96.809778, 32.777197], [-96.80951, 32.777327], [-96.809262, 32.777378]]]}}, {"type": "Feature", "properties": {"k": "area", "s": "grass"}, "geometry": {"type": "Polygon", "coordinates": [[[-96.775762, 32.801833], [-96.775338, 32.801458], [-96.774569, 32.802075], [-96.774992, 32.802448], [-96.775762, 32.801833]]]}}, {"type": "Feature", "properties": {"k": "area", "s": "asphalt", "name": "Parking Lot 60"}, "geometry": {"type": "Polygon", "coordinates": [[[-96.784038, 32.792811], [-96.784, 32.792842], [-96.784039, 32.792875], [-96.783202, 32.793568], [-96.783149, 32.793523], [-96.783112, 32.793554], [-96.782371, 32.792922], [-96.782423, 32.792879], [-96.782378, 32.792841], [-96.782631, 32.792632], [-96.782818, 32.792791], [-96.782815, 32.792952], [-96.782713, 32.793036], [-96.783179, 32.793434], [-96.783687, 32.793014], [-96.783258, 32.792648], [-96.783364, 32.792561], [-96.783401, 32.792592], [-96.783549, 32.792469], [-96.783632, 32.79254], [-96.783677, 32.792502], [-96.784038, 32.792811]]]}}, {"type": "Feature", "properties": {"k": "area", "s": "asphalt"}, "geometry": {"type": "Polygon", "coordinates": [[[-96.782185, 32.799285], [-96.78116, 32.798407], [-96.780842, 32.798661], [-96.781871, 32.799543], [-96.782185, 32.799285]]]}}, {"type": "Feature", "properties": {"k": "area", "s": "asphalt"}, "geometry": {"type": "Polygon", "coordinates": [[[-96.777342, 32.792556], [-96.776955, 32.792213], [-96.776128, 32.792872], [-96.776359, 32.793076], [-96.776515, 32.793215], [-96.777342, 32.792556]]]}}, {"type": "Feature", "properties": {"k": "area", "s": "asphalt", "name": "Lot 48"}, "geometry": {"type": "Polygon", "coordinates": [[[-96.781506, 32.793829], [-96.780679, 32.793089], [-96.781026, 32.792798], [-96.781069, 32.792806], [-96.781887, 32.793512], [-96.781506, 32.793829]]]}}, {"type": "Feature", "properties": {"k": "area", "s": "asphalt"}, "geometry": {"type": "Polygon", "coordinates": [[[-96.804504, 32.776648], [-96.804458, 32.776484], [-96.80357, 32.776671], [-96.803739, 32.777207], [-96.804786, 32.776982], [-96.804735, 32.776815], [-96.804567, 32.776852], [-96.804504, 32.776648]]]}}, {"type": "Feature", "properties": {"k": "area", "s": "asphalt", "name": "Residence Parking"}, "geometry": {"type": "Polygon", "coordinates": [[[-96.781846, 32.794392], [-96.78157, 32.794618], [-96.781521, 32.794658], [-96.780593, 32.793903], [-96.780723, 32.7938], [-96.780979, 32.793598], [-96.781846, 32.794392]]]}}, {"type": "Feature", "properties": {"k": "area", "s": "asphalt"}, "geometry": {"type": "Polygon", "coordinates": [[[-96.805583, 32.773933], [-96.805501, 32.773952], [-96.805035, 32.774058], [-96.804899, 32.773633], [-96.80497, 32.773547], [-96.805887, 32.773338], [-96.805983, 32.773638], [-96.806037, 32.773844], [-96.805583, 32.773933]]]}}, {"type": "Feature", "properties": {"k": "area", "s": "grass", "name": "Exposition Plaza"}, "geometry": {"type": "Polygon", "coordinates": [[[-96.774295, 32.783912], [-96.773729, 32.783421], [-96.773131, 32.783911], [-96.773138, 32.783929], [-96.773359, 32.784058], [-96.7735, 32.784146], [-96.773534, 32.784167], [-96.77357, 32.784184], [-96.773684, 32.784217], [-96.773772, 32.784228], [-96.773869, 32.784219], [-96.773942, 32.7842], [-96.77401, 32.784172], [-96.774066, 32.784137], [-96.774172, 32.784063], [-96.77428, 32.783996], [-96.7743, 32.783984], [-96.774315, 32.783963], [-96.774319, 32.783938], [-96.774295, 32.783912]]]}}, {"type": "Feature", "properties": {"k": "area", "s": "asphalt"}, "geometry": {"type": "Polygon", "coordinates": [[[-96.80614, 32.788272], [-96.805394, 32.787621], [-96.805217, 32.787916], [-96.804992, 32.788022], [-96.805719, 32.788651], [-96.80614, 32.788272]]]}}, {"type": "Feature", "properties": {"k": "area", "s": "asphalt"}, "geometry": {"type": "Polygon", "coordinates": [[[-96.792184, 32.779514], [-96.79163, 32.778974], [-96.79097, 32.779377], [-96.791275, 32.77972], [-96.791457, 32.779727], [-96.791784, 32.779674], [-96.791976, 32.779608], [-96.792173, 32.779529], [-96.792184, 32.779514]]]}}, {"type": "Feature", "properties": {"k": "area", "s": "asphalt"}, "geometry": {"type": "Polygon", "coordinates": [[[-96.789852, 32.78541], [-96.789673, 32.785257], [-96.789584, 32.78477], [-96.78959, 32.784657], [-96.790242, 32.784494], [-96.790417, 32.7844], [-96.790738, 32.784675], [-96.790474, 32.784884], [-96.790236, 32.78465], [-96.789985, 32.784839], [-96.790259, 32.785073], [-96.789852, 32.78541]]]}}, {"type": "Feature", "properties": {"k": "area", "s": "asphalt"}, "geometry": {"type": "Polygon", "coordinates": [[[-96.805134, 32.783758], [-96.804284, 32.784407], [-96.804164, 32.784278], [-96.804207, 32.783808], [-96.804309, 32.783716], [-96.804278, 32.783693], [-96.804694, 32.783357], [-96.805064, 32.783693], [-96.805134, 32.783758]]]}}, {"type": "Feature", "properties": {"k": "area", "s": "dirt"}, "geometry": {"type": "Polygon", "coordinates": [[[-96.796828, 32.803047], [-96.796268, 32.802577], [-96.796817, 32.802115], [-96.797377, 32.802584], [-96.796828, 32.803047]]]}}, {"type": "Feature", "properties": {"k": "area", "s": "asphalt", "name": "Fountain Place Parking Garage"}, "geometry": {"type": "Polygon", "coordinates": [[[-96.803298, 32.785911], [-96.802274, 32.785052], [-96.801977, 32.785303], [-96.802052, 32.785366], [-96.802492, 32.785735], [-96.802703, 32.785913], [-96.803, 32.786162], [-96.803202, 32.785992], [-96.803298, 32.785911]]]}}, {"type": "Feature", "properties": {"k": "area", "s": "grass", "name": "Thanks-Giving Square"}, "geometry": {"type": "Polygon", "coordinates": [[[-96.797874, 32.782602], [-96.797879, 32.782652], [-96.797839, 32.782693], [-96.797997, 32.78283], [-96.798021, 32.782812], [-96.79834, 32.783092], [-96.798395, 32.783048], [-96.799459, 32.782192], [-96.797874, 32.782602]]]}}, {"type": "Feature", "properties": {"k": "area", "s": "asphalt"}, "geometry": {"type": "Polygon", "coordinates": [[[-96.796545, 32.79378], [-96.796282, 32.79353], [-96.796409, 32.793333], [-96.79667, 32.79305], [-96.796771, 32.792983], [-96.796961, 32.792901], [-96.797078, 32.792914], [-96.797425, 32.7932], [-96.79687, 32.793579], [-96.796545, 32.79378]]]}}, {"type": "Feature", "properties": {"k": "area", "s": "asphalt"}, "geometry": {"type": "Polygon", "coordinates": [[[-96.807737, 32.776707], [-96.808221, 32.776924], [-96.808318, 32.776788], [-96.80823, 32.776748], [-96.80816, 32.776507], [-96.808111, 32.776516], [-96.808085, 32.776426], [-96.808132, 32.776416], [-96.807894, 32.775638], [-96.807848, 32.775649], [-96.807819, 32.775553], [-96.80787, 32.775541], [-96.807747, 32.775109], [-96.807701, 32.775119], [-96.807343, 32.775574], [-96.807419, 32.775646], [-96.807669, 32.77562], [-96.807873, 32.776273], [-96.8078, 32.776288], [-96.807851, 32.776454], [-96.807737, 32.776707]]]}}, {"type": "Feature", "properties": {"k": "area", "s": "asphalt"}, "geometry": {"type": "Polygon", "coordinates": [[[-96.798773, 32.777979], [-96.798633, 32.777591], [-96.798575, 32.777601], [-96.798556, 32.777551], [-96.797507, 32.777793], [-96.797526, 32.777847], [-96.797485, 32.777858], [-96.79774, 32.778562], [-96.797855, 32.778606], [-96.797725, 32.778199], [-96.797809, 32.778182], [-96.797764, 32.778035], [-96.798174, 32.777934], [-96.798226, 32.778095], [-96.798773, 32.777979]]]}}, {"type": "Feature", "properties": {"k": "area", "s": "asphalt"}, "geometry": {"type": "Polygon", "coordinates": [[[-96.793483, 32.783344], [-96.792669, 32.783531], [-96.792595, 32.783271], [-96.792576, 32.783202], [-96.792562, 32.783111], [-96.792577, 32.782913], [-96.793307, 32.782761], [-96.793483, 32.783344]]]}}, {"type": "Feature", "properties": {"k": "area", "s": "asphalt"}, "geometry": {"type": "Polygon", "coordinates": [[[-96.802004, 32.792421], [-96.801735, 32.792173], [-96.800585, 32.793116], [-96.800976, 32.793249], [-96.80119, 32.793076], [-96.801383, 32.792921], [-96.802004, 32.792421]]]}}, {"type": "Feature", "properties": {"k": "area", "s": "asphalt"}, "geometry": {"type": "Polygon", "coordinates": [[[-96.810493, 32.784117], [-96.809933, 32.78423], [-96.80967, 32.783358], [-96.810088, 32.783326], [-96.810271, 32.783352], [-96.810493, 32.784117]]]}}, {"type": "Feature", "properties": {"k": "area", "s": "asphalt", "name": "Parking Garage 5"}, "geometry": {"type": "Polygon", "coordinates": [[[-96.777825, 32.789847], [-96.778031, 32.789679], [-96.778075, 32.789644], [-96.778169, 32.789567], [-96.778238, 32.789511], [-96.77895, 32.79013], [-96.778739, 32.790302], [-96.778604, 32.790411], [-96.778537, 32.790466], [-96.777825, 32.789847]]]}}, {"type": "Feature", "properties": {"k": "area", "s": "asphalt"}, "geometry": {"type": "Polygon", "coordinates": [[[-96.802443, 32.778363], [-96.80156, 32.778545], [-96.801408, 32.778021], [-96.80229, 32.777838], [-96.802443, 32.778363]]]}}, {"type": "Feature", "properties": {"k": "area", "s": "grass"}, "geometry": {"type": "Polygon", "coordinates": [[[-96.814112, 32.794035], [-96.814377, 32.794168], [-96.814592, 32.794864], [-96.814694, 32.795265], [-96.814833, 32.795759], [-96.815008, 32.796359], [-96.814914, 32.796382], [-96.814686, 32.795913], [-96.814369, 32.795081], [-96.814383, 32.794918], [-96.814112, 32.794035]]]}}, {"type": "Feature", "properties": {"k": "area", "s": "asphalt"}, "geometry": {"type": "Polygon", "coordinates": [[[-96.811132, 32.789866], [-96.810909, 32.789992], [-96.81015, 32.789107], [-96.810146, 32.78906], [-96.810821, 32.789013], [-96.810895, 32.789062], [-96.811022, 32.789475], [-96.810956, 32.789511], [-96.811066, 32.78964], [-96.811132, 32.789866]]]}}, {"type": "Feature", "properties": {"k": "area", "s": "asphalt"}, "geometry": {"type": "Polygon", "coordinates": [[[-96.805062, 32.800764], [-96.804807, 32.800538], [-96.804338, 32.800913], [-96.80401, 32.800623], [-96.803713, 32.80086], [-96.80427, 32.801353], [-96.804522, 32.801152], [-96.804569, 32.801114], [-96.804595, 32.801137], [-96.805003, 32.800812], [-96.805062, 32.800764]]]}}, {"type": "Feature", "properties": {"k": "area", "s": "asphalt", "name": "Parking Lot 17"}, "geometry": {"type": "Polygon", "coordinates": [[[-96.782968, 32.791914], [-96.78228, 32.792469], [-96.781867, 32.792108], [-96.782555, 32.791553], [-96.782968, 32.791914]]]}}, {"type": "Feature", "properties": {"k": "area", "s": "asphalt", "name": "Parking Garage 6"}, "geometry": {"type": "Polygon", "coordinates": [[[-96.778508, 32.79049], [-96.778264, 32.790688], [-96.77811, 32.790813], [-96.777398, 32.790194], [-96.777549, 32.790072], [-96.777591, 32.790037], [-96.777723, 32.789929], [-96.777795, 32.789871], [-96.778508, 32.79049]]]}}, {"type": "Feature", "properties": {"k": "area", "s": "grass"}, "geometry": {"type": "Polygon", "coordinates": [[[-96.806598, 32.793458], [-96.806797, 32.79329], [-96.806853, 32.793243], [-96.807021, 32.793101], [-96.807455, 32.793465], [-96.807665, 32.793641], [-96.807699, 32.793669], [-96.807593, 32.793756], [-96.807353, 32.793953], [-96.807295, 32.793903], [-96.807256, 32.793935], [-96.80723, 32.793957], [-96.807212, 32.793973], [-96.806614, 32.793472], [-96.806598, 32.793458]]]}}, {"type": "Feature", "properties": {"k": "area", "s": "dirt"}, "geometry": {"type": "Polygon", "coordinates": [[[-96.785237, 32.770964], [-96.785923, 32.770233], [-96.785526, 32.76997], [-96.78484, 32.770701], [-96.785237, 32.770964]]]}}, {"type": "Feature", "properties": {"k": "area", "s": "asphalt", "name": "Lot 45"}, "geometry": {"type": "Polygon", "coordinates": [[[-96.773959, 32.78968], [-96.774112, 32.789812], [-96.774064, 32.789851], [-96.774183, 32.789955], [-96.773487, 32.790523], [-96.773465, 32.790504], [-96.773415, 32.790544], [-96.773071, 32.790246], [-96.77374, 32.7897], [-96.773793, 32.789683], [-96.773849, 32.789674], [-96.773904, 32.789673], [-96.773959, 32.78968]]]}}, {"type": "Feature", "properties": {"k": "area", "s": "asphalt"}, "geometry": {"type": "Polygon", "coordinates": [[[-96.780336, 32.785948], [-96.780185, 32.785431], [-96.77933, 32.785607], [-96.779481, 32.786124], [-96.780336, 32.785948]]]}}, {"type": "Feature", "properties": {"k": "area", "s": "asphalt"}, "geometry": {"type": "Polygon", "coordinates": [[[-96.77584, 32.781182], [-96.775646, 32.781046], [-96.775505, 32.781188], [-96.77514, 32.780932], [-96.774936, 32.781137], [-96.775043, 32.781211], [-96.774753, 32.781503], [-96.775205, 32.781821], [-96.77584, 32.781182]]]}}, {"type": "Feature", "properties": {"k": "area", "s": "asphalt"}, "geometry": {"type": "Polygon", "coordinates": [[[-96.794374, 32.782842], [-96.79437, 32.782992], [-96.794322, 32.783095], [-96.79425, 32.783173], [-96.793616, 32.783313], [-96.79345, 32.782771], [-96.794289, 32.782589], [-96.794374, 32.782842]]]}}, {"type": "Feature", "properties": {"k": "area", "s": "asphalt"}, "geometry": {"type": "Polygon", "coordinates": [[[-96.797689, 32.76676], [-96.797393, 32.766374], [-96.7973, 32.766374], [-96.797045, 32.76663], [-96.796683, 32.766984], [-96.796704, 32.766999], [-96.797127, 32.767303], [-96.797689, 32.76676]]]}}, {"type": "Feature", "properties": {"k": "area", "s": "asphalt"}, "geometry": {"type": "Polygon", "coordinates": [[[-96.810999, 32.785182], [-96.811234, 32.78593], [-96.810925, 32.785998], [-96.810664, 32.786055], [-96.810667, 32.786065], [-96.810607, 32.786078], [-96.810592, 32.786029], [-96.810577, 32.785982], [-96.810633, 32.78597], [-96.810428, 32.785306], [-96.810999, 32.785182]]]}}, {"type": "Feature", "properties": {"k": "area", "s": "asphalt"}, "geometry": {"type": "Polygon", "coordinates": [[[-96.815061, 32.801333], [-96.815119, 32.800961], [-96.815504, 32.800645], [-96.815502, 32.800641], [-96.815502, 32.800634], [-96.815506, 32.800628], [-96.815509, 32.800625], [-96.815515, 32.800623], [-96.815527, 32.800624], [-96.815563, 32.800657], [-96.815619, 32.800615], [-96.815796, 32.800767], [-96.815977, 32.800924], [-96.815923, 32.800967], [-96.815957, 32.800997], [-96.815397, 32.801456], [-96.815366, 32.801481], [-96.815332, 32.801451], [-96.815325, 32.801456], [-96.815298, 32.801477], [-96.815281, 32.801482], [-96.81526, 32.801484], [-96.815239, 32.801481], [-96.815185, 32.801436], [-96.815155, 32.801412], [-96.815061, 32.801333]]]}}, {"type": "Feature", "properties": {"k": "area", "s": "asphalt", "name": "Lot 49"}, "geometry": {"type": "Polygon", "coordinates": [[[-96.775369, 32.791433], [-96.775007, 32.791112], [-96.774666, 32.791385], [-96.774323, 32.791081], [-96.774278, 32.791117], [-96.774224, 32.791069], [-96.774124, 32.791148], [-96.774234, 32.791245], [-96.774104, 32.791349], [-96.77429, 32.791514], [-96.774335, 32.791478], [-96.774417, 32.791505], [-96.774471, 32.7915], [-96.774501, 32.791475], [-96.774935, 32.791859], [-96.775285, 32.79158], [-96.775238, 32.791537], [-96.775369, 32.791433]]]}}, {"type": "Feature", "properties": {"k": "area", "s": "asphalt", "name": "Lot 95"}, "geometry": {"type": "Polygon", "coordinates": [[[-96.796663, 32.774519], [-96.796039, 32.77504], [-96.795408, 32.774522], [-96.795754, 32.774253], [-96.796111, 32.77457], [-96.796438, 32.774306], [-96.796663, 32.774519]]]}}, {"type": "Feature", "properties": {"k": "area", "s": "asphalt"}, "geometry": {"type": "Polygon", "coordinates": [[[-96.806857, 32.784415], [-96.806413, 32.784763], [-96.805796, 32.784205], [-96.806241, 32.783858], [-96.806857, 32.784415]]]}}, {"type": "Feature", "properties": {"k": "area", "s": "grass"}, "geometry": {"type": "Polygon", "coordinates": [[[-96.813406, 32.79773], [-96.813376, 32.797812], [-96.813193, 32.798116], [-96.814057, 32.798307], [-96.814066, 32.798284], [-96.814292, 32.798323], [-96.81444, 32.798366], [-96.814489, 32.798384], [-96.814596, 32.798286], [-96.814009, 32.79793], [-96.813551, 32.797628], [-96.813406, 32.79773]]]}}, {"type": "Feature", "properties": {"k": "area", "s": "grass", "name": "Central Square Park"}, "geometry": {"type": "Polygon", "coordinates": [[[-96.784335, 32.788635], [-96.784867, 32.789094], [-96.784293, 32.789498], [-96.783812, 32.789025], [-96.784335, 32.788635]]]}}, {"type": "Feature", "properties": {"k": "area", "s": "asphalt"}, "geometry": {"type": "Polygon", "coordinates": [[[-96.813108, 32.778085], [-96.812396, 32.778037], [-96.812448, 32.777521], [-96.81246, 32.77742], [-96.812473, 32.777354], [-96.812493, 32.777326], [-96.812533, 32.777292], [-96.812586, 32.77726], [-96.8127, 32.777239], [-96.812875, 32.777217], [-96.812897, 32.777299], [-96.812896, 32.777681], [-96.81311, 32.77769], [-96.813108, 32.778085]]]}}, {"type": "Feature", "properties": {"k": "area", "s": "grass"}, "geometry": {"type": "Polygon", "coordinates": [[[-96.783103, 32.791936], [-96.782521, 32.792385], [-96.782979, 32.792805], [-96.783562, 32.792356], [-96.783103, 32.791936]]]}}, {"type": "Feature", "properties": {"k": "area", "s": "dirt"}, "geometry": {"type": "Polygon", "coordinates": [[[-96.793651, 32.778002], [-96.793514, 32.777604], [-96.794279, 32.777417], [-96.794561, 32.778234], [-96.794318, 32.778293], [-96.794231, 32.778042], [-96.794183, 32.778054], [-96.794125, 32.777886], [-96.793651, 32.778002]]]}}, {"type": "Feature", "properties": {"k": "area", "s": "asphalt"}, "geometry": {"type": "Polygon", "coordinates": [[[-96.793512, 32.791883], [-96.793168, 32.792176], [-96.793216, 32.792482], [-96.793241, 32.792544], [-96.793274, 32.792621], [-96.793307, 32.79282], [-96.793329, 32.792852], [-96.793415, 32.792927], [-96.793372, 32.792964], [-96.793538, 32.793104], [-96.793657, 32.793007], [-96.793588, 32.792983], [-96.793386, 32.792806], [-96.79337, 32.792757], [-96.793374, 32.792706], [-96.793383, 32.79267], [-96.793399, 32.79265], [-96.793438, 32.792681], [-96.793586, 32.792563], [-96.793546, 32.792525], [-96.793732, 32.79237], [-96.793757, 32.792363], [-96.793788, 32.792365], [-96.793813, 32.792376], [-96.793767, 32.792421], [-96.793976, 32.792588], [-96.79402, 32.792553], [-96.794108, 32.792628], [-96.794205, 32.792548], [-96.793963, 32.792333], [-96.793913, 32.792373], [-96.793821, 32.792293], [-96.793907, 32.792216], [-96.793512, 32.791883]]]}}, {"type": "Feature", "properties": {"k": "area", "s": "asphalt"}, "geometry": {"type": "Polygon", "coordinates": [[[-96.782999, 32.786165], [-96.782862, 32.785685], [-96.783782, 32.785499], [-96.783908, 32.785941], [-96.782999, 32.786165]]]}}, {"type": "Feature", "properties": {"k": "area", "s": "paving", "name": "Dallas Museum of Art Sculpture Garden"}, "geometry": {"type": "Polygon", "coordinates": [[[-96.800526, 32.787274], [-96.800799, 32.787049], [-96.800533, 32.78682], [-96.800705, 32.786678], [-96.800273, 32.786306], [-96.800139, 32.786416], [-96.799823, 32.786675], [-96.80026, 32.787051], [-96.800342, 32.787122], [-96.800358, 32.787109], [-96.800405, 32.787149], [-96.800447, 32.787185], [-96.800435, 32.787195], [-96.800526, 32.787274]]]}}, {"type": "Feature", "properties": {"k": "area", "s": "asphalt"}, "geometry": {"type": "Polygon", "coordinates": [[[-96.814722, 32.778144], [-96.814759, 32.778266], [-96.814818, 32.778253], [-96.814915, 32.778566], [-96.813721, 32.778829], [-96.813648, 32.778567], [-96.813634, 32.778517], [-96.814251, 32.778391], [-96.814239, 32.778342], [-96.814373, 32.778313], [-96.814348, 32.778224], [-96.814722, 32.778144]]]}}, {"type": "Feature", "properties": {"k": "area", "s": "asphalt"}, "geometry": {"type": "Polygon", "coordinates": [[[-96.820662, 32.799028], [-96.820692, 32.798966], [-96.820845, 32.798967], [-96.820874, 32.798914], [-96.821482, 32.798969], [-96.822271, 32.799173], [-96.822229, 32.799473], [-96.821979, 32.799335], [-96.821856, 32.799489], [-96.821473, 32.799261], [-96.821494, 32.799235], [-96.821297, 32.799119], [-96.821165, 32.799276], [-96.821213, 32.799306], [-96.821179, 32.799351], [-96.820662, 32.799028]]]}}, {"type": "Feature", "properties": {"k": "area", "s": "asphalt"}, "geometry": {"type": "Polygon", "coordinates": [[[-96.807616, 32.792125], [-96.80769, 32.792105], [-96.808428, 32.791437], [-96.808018, 32.791025], [-96.807936, 32.791075], [-96.807918, 32.791197], [-96.807901, 32.791268], [-96.807853, 32.791373], [-96.80779, 32.791469], [-96.807573, 32.791672], [-96.807519, 32.791791], [-96.807504, 32.791897], [-96.807512, 32.79195], [-96.807616, 32.792125]]]}}, {"type": "Feature", "properties": {"k": "area", "s": "asphalt"}, "geometry": {"type": "Polygon", "coordinates": [[[-96.812572, 32.790907], [-96.812477, 32.790926], [-96.811991, 32.791025], [-96.81196, 32.790917], [-96.811747, 32.790961], [-96.811722, 32.790872], [-96.812128, 32.790789], [-96.811989, 32.790307], [-96.812004, 32.790304], [-96.811931, 32.790052], [-96.812304, 32.789976], [-96.812432, 32.79042], [-96.812572, 32.790907]]]}}, {"type": "Feature", "properties": {"k": "area", "s": "asphalt"}, "geometry": {"type": "Polygon", "coordinates": [[[-96.803839, 32.798023], [-96.804238, 32.797701], [-96.805023, 32.798382], [-96.8048, 32.798561], [-96.804674, 32.798439], [-96.804549, 32.798521], [-96.804175, 32.798323], [-96.804213, 32.798178], [-96.804073, 32.798066], [-96.80397, 32.798142], [-96.803839, 32.798023]]]}}, {"type": "Feature", "properties": {"k": "area", "s": "asphalt", "name": "Lot F"}, "geometry": {"type": "Polygon", "coordinates": [[[-96.810664, 32.79184], [-96.810488, 32.791685], [-96.810386, 32.791555], [-96.811365, 32.790963], [-96.811399, 32.790959], [-96.811417, 32.791027], [-96.811475, 32.791021], [-96.811557, 32.791294], [-96.810664, 32.79184]]]}}, {"type": "Feature", "properties": {"k": "area", "s": "asphalt", "name": "Parking Garage 4"}, "geometry": {"type": "Polygon", "coordinates": [[[-96.778364, 32.789339], [-96.778429, 32.789287], [-96.778682, 32.78908], [-96.778699, 32.789067], [-96.778711, 32.789057], [-96.778777, 32.789004], [-96.778783, 32.78901], [-96.779405, 32.78955], [-96.779214, 32.789705], [-96.778992, 32.789885], [-96.778364, 32.789339]]]}}, {"type": "Feature", "properties": {"k": "area", "s": "asphalt"}, "geometry": {"type": "Polygon", "coordinates": [[[-96.803247, 32.781717], [-96.803015, 32.781767], [-96.802236, 32.78232], [-96.802052, 32.781751], [-96.802676, 32.781626], [-96.803216, 32.781461], [-96.803247, 32.781717]]]}}, {"type": "Feature", "properties": {"k": "area", "s": "asphalt"}, "geometry": {"type": "Polygon", "coordinates": [[[-96.794065, 32.767354], [-96.793183, 32.766734], [-96.792896, 32.767023], [-96.793777, 32.767643], [-96.794065, 32.767354]]]}}, {"type": "Feature", "properties": {"k": "area", "s": "grass"}, "geometry": {"type": "Polygon", "coordinates": [[[-96.793874, 32.784302], [-96.793868, 32.784346], [-96.793856, 32.784389], [-96.793837, 32.784431], [-96.793811, 32.78447], [-96.79378, 32.784506], [-96.793744, 32.784538], [-96.793703, 32.784566], [-96.793657, 32.784589], [-96.793609, 32.784607], [-96.793558, 32.78462], [-96.793506, 32.784627], [-96.793453, 32.784628], [-96.793401, 32.784623], [-96.793349, 32.784613], [-96.7933, 32.784597], [-96.793253, 32.784576], [-96.793211, 32.784549], [-96.793172, 32.784519], [-96.793139, 32.784484], [-96.793111, 32.784446], [-96.79309, 32.784406], [-96.793075, 32.784363], [-96.793067, 32.784319], [-96.793065, 32.784275], [-96.793071, 32.78423], [-96.793083, 32.784187], [-96.793102, 32.784146], [-96.793128, 32.784107], [-96.793159, 32.78407], [-96.793195, 32.784038], [-96.793236, 32.78401], [-96.793282, 32.783987], [-96.79333, 32.783969], [-96.793381, 32.783957], [-96.793433, 32.78395], [-96.793486, 32.783948], [-96.793538, 32.783953], [-96.79359, 32.783964], [-96.793639, 32.78398], [-96.793686, 32.784001], [-96.793728, 32.784027], [-96.793767, 32.784058], [-96.7938, 32.784092], [-96.793828, 32.78413], [-96.793849, 32.784171], [-96.793864, 32.784213], [-96.793872, 32.784257], [-96.793874, 32.784302]]]}}, {"type": "Feature", "properties": {"k": "area", "s": "turf", "name": "4DWN"}, "geometry": {"type": "Polygon", "coordinates": [[[-96.778599, 32.77539], [-96.778316, 32.77504], [-96.777623, 32.775467], [-96.77749, 32.775549], [-96.777721, 32.775814], [-96.777788, 32.775887], [-96.778599, 32.77539]]]}}, {"type": "Feature", "properties": {"k": "area", "s": "grass"}, "geometry": {"type": "Polygon", "coordinates": [[[-96.793801, 32.789516], [-96.792966, 32.788843], [-96.792919, 32.788304], [-96.793779, 32.789042], [-96.793862, 32.789187], [-96.793862, 32.789348], [-96.793801, 32.789516]]]}}, {"type": "Feature", "properties": {"k": "area", "s": "asphalt"}, "geometry": {"type": "Polygon", "coordinates": [[[-96.781055, 32.797418], [-96.780594, 32.797016], [-96.781024, 32.796667], [-96.781151, 32.796778], [-96.781314, 32.796646], [-96.781648, 32.796936], [-96.781492, 32.797063], [-96.781055, 32.797418]]]}}, {"type": "Feature", "properties": {"k": "area", "s": "asphalt"}, "geometry": {"type": "Polygon", "coordinates": [[[-96.803271, 32.782739], [-96.803682, 32.783093], [-96.803622, 32.783143], [-96.803074, 32.783597], [-96.802662, 32.783243], [-96.802794, 32.783133], [-96.803211, 32.782789], [-96.803271, 32.782739]]]}}, {"type": "Feature", "properties": {"k": "area", "s": "asphalt"}, "geometry": {"type": "Polygon", "coordinates": [[[-96.787333, 32.779973], [-96.788302, 32.779379], [-96.788425, 32.779523], [-96.788256, 32.779627], [-96.788213, 32.779653], [-96.788257, 32.779703], [-96.78794, 32.779897], [-96.788132, 32.780121], [-96.787687, 32.780394], [-96.787656, 32.780357], [-96.787661, 32.780354], [-96.787333, 32.779973]]]}}, {"type": "Feature", "properties": {"k": "area", "s": "asphalt", "name": "Residence Parking"}, "geometry": {"type": "Polygon", "coordinates": [[[-96.779208, 32.794079], [-96.778555, 32.794632], [-96.778173, 32.794314], [-96.778827, 32.793761], [-96.779208, 32.794079]]]}}, {"type": "Feature", "properties": {"k": "area", "s": "dirt"}, "geometry": {"type": "Polygon", "coordinates": [[[-96.802611, 32.789158], [-96.802287, 32.789436], [-96.80228, 32.789456], [-96.802279, 32.789471], [-96.80229, 32.789498], [-96.80285, 32.790006], [-96.803182, 32.789734], [-96.803287, 32.78964], [-96.803052, 32.789441], [-96.802994, 32.789392], [-96.802954, 32.789434], [-96.802611, 32.789158]]]}}, {"type": "Feature", "properties": {"k": "area", "s": "asphalt"}, "geometry": {"type": "Polygon", "coordinates": [[[-96.801558, 32.773048], [-96.801172, 32.773137], [-96.79989, 32.772689], [-96.799806, 32.772608], [-96.799777, 32.772511], [-96.799811, 32.772392], [-96.800387, 32.772658], [-96.800656, 32.772749], [-96.800879, 32.772802], [-96.801121, 32.77283], [-96.801486, 32.772834], [-96.801558, 32.773048]]]}}, {"type": "Feature", "properties": {"k": "area", "s": "asphalt"}, "geometry": {"type": "Polygon", "coordinates": [[[-96.800171, 32.785983], [-96.800172, 32.785965], [-96.800154, 32.785966], [-96.799938, 32.78578], [-96.799834, 32.785691], [-96.799833, 32.785671], [-96.799796, 32.785666], [-96.799795, 32.785647], [-96.799832, 32.785642], [-96.799832, 32.785627], [-96.799866, 32.785598], [-96.80035, 32.785188], [-96.800366, 32.785175], [-96.800386, 32.785175], [-96.80039, 32.785152], [-96.800407, 32.785148], [-96.800417, 32.785175], [-96.800447, 32.785176], [-96.800557, 32.785269], [-96.80077, 32.785451], [-96.800771, 32.78547], [-96.800791, 32.785473], [-96.800795, 32.785485], [-96.800785, 32.785496], [-96.800772, 32.785496], [-96.800773, 32.785515], [-96.800492, 32.785749], [-96.80023, 32.785966], [-96.800203, 32.785966], [-96.800202, 32.785981], [-96.80019, 32.785992], [-96.800171, 32.785983]]]}}, {"type": "Feature", "properties": {"k": "area", "s": "asphalt"}, "geometry": {"type": "Polygon", "coordinates": [[[-96.804413, 32.782484], [-96.804202, 32.782296], [-96.804249, 32.782259], [-96.804008, 32.782046], [-96.804496, 32.781656], [-96.804769, 32.781898], [-96.80495, 32.781753], [-96.805038, 32.781831], [-96.804844, 32.781987], [-96.804935, 32.782067], [-96.804413, 32.782484]]]}}, {"type": "Feature", "properties": {"k": "area", "s": "grass"}, "geometry": {"type": "Polygon", "coordinates": [[[-96.810711, 32.801137], [-96.810582, 32.801193], [-96.810469, 32.801193], [-96.810241, 32.801168], [-96.810063, 32.801137], [-96.809942, 32.801135], [-96.809846, 32.801144], [-96.80963, 32.801249], [-96.809591, 32.801275], [-96.809889, 32.801566], [-96.809956, 32.801606], [-96.810021, 32.801617], [-96.810073, 32.801617], [-96.810441, 32.80153], [-96.810693, 32.801431], [-96.810907, 32.801338], [-96.810729, 32.801127], [-96.810711, 32.801137]]]}}, {"type": "Feature", "properties": {"k": "area", "s": "wood"}, "geometry": {"type": "Polygon", "coordinates": [[[-96.812524, 32.797836], [-96.812578, 32.797832], [-96.812647, 32.797818], [-96.812707, 32.797788], [-96.812841, 32.79761], [-96.812889, 32.797547], [-96.812868, 32.797504], [-96.812773, 32.797423], [-96.81268, 32.797402], [-96.812268, 32.797053], [-96.812309, 32.796976], [-96.812089, 32.796792], [-96.811941, 32.796776], [-96.811788, 32.796645], [-96.811957, 32.79653], [-96.812544, 32.797036], [-96.813121, 32.797496], [-96.812938, 32.797807], [-96.812759, 32.797992], [-96.812077, 32.797838], [-96.812127, 32.79777], [-96.812158, 32.797728], [-96.812524, 32.797836]]]}}, {"type": "Feature", "properties": {"k": "area", "s": "asphalt"}, "geometry": {"type": "Polygon", "coordinates": [[[-96.796372, 32.786811], [-96.795732, 32.786261], [-96.796112, 32.785948], [-96.796752, 32.786498], [-96.796372, 32.786811]]]}}, {"type": "Feature", "properties": {"k": "area", "s": "wood"}, "geometry": {"type": "Polygon", "coordinates": [[[-96.810301, 32.799562], [-96.810688, 32.79933], [-96.810557, 32.799314], [-96.810496, 32.799248], [-96.809933, 32.798456], [-96.809909, 32.798468], [-96.809879, 32.798483], [-96.809796, 32.798545], [-96.809835, 32.798637], [-96.809882, 32.798702], [-96.809871, 32.798748], [-96.809831, 32.798788], [-96.809698, 32.798946], [-96.809932, 32.799191], [-96.809971, 32.799168], [-96.810301, 32.799562]]]}}, {"type": "Feature", "properties": {"k": "area", "s": "asphalt"}, "geometry": {"type": "Polygon", "coordinates": [[[-96.79777, 32.786404], [-96.797785, 32.786416], [-96.797374, 32.786749], [-96.797149, 32.786553], [-96.797136, 32.786564], [-96.79711, 32.78654], [-96.79712, 32.786532], [-96.796785, 32.78624], [-96.797117, 32.785971], [-96.797125, 32.785964], [-96.797198, 32.785905], [-96.79725, 32.78595], [-96.79777, 32.786404]]]}}, {"type": "Feature", "properties": {"k": "area", "s": "grass"}, "geometry": {"type": "Polygon", "coordinates": [[[-96.785745, 32.775122], [-96.7859, 32.775039], [-96.785853, 32.774958], [-96.785771, 32.774862], [-96.78567, 32.774778], [-96.785515, 32.774694], [-96.784686, 32.774248], [-96.784412, 32.774132], [-96.784173, 32.774047], [-96.783952, 32.773974], [-96.783713, 32.773864], [-96.783708, 32.77388], [-96.784124, 32.774141], [-96.78452, 32.77435], [-96.785326, 32.774844], [-96.785506, 32.774972], [-96.785745, 32.775122]]]}}, {"type": "Feature", "properties": {"k": "area", "s": "grass"}, "geometry": {"type": "Polygon", "coordinates": [[[-96.811221, 32.778184], [-96.810525, 32.778335], [-96.811221, 32.777779], [-96.811615, 32.777505], [-96.811916, 32.777354], [-96.81189, 32.777592], [-96.811607, 32.777931], [-96.811221, 32.778184]]]}}, {"type": "Feature", "properties": {"k": "area", "s": "asphalt"}, "geometry": {"type": "Polygon", "coordinates": [[[-96.794619, 32.774587], [-96.794223, 32.774245], [-96.793632, 32.774728], [-96.794028, 32.775071], [-96.794619, 32.774587]]]}}, {"type": "Feature", "properties": {"k": "area", "s": "dirt", "name": "Mill Creek Tunnel Site E"}, "geometry": {"type": "Polygon", "coordinates": [[[-96.783197, 32.798858], [-96.783577, 32.798551], [-96.782961, 32.798013], [-96.782581, 32.798321], [-96.783197, 32.798858]]]}}, {"type": "Feature", "properties": {"k": "area", "s": "asphalt"}, "geometry": {"type": "Polygon", "coordinates": [[[-96.813653, 32.79513], [-96.813439, 32.794908], [-96.813129, 32.794587], [-96.813115, 32.794573], [-96.813121, 32.794569], [-96.813091, 32.794538], [-96.813129, 32.794512], [-96.81365, 32.794157], [-96.813775, 32.794286], [-96.813729, 32.794317], [-96.813824, 32.794415], [-96.813713, 32.79449], [-96.813872, 32.794654], [-96.813829, 32.794683], [-96.813868, 32.794722], [-96.813758, 32.794797], [-96.813818, 32.794859], [-96.813777, 32.794887], [-96.813817, 32.794928], [-96.813765, 32.794964], [-96.813737, 32.794983], [-96.81379, 32.795037], [-96.813653, 32.79513]]]}}, {"type": "Feature", "properties": {"k": "area", "s": "asphalt", "name": "Valet Lot 46"}, "geometry": {"type": "Polygon", "coordinates": [[[-96.778976, 32.791083], [-96.778951, 32.791143], [-96.778906, 32.791224], [-96.779057, 32.791352], [-96.779116, 32.791328], [-96.779161, 32.791313], [-96.779232, 32.791293], [-96.779301, 32.791242], [-96.779323, 32.791211], [-96.779571, 32.791422], [-96.779218, 32.791715], [-96.778417, 32.791035], [-96.77877, 32.790741], [-96.779075, 32.791001], [-96.779027, 32.791037], [-96.778976, 32.791083]]]}}, {"type": "Feature", "properties": {"k": "area", "s": "asphalt"}, "geometry": {"type": "Polygon", "coordinates": [[[-96.803968, 32.791369], [-96.80487, 32.79136], [-96.804866, 32.791156], [-96.804861, 32.790875], [-96.804552, 32.79088], [-96.804184, 32.790885], [-96.804147, 32.790886], [-96.804148, 32.790928], [-96.804116, 32.790928], [-96.803968, 32.791369]]]}}, {"type": "Feature", "properties": {"k": "area", "s": "asphalt"}, "geometry": {"type": "Polygon", "coordinates": [[[-96.786639, 32.773134], [-96.786133, 32.772875], [-96.785788, 32.773489], [-96.786096, 32.773566], [-96.786326, 32.773566], [-96.786493, 32.773502], [-96.786556, 32.77345], [-96.786712, 32.773294], [-96.786707, 32.773206], [-96.786639, 32.773134]]]}}, {"type": "Feature", "properties": {"k": "area", "s": "asphalt", "name": "Dallas County Parking Garage C"}, "geometry": {"type": "Polygon", "coordinates": [[[-96.814914, 32.778562], [-96.814295, 32.77869], [-96.813721, 32.778807], [-96.813648, 32.778567], [-96.813632, 32.778501], [-96.814825, 32.778256], [-96.814914, 32.778562]]]}}, {"type": "Feature", "properties": {"k": "area", "s": "asphalt", "name": "Parking Lot 21"}, "geometry": {"type": "Polygon", "coordinates": [[[-96.774225, 32.786631], [-96.773833, 32.786292], [-96.77388, 32.786254], [-96.773916, 32.786159], [-96.774583, 32.786338], [-96.774723, 32.786376], [-96.774938, 32.786434], [-96.774902, 32.786529], [-96.774897, 32.786527], [-96.774423, 32.786915], [-96.774158, 32.786685], [-96.774225, 32.786631]]]}}, {"type": "Feature", "properties": {"k": "area", "s": "asphalt"}, "geometry": {"type": "Polygon", "coordinates": [[[-96.781455, 32.799428], [-96.780771, 32.79881], [-96.780435, 32.799073], [-96.781119, 32.79969], [-96.781455, 32.799428]]]}}, {"type": "Feature", "properties": {"k": "area", "s": "turf"}, "geometry": {"type": "Polygon", "coordinates": [[[-96.775017, 32.769821], [-96.774607, 32.769361], [-96.774462, 32.769363], [-96.774003, 32.769772], [-96.774262, 32.769942], [-96.77437, 32.76998], [-96.774634, 32.769994], [-96.774877, 32.769926], [-96.775017, 32.769821]]]}}, {"type": "Feature", "properties": {"k": "area", "s": "asphalt"}, "geometry": {"type": "Polygon", "coordinates": [[[-96.782832, 32.789527], [-96.782567, 32.789289], [-96.783317, 32.788656], [-96.783637, 32.788956], [-96.782832, 32.789527]]]}}, {"type": "Feature", "properties": {"k": "area", "s": "grass"}, "geometry": {"type": "Polygon", "coordinates": [[[-96.799888, 32.771295], [-96.799816, 32.771369], [-96.799175, 32.771861], [-96.798862, 32.7717], [-96.798952, 32.771552], [-96.799319, 32.770844], [-96.799319, 32.770916], [-96.799309, 32.771047], [-96.799349, 32.771141], [-96.799459, 32.771236], [-96.799547, 32.771286], [-96.799633, 32.771311], [-96.799732, 32.771317], [-96.799888, 32.771295]]]}}, {"type": "Feature", "properties": {"k": "area", "s": "asphalt", "name": "Lot 42"}, "geometry": {"type": "Polygon", "coordinates": [[[-96.776563, 32.789777], [-96.776191, 32.789464], [-96.775955, 32.789663], [-96.775897, 32.789712], [-96.77576, 32.789828], [-96.775767, 32.789833], [-96.775631, 32.789948], [-96.775659, 32.789971], [-96.775607, 32.790015], [-96.775901, 32.790261], [-96.775946, 32.790224], [-96.77599, 32.790261], [-96.776563, 32.789777]]]}}, {"type": "Feature", "properties": {"k": "area", "s": "grass", "name": "Founders Plaza"}, "geometry": {"type": "Polygon", "coordinates": [[[-96.80638, 32.779813], [-96.806217, 32.779284], [-96.806888, 32.779138], [-96.807053, 32.779667], [-96.80638, 32.779813]]]}}, {"type": "Feature", "properties": {"k": "area", "s": "asphalt"}, "geometry": {"type": "Polygon", "coordinates": [[[-96.789325, 32.785294], [-96.788787, 32.785691], [-96.788281, 32.785271], [-96.788955, 32.784972], [-96.789325, 32.785294]]]}}, {"type": "Feature", "properties": {"k": "area", "s": "grass"}, "geometry": {"type": "Polygon", "coordinates": [[[-96.811825, 32.779463], [-96.811831, 32.779159], [-96.811845, 32.778879], [-96.811817, 32.778703], [-96.811733, 32.778554], [-96.811612, 32.778442], [-96.81149, 32.778354], [-96.811461, 32.778176], [-96.811753, 32.777938], [-96.812053, 32.77765], [-96.811864, 32.779461], [-96.811825, 32.779463]]]}}, {"type": "Feature", "properties": {"k": "area", "s": "asphalt"}, "geometry": {"type": "Polygon", "coordinates": [[[-96.808007, 32.784633], [-96.807557, 32.784285], [-96.80714, 32.784666], [-96.807316, 32.784802], [-96.807189, 32.784918], [-96.807464, 32.785131], [-96.808007, 32.784633]]]}}, {"type": "Feature", "properties": {"k": "area", "s": "asphalt"}, "geometry": {"type": "Polygon", "coordinates": [[[-96.774292, 32.797162], [-96.774669, 32.796859], [-96.774808, 32.796752], [-96.774803, 32.796681], [-96.774295, 32.796233], [-96.774116, 32.796376], [-96.774154, 32.79641], [-96.774298, 32.796536], [-96.774332, 32.796566], [-96.773957, 32.796867], [-96.774292, 32.797162]]]}}, {"type": "Feature", "properties": {"k": "area", "s": "grass"}, "geometry": {"type": "Polygon", "coordinates": [[[-96.807018, 32.776515], [-96.806344, 32.776658], [-96.806187, 32.776134], [-96.806861, 32.775992], [-96.807018, 32.776515]]]}}, {"type": "Feature", "properties": {"k": "area", "s": "concrete"}, "geometry": {"type": "Polygon", "coordinates": [[[-96.793328, 32.766329], [-96.793079, 32.766579], [-96.792326, 32.766048], [-96.792619, 32.765755], [-96.793322, 32.766251], [-96.793328, 32.766329]]]}}, {"type": "Feature", "properties": {"k": "area", "s": "dirt"}, "geometry": {"type": "Polygon", "coordinates": [[[-96.795413, 32.771249], [-96.794756, 32.770476], [-96.794397, 32.770693], [-96.795015, 32.771347], [-96.795413, 32.771249]]]}}, {"type": "Feature", "properties": {"k": "area", "s": "asphalt", "name": "Parking Lot 17"}, "geometry": {"type": "Polygon", "coordinates": [[[-96.780027, 32.79244], [-96.779996, 32.792431], [-96.779482, 32.791972], [-96.779552, 32.791913], [-96.779512, 32.791879], [-96.779766, 32.791668], [-96.779817, 32.791712], [-96.779841, 32.791692], [-96.77987, 32.791668], [-96.779947, 32.791734], [-96.779951, 32.791738], [-96.780295, 32.792029], [-96.780349, 32.792075], [-96.780199, 32.792201], [-96.780269, 32.79226], [-96.780226, 32.792296], [-96.780262, 32.792327], [-96.780107, 32.792456], [-96.780068, 32.792423], [-96.780053, 32.792433], [-96.780027, 32.79244]]]}}, {"type": "Feature", "properties": {"k": "area", "s": "asphalt"}, "geometry": {"type": "Polygon", "coordinates": [[[-96.785882, 32.782595], [-96.784994, 32.782084], [-96.78498, 32.781995], [-96.784998, 32.781967], [-96.785567, 32.78195], [-96.785882, 32.782], [-96.785989, 32.782437], [-96.785917, 32.78259], [-96.785882, 32.782595]]]}}, {"type": "Feature", "properties": {"k": "area", "s": "asphalt", "name": "West End Parking Garage"}, "geometry": {"type": "Polygon", "coordinates": [[[-96.806371, 32.783788], [-96.806546, 32.783652], [-96.806751, 32.783491], [-96.807263, 32.783955], [-96.807249, 32.784078], [-96.807084, 32.784207], [-96.80695, 32.784312], [-96.806371, 32.783788]]]}}, {"type": "Feature", "properties": {"k": "area", "s": "asphalt"}, "geometry": {"type": "Polygon", "coordinates": [[[-96.780433, 32.796208], [-96.780351, 32.796277], [-96.780106, 32.796483], [-96.780039, 32.79654], [-96.780585, 32.796999], [-96.780979, 32.796668], [-96.780433, 32.796208]]]}}, {"type": "Feature", "properties": {"k": "area", "s": "grass", "name": "John F Kennedy Memorial Park"}, "geometry": {"type": "Polygon", "coordinates": [[[-96.806831, 32.778907], [-96.806151, 32.77905], [-96.806003, 32.778549], [-96.806683, 32.778406], [-96.806831, 32.778907]]]}}, {"type": "Feature", "properties": {"k": "area", "s": "asphalt"}, "geometry": {"type": "Polygon", "coordinates": [[[-96.803905, 32.778751], [-96.803748, 32.778211], [-96.803286, 32.778305], [-96.803119, 32.778341], [-96.803276, 32.77888], [-96.803905, 32.778751]]]}}, {"type": "Feature", "properties": {"k": "area", "s": "dirt"}, "geometry": {"type": "Polygon", "coordinates": [[[-96.793165, 32.773048], [-96.79288, 32.772799], [-96.792139, 32.773419], [-96.792216, 32.773478], [-96.793032, 32.773427], [-96.793168, 32.773414], [-96.79294, 32.773234], [-96.793165, 32.773048]]]}}, {"type": "Feature", "properties": {"k": "area", "s": "asphalt"}, "geometry": {"type": "Polygon", "coordinates": [[[-96.796557, 32.76857], [-96.795864, 32.768079], [-96.795562, 32.76838], [-96.796249, 32.768875], [-96.796557, 32.76857]]]}}, {"type": "Feature", "properties": {"k": "area", "s": "concrete"}, "geometry": {"type": "Polygon", "coordinates": [[[-96.80538, 32.777654], [-96.805407, 32.777647], [-96.805418, 32.77763], [-96.805416, 32.777608], [-96.805278, 32.777151], [-96.805269, 32.777132], [-96.805246, 32.777124], [-96.805221, 32.777125], [-96.804825, 32.777205], [-96.804685, 32.777236], [-96.804661, 32.777245], [-96.804647, 32.777265], [-96.80465, 32.777285], [-96.804731, 32.777555], [-96.804786, 32.777741], [-96.804798, 32.777762], [-96.804821, 32.777771], [-96.804844, 32.777767], [-96.805043, 32.777727], [-96.80538, 32.777654]]]}}, {"type": "Feature", "properties": {"k": "area", "s": "grass", "name": "Lubben Plaza"}, "geometry": {"type": "Polygon", "coordinates": [[[-96.804504, 32.776648], [-96.804706, 32.776608], [-96.80466, 32.776443], [-96.805237, 32.776312], [-96.805309, 32.776866], [-96.804786, 32.776982], [-96.804735, 32.776815], [-96.804567, 32.776852], [-96.804504, 32.776648]]]}}, {"type": "Feature", "properties": {"k": "area", "s": "asphalt"}, "geometry": {"type": "Polygon", "coordinates": [[[-96.795847, 32.779218], [-96.795984, 32.779721], [-96.79662, 32.779596], [-96.796521, 32.779072], [-96.795847, 32.779218]]]}}, {"type": "Feature", "properties": {"k": "area", "s": "grass", "name": "West End Square"}, "geometry": {"type": "Polygon", "coordinates": [[[-96.80793, 32.782502], [-96.807809, 32.782102], [-96.807734, 32.782062], [-96.807085, 32.782201], [-96.807068, 32.782247], [-96.807189, 32.782656], [-96.80793, 32.782502]]]}}, {"type": "Feature", "properties": {"k": "area", "s": "asphalt"}, "geometry": {"type": "Polygon", "coordinates": [[[-96.803081, 32.783641], [-96.802611, 32.784015], [-96.802167, 32.78362], [-96.802636, 32.783246], [-96.803081, 32.783641]]]}}, {"type": "Feature", "properties": {"k": "area", "s": "asphalt"}, "geometry": {"type": "Polygon", "coordinates": [[[-96.783108, 32.790309], [-96.782978, 32.790186], [-96.782972, 32.79019], [-96.782645, 32.789878], [-96.783051, 32.789578], [-96.783307, 32.789823], [-96.783379, 32.78977], [-96.783599, 32.78998], [-96.783239, 32.790247], [-96.783231, 32.790239], [-96.783142, 32.790305], [-96.783108, 32.790309]]]}}, {"type": "Feature", "properties": {"k": "area", "s": "asphalt"}, "geometry": {"type": "Polygon", "coordinates": [[[-96.812544, 32.793072], [-96.81205, 32.792476], [-96.812014, 32.792431], [-96.811923, 32.792484], [-96.811896, 32.792453], [-96.811647, 32.792594], [-96.811674, 32.792626], [-96.811654, 32.792637], [-96.812184, 32.793277], [-96.812544, 32.793072]]]}}, {"type": "Feature", "properties": {"k": "area", "s": "grass"}, "geometry": {"type": "Polygon", "coordinates": [[[-96.787317, 32.768253], [-96.786889, 32.767918], [-96.78636, 32.768337], [-96.786812, 32.768657], [-96.787317, 32.768253]]]}}, {"type": "Feature", "properties": {"k": "area", "s": "asphalt"}, "geometry": {"type": "Polygon", "coordinates": [[[-96.806016, 32.78794], [-96.805547, 32.787545], [-96.805495, 32.787496], [-96.804996, 32.787267], [-96.805387, 32.786987], [-96.805963, 32.787552], [-96.806152, 32.78784], [-96.806016, 32.78794]]]}}, {"type": "Feature", "properties": {"k": "area", "s": "asphalt"}, "geometry": {"type": "Polygon", "coordinates": [[[-96.786122, 32.766396], [-96.786462, 32.766045], [-96.786541, 32.765963], [-96.786565, 32.765937], [-96.786621, 32.765879], [-96.786347, 32.765692], [-96.786321, 32.765719], [-96.786281, 32.765692], [-96.786, 32.765982], [-96.785966, 32.765959], [-96.785679, 32.766255], [-96.785713, 32.766279], [-96.785688, 32.766305], [-96.786002, 32.76652], [-96.786122, 32.766396]]]}}, {"type": "Feature", "properties": {"k": "area", "s": "asphalt"}, "geometry": {"type": "Polygon", "coordinates": [[[-96.774552, 32.790463], [-96.774164, 32.790115], [-96.773394, 32.790723], [-96.773488, 32.790807], [-96.773799, 32.790561], [-96.774094, 32.790825], [-96.774552, 32.790463]]]}}, {"type": "Feature", "properties": {"k": "area", "s": "grass"}, "geometry": {"type": "Polygon", "coordinates": [[[-96.792464, 32.784092], [-96.7923, 32.784114], [-96.792296, 32.784132], [-96.792301, 32.78418], [-96.792316, 32.784216], [-96.792328, 32.784234], [-96.79235, 32.784267], [-96.792358, 32.784291], [-96.792367, 32.784341], [-96.792361, 32.784384], [-96.792351, 32.78443], [-96.792336, 32.784453], [-96.792312, 32.784476], [-96.792288, 32.784497], [-96.79225, 32.784516], [-96.792209, 32.784532], [-96.792155, 32.784543], [-96.792115, 32.784545], [-96.792063, 32.784544], [-96.791948, 32.784523], [-96.791916, 32.784539], [-96.791871, 32.784588], [-96.791825, 32.784633], [-96.791809, 32.784661], [-96.791804, 32.784688], [-96.79181, 32.784704], [-96.791823, 32.784726], [-96.791839, 32.78474], [-96.791891, 32.784753], [-96.792023, 32.784787], [-96.792052, 32.784803], [-96.792069, 32.784827], [-96.792082, 32.784851], [-96.792083, 32.784883], [-96.792068, 32.784929], [-96.792028, 32.785048], [-96.792007, 32.785112], [-96.792042, 32.785142], [-96.792071, 32.785143], [-96.792096, 32.785133], [-96.792151, 32.785038], [-96.792153, 32.78495], [-96.792154, 32.784887], [-96.792161, 32.784859], [-96.792179, 32.78482], [-96.792206, 32.784786], [-96.792239, 32.784763], [-96.792279, 32.784743], [-96.792336, 32.784735], [-96.792378, 32.784736], [-96.792434, 32.78475], [-96.792565, 32.78479], [-96.792655, 32.784828], [-96.792707, 32.784885], [-96.792789, 32.785001], [-96.792775, 32.785007], [-96.792817, 32.785069], [-96.792832, 32.785084], [-96.79285, 32.785097], [-96.792871, 32.785104], [-96.792893, 32.78511], [-96.792893, 32.785096], [-96.79312, 32.785126], [-96.793119, 32.785108], [-96.792984, 32.785026], [-96.792911, 32.784969], [-96.792874, 32.784943], [-96.792837, 32.784913], [-96.792796, 32.784871], [-96.792754, 32.78483], [-96.79272, 32.784786], [-96.792686, 32.784743], [-96.79264, 32.784674], [-96.792597, 32.784604], [-96.792555, 32.78451], [-96.792531, 32.784426], [-96.792509, 32.784342], [-96.792488, 32.784224], [-96.792464, 32.784092]]]}}, {"type": "Feature", "properties": {"k": "area", "s": "grass"}, "geometry": {"type": "Polygon", "coordinates": [[[-96.809488, 32.799555], [-96.809421, 32.799475], [-96.809401, 32.799484], [-96.809371, 32.799452], [-96.809482, 32.799384], [-96.80949, 32.799393], [-96.809527, 32.799371], [-96.809564, 32.799365], [-96.809579, 32.799342], [-96.809655, 32.799296], [-96.809692, 32.79929], [-96.809706, 32.799265], [-96.809737, 32.799246], [-96.809749, 32.79926], [-96.809814, 32.79922], [-96.809796, 32.799199], [-96.809864, 32.799158], [-96.809902, 32.799208], [-96.809932, 32.799191], [-96.809971, 32.799168], [-96.810301, 32.799562], [-96.809762, 32.799882], [-96.809547, 32.799625], [-96.809488, 32.799555]]]}}, {"type": "Feature", "properties": {"k": "area", "s": "grass"}, "geometry": {"type": "Polygon", "coordinates": [[[-96.793629, 32.789725], [-96.792937, 32.789139], [-96.793028, 32.790291], [-96.793092, 32.790206], [-96.793339, 32.789921], [-96.793473, 32.78982], [-96.793629, 32.789725]]]}}, {"type": "Feature", "properties": {"k": "area", "s": "grass"}, "geometry": {"type": "Polygon", "coordinates": [[[-96.795935, 32.776796], [-96.795115, 32.776061], [-96.795581, 32.775639], [-96.795935, 32.776796]]]}}, {"type": "Feature", "properties": {"k": "area", "s": "asphalt"}, "geometry": {"type": "Polygon", "coordinates": [[[-96.809324, 32.803305], [-96.809209, 32.803207], [-96.809048, 32.803069], [-96.809102, 32.803022], [-96.809471, 32.802703], [-96.809535, 32.802648], [-96.809681, 32.802522], [-96.809755, 32.802458], [-96.810039, 32.802713], [-96.809994, 32.80275], [-96.809542, 32.803125], [-96.809474, 32.803181], [-96.809324, 32.803305]]]}}, {"type": "Feature", "properties": {"k": "area", "s": "asphalt"}, "geometry": {"type": "Polygon", "coordinates": [[[-96.795692, 32.788182], [-96.795167, 32.78774], [-96.794778, 32.788066], [-96.795302, 32.788508], [-96.795692, 32.788182]]]}}, {"type": "Feature", "properties": {"k": "area", "s": "asphalt"}, "geometry": {"type": "Polygon", "coordinates": [[[-96.784923, 32.77758], [-96.784733, 32.777777], [-96.784717, 32.777766], [-96.784571, 32.777674], [-96.784731, 32.777497], [-96.785296, 32.777007], [-96.7861, 32.776452], [-96.78614, 32.776493], [-96.786159, 32.776479], [-96.786235, 32.776555], [-96.785613, 32.776994], [-96.785598, 32.777006], [-96.785419, 32.777142], [-96.785258, 32.77727], [-96.785043, 32.777443], [-96.785064, 32.777467], [-96.784923, 32.77758]]]}}, {"type": "Feature", "properties": {"k": "area", "s": "asphalt"}, "geometry": {"type": "Polygon", "coordinates": [[[-96.810787, 32.784916], [-96.810775, 32.784873], [-96.810617, 32.784341], [-96.810215, 32.784426], [-96.81028, 32.784647], [-96.810019, 32.784701], [-96.810042, 32.784779], [-96.810043, 32.78478], [-96.810027, 32.784784], [-96.809984, 32.784793], [-96.809998, 32.784842], [-96.810024, 32.784928], [-96.810044, 32.784996], [-96.810499, 32.784901], [-96.81052, 32.784973], [-96.810538, 32.785035], [-96.810656, 32.785011], [-96.810787, 32.784916]]]}}, {"type": "Feature", "properties": {"k": "area", "s": "grass"}, "geometry": {"type": "Polygon", "coordinates": [[[-96.795356, 32.773222], [-96.79521, 32.773067], [-96.794443, 32.773172], [-96.794313, 32.773279], [-96.793697, 32.773374], [-96.793431, 32.773593], [-96.794303, 32.773451], [-96.795356, 32.773222]]]}}, {"type": "Feature", "properties": {"k": "area", "s": "asphalt", "name": "Neiman Marcus Parking"}, "geometry": {"type": "Polygon", "coordinates": [[[-96.796816, 32.779689], [-96.797413, 32.779558], [-96.797541, 32.779972], [-96.797576, 32.780087], [-96.796979, 32.780218], [-96.796816, 32.779689]]]}}, {"type": "Feature", "properties": {"k": "area", "s": "grass"}, "geometry": {"type": "Polygon", "coordinates": [[[-96.782056, 32.771383], [-96.781947, 32.771254], [-96.781658, 32.770905], [-96.781998, 32.770677], [-96.782069, 32.770652], [-96.782118, 32.770655], [-96.782146, 32.770667], [-96.782526, 32.771108], [-96.782056, 32.771383]]]}}, {"type": "Feature", "properties": {"k": "area", "s": "asphalt"}, "geometry": {"type": "Polygon", "coordinates": [[[-96.811539, 32.802732], [-96.811502, 32.802699], [-96.811419, 32.802766], [-96.811338, 32.802695], [-96.811235, 32.802605], [-96.811107, 32.802493], [-96.811188, 32.802427], [-96.811155, 32.802398], [-96.811565, 32.802067], [-96.811595, 32.802094], [-96.811642, 32.802056], [-96.811658, 32.80207], [-96.811797, 32.802192], [-96.811929, 32.802307], [-96.811923, 32.802312], [-96.811944, 32.80233], [-96.811895, 32.80237], [-96.811988, 32.802452], [-96.811902, 32.802522], [-96.811852, 32.802479], [-96.81174, 32.802569], [-96.811539, 32.802732]]]}}, {"type": "Feature", "properties": {"k": "area", "s": "asphalt"}, "geometry": {"type": "Polygon", "coordinates": [[[-96.781688, 32.765782], [-96.781119, 32.765279], [-96.780871, 32.765477], [-96.780718, 32.765342], [-96.780638, 32.765406], [-96.78136, 32.766044], [-96.781688, 32.765782]]]}}, {"type": "Feature", "properties": {"k": "area", "s": "grass"}, "geometry": {"type": "Polygon", "coordinates": [[[-96.777649, 32.790661], [-96.777175, 32.790274], [-96.777166, 32.790271], [-96.777154, 32.790273], [-96.777143, 32.790277], [-96.776752, 32.790608], [-96.777164, 32.790962], [-96.777189, 32.790983], [-96.777208, 32.790967], [-96.777243, 32.790997], [-96.777649, 32.790661]]]}}, {"type": "Feature", "properties": {"k": "area", "s": "dirt"}, "geometry": {"type": "Polygon", "coordinates": [[[-96.785263, 32.798441], [-96.785952, 32.797861], [-96.785665, 32.797619], [-96.784975, 32.798199], [-96.785263, 32.798441]]]}}, {"type": "Feature", "properties": {"k": "area", "s": "grass"}, "geometry": {"type": "Polygon", "coordinates": [[[-96.798117, 32.773152], [-96.797599, 32.773326], [-96.796747, 32.773489], [-96.796571, 32.773597], [-96.796774, 32.773565], [-96.796917, 32.773701], [-96.796947, 32.773666], [-96.797093, 32.773829], [-96.797193, 32.773936], [-96.797351, 32.773738], [-96.797653, 32.773476], [-96.798151, 32.773181], [-96.798117, 32.773152]]]}}, {"type": "Feature", "properties": {"k": "area", "s": "asphalt", "name": "Lot 14"}, "geometry": {"type": "Polygon", "coordinates": [[[-96.777185, 32.790014], [-96.777661, 32.78961], [-96.777567, 32.789531], [-96.777524, 32.789568], [-96.777168, 32.789272], [-96.777152, 32.789285], [-96.776971, 32.789439], [-96.776745, 32.789631], [-96.777185, 32.790014]]]}}, {"type": "Feature", "properties": {"k": "area", "s": "asphalt"}, "geometry": {"type": "Polygon", "coordinates": [[[-96.80752, 32.789983], [-96.807287, 32.790152], [-96.806664, 32.789578], [-96.807018, 32.789333], [-96.807347, 32.789626], [-96.807456, 32.789839], [-96.80752, 32.789983]]]}}, {"type": "Feature", "properties": {"k": "area", "s": "asphalt"}, "geometry": {"type": "Polygon", "coordinates": [[[-96.808251, 32.777238], [-96.808188, 32.777251], [-96.808382, 32.77791], [-96.808621, 32.77786], [-96.808729, 32.778226], [-96.809099, 32.778222], [-96.808556, 32.777381], [-96.808413, 32.777412], [-96.808251, 32.777238]]]}}, {"type": "Feature", "properties": {"k": "area", "s": "asphalt"}, "geometry": {"type": "Polygon", "coordinates": [[[-96.786786, 32.780722], [-96.786509, 32.780893], [-96.786481, 32.780911], [-96.786355, 32.78099], [-96.786277, 32.780901], [-96.786156, 32.780764], [-96.786099, 32.780699], [-96.786233, 32.780625], [-96.786259, 32.780608], [-96.786563, 32.780421], [-96.786572, 32.780415], [-96.786598, 32.780399], [-96.786852, 32.780242], [-96.787083, 32.780506], [-96.787101, 32.780527], [-96.786821, 32.780701], [-96.786786, 32.780722]]]}}, {"type": "Feature", "properties": {"k": "area", "s": "asphalt"}, "geometry": {"type": "Polygon", "coordinates": [[[-96.786792, 32.765799], [-96.787385, 32.765307], [-96.78699, 32.765072], [-96.786416, 32.765546], [-96.786792, 32.765799]]]}}, {"type": "Feature", "properties": {"k": "area", "s": "asphalt"}, "geometry": {"type": "Polygon", "coordinates": [[[-96.795172, 32.779377], [-96.795383, 32.779333], [-96.795828, 32.779238], [-96.795969, 32.779709], [-96.795865, 32.779731], [-96.795313, 32.779848], [-96.795172, 32.779377]]]}}, {"type": "Feature", "properties": {"k": "area", "s": "asphalt"}, "geometry": {"type": "Polygon", "coordinates": [[[-96.791409, 32.783804], [-96.791157, 32.78389], [-96.790522, 32.783362], [-96.79126, 32.783203], [-96.791409, 32.783804]]]}}, {"type": "Feature", "properties": {"k": "area", "s": "asphalt"}, "geometry": {"type": "Polygon", "coordinates": [[[-96.791051, 32.776678], [-96.791633, 32.777194], [-96.791691, 32.777247], [-96.791995, 32.777005], [-96.791355, 32.776437], [-96.791051, 32.776678]]]}}, {"type": "Feature", "properties": {"k": "area", "s": "asphalt"}, "geometry": {"type": "Polygon", "coordinates": [[[-96.816116, 32.793238], [-96.816808, 32.792691], [-96.816528, 32.792441], [-96.815916, 32.792924], [-96.815836, 32.792987], [-96.816116, 32.793238]]]}}, {"type": "Feature", "properties": {"k": "area", "s": "grass"}, "geometry": {"type": "Polygon", "coordinates": [[[-96.815849, 32.799959], [-96.815772, 32.799824], [-96.815607, 32.799593], [-96.81539, 32.799336], [-96.815187, 32.799162], [-96.814975, 32.798989], [-96.814751, 32.798834], [-96.814513, 32.798694], [-96.814378, 32.798626], [-96.814241, 32.798563], [-96.8141, 32.798504], [-96.81394, 32.798446], [-96.813778, 32.798394], [-96.813469, 32.798314], [-96.813017, 32.798202], [-96.812228, 32.798015], [-96.812093, 32.797978], [-96.811959, 32.797936], [-96.811828, 32.79789], [-96.811667, 32.797827], [-96.811511, 32.797759], [-96.811358, 32.797685], [-96.811209, 32.797605], [-96.811218, 32.797592], [-96.811376, 32.797673], [-96.811538, 32.797748], [-96.81171, 32.797818], [-96.811887, 32.79788], [-96.812067, 32.797934], [-96.812781, 32.798105], [-96.813763, 32.798334], [-96.814454, 32.798499], [-96.814444, 32.798531], [-96.814408, 32.798515], [-96.814382, 32.798516], [-96.814379, 32.798539], [-96.814389, 32.798562], [-96.8144, 32.798582], [-96.814659, 32.798713], [-96.814922, 32.798806], [-96.814904, 32.798828], [-96.815056, 32.798956], [-96.815076, 32.798951], [-96.815106, 32.798968], [-96.815134, 32.798987], [-96.815155, 32.799033], [-96.815219, 32.799103], [-96.815288, 32.799052], [-96.815548, 32.799362], [-96.815716, 32.799608], [-96.815889, 32.799936], [-96.815849, 32.799959]]]}}, {"type": "Feature", "properties": {"k": "area", "s": "asphalt"}, "geometry": {"type": "Polygon", "coordinates": [[[-96.797209, 32.775535], [-96.797377, 32.775418], [-96.797275, 32.775334], [-96.797167, 32.775269], [-96.797039, 32.775213], [-96.796891, 32.775182], [-96.79675, 32.775172], [-96.79658, 32.775187], [-96.796416, 32.775239], [-96.796268, 32.775315], [-96.796149, 32.775425], [-96.796056, 32.775544], [-96.79601, 32.775676], [-96.795983, 32.7758], [-96.795988, 32.775914], [-96.796003, 32.775997], [-96.796222, 32.775945], [-96.796204, 32.775841], [-96.796213, 32.775746], [-96.796233, 32.775661], [-96.796288, 32.775563], [-96.796365, 32.775486], [-96.79646, 32.775414], [-96.796573, 32.775369], [-96.796706, 32.775347], [-96.796838, 32.775347], [-96.796964, 32.775379], [-96.797103, 32.77544], [-96.797209, 32.775535]]]}}, {"type": "Feature", "properties": {"k": "area", "s": "asphalt"}, "geometry": {"type": "Polygon", "coordinates": [[[-96.790222, 32.78099], [-96.790027, 32.78111], [-96.790218, 32.781329], [-96.789839, 32.781563], [-96.789958, 32.781699], [-96.789805, 32.781721], [-96.789779, 32.78159], [-96.789297, 32.781038], [-96.789407, 32.78097], [-96.789592, 32.78118], [-96.790108, 32.780861], [-96.790222, 32.78099]]]}}, {"type": "Feature", "properties": {"k": "area", "s": "asphalt"}, "geometry": {"type": "Polygon", "coordinates": [[[-96.790831, 32.783095], [-96.790764, 32.782871], [-96.790677, 32.782889], [-96.790588, 32.782592], [-96.790215, 32.78268], [-96.78996, 32.782828], [-96.79031, 32.783214], [-96.790831, 32.783095]]]}}, {"type": "Feature", "properties": {"k": "area", "s": "asphalt"}, "geometry": {"type": "Polygon", "coordinates": [[[-96.787266, 32.777921], [-96.786737, 32.777303], [-96.786395, 32.77751], [-96.786589, 32.777737], [-96.786644, 32.777801], [-96.786924, 32.778128], [-96.787006, 32.778078], [-96.787266, 32.777921]]]}}, {"type": "Feature", "properties": {"k": "area", "s": "grass", "name": "Exposition Plaza"}, "geometry": {"type": "Polygon", "coordinates": [[[-96.773489, 32.78481], [-96.772865, 32.784646], [-96.77271, 32.784631], [-96.772717, 32.784611], [-96.772864, 32.784227], [-96.772928, 32.784109], [-96.772977, 32.784134], [-96.773036, 32.784168], [-96.773165, 32.784252], [-96.773295, 32.784346], [-96.773364, 32.784404], [-96.773407, 32.78445], [-96.773441, 32.784494], [-96.773502, 32.784584], [-96.773528, 32.784643], [-96.773543, 32.784687], [-96.773555, 32.784757], [-96.773547, 32.784779], [-96.773538, 32.784792], [-96.773525, 32.784804], [-96.773505, 32.784811], [-96.773489, 32.78481]]]}}, {"type": "Feature", "properties": {"k": "area", "s": "asphalt"}, "geometry": {"type": "Polygon", "coordinates": [[[-96.789337, 32.790429], [-96.789343, 32.790434], [-96.789317, 32.790455], [-96.789299, 32.79047], [-96.789263, 32.790501], [-96.789234, 32.790524], [-96.789053, 32.790673], [-96.788831, 32.790483], [-96.788816, 32.790471], [-96.788745, 32.790409], [-96.788597, 32.790283], [-96.788581, 32.790269], [-96.788476, 32.79018], [-96.788436, 32.790145], [-96.788421, 32.790132], [-96.788606, 32.789979], [-96.78862, 32.789968], [-96.788652, 32.789941], [-96.788719, 32.789886], [-96.78872, 32.789885], [-96.788881, 32.790022], [-96.788897, 32.790036], [-96.789115, 32.790223], [-96.789129, 32.790234], [-96.789347, 32.790421], [-96.789341, 32.790426], [-96.789337, 32.790429]]]}}, {"type": "Feature", "properties": {"k": "area", "s": "asphalt"}, "geometry": {"type": "Polygon", "coordinates": [[[-96.798081, 32.778758], [-96.798164, 32.77904], [-96.797987, 32.779077], [-96.797631, 32.779151], [-96.797465, 32.779186], [-96.797532, 32.779413], [-96.797437, 32.779433], [-96.797333, 32.779455], [-96.797182, 32.778945], [-96.798081, 32.778758]]]}}, {"type": "Feature", "properties": {"k": "area", "s": "asphalt"}, "geometry": {"type": "Polygon", "coordinates": [[[-96.790827, 32.795147], [-96.790468, 32.794849], [-96.790392, 32.794786], [-96.790122, 32.795015], [-96.790119, 32.795018], [-96.790121, 32.795019], [-96.790811, 32.795592], [-96.790865, 32.795547], [-96.791084, 32.795361], [-96.790827, 32.795147]]]}}, {"type": "Feature", "properties": {"k": "area", "s": "asphalt"}, "geometry": {"type": "Polygon", "coordinates": [[[-96.792161, 32.783053], [-96.791686, 32.783148], [-96.791866, 32.783713], [-96.792423, 32.783578], [-96.792344, 32.783232], [-96.792215, 32.783261], [-96.792161, 32.783053]]]}}, {"type": "Feature", "properties": {"k": "area", "s": "asphalt"}, "geometry": {"type": "Polygon", "coordinates": [[[-96.810222, 32.787103], [-96.810191, 32.787005], [-96.810241, 32.786991], [-96.810148, 32.786698], [-96.810144, 32.786683], [-96.809476, 32.786728], [-96.809455, 32.787131], [-96.809498, 32.787134], [-96.809495, 32.78717], [-96.809762, 32.787146], [-96.81005, 32.787119], [-96.810222, 32.787103]]]}}, {"type": "Feature", "properties": {"k": "area", "s": "asphalt"}, "geometry": {"type": "Polygon", "coordinates": [[[-96.818594, 32.785509], [-96.81803, 32.785802], [-96.817951, 32.785694], [-96.818014, 32.785662], [-96.817906, 32.785516], [-96.817845, 32.785547], [-96.817721, 32.785378], [-96.818283, 32.785086], [-96.818594, 32.785509]]]}}, {"type": "Feature", "properties": {"k": "area", "s": "grass"}, "geometry": {"type": "Polygon", "coordinates": [[[-96.776582, 32.780549], [-96.77535, 32.780665], [-96.775991, 32.781117], [-96.776582, 32.780549]]]}}, {"type": "Feature", "properties": {"k": "area", "s": "asphalt"}, "geometry": {"type": "Polygon", "coordinates": [[[-96.781965, 32.788779], [-96.781999, 32.78875], [-96.78222, 32.788562], [-96.782207, 32.788551], [-96.782271, 32.788496], [-96.782286, 32.788509], [-96.782421, 32.788395], [-96.782513, 32.788472], [-96.782826, 32.788731], [-96.782575, 32.788945], [-96.782595, 32.788962], [-96.782513, 32.789032], [-96.782498, 32.78902], [-96.782379, 32.789122], [-96.78216, 32.78894], [-96.782034, 32.788836], [-96.781965, 32.788779]]]}}, {"type": "Feature", "properties": {"k": "area", "s": "grass"}, "geometry": {"type": "Polygon", "coordinates": [[[-96.788729, 32.787927], [-96.789295, 32.787456], [-96.788965, 32.787176], [-96.788399, 32.787647], [-96.788729, 32.787927]]]}}, {"type": "Feature", "properties": {"k": "area", "s": "dirt"}, "geometry": {"type": "Polygon", "coordinates": [[[-96.785667, 32.769036], [-96.785372, 32.768842], [-96.784757, 32.769502], [-96.785051, 32.769696], [-96.785667, 32.769036]]]}}, {"type": "Feature", "properties": {"k": "area", "s": "dirt"}, "geometry": {"type": "Polygon", "coordinates": [[[-96.785171, 32.769065], [-96.784876, 32.768871], [-96.784261, 32.769531], [-96.784555, 32.769725], [-96.785171, 32.769065]]]}}, {"type": "Feature", "properties": {"k": "area", "s": "paving"}, "geometry": {"type": "Polygon", "coordinates": [[[-96.803394, 32.785121], [-96.803041, 32.78541], [-96.802939, 32.785493], [-96.802913, 32.785515], [-96.802702, 32.785333], [-96.802527, 32.785186], [-96.802542, 32.785173], [-96.802766, 32.784986], [-96.802914, 32.784862], [-96.803006, 32.784786], [-96.803192, 32.784944], [-96.803394, 32.785121]]]}}, {"type": "Feature", "properties": {"k": "area", "s": "asphalt"}, "geometry": {"type": "Polygon", "coordinates": [[[-96.797973, 32.791863], [-96.7974, 32.792336], [-96.797365, 32.792365], [-96.797059, 32.792104], [-96.797668, 32.791601], [-96.797973, 32.791863]]]}}, {"type": "Feature", "properties": {"k": "area", "s": "grass"}, "geometry": {"type": "Polygon", "coordinates": [[[-96.793273, 32.774676], [-96.793003, 32.774468], [-96.791764, 32.77483], [-96.791894, 32.774993], [-96.793273, 32.774676]]]}}, {"type": "Feature", "properties": {"k": "area", "s": "asphalt"}, "geometry": {"type": "Polygon", "coordinates": [[[-96.797077, 32.784428], [-96.797048, 32.784402], [-96.797156, 32.784313], [-96.797331, 32.784169], [-96.797464, 32.784284], [-96.797698, 32.784486], [-96.797724, 32.784508], [-96.797754, 32.784535], [-96.797784, 32.78456], [-96.797934, 32.78469], [-96.797983, 32.784732], [-96.797792, 32.784889], [-96.797704, 32.784964], [-96.797077, 32.784428]]]}}, {"type": "Feature", "properties": {"k": "area", "s": "asphalt"}, "geometry": {"type": "Polygon", "coordinates": [[[-96.805064, 32.778505], [-96.804906, 32.777987], [-96.805466, 32.777865], [-96.805625, 32.778383], [-96.805064, 32.778505]]]}}, {"type": "Feature", "properties": {"k": "area", "s": "asphalt", "name": "Bank of America Plaza Parking"}, "geometry": {"type": "Polygon", "coordinates": [[[-96.804396, 32.779399], [-96.804368, 32.779303], [-96.804359, 32.779304], [-96.804304, 32.779123], [-96.804288, 32.779066], [-96.804261, 32.778977], [-96.804323, 32.778964], [-96.804308, 32.778913], [-96.804405, 32.778892], [-96.804803, 32.778808], [-96.804805, 32.778816], [-96.804858, 32.778804], [-96.804872, 32.778849], [-96.804882, 32.778846], [-96.804919, 32.778976], [-96.804982, 32.77918], [-96.804996, 32.779228], [-96.804934, 32.779241], [-96.804937, 32.77925], [-96.804949, 32.779291], [-96.804557, 32.779374], [-96.804519, 32.779382], [-96.804517, 32.779373], [-96.804396, 32.779399]]]}}, {"type": "Feature", "properties": {"k": "area", "s": "asphalt"}, "geometry": {"type": "Polygon", "coordinates": [[[-96.786614, 32.798392], [-96.786439, 32.798247], [-96.786251, 32.798408], [-96.785999, 32.7982], [-96.785652, 32.798498], [-96.786079, 32.79885], [-96.786614, 32.798392]]]}}, {"type": "Feature", "properties": {"k": "area", "s": "gravel"}, "geometry": {"type": "Polygon", "coordinates": [[[-96.790806, 32.76708], [-96.788711, 32.765863], [-96.788604, 32.765974], [-96.788628, 32.765988], [-96.78913, 32.766265], [-96.789168, 32.766286], [-96.790331, 32.766929], [-96.790807, 32.767192], [-96.790806, 32.76708]]]}}, {"type": "Feature", "properties": {"k": "area", "s": "asphalt", "name": "Sheraton Guest Parking"}, "geometry": {"type": "Polygon", "coordinates": [[[-96.794674, 32.784321], [-96.79532, 32.783784], [-96.7956, 32.784022], [-96.794954, 32.784559], [-96.794674, 32.784321]]]}}, {"type": "Feature", "properties": {"k": "area", "s": "asphalt"}, "geometry": {"type": "Polygon", "coordinates": [[[-96.799339, 32.783972], [-96.799935, 32.783472], [-96.800215, 32.783701], [-96.80024, 32.783725], [-96.799888, 32.784017], [-96.799637, 32.784227], [-96.799339, 32.783972]]]}}, {"type": "Feature", "properties": {"k": "area", "s": "turf", "name": "Mavs Ballpark"}, "geometry": {"type": "Polygon", "coordinates": [[[-96.810114, 32.793178], [-96.809971, 32.793295], [-96.809706, 32.793574], [-96.809893, 32.793724], [-96.81009, 32.7938], [-96.810224, 32.793792], [-96.810538, 32.793544], [-96.810323, 32.793298], [-96.810187, 32.793179], [-96.810114, 32.793178]]]}}, {"type": "Feature", "properties": {"k": "area", "s": "grass"}, "geometry": {"type": "Polygon", "coordinates": [[[-96.795989, 32.773841], [-96.795828, 32.774006], [-96.795023, 32.774166], [-96.794781, 32.773928], [-96.795843, 32.773695], [-96.795989, 32.773841]]]}}, {"type": "Feature", "properties": {"k": "area", "s": "grass", "name": "Woodall Rodgers Plaza"}, "geometry": {"type": "Polygon", "coordinates": [[[-96.808828, 32.784283], [-96.808818, 32.783563], [-96.808078, 32.784267], [-96.808115, 32.784294], [-96.808339, 32.784328], [-96.80876, 32.784324], [-96.808798, 32.784317], [-96.808818, 32.784306], [-96.808828, 32.784283]]]}}, {"type": "Feature", "properties": {"k": "area", "s": "asphalt"}, "geometry": {"type": "Polygon", "coordinates": [[[-96.785364, 32.779066], [-96.785334, 32.779083], [-96.785061, 32.77925], [-96.785031, 32.779271], [-96.784967, 32.77931], [-96.784921, 32.779257], [-96.784722, 32.779024], [-96.785405, 32.778609], [-96.785464, 32.778677], [-96.785484, 32.7787], [-96.785531, 32.778748], [-96.785608, 32.778838], [-96.785641, 32.778818], [-96.785686, 32.778871], [-96.785656, 32.778889], [-96.785626, 32.778908], [-96.785364, 32.779066]]]}}, {"type": "Feature", "properties": {"k": "area", "s": "gravel"}, "geometry": {"type": "Polygon", "coordinates": [[[-96.793008, 32.76835], [-96.792081, 32.767818], [-96.791822, 32.767678], [-96.791181, 32.767298], [-96.790977, 32.767179], [-96.79093, 32.76726], [-96.790985, 32.767303], [-96.791866, 32.767824], [-96.791976, 32.767893], [-96.792026, 32.767951], [-96.792882, 32.768437], [-96.792933, 32.768467], [-96.792938, 32.768461], [-96.793004, 32.768499], [-96.793087, 32.768395], [-96.793008, 32.76835]]]}}, {"type": "Feature", "properties": {"k": "area", "s": "grass"}, "geometry": {"type": "Polygon", "coordinates": [[[-96.774894, 32.784472], [-96.77463, 32.78424], [-96.774516, 32.784174], [-96.774464, 32.784198], [-96.774299, 32.784315], [-96.774204, 32.784405], [-96.774171, 32.784467], [-96.774166, 32.784613], [-96.774187, 32.784663], [-96.774228, 32.784721], [-96.774257, 32.784749], [-96.774352, 32.784828], [-96.774382, 32.784841], [-96.774739, 32.784755], [-96.774815, 32.784737], [-96.774587, 32.784536], [-96.774894, 32.784472]]]}}, {"type": "Feature", "properties": {"k": "area", "s": "asphalt"}, "geometry": {"type": "Polygon", "coordinates": [[[-96.784134, 32.786362], [-96.784191, 32.78641], [-96.784217, 32.786432], [-96.784374, 32.786566], [-96.784411, 32.786597], [-96.78462, 32.786774], [-96.78464, 32.786791], [-96.784716, 32.786856], [-96.784584, 32.786966], [-96.784567, 32.78698], [-96.784562, 32.786984], [-96.784416, 32.787105], [-96.784353, 32.787051], [-96.784342, 32.787042], [-96.784124, 32.786857], [-96.7841, 32.786836], [-96.783895, 32.786662], [-96.783864, 32.786636], [-96.783835, 32.786611], [-96.783839, 32.786608], [-96.78386, 32.78659], [-96.784064, 32.78642], [-96.784134, 32.786362]]]}}, {"type": "Feature", "properties": {"k": "area", "s": "dirt"}, "geometry": {"type": "Polygon", "coordinates": [[[-96.786418, 32.790429], [-96.786014, 32.790095], [-96.785588, 32.790464], [-96.785996, 32.790801], [-96.786418, 32.790429]]]}}, {"type": "Feature", "properties": {"k": "area", "s": "grass"}, "geometry": {"type": "Polygon", "coordinates": [[[-96.775512, 32.790826], [-96.775546, 32.790799], [-96.775494, 32.790754], [-96.775964, 32.790366], [-96.776197, 32.790174], [-96.776286, 32.79025], [-96.776576, 32.790499], [-96.776534, 32.790534], [-96.776574, 32.790569], [-96.776798, 32.790384], [-96.776743, 32.790331], [-96.776571, 32.790472], [-96.776222, 32.790171], [-96.776579, 32.789879], [-96.776928, 32.79018], [-96.776803, 32.790282], [-96.776862, 32.790333], [-96.777034, 32.790186], [-96.776812, 32.789971], [-96.776629, 32.789815], [-96.776164, 32.789413], [-96.776082, 32.789433], [-96.775907, 32.789581], [-96.775919, 32.789591], [-96.775894, 32.789612], [-96.775955, 32.789663], [-96.776191, 32.789464], [-96.776563, 32.789777], [-96.77599, 32.790261], [-96.775946, 32.790224], [-96.775901, 32.790261], [-96.775607, 32.790015], [-96.775659, 32.789971], [-96.775631, 32.789948], [-96.775767, 32.789833], [-96.77576, 32.789828], [-96.775897, 32.789712], [-96.775836, 32.78966], [-96.775813, 32.789679], [-96.775808, 32.789674], [-96.775801, 32.789668], [-96.775491, 32.789924], [-96.775517, 32.789946], [-96.77588, 32.790257], [-96.77594, 32.790308], [-96.775453, 32.79071], [-96.775333, 32.790607], [-96.77531, 32.790625], [-96.775307, 32.790633], [-96.775307, 32.790645], [-96.775311, 32.790654], [-96.775512, 32.790826]]]}}, {"type": "Feature", "properties": {"k": "area", "s": "asphalt"}, "geometry": {"type": "Polygon", "coordinates": [[[-96.796698, 32.78564], [-96.796809, 32.785549], [-96.796936, 32.785392], [-96.797066, 32.785198], [-96.797498, 32.785583], [-96.797087, 32.785929], [-96.797061, 32.78595], [-96.796698, 32.78564]]]}}, {"type": "Feature", "properties": {"k": "area", "s": "grass"}, "geometry": {"type": "Polygon", "coordinates": [[[-96.817008, 32.801513], [-96.817072, 32.801538], [-96.817267, 32.801522], [-96.817472, 32.801438], [-96.817564, 32.801365], [-96.817595, 32.801279], [-96.817592, 32.801223], [-96.817556, 32.801159], [-96.817239, 32.800781], [-96.817212, 32.800829], [-96.817182, 32.80086], [-96.817085, 32.801048], [-96.817019, 32.801265], [-96.816993, 32.801374], [-96.816983, 32.801481], [-96.817008, 32.801513]]]}}, {"type": "Feature", "properties": {"k": "area", "s": "asphalt"}, "geometry": {"type": "Polygon", "coordinates": [[[-96.820988, 32.798293], [-96.82095, 32.79828], [-96.820917, 32.798259], [-96.820891, 32.798232], [-96.820874, 32.7982], [-96.820866, 32.798166], [-96.820869, 32.798131], [-96.820882, 32.798097], [-96.820906, 32.798066], [-96.820937, 32.798041], [-96.820976, 32.798024], [-96.821018, 32.798016], [-96.821061, 32.798017], [-96.821075, 32.797964], [-96.821166, 32.797981], [-96.821813, 32.798111], [-96.821728, 32.798432], [-96.820988, 32.798293]]]}}, {"type": "Feature", "properties": {"k": "area", "s": "asphalt"}, "geometry": {"type": "Polygon", "coordinates": [[[-96.785992, 32.796613], [-96.786443, 32.796989], [-96.786544, 32.797073], [-96.786599, 32.79712], [-96.786881, 32.796881], [-96.786277, 32.796378], [-96.786221, 32.796424], [-96.785992, 32.796613]]]}}, {"type": "Feature", "properties": {"k": "area", "s": "asphalt"}, "geometry": {"type": "Polygon", "coordinates": [[[-96.789012, 32.776861], [-96.788574, 32.776364], [-96.788913, 32.776164], [-96.789423, 32.776605], [-96.789012, 32.776861]]]}}, {"type": "Feature", "properties": {"k": "area", "s": "asphalt"}, "geometry": {"type": "Polygon", "coordinates": [[[-96.805636, 32.774662], [-96.805066, 32.774783], [-96.804926, 32.774318], [-96.805496, 32.774197], [-96.805636, 32.774662]]]}}, {"type": "Feature", "properties": {"k": "area", "s": "asphalt"}, "geometry": {"type": "Polygon", "coordinates": [[[-96.809378, 32.77874], [-96.809634, 32.77916], [-96.809718, 32.779302], [-96.809079, 32.779437], [-96.809052, 32.779344], [-96.808978, 32.779033], [-96.809338, 32.778858], [-96.809378, 32.77874]]]}}, {"type": "Feature", "properties": {"k": "area", "s": "asphalt"}, "geometry": {"type": "Polygon", "coordinates": [[[-96.797229, 32.76772], [-96.79714, 32.767808], [-96.797021, 32.767724], [-96.796768, 32.767975], [-96.796365, 32.767689], [-96.796618, 32.767438], [-96.796437, 32.76731], [-96.796526, 32.767221], [-96.797229, 32.76772]]]}}, {"type": "Feature", "properties": {"k": "area", "s": "asphalt"}, "geometry": {"type": "Polygon", "coordinates": [[[-96.80665, 32.78336], [-96.806247, 32.78367], [-96.805843, 32.783302], [-96.806247, 32.782977], [-96.80665, 32.78336]]]}}, {"type": "Feature", "properties": {"k": "area", "s": "asphalt"}, "geometry": {"type": "Polygon", "coordinates": [[[-96.785046, 32.785087], [-96.785031, 32.785034], [-96.784815, 32.78487], [-96.783859, 32.785072], [-96.783934, 32.785322], [-96.785046, 32.785087]]]}}, {"type": "Feature", "properties": {"k": "area", "s": "asphalt", "name": "Lot 43"}, "geometry": {"type": "Polygon", "coordinates": [[[-96.775916, 32.789253], [-96.775578, 32.788961], [-96.77517, 32.789294], [-96.775228, 32.789345], [-96.775188, 32.789378], [-96.775458, 32.789611], [-96.775498, 32.789579], [-96.775555, 32.789628], [-96.775912, 32.789336], [-96.775864, 32.789295], [-96.775916, 32.789253]]]}}, {"type": "Feature", "properties": {"k": "area", "s": "asphalt"}, "geometry": {"type": "Polygon", "coordinates": [[[-96.786711, 32.790663], [-96.786418, 32.790429], [-96.785996, 32.790801], [-96.785856, 32.790925], [-96.786148, 32.791159], [-96.786711, 32.790663]]]}}, {"type": "Feature", "properties": {"k": "area", "s": "dirt"}, "geometry": {"type": "Polygon", "coordinates": [[[-96.805976, 32.796682], [-96.80625, 32.796918], [-96.806854, 32.796426], [-96.806565, 32.7962], [-96.806426, 32.796311], [-96.805976, 32.796682]]]}}, {"type": "Feature", "properties": {"k": "area", "s": "asphalt"}, "geometry": {"type": "Polygon", "coordinates": [[[-96.798727, 32.769727], [-96.799294, 32.769186], [-96.799573, 32.769393], [-96.798988, 32.769952], [-96.798899, 32.769886], [-96.798783, 32.7698], [-96.798801, 32.769782], [-96.798727, 32.769727]]]}}, {"type": "Feature", "properties": {"k": "area", "s": "asphalt"}, "geometry": {"type": "Polygon", "coordinates": [[[-96.789351, 32.788461], [-96.789652, 32.788201], [-96.78911, 32.787758], [-96.78881, 32.788018], [-96.789351, 32.788461]]]}}, {"type": "Feature", "properties": {"k": "area", "s": "asphalt"}, "geometry": {"type": "Polygon", "coordinates": [[[-96.792106, 32.775749], [-96.792282, 32.775596], [-96.791703, 32.775099], [-96.791445, 32.775312], [-96.791571, 32.775423], [-96.791566, 32.775448], [-96.791774, 32.77563], [-96.79179, 32.77563], [-96.791859, 32.775694], [-96.791812, 32.775732], [-96.791915, 32.775816], [-96.791965, 32.775777], [-96.792019, 32.775822], [-96.792106, 32.775749]]]}}, {"type": "Feature", "properties": {"k": "area", "s": "asphalt"}, "geometry": {"type": "Polygon", "coordinates": [[[-96.790238, 32.782322], [-96.790196, 32.782182], [-96.790186, 32.782122], [-96.790217, 32.782116], [-96.790137, 32.781886], [-96.789979, 32.78192], [-96.789856, 32.782006], [-96.789368, 32.782344], [-96.789398, 32.78242], [-96.79015, 32.782381], [-96.790238, 32.782322]]]}}, {"type": "Feature", "properties": {"k": "area", "s": "asphalt"}, "geometry": {"type": "Polygon", "coordinates": [[[-96.778297, 32.791424], [-96.777951, 32.791717], [-96.778123, 32.791861], [-96.778145, 32.791879], [-96.777913, 32.792075], [-96.777534, 32.791758], [-96.777634, 32.791673], [-96.77767, 32.791643], [-96.77817, 32.79122], [-96.778301, 32.79133], [-96.778243, 32.791379], [-96.778297, 32.791424]]]}}, {"type": "Feature", "properties": {"k": "area", "s": "asphalt"}, "geometry": {"type": "Polygon", "coordinates": [[[-96.804425, 32.777298], [-96.803809, 32.777428], [-96.803964, 32.777947], [-96.80433, 32.777868], [-96.804251, 32.777601], [-96.804498, 32.777549], [-96.804425, 32.777298]]]}}, {"type": "Feature", "properties": {"k": "area", "s": "asphalt"}, "geometry": {"type": "Polygon", "coordinates": [[[-96.807828, 32.800298], [-96.807622, 32.80012], [-96.807601, 32.800137], [-96.807527, 32.800074], [-96.807493, 32.800102], [-96.807346, 32.800222], [-96.807171, 32.800364], [-96.807032, 32.800478], [-96.806992, 32.800511], [-96.807035, 32.800548], [-96.806985, 32.800589], [-96.8072, 32.800775], [-96.807754, 32.800354], [-96.807828, 32.800298]]]}}, {"type": "Feature", "properties": {"k": "area", "s": "grass"}, "geometry": {"type": "Polygon", "coordinates": [[[-96.803382, 32.777171], [-96.803262, 32.777145], [-96.803093, 32.777107], [-96.802857, 32.777023], [-96.802602, 32.776894], [-96.802377, 32.776821], [-96.802379, 32.776786], [-96.802685, 32.776771], [-96.803272, 32.776702], [-96.803333, 32.776739], [-96.803431, 32.777133], [-96.803425, 32.777155], [-96.803382, 32.777171]]]}}, {"type": "Feature", "properties": {"k": "area", "s": "asphalt"}, "geometry": {"type": "Polygon", "coordinates": [[[-96.80166, 32.781844], [-96.801748, 32.781824], [-96.802003, 32.781765], [-96.802048, 32.781755], [-96.802231, 32.78232], [-96.801892, 32.78256], [-96.80166, 32.781844]]]}}, {"type": "Feature", "properties": {"k": "area", "s": "asphalt"}, "geometry": {"type": "Polygon", "coordinates": [[[-96.779187, 32.773071], [-96.778651, 32.77337], [-96.778616, 32.772674], [-96.778736, 32.772497], [-96.779187, 32.773071]]]}}, {"type": "Feature", "properties": {"k": "area", "s": "asphalt"}, "geometry": {"type": "Polygon", "coordinates": [[[-96.809632, 32.781549], [-96.809537, 32.781233], [-96.808748, 32.781399], [-96.808849, 32.781718], [-96.809632, 32.781549]]]}}, {"type": "Feature", "properties": {"k": "area", "s": "grass"}, "geometry": {"type": "Polygon", "coordinates": [[[-96.790828, 32.770637], [-96.790548, 32.770362], [-96.790035, 32.770747], [-96.790404, 32.771062], [-96.790463, 32.770984], [-96.790828, 32.770637]]]}}, {"type": "Feature", "properties": {"k": "area", "s": "grass", "name": "Liberty Street Garden"}, "geometry": {"type": "Polygon", "coordinates": [[[-96.785804, 32.789269], [-96.785607, 32.789429], [-96.785188, 32.789081], [-96.785698, 32.788719], [-96.785789, 32.788725], [-96.785974, 32.788899], [-96.785665, 32.789153], [-96.785804, 32.789269]]]}}, {"type": "Feature", "properties": {"k": "area", "s": "grass"}, "geometry": {"type": "Polygon", "coordinates": [[[-96.793776, 32.783829], [-96.793735, 32.78384], [-96.793676, 32.783835], [-96.793558, 32.783803], [-96.793399, 32.783801], [-96.793231, 32.783833], [-96.793119, 32.783868], [-96.793009, 32.783942], [-96.792925, 32.78404], [-96.79291, 32.784113], [-96.792851, 32.784095], [-96.792827, 32.784001], [-96.792789, 32.783955], [-96.792737, 32.783861], [-96.792723, 32.783807], [-96.792743, 32.783761], [-96.792776, 32.783723], [-96.792817, 32.783689], [-96.793501, 32.783543], [-96.79355, 32.783549], [-96.793655, 32.783639], [-96.793763, 32.78373], [-96.793819, 32.78379], [-96.793776, 32.783829]]]}}, {"type": "Feature", "properties": {"k": "area", "s": "grass", "name": "The Loop Plaza"}, "geometry": {"type": "Polygon", "coordinates": [[[-96.812085, 32.793665], [-96.811925, 32.793767], [-96.812859, 32.794808], [-96.813019, 32.794707], [-96.812085, 32.793665]]]}}, {"type": "Feature", "properties": {"k": "area", "s": "asphalt", "name": "Lot 36"}, "geometry": {"type": "Polygon", "coordinates": [[[-96.776348, 32.792482], [-96.776295, 32.792436], [-96.776264, 32.792461], [-96.77596, 32.792197], [-96.776004, 32.792161], [-96.775951, 32.792114], [-96.776307, 32.791826], [-96.77633, 32.791846], [-96.77642, 32.791925], [-96.776407, 32.791936], [-96.776678, 32.792172], [-96.776653, 32.792192], [-96.776678, 32.792214], [-96.776348, 32.792482]]]}}, {"type": "Feature", "properties": {"k": "area", "s": "asphalt"}, "geometry": {"type": "Polygon", "coordinates": [[[-96.792261, 32.801668], [-96.792248, 32.801679], [-96.792192, 32.801631], [-96.791678, 32.802058], [-96.7917, 32.802077], [-96.791638, 32.802129], [-96.791631, 32.802135], [-96.791865, 32.802333], [-96.791872, 32.80234], [-96.792469, 32.801844], [-96.792394, 32.80178], [-96.792261, 32.801668]]]}}, {"type": "Feature", "properties": {"k": "area", "s": "asphalt"}, "geometry": {"type": "Polygon", "coordinates": [[[-96.812711, 32.7975], [-96.811627, 32.796592], [-96.811485, 32.796712], [-96.812569, 32.79762], [-96.812711, 32.7975]]]}}, {"type": "Feature", "properties": {"k": "area", "s": "gravel"}, "geometry": {"type": "Polygon", "coordinates": [[[-96.812289, 32.779569], [-96.812277, 32.779605], [-96.813221, 32.779457], [-96.813193, 32.779394], [-96.813182, 32.779353], [-96.813143, 32.779156], [-96.812321, 32.779332], [-96.81229, 32.779343], [-96.812287, 32.779439], [-96.81228, 32.779476], [-96.812286, 32.779536], [-96.812289, 32.779569]]]}}, {"type": "Feature", "properties": {"k": "area", "s": "asphalt"}, "geometry": {"type": "Polygon", "coordinates": [[[-96.802409, 32.793814], [-96.802666, 32.792985], [-96.802157, 32.792551], [-96.802016, 32.792668], [-96.802462, 32.793048], [-96.802237, 32.793776], [-96.802409, 32.793814]]]}}, {"type": "Feature", "properties": {"k": "area", "s": "asphalt"}, "geometry": {"type": "Polygon", "coordinates": [[[-96.821169, 32.800164], [-96.820744, 32.799919], [-96.820793, 32.799849], [-96.820978, 32.799581], [-96.821036, 32.799502], [-96.821487, 32.79977], [-96.821169, 32.800164]]]}}, {"type": "Feature", "properties": {"k": "area", "s": "asphalt"}, "geometry": {"type": "Polygon", "coordinates": [[[-96.787951, 32.767716], [-96.788421, 32.767318], [-96.788062, 32.766967], [-96.787586, 32.767356], [-96.787686, 32.767445], [-96.787705, 32.767438], [-96.787774, 32.767387], [-96.787754, 32.767368], [-96.787787, 32.767343], [-96.787806, 32.767361], [-96.787913, 32.767281], [-96.788047, 32.767408], [-96.787839, 32.767565], [-96.787825, 32.767591], [-96.787951, 32.767716]]]}}, {"type": "Feature", "properties": {"k": "area", "s": "asphalt"}, "geometry": {"type": "Polygon", "coordinates": [[[-96.790259, 32.785073], [-96.789985, 32.784839], [-96.789944, 32.784804], [-96.789584, 32.78477], [-96.789673, 32.785257], [-96.789852, 32.78541], [-96.790259, 32.785073]]]}}, {"type": "Feature", "properties": {"k": "area", "s": "asphalt"}, "geometry": {"type": "Polygon", "coordinates": [[[-96.80385, 32.784446], [-96.803448, 32.784083], [-96.803073, 32.784376], [-96.803475, 32.78474], [-96.80385, 32.784446]]]}}, {"type": "Feature", "properties": {"k": "area", "s": "asphalt"}, "geometry": {"type": "Polygon", "coordinates": [[[-96.810745, 32.798634], [-96.810534, 32.798741], [-96.810308, 32.798854], [-96.810582, 32.799239], [-96.810689, 32.799185], [-96.810705, 32.799207], [-96.810761, 32.799179], [-96.810745, 32.799157], [-96.810827, 32.799116], [-96.81104, 32.799008], [-96.810924, 32.798845], [-96.810966, 32.798824], [-96.810808, 32.798603], [-96.810745, 32.798634]]]}}, {"type": "Feature", "properties": {"k": "area", "s": "asphalt"}, "geometry": {"type": "Polygon", "coordinates": [[[-96.794733, 32.787991], [-96.794424, 32.787731], [-96.794361, 32.787673], [-96.794723, 32.787372], [-96.794751, 32.787395], [-96.79474, 32.787403], [-96.79514, 32.787738], [-96.794782, 32.788033], [-96.794733, 32.787991]]]}}, {"type": "Feature", "properties": {"k": "area", "s": "asphalt"}, "geometry": {"type": "Polygon", "coordinates": [[[-96.796966, 32.769691], [-96.797113, 32.769793], [-96.796667, 32.77025], [-96.796374, 32.770049], [-96.796358, 32.770037], [-96.796409, 32.769984], [-96.796861, 32.769521], [-96.796937, 32.769573], [-96.797023, 32.769632], [-96.796966, 32.769691]]]}}, {"type": "Feature", "properties": {"k": "area", "s": "asphalt"}, "geometry": {"type": "Polygon", "coordinates": [[[-96.799744, 32.778223], [-96.799619, 32.777817], [-96.799036, 32.777944], [-96.799161, 32.77835], [-96.799744, 32.778223]]]}}, {"type": "Feature", "properties": {"k": "area", "s": "asphalt"}, "geometry": {"type": "Polygon", "coordinates": [[[-96.799339, 32.783972], [-96.79909, 32.783755], [-96.799446, 32.783463], [-96.799571, 32.78336], [-96.799662, 32.783284], [-96.799695, 32.783257], [-96.799935, 32.783472], [-96.799339, 32.783972]]]}}, {"type": "Feature", "properties": {"k": "area", "s": "asphalt"}, "geometry": {"type": "Polygon", "coordinates": [[[-96.797306, 32.779446], [-96.797161, 32.778957], [-96.796705, 32.779046], [-96.796795, 32.779544], [-96.796955, 32.779516], [-96.797306, 32.779446]]]}}, {"type": "Feature", "properties": {"k": "area", "s": "asphalt"}, "geometry": {"type": "Polygon", "coordinates": [[[-96.790687, 32.791226], [-96.790665, 32.791207], [-96.790647, 32.791193], [-96.7904, 32.790988], [-96.790383, 32.790973], [-96.790298, 32.790903], [-96.790264, 32.790875], [-96.790205, 32.790826], [-96.790513, 32.790565], [-96.790975, 32.790948], [-96.790994, 32.790964], [-96.790867, 32.791072], [-96.79085, 32.791087], [-96.790687, 32.791226]]]}}, {"type": "Feature", "properties": {"k": "area", "s": "asphalt"}, "geometry": {"type": "Polygon", "coordinates": [[[-96.808628, 32.792047], [-96.809221, 32.791674], [-96.808982, 32.791406], [-96.80839, 32.791779], [-96.808581, 32.791994], [-96.808628, 32.792047]]]}}, {"type": "Feature", "properties": {"k": "area", "s": "asphalt"}, "geometry": {"type": "Polygon", "coordinates": [[[-96.785383, 32.78578], [-96.785411, 32.785803], [-96.785442, 32.785828], [-96.785651, 32.785999], [-96.785678, 32.786022], [-96.785886, 32.786201], [-96.785903, 32.786215], [-96.78577, 32.786324], [-96.785748, 32.786343], [-96.785621, 32.78645], [-96.785556, 32.786399], [-96.785531, 32.786378], [-96.785333, 32.786211], [-96.785311, 32.786193], [-96.785093, 32.786021], [-96.78513, 32.785998], [-96.785318, 32.785837], [-96.785383, 32.78578]]]}}, {"type": "Feature", "properties": {"k": "area", "s": "grass"}, "geometry": {"type": "Polygon", "coordinates": [[[-96.774238, 32.769331], [-96.773827, 32.768995], [-96.77347, 32.769302], [-96.773881, 32.769639], [-96.774238, 32.769331]]]}}, {"type": "Feature", "properties": {"k": "area", "s": "asphalt"}, "geometry": {"type": "Polygon", "coordinates": [[[-96.807074, 32.780453], [-96.806944, 32.780031], [-96.806836, 32.780053], [-96.806808, 32.779959], [-96.806452, 32.780033], [-96.806613, 32.780554], [-96.807074, 32.780453]]]}}, {"type": "Feature", "properties": {"k": "area", "s": "asphalt"}, "geometry": {"type": "Polygon", "coordinates": [[[-96.778409, 32.781295], [-96.778105, 32.781082], [-96.778574, 32.780609], [-96.778658, 32.780671], [-96.778799, 32.780777], [-96.778878, 32.780834], [-96.778409, 32.781295]]]}}, {"type": "Feature", "properties": {"k": "area", "s": "asphalt"}, "geometry": {"type": "Polygon", "coordinates": [[[-96.790694, 32.789071], [-96.790518, 32.789215], [-96.789977, 32.788748], [-96.790032, 32.788703], [-96.790152, 32.788604], [-96.790185, 32.788578], [-96.790244, 32.78853], [-96.790785, 32.788997], [-96.790694, 32.789071]]]}}, {"type": "Feature", "properties": {"k": "area", "s": "asphalt"}, "geometry": {"type": "Polygon", "coordinates": [[[-96.811831, 32.788269], [-96.811114, 32.788404], [-96.811087, 32.788314], [-96.811022, 32.788089], [-96.811533, 32.787985], [-96.811703, 32.78795], [-96.811737, 32.787943], [-96.811831, 32.788269]]]}}, {"type": "Feature", "properties": {"k": "area", "s": "asphalt"}, "geometry": {"type": "Polygon", "coordinates": [[[-96.78195, 32.797526], [-96.781597, 32.797218], [-96.781189, 32.797548], [-96.781542, 32.797856], [-96.78195, 32.797526]]]}}, {"type": "Feature", "properties": {"k": "area", "s": "asphalt"}, "geometry": {"type": "Polygon", "coordinates": [[[-96.801602, 32.777101], [-96.801569, 32.777097], [-96.80158, 32.777045], [-96.801615, 32.77705], [-96.801619, 32.777029], [-96.801715, 32.777043], [-96.802023, 32.777087], [-96.802005, 32.777178], [-96.802057, 32.777185], [-96.802048, 32.777227], [-96.801997, 32.777219], [-96.801908, 32.777654], [-96.801501, 32.777595], [-96.801602, 32.777101]]]}}, {"type": "Feature", "properties": {"k": "area", "s": "asphalt"}, "geometry": {"type": "Polygon", "coordinates": [[[-96.78372, 32.792328], [-96.783595, 32.792221], [-96.784033, 32.791859], [-96.784167, 32.791974], [-96.784471, 32.791722], [-96.784665, 32.791887], [-96.784214, 32.792259], [-96.784013, 32.792086], [-96.78372, 32.792328]]]}}, {"type": "Feature", "properties": {"k": "area", "s": "asphalt"}, "geometry": {"type": "Polygon", "coordinates": [[[-96.79469, 32.783945], [-96.794482, 32.783762], [-96.794266, 32.783936], [-96.794185, 32.783858], [-96.79416, 32.783751], [-96.794414, 32.78353], [-96.794534, 32.783641], [-96.794631, 32.783566], [-96.794669, 32.783601], [-96.794845, 32.783477], [-96.795123, 32.783659], [-96.794886, 32.783864], [-96.794841, 32.783826], [-96.794765, 32.783881], [-96.794736, 32.783901], [-96.79469, 32.783945]]]}}, {"type": "Feature", "properties": {"k": "area", "s": "grass", "name": "Celebration of Life Park"}, "geometry": {"type": "Polygon", "coordinates": [[[-96.795732, 32.786261], [-96.795357, 32.785947], [-96.79573, 32.78563], [-96.796112, 32.785948], [-96.795732, 32.786261]]]}}, {"type": "Feature", "properties": {"k": "area", "s": "asphalt"}, "geometry": {"type": "Polygon", "coordinates": [[[-96.785177, 32.800127], [-96.785142, 32.800098], [-96.784939, 32.79993], [-96.785002, 32.799876], [-96.784944, 32.799828], [-96.785368, 32.799467], [-96.78537, 32.799468], [-96.785664, 32.799712], [-96.785314, 32.800011], [-96.785177, 32.800127]]]}}, {"type": "Feature", "properties": {"k": "area", "s": "grass"}, "geometry": {"type": "Polygon", "coordinates": [[[-96.797496, 32.795454], [-96.797105, 32.795782], [-96.7971, 32.795777], [-96.796895, 32.79595], [-96.796664, 32.795755], [-96.797168, 32.795332], [-96.79726, 32.795255], [-96.797286, 32.795277], [-96.797496, 32.795454]]]}}, {"type": "Feature", "properties": {"k": "area", "s": "grass"}, "geometry": {"type": "Polygon", "coordinates": [[[-96.780076, 32.794102], [-96.780006, 32.794159], [-96.779933, 32.794096], [-96.779757, 32.794244], [-96.779724, 32.794216], [-96.77931, 32.794575], [-96.779141, 32.794403], [-96.779793, 32.793833], [-96.780076, 32.794102]]]}}, {"type": "Feature", "properties": {"k": "area", "s": "asphalt"}, "geometry": {"type": "Polygon", "coordinates": [[[-96.786596, 32.78343], [-96.786674, 32.783698], [-96.787499, 32.783513], [-96.787421, 32.783248], [-96.786596, 32.78343]]]}}, {"type": "Feature", "properties": {"k": "area", "s": "asphalt"}, "geometry": {"type": "Polygon", "coordinates": [[[-96.792913, 32.765672], [-96.793203, 32.76539], [-96.792755, 32.765057], [-96.792433, 32.765352], [-96.792913, 32.765672]]]}}, {"type": "Feature", "properties": {"k": "area", "s": "asphalt"}, "geometry": {"type": "Polygon", "coordinates": [[[-96.795187, 32.773043], [-96.794759, 32.772617], [-96.79434, 32.772878], [-96.794626, 32.773137], [-96.795187, 32.773043]]]}}, {"type": "Feature", "properties": {"k": "area", "s": "dirt"}, "geometry": {"type": "Polygon", "coordinates": [[[-96.792729, 32.77758], [-96.792241, 32.777166], [-96.791917, 32.777444], [-96.792203, 32.777729], [-96.792729, 32.77758]]]}}, {"type": "Feature", "properties": {"k": "area", "s": "grass", "name": "Walford Park"}, "geometry": {"type": "Polygon", "coordinates": [[[-96.784616, 32.800702], [-96.784239, 32.800376], [-96.783878, 32.800674], [-96.784259, 32.800998], [-96.784445, 32.80084], [-96.784616, 32.800702]]]}}, {"type": "Feature", "properties": {"k": "area", "s": "asphalt"}, "geometry": {"type": "Polygon", "coordinates": [[[-96.777687, 32.797102], [-96.777231, 32.796711], [-96.777528, 32.796466], [-96.777984, 32.796857], [-96.777687, 32.797102]]]}}, {"type": "Feature", "properties": {"k": "area", "s": "dirt"}, "geometry": {"type": "Polygon", "coordinates": [[[-96.821566, 32.790472], [-96.821196, 32.790663], [-96.820872, 32.79022], [-96.821242, 32.790029], [-96.821566, 32.790472]]]}}, {"type": "Feature", "properties": {"k": "area", "s": "concrete"}, "geometry": {"type": "Polygon", "coordinates": [[[-96.787262, 32.788475], [-96.787129, 32.78836], [-96.786889, 32.788555], [-96.786861, 32.788577], [-96.786788, 32.7885], [-96.786527, 32.788692], [-96.786488, 32.788657], [-96.786313, 32.78881], [-96.786591, 32.789034], [-96.786963, 32.788719], [-96.786921, 32.788688], [-96.786981, 32.788635], [-96.787019, 32.788663], [-96.787262, 32.788475]]]}}, {"type": "Feature", "properties": {"k": "area", "s": "asphalt"}, "geometry": {"type": "Polygon", "coordinates": [[[-96.792471, 32.775764], [-96.793032, 32.776252], [-96.792819, 32.776426], [-96.792528, 32.776172], [-96.792466, 32.776222], [-96.792262, 32.776044], [-96.792309, 32.776006], [-96.792243, 32.775949], [-96.792471, 32.775764]]]}}, {"type": "Feature", "properties": {"k": "area", "s": "grass"}, "geometry": {"type": "Polygon", "coordinates": [[[-96.793463, 32.773392], [-96.79302, 32.773443], [-96.792206, 32.773487], [-96.792472, 32.773731], [-96.793166, 32.773632], [-96.793463, 32.773392]]]}}, {"type": "Feature", "properties": {"k": "area", "s": "asphalt"}, "geometry": {"type": "Polygon", "coordinates": [[[-96.80351, 32.800057], [-96.803389, 32.799952], [-96.804036, 32.799427], [-96.804513, 32.799843], [-96.804284, 32.800029], [-96.804183, 32.799941], [-96.804291, 32.799854], [-96.804036, 32.799632], [-96.80351, 32.800057]]]}}, {"type": "Feature", "properties": {"k": "area", "s": "asphalt"}, "geometry": {"type": "Polygon", "coordinates": [[[-96.801454, 32.78661], [-96.801417, 32.786578], [-96.801386, 32.786552], [-96.801433, 32.786512], [-96.801465, 32.78654], [-96.801566, 32.786625], [-96.801806, 32.786425], [-96.80212, 32.786693], [-96.802128, 32.786861], [-96.802139, 32.786938], [-96.802146, 32.786957], [-96.802112, 32.786987], [-96.802083, 32.787012], [-96.802007, 32.787078], [-96.801454, 32.78661]]]}}, {"type": "Feature", "properties": {"k": "area", "s": "asphalt", "name": "333 N. Houston St. - Holocaust and Human Rights Museum Garage"}, "geometry": {"type": "Polygon", "coordinates": [[[-96.80864, 32.780958], [-96.808564, 32.780703], [-96.80854, 32.780622], [-96.809009, 32.780528], [-96.809239, 32.780596], [-96.809302, 32.780815], [-96.80864, 32.780958]]]}}, {"type": "Feature", "properties": {"k": "area", "s": "asphalt"}, "geometry": {"type": "Polygon", "coordinates": [[[-96.790627, 32.797016], [-96.790356, 32.796783], [-96.790261, 32.796861], [-96.790269, 32.796868], [-96.789997, 32.797092], [-96.789976, 32.797109], [-96.789865, 32.797201], [-96.790129, 32.797427], [-96.790627, 32.797016]]]}}, {"type": "Feature", "properties": {"k": "area", "s": "grass"}, "geometry": {"type": "Polygon", "coordinates": [[[-96.785275, 32.775075], [-96.78414, 32.774397], [-96.783855, 32.774198], [-96.783838, 32.774226], [-96.784221, 32.774533], [-96.785077, 32.775153], [-96.78538, 32.775346], [-96.78553, 32.775254], [-96.785275, 32.775075]]]}}, {"type": "Feature", "properties": {"k": "area", "s": "asphalt"}, "geometry": {"type": "Polygon", "coordinates": [[[-96.808717, 32.78273], [-96.80823, 32.782826], [-96.808384, 32.78332], [-96.808779, 32.783169], [-96.808717, 32.78273]]]}}, {"type": "Feature", "properties": {"k": "area", "s": "asphalt", "name": "Lot 41"}, "geometry": {"type": "Polygon", "coordinates": [[[-96.776656, 32.789592], [-96.777017, 32.789308], [-96.776659, 32.788986], [-96.776298, 32.789271], [-96.776656, 32.789592]]]}}, {"type": "Feature", "properties": {"k": "area", "s": "water"}, "geometry": {"type": "Polygon", "coordinates": [[[-96.79765, 32.776636], [-96.797604, 32.776651], [-96.797561, 32.776673], [-96.797523, 32.776701], [-96.797492, 32.776734], [-96.797468, 32.776771], [-96.797452, 32.776811], [-96.797445, 32.776853], [-96.797446, 32.776895], [-96.797456, 32.776936], [-96.797474, 32.776976], [-96.7975, 32.777012], [-96.797534, 32.777043], [-96.797573, 32.77707], [-96.797617, 32.77709], [-96.797665, 32.777103], [-96.797714, 32.777109], [-96.797764, 32.777108], [-96.797814, 32.7771], [-96.79786, 32.777084], [-96.797903, 32.777062], [-96.797941, 32.777034], [-96.797972, 32.777001], [-96.797996, 32.776964], [-96.798012, 32.776924], [-96.798019, 32.776883], [-96.798018, 32.77684], [-96.798008, 32.776799], [-96.797989, 32.77676], [-96.797963, 32.776724], [-96.79793, 32.776692], [-96.797891, 32.776666], [-96.797847, 32.776646], [-96.797799, 32.776632], [-96.79775, 32.776626], [-96.797699, 32.776627], [-96.79765, 32.776636]]]}}, {"type": "Feature", "properties": {"k": "area", "s": "grass", "name": "Skyfall Park"}, "geometry": {"type": "Polygon", "coordinates": [[[-96.819426, 32.787599], [-96.819195, 32.787284], [-96.818695, 32.787543], [-96.818926, 32.787858], [-96.819426, 32.787599]]]}}, {"type": "Feature", "properties": {"k": "area", "s": "asphalt", "name": "Parking Lot 38"}, "geometry": {"type": "Polygon", "coordinates": [[[-96.774628, 32.788617], [-96.774937, 32.78836], [-96.774522, 32.788008], [-96.774214, 32.788265], [-96.774628, 32.788617]]]}}, {"type": "Feature", "properties": {"k": "area", "s": "asphalt"}, "geometry": {"type": "Polygon", "coordinates": [[[-96.817614, 32.782285], [-96.817029, 32.782402], [-96.816953, 32.782134], [-96.816931, 32.782056], [-96.817516, 32.781939], [-96.817614, 32.782285]]]}}, {"type": "Feature", "properties": {"k": "area", "s": "asphalt"}, "geometry": {"type": "Polygon", "coordinates": [[[-96.791027, 32.76579], [-96.790686, 32.766048], [-96.790905, 32.766252], [-96.791003, 32.766178], [-96.791211, 32.766373], [-96.791454, 32.766189], [-96.791027, 32.76579]]]}}, {"type": "Feature", "properties": {"k": "area", "s": "asphalt"}, "geometry": {"type": "Polygon", "coordinates": [[[-96.788621, 32.78353], [-96.787614, 32.783348], [-96.787574, 32.783221], [-96.787747, 32.783182], [-96.788779, 32.783375], [-96.788744, 32.783507], [-96.788621, 32.78353]]]}}, {"type": "Feature", "properties": {"k": "area", "s": "asphalt"}, "geometry": {"type": "Polygon", "coordinates": [[[-96.786466, 32.785152], [-96.786525, 32.785152], [-96.786552, 32.785151], [-96.786604, 32.785164], [-96.786723, 32.785264], [-96.786748, 32.785284], [-96.786855, 32.785373], [-96.786874, 32.78539], [-96.78674, 32.785504], [-96.786715, 32.785525], [-96.786582, 32.785638], [-96.786574, 32.785631], [-96.786351, 32.785445], [-96.786341, 32.785436], [-96.786331, 32.785428], [-96.786111, 32.785244], [-96.786086, 32.785224], [-96.786069, 32.785209], [-96.786146, 32.785144], [-96.786222, 32.78508], [-96.786386, 32.785223], [-96.786466, 32.785152]]]}}, {"type": "Feature", "properties": {"k": "area", "s": "asphalt", "name": "Lot 13"}, "geometry": {"type": "Polygon", "coordinates": [[[-96.776928, 32.79018], [-96.776579, 32.789879], [-96.776222, 32.790171], [-96.776571, 32.790472], [-96.776743, 32.790331], [-96.776803, 32.790282], [-96.776928, 32.79018]]]}}, {"type": "Feature", "properties": {"k": "area", "s": "asphalt"}, "geometry": {"type": "Polygon", "coordinates": [[[-96.779608, 32.787918], [-96.779529, 32.787883], [-96.779448, 32.787851], [-96.779376, 32.787827], [-96.779304, 32.787806], [-96.779379, 32.787555], [-96.778931, 32.787488], [-96.778977, 32.78731], [-96.779321, 32.787349], [-96.779416, 32.787391], [-96.779366, 32.787452], [-96.779448, 32.787525], [-96.779529, 32.787475], [-96.779781, 32.787699], [-96.779608, 32.787918]]]}}, {"type": "Feature", "properties": {"k": "area", "s": "asphalt"}, "geometry": {"type": "Polygon", "coordinates": [[[-96.777661, 32.78961], [-96.777902, 32.789404], [-96.777452, 32.78903], [-96.777168, 32.789272], [-96.777524, 32.789568], [-96.777567, 32.789531], [-96.777661, 32.78961]]]}}, {"type": "Feature", "properties": {"k": "area", "s": "asphalt"}, "geometry": {"type": "Polygon", "coordinates": [[[-96.788345, 32.766804], [-96.788638, 32.766565], [-96.788266, 32.766208], [-96.78807, 32.76632], [-96.787931, 32.766427], [-96.788345, 32.766804]]]}}, {"type": "Feature", "properties": {"k": "area", "s": "grass", "name": "Katy Trail Greenbelt"}, "geometry": {"type": "Polygon", "coordinates": [[[-96.809437, 32.799917], [-96.808871, 32.800372], [-96.808683, 32.80049], [-96.808824, 32.800609], [-96.809636, 32.800123], [-96.809437, 32.799917]]]}}, {"type": "Feature", "properties": {"k": "area", "s": "grass", "name": "Betty Marcus Park"}, "geometry": {"type": "Polygon", "coordinates": [[[-96.799233, 32.789678], [-96.798781, 32.789161], [-96.798459, 32.789428], [-96.798453, 32.789451], [-96.79859, 32.789559], [-96.798684, 32.789559], [-96.798796, 32.789595], [-96.798873, 32.789638], [-96.798882, 32.789696], [-96.799114, 32.789761], [-96.799233, 32.789678]]]}}, {"type": "Feature", "properties": {"k": "area", "s": "asphalt"}, "geometry": {"type": "Polygon", "coordinates": [[[-96.78197, 32.791145], [-96.781998, 32.791122], [-96.782337, 32.79084], [-96.782497, 32.790976], [-96.782673, 32.791126], [-96.782336, 32.791405], [-96.782306, 32.79143], [-96.782224, 32.791361], [-96.782061, 32.791223], [-96.78197, 32.791145]]]}}, {"type": "Feature", "properties": {"k": "area", "s": "dirt"}, "geometry": {"type": "Polygon", "coordinates": [[[-96.787, 32.769169], [-96.786692, 32.768922], [-96.786285, 32.769248], [-96.786645, 32.76951], [-96.786747, 32.769405], [-96.787, 32.769169]]]}}, {"type": "Feature", "properties": {"k": "area", "s": "asphalt"}, "geometry": {"type": "Polygon", "coordinates": [[[-96.782353, 32.784798], [-96.782334, 32.784751], [-96.782086, 32.784301], [-96.78172, 32.784373], [-96.781795, 32.784643], [-96.781928, 32.784613], [-96.782005, 32.784882], [-96.782307, 32.784828], [-96.782342, 32.784818], [-96.782353, 32.784798]]]}}, {"type": "Feature", "properties": {"k": "area", "s": "asphalt"}, "geometry": {"type": "Polygon", "coordinates": [[[-96.781236, 32.801697], [-96.781041, 32.801528], [-96.781671, 32.801014], [-96.781752, 32.801085], [-96.781866, 32.801182], [-96.781843, 32.801201], [-96.781236, 32.801697]]]}}, {"type": "Feature", "properties": {"k": "area", "s": "gravel"}, "geometry": {"type": "Polygon", "coordinates": [[[-96.773527, 32.785827], [-96.774205, 32.785997], [-96.774742, 32.786144], [-96.775257, 32.786285], [-96.77516, 32.786361], [-96.773495, 32.785951], [-96.773527, 32.785827]]]}}, {"type": "Feature", "properties": {"k": "area", "s": "asphalt"}, "geometry": {"type": "Polygon", "coordinates": [[[-96.777852, 32.792087], [-96.777485, 32.791764], [-96.777068, 32.792098], [-96.777306, 32.792308], [-96.777545, 32.792116], [-96.777674, 32.79223], [-96.777852, 32.792087]]]}}, {"type": "Feature", "properties": {"k": "area", "s": "asphalt"}, "geometry": {"type": "Polygon", "coordinates": [[[-96.806192, 32.781977], [-96.805918, 32.781726], [-96.805698, 32.781777], [-96.80548, 32.781946], [-96.805824, 32.782261], [-96.806192, 32.781977]]]}}, {"type": "Feature", "properties": {"k": "area", "s": "gravel"}, "geometry": {"type": "Polygon", "coordinates": [[[-96.774037, 32.772594], [-96.773943, 32.772486], [-96.774621, 32.771834], [-96.77496, 32.771493], [-96.775062, 32.771606], [-96.774037, 32.772594]]]}}, {"type": "Feature", "properties": {"k": "area", "s": "asphalt"}, "geometry": {"type": "Polygon", "coordinates": [[[-96.792488, 32.772901], [-96.792911, 32.772538], [-96.792334, 32.772023], [-96.792235, 32.772099], [-96.792638, 32.772465], [-96.792302, 32.772736], [-96.792488, 32.772901]]]}}, {"type": "Feature", "properties": {"k": "area", "s": "asphalt"}, "geometry": {"type": "Polygon", "coordinates": [[[-96.805104, 32.778716], [-96.805265, 32.77925], [-96.805578, 32.779183], [-96.805498, 32.778918], [-96.805576, 32.778902], [-96.805495, 32.778633], [-96.805104, 32.778716]]]}}, {"type": "Feature", "properties": {"k": "area", "s": "grass"}, "geometry": {"type": "Polygon", "coordinates": [[[-96.806655, 32.796186], [-96.80662, 32.796156], [-96.806565, 32.7962], [-96.806426, 32.796311], [-96.806374, 32.796265], [-96.806489, 32.796174], [-96.806203, 32.795921], [-96.806514, 32.795673], [-96.806886, 32.796002], [-96.806655, 32.796186]]]}}, {"type": "Feature", "properties": {"k": "area", "s": "asphalt"}, "geometry": {"type": "Polygon", "coordinates": [[[-96.797203, 32.771178], [-96.797317, 32.770989], [-96.79683, 32.770704], [-96.796428, 32.770967], [-96.796834, 32.771059], [-96.797203, 32.771178]]]}}, {"type": "Feature", "properties": {"k": "area", "s": "asphalt"}, "geometry": {"type": "Polygon", "coordinates": [[[-96.78449, 32.78856], [-96.784571, 32.788642], [-96.784661, 32.788581], [-96.784687, 32.788608], [-96.784768, 32.788552], [-96.784743, 32.788526], [-96.784887, 32.788427], [-96.784949, 32.788491], [-96.78506, 32.788415], [-96.785096, 32.78841], [-96.785127, 32.788419], [-96.785168, 32.788461], [-96.785535, 32.788216], [-96.785475, 32.788152], [-96.78541, 32.788083], [-96.785285, 32.788165], [-96.785179, 32.788064], [-96.784869, 32.788279], [-96.784924, 32.78833], [-96.784858, 32.788375], [-96.7848, 32.788416], [-96.784759, 32.788375], [-96.78449, 32.78856]]]}}, {"type": "Feature", "properties": {"k": "area", "s": "asphalt"}, "geometry": {"type": "Polygon", "coordinates": [[[-96.783057, 32.782134], [-96.783249, 32.782094], [-96.7833, 32.782084], [-96.783346, 32.782074], [-96.783509, 32.782041], [-96.783661, 32.782009], [-96.783571, 32.781701], [-96.783561, 32.781703], [-96.782967, 32.781825], [-96.782981, 32.781874], [-96.783042, 32.782081], [-96.783057, 32.782134]]]}}, {"type": "Feature", "properties": {"k": "area", "s": "asphalt"}, "geometry": {"type": "Polygon", "coordinates": [[[-96.778109, 32.782569], [-96.777759, 32.782338], [-96.777306, 32.78281], [-96.77739, 32.782849], [-96.77753, 32.782716], [-96.777822, 32.782863], [-96.778109, 32.782569]]]}}, {"type": "Feature", "properties": {"k": "area", "s": "asphalt", "name": "Dallas World Aquarium Prepaid Parking Lot"}, "geometry": {"type": "Polygon", "coordinates": [[[-96.805516, 32.783945], [-96.8057, 32.783745], [-96.805906, 32.783519], [-96.806176, 32.783778], [-96.805734, 32.784158], [-96.805516, 32.783945]]]}}, {"type": "Feature", "properties": {"k": "area", "s": "asphalt"}, "geometry": {"type": "Polygon", "coordinates": [[[-96.777602, 32.771684], [-96.777426, 32.771487], [-96.777407, 32.771498], [-96.777047, 32.771715], [-96.776958, 32.77161], [-96.777634, 32.771203], [-96.777886, 32.771497], [-96.777824, 32.771534], [-96.777768, 32.771592], [-96.777602, 32.771684]]]}}, {"type": "Feature", "properties": {"k": "area", "s": "asphalt"}, "geometry": {"type": "Polygon", "coordinates": [[[-96.786352, 32.783744], [-96.785614, 32.783896], [-96.785541, 32.783647], [-96.785583, 32.783638], [-96.78604, 32.783544], [-96.78628, 32.783495], [-96.786332, 32.783674], [-96.786352, 32.783744]]]}}, {"type": "Feature", "properties": {"k": "area", "s": "asphalt"}, "geometry": {"type": "Polygon", "coordinates": [[[-96.801555, 32.800626], [-96.80165, 32.800547], [-96.801816, 32.800408], [-96.801954, 32.800292], [-96.801969, 32.800279], [-96.801688, 32.800044], [-96.801623, 32.800099], [-96.801275, 32.80039], [-96.801344, 32.800448], [-96.801555, 32.800626]]]}}, {"type": "Feature", "properties": {"k": "area", "s": "gravel"}, "geometry": {"type": "Polygon", "coordinates": [[[-96.781024, 32.769394], [-96.780896, 32.769225], [-96.780404, 32.769961], [-96.780565, 32.770153], [-96.781024, 32.769394]]]}}, {"type": "Feature", "properties": {"k": "area", "s": "asphalt", "name": "Perot Museum Lot A"}, "geometry": {"type": "Polygon", "coordinates": [[[-96.807016, 32.785933], [-96.80692, 32.786005], [-96.806938, 32.786026], [-96.806876, 32.786071], [-96.80694, 32.78614], [-96.806897, 32.786171], [-96.807388, 32.786628], [-96.807582, 32.786444], [-96.807016, 32.785933]]]}}, {"type": "Feature", "properties": {"k": "area", "s": "asphalt"}, "geometry": {"type": "Polygon", "coordinates": [[[-96.778813, 32.793176], [-96.778875, 32.79323], [-96.778844, 32.793256], [-96.779014, 32.793402], [-96.779396, 32.793088], [-96.779046, 32.792787], [-96.778808, 32.792983], [-96.778925, 32.793084], [-96.778813, 32.793176]]]}}, {"type": "Feature", "properties": {"k": "area", "s": "asphalt"}, "geometry": {"type": "Polygon", "coordinates": [[[-96.799211, 32.782109], [-96.799053, 32.78159], [-96.799387, 32.781518], [-96.79947, 32.781791], [-96.799551, 32.782059], [-96.79932, 32.782108], [-96.799285, 32.782116], [-96.799217, 32.782131], [-96.799211, 32.782109]]]}}, {"type": "Feature", "properties": {"k": "area", "s": "asphalt"}, "geometry": {"type": "Polygon", "coordinates": [[[-96.806246, 32.781438], [-96.806089, 32.780904], [-96.805749, 32.780975], [-96.805907, 32.781508], [-96.806246, 32.781438]]]}}, {"type": "Feature", "properties": {"k": "area", "s": "asphalt"}, "geometry": {"type": "Polygon", "coordinates": [[[-96.799224, 32.798809], [-96.799292, 32.798753], [-96.799404, 32.79885], [-96.79947, 32.798907], [-96.799633, 32.799048], [-96.799673, 32.799083], [-96.799679, 32.799089], [-96.799515, 32.799222], [-96.799454, 32.799273], [-96.799386, 32.799328], [-96.798999, 32.798993], [-96.799064, 32.79894], [-96.799224, 32.798809]]]}}, {"type": "Feature", "properties": {"k": "area", "s": "asphalt"}, "geometry": {"type": "Polygon", "coordinates": [[[-96.801036, 32.778657], [-96.800892, 32.77815], [-96.800537, 32.778222], [-96.800682, 32.778729], [-96.801036, 32.778657]]]}}, {"type": "Feature", "properties": {"k": "area", "s": "asphalt"}, "geometry": {"type": "Polygon", "coordinates": [[[-96.793026, 32.777019], [-96.792761, 32.776776], [-96.792336, 32.777105], [-96.792601, 32.777347], [-96.793026, 32.777019]]]}}, {"type": "Feature", "properties": {"k": "area", "s": "asphalt"}, "geometry": {"type": "Polygon", "coordinates": [[[-96.820512, 32.798018], [-96.82067, 32.797935], [-96.820824, 32.797854], [-96.820752, 32.797758], [-96.820781, 32.797743], [-96.820739, 32.797686], [-96.820593, 32.797491], [-96.820574, 32.797466], [-96.820545, 32.797481], [-96.820531, 32.797463], [-96.82051, 32.797474], [-96.820491, 32.797449], [-96.820253, 32.797575], [-96.820291, 32.797626], [-96.820239, 32.797653], [-96.820253, 32.797672], [-96.82039, 32.797856], [-96.820512, 32.798018]]]}}, {"type": "Feature", "properties": {"k": "area", "s": "dirt"}, "geometry": {"type": "Polygon", "coordinates": [[[-96.79128, 32.787143], [-96.790818, 32.787548], [-96.791106, 32.78779], [-96.791333, 32.787605], [-96.791348, 32.787143], [-96.79128, 32.787143]]]}}, {"type": "Feature", "properties": {"k": "area", "s": "asphalt", "name": "Platinum Park"}, "geometry": {"type": "Polygon", "coordinates": [[[-96.781567, 32.78888], [-96.781943, 32.788562], [-96.781667, 32.788331], [-96.781267, 32.788658], [-96.781507, 32.788873], [-96.781539, 32.788886], [-96.781567, 32.78888]]]}}, {"type": "Feature", "properties": {"k": "area", "s": "asphalt", "name": "SkyHouse Parking"}, "geometry": {"type": "Polygon", "coordinates": [[[-96.8082, 32.785491], [-96.808001, 32.785308], [-96.807976, 32.785327], [-96.807929, 32.785284], [-96.807769, 32.785137], [-96.807756, 32.785125], [-96.807573, 32.785267], [-96.807505, 32.78532], [-96.807924, 32.785704], [-96.807948, 32.785685], [-96.8082, 32.785491]]]}}, {"type": "Feature", "properties": {"k": "area", "s": "asphalt"}, "geometry": {"type": "Polygon", "coordinates": [[[-96.782099, 32.789391], [-96.782387, 32.789167], [-96.782161, 32.788962], [-96.782088, 32.789019], [-96.781878, 32.788829], [-96.781663, 32.788996], [-96.782099, 32.789391]]]}}, {"type": "Feature", "properties": {"k": "area", "s": "paving"}, "geometry": {"type": "Polygon", "coordinates": [[[-96.809547, 32.789787], [-96.809497, 32.789727], [-96.809384, 32.789591], [-96.809121, 32.789277], [-96.809158, 32.789253], [-96.809128, 32.789216], [-96.80909, 32.789241], [-96.809068, 32.789212], [-96.809149, 32.789165], [-96.809273, 32.789092], [-96.809297, 32.789121], [-96.809252, 32.789147], [-96.809278, 32.789179], [-96.809323, 32.789152], [-96.809581, 32.789471], [-96.809741, 32.78967], [-96.809704, 32.789694], [-96.809742, 32.78974], [-96.809801, 32.789705], [-96.809827, 32.789734], [-96.809708, 32.789806], [-96.809609, 32.789864], [-96.809585, 32.789833], [-96.809626, 32.789809], [-96.809587, 32.789763], [-96.809547, 32.789787]]]}}, {"type": "Feature", "properties": {"k": "area", "s": "grass"}, "geometry": {"type": "Polygon", "coordinates": [[[-96.794572, 32.795887], [-96.794355, 32.795704], [-96.79435, 32.795692], [-96.79435, 32.795687], [-96.794381, 32.795647], [-96.794348, 32.795631], [-96.794579, 32.795333], [-96.794599, 32.795315], [-96.794615, 32.79531], [-96.794652, 32.795321], [-96.794953, 32.795569], [-96.794572, 32.795887]]]}}, {"type": "Feature", "properties": {"k": "area", "s": "asphalt"}, "geometry": {"type": "Polygon", "coordinates": [[[-96.793425, 32.775933], [-96.793207, 32.776117], [-96.792676, 32.775655], [-96.792869, 32.775498], [-96.793102, 32.7757], [-96.793126, 32.77568], [-96.793425, 32.775933]]]}}, {"type": "Feature", "properties": {"k": "area", "s": "grass"}, "geometry": {"type": "Polygon", "coordinates": [[[-96.805261, 32.785723], [-96.805178, 32.785732], [-96.805096, 32.785734], [-96.805013, 32.785727], [-96.804933, 32.785711], [-96.804856, 32.785688], [-96.804782, 32.785657], [-96.804714, 32.785619], [-96.804605, 32.785516], [-96.80451, 32.785399], [-96.804521, 32.785355], [-96.804533, 32.785294], [-96.804575, 32.785242], [-96.804623, 32.785219], [-96.804686, 32.785221], [-96.804756, 32.785256], [-96.804931, 32.785411], [-96.805245, 32.785705], [-96.805261, 32.785723]]]}}, {"type": "Feature", "properties": {"k": "area", "s": "grass"}, "geometry": {"type": "Polygon", "coordinates": [[[-96.80007, 32.771087], [-96.799982, 32.771153], [-96.799873, 32.771203], [-96.799781, 32.771227], [-96.799701, 32.771242], [-96.799598, 32.771209], [-96.799491, 32.771141], [-96.799432, 32.77104], [-96.799424, 32.770941], [-96.799467, 32.770839], [-96.799545, 32.770758], [-96.79959, 32.770758], [-96.80007, 32.771087]]]}}, {"type": "Feature", "properties": {"k": "area", "s": "asphalt"}, "geometry": {"type": "Polygon", "coordinates": [[[-96.780574, 32.782188], [-96.780082, 32.782285], [-96.779983, 32.781931], [-96.780475, 32.781834], [-96.780574, 32.782188]]]}}, {"type": "Feature", "properties": {"k": "area", "s": "asphalt"}, "geometry": {"type": "Polygon", "coordinates": [[[-96.787777, 32.788853], [-96.787709, 32.788793], [-96.787664, 32.788833], [-96.787583, 32.788765], [-96.787624, 32.788729], [-96.787539, 32.788656], [-96.787088, 32.788961], [-96.787372, 32.789232], [-96.787777, 32.788853]]]}}, {"type": "Feature", "properties": {"k": "area", "s": "asphalt"}, "geometry": {"type": "Polygon", "coordinates": [[[-96.805721, 32.792307], [-96.805735, 32.792296], [-96.80539, 32.791956], [-96.805477, 32.791888], [-96.805499, 32.791869], [-96.805582, 32.791799], [-96.805634, 32.791756], [-96.805963, 32.792035], [-96.806054, 32.792112], [-96.805925, 32.79222], [-96.805771, 32.79235], [-96.805721, 32.792307]]]}}, {"type": "Feature", "properties": {"k": "area", "s": "asphalt"}, "geometry": {"type": "Polygon", "coordinates": [[[-96.798442, 32.78478], [-96.798081, 32.785077], [-96.798059, 32.785057], [-96.798022, 32.785087], [-96.797792, 32.784889], [-96.797983, 32.784732], [-96.798223, 32.784535], [-96.798458, 32.784737], [-96.798424, 32.784764], [-96.798442, 32.78478]]]}}, {"type": "Feature", "properties": {"k": "area", "s": "asphalt"}, "geometry": {"type": "Polygon", "coordinates": [[[-96.78446, 32.76799], [-96.783952, 32.767648], [-96.784187, 32.767447], [-96.784695, 32.767802], [-96.78446, 32.76799]]]}}, {"type": "Feature", "properties": {"k": "area", "s": "asphalt"}, "geometry": {"type": "Polygon", "coordinates": [[[-96.793752, 32.77566], [-96.793604, 32.775535], [-96.79347, 32.775647], [-96.793079, 32.775317], [-96.792956, 32.77542], [-96.793188, 32.775616], [-96.793119, 32.775674], [-96.793126, 32.77568], [-96.793425, 32.775933], [-96.793752, 32.77566]]]}}, {"type": "Feature", "properties": {"k": "area", "s": "grass"}, "geometry": {"type": "Polygon", "coordinates": [[[-96.80253, 32.78841], [-96.802528, 32.788427], [-96.802522, 32.788486], [-96.802517, 32.788507], [-96.802505, 32.788561], [-96.802481, 32.788634], [-96.802449, 32.788705], [-96.80241, 32.788773], [-96.802361, 32.788843], [-96.802306, 32.788908], [-96.802243, 32.788969], [-96.801985, 32.789191], [-96.8018, 32.78904], [-96.801861, 32.788987], [-96.80253, 32.78841]]]}}, {"type": "Feature", "properties": {"k": "area", "s": "asphalt"}, "geometry": {"type": "Polygon", "coordinates": [[[-96.803426, 32.784019], [-96.803168, 32.783783], [-96.802753, 32.784134], [-96.803013, 32.784342], [-96.803426, 32.784019]]]}}, {"type": "Feature", "properties": {"k": "area", "s": "asphalt"}, "geometry": {"type": "Polygon", "coordinates": [[[-96.785798, 32.78801], [-96.786185, 32.787759], [-96.786193, 32.787742], [-96.786175, 32.787719], [-96.786198, 32.787583], [-96.786216, 32.78756], [-96.78623, 32.787554], [-96.786238, 32.787555], [-96.786266, 32.787586], [-96.786409, 32.787493], [-96.78625, 32.787345], [-96.785728, 32.787725], [-96.785854, 32.787862], [-96.785807, 32.787893], [-96.785771, 32.787853], [-96.785697, 32.7879], [-96.785798, 32.78801]]]}}, {"type": "Feature", "properties": {"k": "area", "s": "grass", "name": "Pegasus Plaza"}, "geometry": {"type": "Polygon", "coordinates": [[[-96.79885, 32.780655], [-96.799442, 32.780526], [-96.799356, 32.780236], [-96.798841, 32.780348], [-96.79882, 32.780551], [-96.79885, 32.780655]]]}}, {"type": "Feature", "properties": {"k": "area", "s": "asphalt"}, "geometry": {"type": "Polygon", "coordinates": [[[-96.805877, 32.79896], [-96.806218, 32.798673], [-96.806523, 32.798929], [-96.806181, 32.799216], [-96.805877, 32.79896]]]}}, {"type": "Feature", "properties": {"k": "area", "s": "asphalt"}, "geometry": {"type": "Polygon", "coordinates": [[[-96.795609, 32.794652], [-96.795696, 32.794748], [-96.795691, 32.794751], [-96.795815, 32.794886], [-96.795824, 32.794879], [-96.795846, 32.794899], [-96.795911, 32.794858], [-96.796273, 32.794627], [-96.796045, 32.794375], [-96.795609, 32.794652]]]}}, {"type": "Feature", "properties": {"k": "area", "s": "grass"}, "geometry": {"type": "Polygon", "coordinates": [[[-96.800886, 32.770282], [-96.800584, 32.770565], [-96.800457, 32.770629], [-96.800384, 32.770571], [-96.800139, 32.770849], [-96.800301, 32.770966], [-96.801044, 32.770381], [-96.800886, 32.770282]]]}}, {"type": "Feature", "properties": {"k": "area", "s": "asphalt"}, "geometry": {"type": "Polygon", "coordinates": [[[-96.797617, 32.798713], [-96.797637, 32.79873], [-96.797692, 32.798777], [-96.797338, 32.79907], [-96.796982, 32.798765], [-96.797251, 32.798543], [-96.797447, 32.798711], [-96.797457, 32.798703], [-96.797541, 32.798775], [-96.797617, 32.798713]]]}}, {"type": "Feature", "properties": {"k": "area", "s": "asphalt"}, "geometry": {"type": "Polygon", "coordinates": [[[-96.795369, 32.777698], [-96.795495, 32.778048], [-96.795043, 32.778163], [-96.794918, 32.777811], [-96.795369, 32.777698]]]}}, {"type": "Feature", "properties": {"k": "area", "s": "asphalt"}, "geometry": {"type": "Polygon", "coordinates": [[[-96.781663, 32.781979], [-96.781556, 32.781633], [-96.781577, 32.78161], [-96.782028, 32.781522], [-96.782101, 32.781795], [-96.782023, 32.78181], [-96.782047, 32.7819], [-96.781663, 32.781979]]]}}, {"type": "Feature", "properties": {"k": "area", "s": "grass"}, "geometry": {"type": "Polygon", "coordinates": [[[-96.816274, 32.803902], [-96.816304, 32.804004], [-96.81635, 32.803995], [-96.816352, 32.804002], [-96.816486, 32.803974], [-96.816484, 32.803968], [-96.816529, 32.803958], [-96.816502, 32.803868], [-96.816507, 32.803867], [-96.8165, 32.803843], [-96.816508, 32.803841], [-96.816476, 32.803733], [-96.816468, 32.803734], [-96.816462, 32.803715], [-96.816459, 32.803716], [-96.81644, 32.80365], [-96.816434, 32.803631], [-96.816415, 32.803565], [-96.816327, 32.80326], [-96.816309, 32.803264], [-96.816309, 32.803258], [-96.816309, 32.803254], [-96.816309, 32.803252], [-96.816308, 32.803249], [-96.816308, 32.803247], [-96.816308, 32.803245], [-96.816307, 32.803243], [-96.816307, 32.803241], [-96.816307, 32.803239], [-96.816306, 32.803236], [-96.816306, 32.803235], [-96.816306, 32.803234], [-96.816306, 32.803233], [-96.816305, 32.803231], [-96.816305, 32.80323], [-96.816305, 32.803229], [-96.816304, 32.803227], [-96.816304, 32.803226], [-96.816303, 32.803224], [-96.816303, 32.803223], [-96.816303, 32.803222], [-96.816302, 32.80322], [-96.816302, 32.803219], [-96.816301, 32.803217], [-96.8163, 32.803216], [-96.8163, 32.803214], [-96.816299, 32.803213], [-96.816299, 32.803211], [-96.816298, 32.803209], [-96.816297, 32.803207], [-96.816296, 32.803206], [-96.816295, 32.803204], [-96.816294, 32.803202], [-96.816294, 32.803201], [-96.816293, 32.8032], [-96.816292, 32.803199], [-96.816291, 32.803197], [-96.81629, 32.803195], [-96.816289, 32.803193], [-96.816289, 32.803192], [-96.816288, 32.803191], [-96.816287, 32.803189], [-96.816285, 32.803188], [-96.816285, 32.803187], [-96.816285, 32.803187], [-96.816284, 32.803186], [-96.816283, 32.803185], [-96.816283, 32.803184], [-96.816283, 32.803184], [-96.816282, 32.803183], [-96.816282, 32.803183], [-96.816281, 32.803182], [-96.816281, 32.803182], [-96.816279, 32.803179], [-96.816275, 32.803174], [-96.816291, 32.803126], [-96.816082, 32.803075], [-96.816065, 32.803124], [-96.816052, 32.803129], [-96.81605, 32.80313], [-96.816048, 32.803131], [-96.816047, 32.803131], [-96.816045, 32.803132], [-96.816043, 32.803133], [-96.816042, 32.803134], [-96.81604, 32.803135], [-96.816038, 32.803136], [-96.816037, 32.803137], [-96.816035, 32.803137], [-96.816033, 32.803138], [-96.816032, 32.803139], [-96.81603, 32.80314], [-96.816029, 32.803141], [-96.816027, 32.803142], [-96.816025, 32.803143], [-96.816024, 32.803144], [-96.816022, 32.803145], [-96.816021, 32.803146], [-96.816019, 32.803147], [-96.816018, 32.803148], [-96.816016, 32.803149], [-96.816015, 32.80315], [-96.816013, 32.803151], [-96.816012, 32.803152], [-96.816011, 32.803153], [-96.816009, 32.803155], [-96.816008, 32.803156], [-96.816006, 32.803157], [-96.816005, 32.803158], [-96.816004, 32.803159], [-96.816002, 32.80316], [-96.816001, 32.803162], [-96.816, 32.803163], [-96.815998, 32.803164], [-96.815997, 32.803165], [-96.815996, 32.803167], [-96.815995, 32.803168], [-96.815994, 32.803169], [-96.815992, 32.80317], [-96.815991, 32.803172], [-96.81599, 32.803173], [-96.815989, 32.803174], [-96.815988, 32.803176], [-96.815986, 32.803177], [-96.815985, 32.803178], [-96.815984, 32.80318], [-96.815983, 32.803181], [-96.815981, 32.803184], [-96.81598, 32.803185], [-96.815968, 32.803174], [-96.81579, 32.803322], [-96.815793, 32.803324], [-96.815787, 32.803329], [-96.81579, 32.803332], [-96.815758, 32.803358], [-96.815672, 32.803291], [-96.815708, 32.803265], [-96.816066, 32.802996], [-96.816122, 32.802976], [-96.816182, 32.802972], [-96.816242, 32.802984], [-96.816293, 32.803012], [-96.81633, 32.803053], [-96.81635, 32.803101], [-96.8165, 32.803646], [-96.816763, 32.804504], [-96.816732, 32.80451], [-96.816675, 32.804302], [-96.816671, 32.804303], [-96.816656, 32.804254], [-96.816625, 32.804261], [-96.816583, 32.804119], [-96.816541, 32.803982], [-96.816168, 32.804061], [-96.816161, 32.804039], [-96.816223, 32.804025], [-96.816178, 32.803866], [-96.81621, 32.803859], [-96.816226, 32.803912], [-96.816274, 32.803902]]]}}, {"type": "Feature", "properties": {"k": "area", "s": "asphalt"}, "geometry": {"type": "Polygon", "coordinates": [[[-96.783518, 32.785397], [-96.783487, 32.785295], [-96.783364, 32.785321], [-96.783319, 32.785169], [-96.782731, 32.785291], [-96.782806, 32.785545], [-96.783518, 32.785397]]]}}, {"type": "Feature", "properties": {"k": "area", "s": "grass"}, "geometry": {"type": "Polygon", "coordinates": [[[-96.793198, 32.772304], [-96.792758, 32.771919], [-96.792832, 32.771859], [-96.792647, 32.771698], [-96.792432, 32.771871], [-96.793056, 32.772418], [-96.793198, 32.772304]]]}}, {"type": "Feature", "properties": {"k": "area", "s": "grass"}, "geometry": {"type": "Polygon", "coordinates": [[[-96.783814, 32.787648], [-96.783829, 32.787535], [-96.783776, 32.78738], [-96.783693, 32.787248], [-96.783594, 32.787177], [-96.783215, 32.787538], [-96.783488, 32.787622], [-96.783643, 32.787648], [-96.783761, 32.787662], [-96.783814, 32.787648]]]}}, {"type": "Feature", "properties": {"k": "area", "s": "grass"}, "geometry": {"type": "Polygon", "coordinates": [[[-96.79818, 32.781543], [-96.798085, 32.781226], [-96.79802, 32.781015], [-96.798325, 32.780952], [-96.798484, 32.781479], [-96.79818, 32.781543]]]}}, {"type": "Feature", "properties": {"k": "area", "s": "asphalt"}, "geometry": {"type": "Polygon", "coordinates": [[[-96.793207, 32.778298], [-96.793042, 32.778337], [-96.792906, 32.777928], [-96.792632, 32.778161], [-96.792924, 32.778403], [-96.79289, 32.778432], [-96.79298, 32.778506], [-96.792966, 32.778518], [-96.792993, 32.778603], [-96.793286, 32.778535], [-96.793207, 32.778298]]]}}, {"type": "Feature", "properties": {"k": "area", "s": "asphalt"}, "geometry": {"type": "Polygon", "coordinates": [[[-96.802016, 32.802188], [-96.80182, 32.8021], [-96.802014, 32.801804], [-96.801763, 32.801692], [-96.801791, 32.80165], [-96.801745, 32.801461], [-96.801872, 32.801486], [-96.802172, 32.801735], [-96.802227, 32.801795], [-96.802266, 32.801831], [-96.802016, 32.802188]]]}}, {"type": "Feature", "properties": {"k": "area", "s": "asphalt"}, "geometry": {"type": "Polygon", "coordinates": [[[-96.783029, 32.794491], [-96.782776, 32.794272], [-96.782379, 32.794595], [-96.782631, 32.794814], [-96.783029, 32.794491]]]}}, {"type": "Feature", "properties": {"k": "area", "s": "asphalt"}, "geometry": {"type": "Polygon", "coordinates": [[[-96.793205, 32.781801], [-96.792863, 32.781875], [-96.79279, 32.781639], [-96.792844, 32.781629], [-96.792828, 32.781575], [-96.792859, 32.78157], [-96.792841, 32.781502], [-96.792786, 32.781512], [-96.792742, 32.781346], [-96.79304, 32.781282], [-96.793093, 32.781498], [-96.793053, 32.781506], [-96.793069, 32.781565], [-96.793133, 32.781555], [-96.793205, 32.781801]]]}}, {"type": "Feature", "properties": {"k": "area", "s": "asphalt"}, "geometry": {"type": "Polygon", "coordinates": [[[-96.80046, 32.781069], [-96.800387, 32.780809], [-96.800486, 32.780789], [-96.800745, 32.780734], [-96.800853, 32.780711], [-96.800993, 32.780681], [-96.801007, 32.780726], [-96.801071, 32.780941], [-96.800675, 32.781025], [-96.80046, 32.781069]]]}}, {"type": "Feature", "properties": {"k": "area", "s": "asphalt"}, "geometry": {"type": "Polygon", "coordinates": [[[-96.797672, 32.798012], [-96.797852, 32.798166], [-96.798034, 32.798321], [-96.798308, 32.798094], [-96.798231, 32.798029], [-96.797945, 32.797785], [-96.797742, 32.797953], [-96.797672, 32.798012]]]}}, {"type": "Feature", "properties": {"k": "area", "s": "asphalt"}, "geometry": {"type": "Polygon", "coordinates": [[[-96.797112, 32.79426], [-96.797389, 32.794033], [-96.797323, 32.793976], [-96.797183, 32.793855], [-96.797054, 32.793743], [-96.797035, 32.793727], [-96.796757, 32.793954], [-96.79679, 32.793983], [-96.797112, 32.79426]]]}}, {"type": "Feature", "properties": {"k": "area", "s": "asphalt"}, "geometry": {"type": "Polygon", "coordinates": [[[-96.796705, 32.786156], [-96.796337, 32.785846], [-96.796643, 32.785698], [-96.796694, 32.785739], [-96.796726, 32.785714], [-96.79694, 32.785895], [-96.796908, 32.785921], [-96.796999, 32.785993], [-96.796791, 32.78617], [-96.796742, 32.786124], [-96.796705, 32.786156]]]}}, {"type": "Feature", "properties": {"k": "area", "s": "asphalt"}, "geometry": {"type": "Polygon", "coordinates": [[[-96.801155, 32.802351], [-96.801264, 32.802402], [-96.801409, 32.802468], [-96.801268, 32.802687], [-96.801202, 32.802715], [-96.801177, 32.802703], [-96.801225, 32.802629], [-96.801203, 32.802619], [-96.801185, 32.80261], [-96.801137, 32.802684], [-96.801094, 32.802665], [-96.800812, 32.8031], [-96.800453, 32.802935], [-96.800777, 32.802927], [-96.801128, 32.802391], [-96.801155, 32.802351]]]}}, {"type": "Feature", "properties": {"k": "area", "s": "asphalt"}, "geometry": {"type": "Polygon", "coordinates": [[[-96.795595, 32.796015], [-96.795317, 32.79578], [-96.79567, 32.795485], [-96.795949, 32.79572], [-96.795595, 32.796015]]]}}, {"type": "Feature", "properties": {"k": "area", "s": "asphalt"}, "geometry": {"type": "Polygon", "coordinates": [[[-96.775183, 32.796462], [-96.774808, 32.796752], [-96.774669, 32.796859], [-96.774865, 32.797039], [-96.775372, 32.796623], [-96.775183, 32.796462]]]}}, {"type": "Feature", "properties": {"k": "area", "s": "asphalt"}, "geometry": {"type": "Polygon", "coordinates": [[[-96.800796, 32.797491], [-96.800618, 32.797348], [-96.800909, 32.797092], [-96.801133, 32.797271], [-96.801059, 32.797336], [-96.801012, 32.797298], [-96.800858, 32.797434], [-96.801303, 32.797596], [-96.801256, 32.797743], [-96.800879, 32.797616], [-96.800901, 32.79757], [-96.800796, 32.797491]]]}}, {"type": "Feature", "properties": {"k": "area", "s": "asphalt"}, "geometry": {"type": "Polygon", "coordinates": [[[-96.802051, 32.79819], [-96.801785, 32.79813], [-96.801673, 32.798478], [-96.801567, 32.798454], [-96.80148, 32.798723], [-96.801648, 32.798761], [-96.801711, 32.798566], [-96.801915, 32.798612], [-96.802051, 32.79819]]]}}, {"type": "Feature", "properties": {"k": "area", "s": "grass"}, "geometry": {"type": "Polygon", "coordinates": [[[-96.8194, 32.799432], [-96.819425, 32.799398], [-96.819444, 32.799371], [-96.819446, 32.799341], [-96.819432, 32.799319], [-96.819368, 32.799282], [-96.818994, 32.79908], [-96.818904, 32.799042], [-96.818823, 32.799027], [-96.818723, 32.799027], [-96.818672, 32.799036], [-96.818583, 32.799061], [-96.818586, 32.799072], [-96.818527, 32.799101], [-96.818472, 32.79914], [-96.818437, 32.79917], [-96.818366, 32.79926], [-96.818302, 32.799331], [-96.818232, 32.799415], [-96.818188, 32.799477], [-96.818272, 32.799524], [-96.81837, 32.799575], [-96.818395, 32.799547], [-96.818305, 32.799484], [-96.818507, 32.799239], [-96.818543, 32.799208], [-96.818585, 32.799181], [-96.818653, 32.799153], [-96.818713, 32.79914], [-96.818776, 32.79914], [-96.818829, 32.799157], [-96.818964, 32.799232], [-96.818993, 32.799197], [-96.8194, 32.799432]]]}}, {"type": "Feature", "properties": {"k": "area", "s": "asphalt"}, "geometry": {"type": "Polygon", "coordinates": [[[-96.778275, 32.785068], [-96.777999, 32.785127], [-96.778167, 32.78568], [-96.778443, 32.785621], [-96.778275, 32.785068]]]}}, {"type": "Feature", "properties": {"k": "area", "s": "paving"}, "geometry": {"type": "Polygon", "coordinates": [[[-96.799229, 32.787272], [-96.79884, 32.787607], [-96.79889, 32.787648], [-96.798913, 32.787667], [-96.798952, 32.7877], [-96.798963, 32.787732], [-96.799001, 32.787741], [-96.799011, 32.787773], [-96.799049, 32.787781], [-96.799059, 32.787813], [-96.799098, 32.787822], [-96.799108, 32.787854], [-96.799146, 32.787863], [-96.799185, 32.787896], [-96.799152, 32.787924], [-96.799131, 32.787942], [-96.799087, 32.787932], [-96.799079, 32.787906], [-96.799034, 32.787896], [-96.799023, 32.787864], [-96.798989, 32.787856], [-96.798975, 32.7878], [-96.79896, 32.787769], [-96.798856, 32.787733], [-96.79884, 32.7877], [-96.798808, 32.787689], [-96.798798, 32.787669], [-96.798725, 32.787643], [-96.798709, 32.787674], [-96.798624, 32.787744], [-96.798603, 32.787729], [-96.798556, 32.787693], [-96.798624, 32.78764], [-96.79866, 32.787651], [-96.798699, 32.787622], [-96.798658, 32.78761], [-96.798699, 32.787574], [-96.798744, 32.787584], [-96.798787, 32.787547], [-96.798742, 32.787537], [-96.79879, 32.787496], [-96.79884, 32.787506], [-96.798877, 32.787475], [-96.798854, 32.787457], [-96.799069, 32.78727], [-96.799095, 32.787292], [-96.79913, 32.787262], [-96.799119, 32.787229], [-96.799169, 32.787185], [-96.79918, 32.787218], [-96.799218, 32.787185], [-96.799207, 32.787153], [-96.799239, 32.787125], [-96.799294, 32.787171], [-96.799384, 32.787244], [-96.799376, 32.78725], [-96.799406, 32.787326], [-96.799482, 32.787347], [-96.799503, 32.7874], [-96.799583, 32.787424], [-96.799597, 32.787481], [-96.799688, 32.787507], [-96.79964, 32.787548], [-96.799538, 32.787633], [-96.799518, 32.787616], [-96.799578, 32.787565], [-96.799539, 32.787532], [-96.799529, 32.7875], [-96.79949, 32.787492], [-96.79948, 32.787459], [-96.799442, 32.787451], [-96.799432, 32.787419], [-96.799394, 32.78741], [-96.799383, 32.787378], [-96.799345, 32.787369], [-96.799337, 32.787363], [-96.799306, 32.787337], [-96.799229, 32.787272]]]}}, {"type": "Feature", "properties": {"k": "area", "s": "asphalt"}, "geometry": {"type": "Polygon", "coordinates": [[[-96.780992, 32.780473], [-96.780859, 32.780448], [-96.780596, 32.78068], [-96.780668, 32.780804], [-96.780757, 32.781132], [-96.780885, 32.781106], [-96.780876, 32.781076], [-96.780895, 32.781068], [-96.78082, 32.780804], [-96.780799, 32.780772], [-96.781128, 32.780711], [-96.780992, 32.780473]]]}}, {"type": "Feature", "properties": {"k": "area", "s": "grass"}, "geometry": {"type": "Polygon", "coordinates": [[[-96.797147, 32.788367], [-96.797155, 32.788364], [-96.797246, 32.78845], [-96.797474, 32.788266], [-96.797321, 32.788228], [-96.797338, 32.788175], [-96.797348, 32.788105], [-96.797303, 32.788055], [-96.797192, 32.787965], [-96.796982, 32.788108], [-96.796835, 32.788229], [-96.796822, 32.788374], [-96.796871, 32.788333], [-96.796927, 32.788313], [-96.796995, 32.788316], [-96.797057, 32.788346], [-96.797098, 32.788382], [-96.797134, 32.788357], [-96.797147, 32.788367]]]}}, {"type": "Feature", "properties": {"k": "area", "s": "grass", "name": "Anita Phelps Park"}, "geometry": {"type": "Polygon", "coordinates": [[[-96.805665, 32.792836], [-96.805673, 32.792827], [-96.805676, 32.792817], [-96.805666, 32.792805], [-96.805235, 32.792345], [-96.805216, 32.792329], [-96.8052, 32.792325], [-96.805193, 32.792335], [-96.805191, 32.792384], [-96.805179, 32.792679], [-96.805179, 32.792736], [-96.805184, 32.79286], [-96.80519, 32.792875], [-96.805199, 32.792888], [-96.805208, 32.792894], [-96.80523, 32.7929], [-96.805258, 32.792898], [-96.805542, 32.792866], [-96.805609, 32.792852], [-96.805646, 32.792842], [-96.805665, 32.792836]]]}}, {"type": "Feature", "properties": {"k": "area", "s": "asphalt"}, "geometry": {"type": "Polygon", "coordinates": [[[-96.790238, 32.78596], [-96.789858, 32.785646], [-96.789612, 32.785857], [-96.789992, 32.786171], [-96.790238, 32.78596]]]}}, {"type": "Feature", "properties": {"k": "area", "s": "grass"}, "geometry": {"type": "Polygon", "coordinates": [[[-96.791484, 32.789401], [-96.791503, 32.789403], [-96.791514, 32.789391], [-96.791489, 32.789117], [-96.791472, 32.78887], [-96.791484, 32.788749], [-96.791457, 32.788709], [-96.791442, 32.788698], [-96.791328, 32.788839], [-96.791055, 32.789136], [-96.790979, 32.789218], [-96.790939, 32.78926], [-96.791029, 32.789193], [-96.79108, 32.789165], [-96.79113, 32.789162], [-96.791184, 32.789181], [-96.791251, 32.789227], [-96.791356, 32.789321], [-96.791369, 32.789311], [-96.791484, 32.789401]]]}}, {"type": "Feature", "properties": {"k": "area", "s": "asphalt"}, "geometry": {"type": "Polygon", "coordinates": [[[-96.777749, 32.78562], [-96.77757, 32.785764], [-96.777498, 32.785699], [-96.777462, 32.785728], [-96.777107, 32.785417], [-96.777142, 32.785389], [-96.777076, 32.785331], [-96.777345, 32.785265], [-96.777749, 32.78562]]]}}, {"type": "Feature", "properties": {"k": "area", "s": "grass"}, "geometry": {"type": "Polygon", "coordinates": [[[-96.780509, 32.794709], [-96.780227, 32.794473], [-96.779899, 32.79475], [-96.78018, 32.794986], [-96.780509, 32.794709]]]}}, {"type": "Feature", "properties": {"k": "area", "s": "asphalt"}, "geometry": {"type": "Polygon", "coordinates": [[[-96.783604, 32.781694], [-96.78416, 32.781579], [-96.784089, 32.781535], [-96.783967, 32.781458], [-96.783654, 32.78126], [-96.783631, 32.781245], [-96.783487, 32.781273], [-96.783496, 32.781308], [-96.78357, 32.781579], [-96.783581, 32.781617], [-96.783604, 32.781694]]]}}, {"type": "Feature", "properties": {"k": "area", "s": "asphalt"}, "geometry": {"type": "Polygon", "coordinates": [[[-96.816105, 32.782598], [-96.816098, 32.782357], [-96.815454, 32.78237], [-96.815461, 32.782611], [-96.816105, 32.782598]]]}}, {"type": "Feature", "properties": {"k": "area", "s": "asphalt"}, "geometry": {"type": "Polygon", "coordinates": [[[-96.812061, 32.801881], [-96.812004, 32.801892], [-96.811986, 32.801825], [-96.812056, 32.801812], [-96.812127, 32.801806], [-96.812199, 32.801808], [-96.812269, 32.801816], [-96.812338, 32.801833], [-96.812404, 32.801856], [-96.812466, 32.801885], [-96.812521, 32.801914], [-96.812577, 32.801964], [-96.812623, 32.802012], [-96.812662, 32.802065], [-96.812692, 32.802121], [-96.812714, 32.80218], [-96.812727, 32.802241], [-96.81273, 32.802303], [-96.812724, 32.802365], [-96.812709, 32.802425], [-96.812543, 32.802399], [-96.812556, 32.802352], [-96.812561, 32.802303], [-96.812557, 32.802255], [-96.812545, 32.802207], [-96.812525, 32.802162], [-96.812497, 32.802119], [-96.812462, 32.80208], [-96.812421, 32.802046], [-96.812371, 32.802016], [-96.812317, 32.801993], [-96.812259, 32.801977], [-96.812199, 32.801968], [-96.812138, 32.801968], [-96.812077, 32.801975], [-96.812061, 32.801881]]]}}, {"type": "Feature", "properties": {"k": "area", "s": "grass"}, "geometry": {"type": "Polygon", "coordinates": [[[-96.803053, 32.778186], [-96.802885, 32.777626], [-96.802627, 32.77768], [-96.802796, 32.778241], [-96.803053, 32.778186]]]}}, {"type": "Feature", "properties": {"k": "area", "s": "asphalt"}, "geometry": {"type": "Polygon", "coordinates": [[[-96.796445, 32.798252], [-96.79665, 32.798081], [-96.796205, 32.797703], [-96.796, 32.797873], [-96.796135, 32.797988], [-96.796445, 32.798252]]]}}, {"type": "Feature", "properties": {"k": "area", "s": "asphalt"}, "geometry": {"type": "Polygon", "coordinates": [[[-96.801622, 32.777837], [-96.801557, 32.777607], [-96.801908, 32.777654], [-96.801997, 32.777219], [-96.802048, 32.777227], [-96.802079, 32.777231], [-96.802069, 32.777281], [-96.802088, 32.777276], [-96.802191, 32.77761], [-96.802163, 32.777617], [-96.802168, 32.777636], [-96.802108, 32.77765], [-96.802117, 32.777686], [-96.802017, 32.777734], [-96.801934, 32.777766], [-96.801891, 32.77778], [-96.801894, 32.77779], [-96.8017, 32.777831], [-96.801698, 32.777824], [-96.801622, 32.777837]]]}}, {"type": "Feature", "properties": {"k": "area", "s": "asphalt"}, "geometry": {"type": "Polygon", "coordinates": [[[-96.790723, 32.777636], [-96.790689, 32.777598], [-96.790653, 32.777578], [-96.790616, 32.777558], [-96.790585, 32.777518], [-96.789866, 32.777944], [-96.789987, 32.778087], [-96.790723, 32.777636]]]}}, {"type": "Feature", "properties": {"k": "area", "s": "asphalt"}, "geometry": {"type": "Polygon", "coordinates": [[[-96.796685, 32.779974], [-96.796622, 32.779751], [-96.79598, 32.779879], [-96.796043, 32.780102], [-96.796685, 32.779974]]]}}, {"type": "Feature", "properties": {"k": "area", "s": "asphalt"}, "geometry": {"type": "Polygon", "coordinates": [[[-96.781042, 32.785824], [-96.780895, 32.785298], [-96.780582, 32.785359], [-96.780693, 32.785754], [-96.780855, 32.785722], [-96.780892, 32.785854], [-96.781042, 32.785824]]]}}, {"type": "Feature", "properties": {"k": "area", "s": "asphalt"}, "geometry": {"type": "Polygon", "coordinates": [[[-96.779478, 32.784636], [-96.779395, 32.784333], [-96.778894, 32.784425], [-96.779049, 32.784724], [-96.779478, 32.784636]]]}}, {"type": "Feature", "properties": {"k": "area", "s": "asphalt"}, "geometry": {"type": "Polygon", "coordinates": [[[-96.797792, 32.784889], [-96.798022, 32.785087], [-96.797628, 32.78541], [-96.797508, 32.785305], [-96.797403, 32.785213], [-96.797704, 32.784964], [-96.797792, 32.784889]]]}}, {"type": "Feature", "properties": {"k": "area", "s": "grass"}, "geometry": {"type": "Polygon", "coordinates": [[[-96.786795, 32.7847], [-96.786637, 32.784447], [-96.786586, 32.784361], [-96.786503, 32.784388], [-96.785897, 32.78493], [-96.786117, 32.784815], [-96.786358, 32.784738], [-96.786597, 32.784708], [-96.786717, 32.784705], [-96.786795, 32.7847]]]}}, {"type": "Feature", "properties": {"k": "area", "s": "asphalt"}, "geometry": {"type": "Polygon", "coordinates": [[[-96.78074, 32.774794], [-96.780701, 32.774789], [-96.780595, 32.774856], [-96.780423, 32.774963], [-96.780707, 32.775287], [-96.781005, 32.775104], [-96.78074, 32.774794]]]}}, {"type": "Feature", "properties": {"k": "area", "s": "asphalt", "name": "40"}, "geometry": {"type": "Polygon", "coordinates": [[[-96.777432, 32.788976], [-96.777065, 32.788665], [-96.776876, 32.788822], [-96.77697, 32.788902], [-96.776899, 32.788962], [-96.777171, 32.789193], [-96.777432, 32.788976]]]}}, {"type": "Feature", "properties": {"k": "area", "s": "grass"}, "geometry": {"type": "Polygon", "coordinates": [[[-96.779914, 32.77824], [-96.779445, 32.778526], [-96.779644, 32.778757], [-96.779777, 32.778676], [-96.779885, 32.778648], [-96.779955, 32.778601], [-96.77999, 32.778522], [-96.779959, 32.778415], [-96.779914, 32.77824]]]}}, {"type": "Feature", "properties": {"k": "area", "s": "asphalt"}, "geometry": {"type": "Polygon", "coordinates": [[[-96.791133, 32.76562], [-96.791818, 32.765652], [-96.791843, 32.765684], [-96.791467, 32.766001], [-96.791082, 32.765643], [-96.791133, 32.76562]]]}}, {"type": "Feature", "properties": {"k": "area", "s": "asphalt"}, "geometry": {"type": "Polygon", "coordinates": [[[-96.795521, 32.776611], [-96.795073, 32.776977], [-96.795175, 32.777061], [-96.795741, 32.776924], [-96.795697, 32.776819], [-96.795624, 32.776701], [-96.795521, 32.776611]]]}}, {"type": "Feature", "properties": {"k": "area", "s": "paving"}, "geometry": {"type": "Polygon", "coordinates": [[[-96.797033, 32.790216], [-96.796671, 32.790022], [-96.796445, 32.790202], [-96.796661, 32.790526], [-96.796676, 32.790513], [-96.797, 32.790244], [-96.797033, 32.790216]]]}}, {"type": "Feature", "properties": {"k": "area", "s": "asphalt"}, "geometry": {"type": "Polygon", "coordinates": [[[-96.802943, 32.793895], [-96.802906, 32.79386], [-96.802819, 32.793927], [-96.802722, 32.793845], [-96.802825, 32.793761], [-96.80286, 32.793792], [-96.802884, 32.793789], [-96.803039, 32.793669], [-96.802992, 32.793608], [-96.803357, 32.793409], [-96.803388, 32.793465], [-96.803629, 32.79337], [-96.803684, 32.793463], [-96.803532, 32.793532], [-96.803357, 32.793613], [-96.80319, 32.793718], [-96.803074, 32.793797], [-96.802943, 32.793895]]]}}, {"type": "Feature", "properties": {"k": "area", "s": "asphalt"}, "geometry": {"type": "Polygon", "coordinates": [[[-96.792242, 32.782809], [-96.792223, 32.782742], [-96.792176, 32.782575], [-96.791581, 32.782694], [-96.791647, 32.782928], [-96.792242, 32.782809]]]}}, {"type": "Feature", "properties": {"k": "area", "s": "grass"}, "geometry": {"type": "Polygon", "coordinates": [[[-96.795902, 32.791145], [-96.79518, 32.790523], [-96.795059, 32.790622], [-96.795781, 32.791244], [-96.795902, 32.791145]]]}}, {"type": "Feature", "properties": {"k": "area", "s": "asphalt"}, "geometry": {"type": "Polygon", "coordinates": [[[-96.804617, 32.798717], [-96.805023, 32.798382], [-96.805141, 32.798484], [-96.805023, 32.798582], [-96.805159, 32.798699], [-96.804872, 32.798935], [-96.804617, 32.798717]]]}}, {"type": "Feature", "properties": {"k": "area", "s": "asphalt"}, "geometry": {"type": "Polygon", "coordinates": [[[-96.782556, 32.785512], [-96.782508, 32.785328], [-96.781749, 32.785471], [-96.781798, 32.785654], [-96.782556, 32.785512]]]}}, {"type": "Feature", "properties": {"k": "area", "s": "asphalt"}, "geometry": {"type": "Polygon", "coordinates": [[[-96.808363, 32.800162], [-96.80841, 32.800202], [-96.80868, 32.800434], [-96.808913, 32.800242], [-96.808954, 32.800209], [-96.808637, 32.799936], [-96.808363, 32.800162]]]}}, {"type": "Feature", "properties": {"k": "area", "s": "asphalt"}, "geometry": {"type": "Polygon", "coordinates": [[[-96.802504, 32.792351], [-96.802848, 32.792092], [-96.802597, 32.791857], [-96.802254, 32.792117], [-96.802504, 32.792351]]]}}, {"type": "Feature", "properties": {"k": "area", "s": "paving"}, "geometry": {"type": "Polygon", "coordinates": [[[-96.799854, 32.786976], [-96.799818, 32.787002], [-96.799775, 32.787018], [-96.799728, 32.787023], [-96.799681, 32.787017], [-96.799638, 32.787001], [-96.799561, 32.786934], [-96.799484, 32.786868], [-96.799751, 32.786648], [-96.799772, 32.78663], [-96.799823, 32.786675], [-96.799829, 32.786679], [-96.799845, 32.786694], [-96.80026, 32.787051], [-96.800229, 32.787077], [-96.8002, 32.7871], [-96.800192, 32.787093], [-96.800059, 32.786978], [-96.800011, 32.786956], [-96.799957, 32.786949], [-96.799903, 32.786956], [-96.799854, 32.786976]]]}}, {"type": "Feature", "properties": {"k": "area", "s": "grass"}, "geometry": {"type": "Polygon", "coordinates": [[[-96.798791, 32.771771], [-96.799073, 32.771938], [-96.798854, 32.772087], [-96.798654, 32.77221], [-96.798543, 32.772257], [-96.798397, 32.772199], [-96.798391, 32.772181], [-96.798378, 32.772174], [-96.798689, 32.77189], [-96.798791, 32.771771]]]}}, {"type": "Feature", "properties": {"k": "area", "s": "dirt"}, "geometry": {"type": "Polygon", "coordinates": [[[-96.803038, 32.791983], [-96.802499, 32.792388], [-96.802786, 32.792651], [-96.802832, 32.792641], [-96.803038, 32.791983]]]}}, {"type": "Feature", "properties": {"k": "area", "s": "asphalt"}, "geometry": {"type": "Polygon", "coordinates": [[[-96.787837, 32.776586], [-96.787917, 32.77674], [-96.787833, 32.776778], [-96.787766, 32.776835], [-96.787723, 32.776907], [-96.787708, 32.776986], [-96.787722, 32.777066], [-96.787764, 32.777138], [-96.78783, 32.777196], [-96.787705, 32.777325], [-96.787587, 32.777213], [-96.787565, 32.777165], [-96.787522, 32.777074], [-96.787517, 32.776924], [-96.787574, 32.776781], [-96.787685, 32.776664], [-96.787837, 32.776586]]]}}, {"type": "Feature", "properties": {"k": "area", "s": "grass"}, "geometry": {"type": "Polygon", "coordinates": [[[-96.801026, 32.786206], [-96.801305, 32.785957], [-96.801008, 32.785721], [-96.800728, 32.78597], [-96.801026, 32.786206]]]}}, {"type": "Feature", "properties": {"k": "area", "s": "dirt"}, "geometry": {"type": "Polygon", "coordinates": [[[-96.78913, 32.766265], [-96.788628, 32.765988], [-96.788494, 32.766113], [-96.788857, 32.766481], [-96.78913, 32.766265]]]}}, {"type": "Feature", "properties": {"k": "area", "s": "asphalt"}, "geometry": {"type": "Polygon", "coordinates": [[[-96.808549, 32.790539], [-96.808112, 32.790853], [-96.807979, 32.790722], [-96.808025, 32.790689], [-96.807975, 32.79064], [-96.808064, 32.790577], [-96.808008, 32.790522], [-96.80812, 32.790442], [-96.808054, 32.790378], [-96.808103, 32.790342], [-96.808283, 32.790519], [-96.808425, 32.790417], [-96.808549, 32.790539]]]}}, {"type": "Feature", "properties": {"k": "area", "s": "asphalt"}, "geometry": {"type": "Polygon", "coordinates": [[[-96.802346, 32.801419], [-96.802264, 32.801351], [-96.802118, 32.801233], [-96.802087, 32.801207], [-96.802367, 32.800966], [-96.802479, 32.801057], [-96.802678, 32.801221], [-96.80263, 32.801263], [-96.802623, 32.801257], [-96.802599, 32.801278], [-96.80255, 32.801321], [-96.80258, 32.801345], [-96.802537, 32.801383], [-96.802503, 32.801355], [-96.802486, 32.80137], [-96.802443, 32.801335], [-96.802346, 32.801419]]]}}, {"type": "Feature", "properties": {"k": "area", "s": "asphalt"}, "geometry": {"type": "Polygon", "coordinates": [[[-96.781548, 32.78469], [-96.78148, 32.784423], [-96.780985, 32.784512], [-96.781053, 32.784779], [-96.781548, 32.78469]]]}}, {"type": "Feature", "properties": {"k": "area", "s": "asphalt"}, "geometry": {"type": "Polygon", "coordinates": [[[-96.794459, 32.777409], [-96.794746, 32.778216], [-96.794903, 32.778177], [-96.794616, 32.77737], [-96.794459, 32.777409]]]}}, {"type": "Feature", "properties": {"k": "area", "s": "asphalt"}, "geometry": {"type": "Polygon", "coordinates": [[[-96.808771, 32.773443], [-96.808809, 32.773609], [-96.808009, 32.773743], [-96.80797, 32.773578], [-96.808771, 32.773443]]]}}, {"type": "Feature", "properties": {"k": "area", "s": "asphalt", "name": "Parking Lot 24"}, "geometry": {"type": "Polygon", "coordinates": [[[-96.776469, 32.790635], [-96.775946, 32.791066], [-96.775911, 32.791037], [-96.775869, 32.791072], [-96.775611, 32.790851], [-96.775654, 32.790816], [-96.775596, 32.790766], [-96.775684, 32.790693], [-96.775916, 32.790892], [-96.776078, 32.790759], [-96.776122, 32.790797], [-96.776396, 32.790572], [-96.776439, 32.79061], [-96.776469, 32.790635]]]}}, {"type": "Feature", "properties": {"k": "area", "s": "asphalt"}, "geometry": {"type": "Polygon", "coordinates": [[[-96.801788, 32.803234], [-96.802163, 32.80341], [-96.802347, 32.803133], [-96.801972, 32.802957], [-96.801788, 32.803234]]]}}, {"type": "Feature", "properties": {"k": "area", "s": "grass"}, "geometry": {"type": "Polygon", "coordinates": [[[-96.780372, 32.793898], [-96.780049, 32.793622], [-96.779793, 32.793833], [-96.780135, 32.794098], [-96.780372, 32.793898]]]}}, {"type": "Feature", "properties": {"k": "area", "s": "asphalt"}, "geometry": {"type": "Polygon", "coordinates": [[[-96.799568, 32.780973], [-96.79941, 32.781005], [-96.799286, 32.78103], [-96.799165, 32.781055], [-96.799088, 32.78107], [-96.799175, 32.781335], [-96.799648, 32.781237], [-96.799568, 32.780973]]]}}, {"type": "Feature", "properties": {"k": "area", "s": "asphalt"}, "geometry": {"type": "Polygon", "coordinates": [[[-96.792123, 32.781249], [-96.792014, 32.780882], [-96.791633, 32.781104], [-96.791702, 32.781337], [-96.792123, 32.781249]]]}}, {"type": "Feature", "properties": {"k": "area", "s": "asphalt"}, "geometry": {"type": "Polygon", "coordinates": [[[-96.80271, 32.796408], [-96.802498, 32.796285], [-96.80221, 32.796635], [-96.802388, 32.796802], [-96.802547, 32.796615], [-96.802613, 32.796615], [-96.802734, 32.796493], [-96.802779, 32.796447], [-96.80271, 32.796408]]]}}, {"type": "Feature", "properties": {"k": "area", "s": "asphalt"}, "geometry": {"type": "Polygon", "coordinates": [[[-96.804051, 32.79915], [-96.803412, 32.799683], [-96.803274, 32.799586], [-96.80393, 32.799048], [-96.804051, 32.79915]]]}}, {"type": "Feature", "properties": {"k": "area", "s": "asphalt"}, "geometry": {"type": "Polygon", "coordinates": [[[-96.801627, 32.782741], [-96.801523, 32.782288], [-96.801169, 32.782524], [-96.801471, 32.782845], [-96.801627, 32.782741]]]}}, {"type": "Feature", "properties": {"k": "area", "s": "asphalt"}, "geometry": {"type": "Polygon", "coordinates": [[[-96.785113, 32.783495], [-96.784947, 32.782969], [-96.785267, 32.782894], [-96.78535, 32.783174], [-96.785178, 32.78321], [-96.785253, 32.783464], [-96.785113, 32.783495]]]}}, {"type": "Feature", "properties": {"k": "area", "s": "grass"}, "geometry": {"type": "Polygon", "coordinates": [[[-96.812371, 32.789843], [-96.811578, 32.789864], [-96.811591, 32.789756], [-96.8123, 32.789605], [-96.812371, 32.789843]]]}}, {"type": "Feature", "properties": {"k": "area", "s": "concrete"}, "geometry": {"type": "Polygon", "coordinates": [[[-96.776402, 32.784796], [-96.776441, 32.784818], [-96.776531, 32.784903], [-96.776543, 32.784942], [-96.775937, 32.785069], [-96.775926, 32.785034], [-96.775885, 32.784889], [-96.775939, 32.784872], [-96.776022, 32.784854], [-96.776148, 32.784829], [-96.776111, 32.784696], [-96.776159, 32.784687], [-96.776169, 32.78472], [-96.77622, 32.78471], [-96.776212, 32.784681], [-96.776271, 32.784668], [-96.776313, 32.78481], [-96.776314, 32.784814], [-96.776402, 32.784796]]]}}, {"type": "Feature", "properties": {"k": "area", "s": "grass"}, "geometry": {"type": "Polygon", "coordinates": [[[-96.820653, 32.789515], [-96.820296, 32.789703], [-96.820269, 32.789699], [-96.820115, 32.789487], [-96.820224, 32.789431], [-96.820204, 32.789403], [-96.820344, 32.789332], [-96.820331, 32.789311], [-96.820458, 32.789245], [-96.820653, 32.789515]]]}}, {"type": "Feature", "properties": {"k": "area", "s": "asphalt"}, "geometry": {"type": "Polygon", "coordinates": [[[-96.780623, 32.775897], [-96.780335, 32.775568], [-96.78008, 32.775723], [-96.780371, 32.776054], [-96.780623, 32.775897]]]}}, {"type": "Feature", "properties": {"k": "area", "s": "grass"}, "geometry": {"type": "Polygon", "coordinates": [[[-96.789881, 32.787408], [-96.789703, 32.787252], [-96.789119, 32.787738], [-96.789226, 32.787835], [-96.789252, 32.787805], [-96.789254, 32.787764], [-96.789257, 32.787693], [-96.789407, 32.78769], [-96.789438, 32.787664], [-96.789524, 32.787733], [-96.789643, 32.787632], [-96.789646, 32.787635], [-96.78969, 32.787595], [-96.789686, 32.787557], [-96.789642, 32.787557], [-96.78964, 32.787408], [-96.789804, 32.787405], [-96.789803, 32.787431], [-96.789881, 32.787433], [-96.789881, 32.787408]]]}}, {"type": "Feature", "properties": {"k": "area", "s": "asphalt"}, "geometry": {"type": "Polygon", "coordinates": [[[-96.792886, 32.769267], [-96.792634, 32.769043], [-96.792333, 32.769282], [-96.792584, 32.769507], [-96.792886, 32.769267]]]}}, {"type": "Feature", "properties": {"k": "area", "s": "asphalt"}, "geometry": {"type": "Polygon", "coordinates": [[[-96.803198, 32.782559], [-96.803037, 32.782683], [-96.80257, 32.78225], [-96.802732, 32.782127], [-96.803198, 32.782559]]]}}, {"type": "Feature", "properties": {"k": "area", "s": "asphalt"}, "geometry": {"type": "Polygon", "coordinates": [[[-96.80321, 32.796078], [-96.803024, 32.795915], [-96.802623, 32.796239], [-96.80281, 32.796402], [-96.80321, 32.796078]]]}}, {"type": "Feature", "properties": {"k": "area", "s": "grass"}, "geometry": {"type": "Polygon", "coordinates": [[[-96.782056, 32.771383], [-96.782209, 32.771566], [-96.782618, 32.771324], [-96.782641, 32.77127], [-96.782639, 32.771249], [-96.782624, 32.771227], [-96.782526, 32.771108], [-96.782056, 32.771383]]]}}, {"type": "Feature", "properties": {"k": "area", "s": "asphalt"}, "geometry": {"type": "Polygon", "coordinates": [[[-96.792144, 32.770092], [-96.791916, 32.769903], [-96.791873, 32.769935], [-96.791852, 32.769918], [-96.791714, 32.770036], [-96.791704, 32.770079], [-96.791693, 32.770124], [-96.791657, 32.770157], [-96.791869, 32.77033], [-96.791914, 32.770293], [-96.791954, 32.770328], [-96.792143, 32.770167], [-96.792102, 32.77013], [-96.792144, 32.770092]]]}}, {"type": "Feature", "properties": {"k": "area", "s": "asphalt"}, "geometry": {"type": "Polygon", "coordinates": [[[-96.791184, 32.771941], [-96.791369, 32.772119], [-96.791394, 32.772073], [-96.791425, 32.772036], [-96.7918, 32.771752], [-96.791644, 32.771602], [-96.791184, 32.771941]]]}}, {"type": "Feature", "properties": {"k": "area", "s": "asphalt"}, "geometry": {"type": "Polygon", "coordinates": [[[-96.783991, 32.783448], [-96.783912, 32.783184], [-96.783467, 32.783279], [-96.783546, 32.783543], [-96.783991, 32.783448]]]}}, {"type": "Feature", "properties": {"k": "area", "s": "asphalt"}, "geometry": {"type": "Polygon", "coordinates": [[[-96.793762, 32.791719], [-96.793578, 32.791868], [-96.793617, 32.791898], [-96.793574, 32.791931], [-96.793826, 32.792148], [-96.793921, 32.792062], [-96.793964, 32.792091], [-96.794081, 32.791987], [-96.794049, 32.79196], [-96.794088, 32.791925], [-96.793903, 32.791767], [-96.793861, 32.7918], [-96.793762, 32.791719]]]}}, {"type": "Feature", "properties": {"k": "area", "s": "grass"}, "geometry": {"type": "Polygon", "coordinates": [[[-96.820377, 32.799996], [-96.820454, 32.799905], [-96.819597, 32.799405], [-96.819569, 32.799397], [-96.819541, 32.799402], [-96.819519, 32.799415], [-96.819472, 32.799474], [-96.820377, 32.799996]]]}}, {"type": "Feature", "properties": {"k": "area", "s": "wood"}, "geometry": {"type": "Polygon", "coordinates": [[[-96.809046, 32.8008], [-96.808824, 32.800609], [-96.809636, 32.800123], [-96.809702, 32.800193], [-96.809355, 32.800397], [-96.809245, 32.800537], [-96.8092, 32.800564], [-96.809112, 32.800618], [-96.809053, 32.800732], [-96.809046, 32.8008]]]}}, {"type": "Feature", "properties": {"k": "area", "s": "asphalt"}, "geometry": {"type": "Polygon", "coordinates": [[[-96.78806, 32.786186], [-96.788044, 32.786167], [-96.787876, 32.786026], [-96.787786, 32.786099], [-96.787648, 32.786217], [-96.787609, 32.786251], [-96.787638, 32.786275], [-96.78761, 32.786299], [-96.787617, 32.786304], [-96.787605, 32.786316], [-96.787619, 32.786327], [-96.787676, 32.786375], [-96.787733, 32.786424], [-96.787767, 32.786453], [-96.787806, 32.786419], [-96.787858, 32.786461], [-96.788122, 32.78624], [-96.78806, 32.786186]]]}}, {"type": "Feature", "properties": {"k": "area", "s": "asphalt"}, "geometry": {"type": "Polygon", "coordinates": [[[-96.787415, 32.799082], [-96.787174, 32.798878], [-96.786869, 32.799134], [-96.78711, 32.799337], [-96.787415, 32.799082]]]}}, {"type": "Feature", "properties": {"k": "area", "s": "grass"}, "geometry": {"type": "Polygon", "coordinates": [[[-96.78831, 32.776484], [-96.788334, 32.776348], [-96.788352, 32.776256], [-96.788389, 32.77621], [-96.78851, 32.776131], [-96.788838, 32.775937], [-96.788608, 32.775738], [-96.788544, 32.775787], [-96.788464, 32.775856], [-96.788409, 32.77592], [-96.788364, 32.775999], [-96.788344, 32.776039], [-96.788332, 32.776103], [-96.788328, 32.776193], [-96.78833, 32.776249], [-96.788304, 32.776406], [-96.78831, 32.776484]]]}}, {"type": "Feature", "properties": {"k": "area", "s": "asphalt"}, "geometry": {"type": "Polygon", "coordinates": [[[-96.802621, 32.795764], [-96.802493, 32.796185], [-96.802435, 32.796175], [-96.80244, 32.79616], [-96.802131, 32.796002], [-96.802182, 32.795837], [-96.802621, 32.795764]]]}}, {"type": "Feature", "properties": {"k": "area", "s": "dirt"}, "geometry": {"type": "Polygon", "coordinates": [[[-96.78762, 32.78604], [-96.787357, 32.78581], [-96.787082, 32.786032], [-96.787346, 32.786262], [-96.78762, 32.78604]]]}}, {"type": "Feature", "properties": {"k": "area", "s": "asphalt"}, "geometry": {"type": "Polygon", "coordinates": [[[-96.778813, 32.793176], [-96.778375, 32.792799], [-96.778259, 32.792894], [-96.77893, 32.793471], [-96.779014, 32.793402], [-96.778844, 32.793256], [-96.778875, 32.79323], [-96.778813, 32.793176]]]}}, {"type": "Feature", "properties": {"k": "area", "s": "grass"}, "geometry": {"type": "Polygon", "coordinates": [[[-96.805755, 32.790743], [-96.805687, 32.790633], [-96.805625, 32.79047], [-96.805603, 32.790373], [-96.80555, 32.79039], [-96.805479, 32.790435], [-96.805232, 32.790624], [-96.805181, 32.790643], [-96.805143, 32.790648], [-96.805078, 32.790642], [-96.805078, 32.790725], [-96.805598, 32.790722], [-96.805688, 32.790726], [-96.805755, 32.790743]]]}}, {"type": "Feature", "properties": {"k": "area", "s": "grass"}, "geometry": {"type": "Polygon", "coordinates": [[[-96.806654, 32.786606], [-96.806776, 32.786587], [-96.806933, 32.786572], [-96.806955, 32.786573], [-96.806973, 32.786586], [-96.806988, 32.786628], [-96.807028, 32.786719], [-96.807047, 32.78673], [-96.807067, 32.786732], [-96.807229, 32.786717], [-96.807243, 32.786725], [-96.807249, 32.786741], [-96.807249, 32.786774], [-96.807244, 32.786799], [-96.807235, 32.78681], [-96.807092, 32.786927], [-96.807046, 32.786889], [-96.807023, 32.786908], [-96.80707, 32.786945], [-96.806794, 32.787163], [-96.806732, 32.787142], [-96.806984, 32.786808], [-96.806654, 32.786606]]]}}, {"type": "Feature", "properties": {"k": "area", "s": "wood"}, "geometry": {"type": "Polygon", "coordinates": [[[-96.813236, 32.797605], [-96.813406, 32.79773], [-96.813376, 32.797812], [-96.813193, 32.798116], [-96.812886, 32.798029], [-96.813089, 32.797833], [-96.813236, 32.797605]]]}}, {"type": "Feature", "properties": {"k": "area", "s": "asphalt"}, "geometry": {"type": "Polygon", "coordinates": [[[-96.804301, 32.797675], [-96.804472, 32.79754], [-96.804783, 32.797813], [-96.804797, 32.797801], [-96.80493, 32.797695], [-96.804983, 32.797742], [-96.804664, 32.798005], [-96.804301, 32.797675]]]}}, {"type": "Feature", "properties": {"k": "area", "s": "asphalt"}, "geometry": {"type": "Polygon", "coordinates": [[[-96.805112, 32.796837], [-96.80502, 32.796748], [-96.805092, 32.796695], [-96.805071, 32.796428], [-96.804818, 32.796222], [-96.804957, 32.796102], [-96.8052, 32.796316], [-96.805233, 32.796748], [-96.805112, 32.796837]]]}}, {"type": "Feature", "properties": {"k": "area", "s": "asphalt"}, "geometry": {"type": "Polygon", "coordinates": [[[-96.805227, 32.797766], [-96.805084, 32.797883], [-96.805099, 32.79802], [-96.804888, 32.798192], [-96.804684, 32.798016], [-96.805112, 32.797667], [-96.805227, 32.797766]]]}}, {"type": "Feature", "properties": {"k": "area", "s": "asphalt"}, "geometry": {"type": "Polygon", "coordinates": [[[-96.809758, 32.794633], [-96.8095, 32.794838], [-96.809709, 32.795024], [-96.809773, 32.79508], [-96.810031, 32.794874], [-96.809758, 32.794633]]]}}, {"type": "Feature", "properties": {"k": "area", "s": "grass"}, "geometry": {"type": "Polygon", "coordinates": [[[-96.78246, 32.792481], [-96.782443, 32.792473], [-96.782423, 32.792469], [-96.782402, 32.792472], [-96.782383, 32.792481], [-96.782103, 32.792713], [-96.782359, 32.792932], [-96.782371, 32.792922], [-96.782423, 32.792879], [-96.782378, 32.792841], [-96.782631, 32.792632], [-96.782634, 32.79263], [-96.78246, 32.792481]]]}}, {"type": "Feature", "properties": {"k": "area", "s": "asphalt"}, "geometry": {"type": "Polygon", "coordinates": [[[-96.813518, 32.773646], [-96.813224, 32.773708], [-96.813121, 32.773442], [-96.813516, 32.77332], [-96.813609, 32.773539], [-96.813488, 32.773576], [-96.813518, 32.773646]]]}}, {"type": "Feature", "properties": {"k": "area", "s": "grass"}, "geometry": {"type": "Polygon", "coordinates": [[[-96.781917, 32.790128], [-96.781746, 32.789982], [-96.781764, 32.789967], [-96.781934, 32.790113], [-96.781939, 32.790109], [-96.782045, 32.790022], [-96.782327, 32.790263], [-96.782378, 32.790307], [-96.782336, 32.790343], [-96.782483, 32.790469], [-96.782405, 32.790533], [-96.782402, 32.790531], [-96.782231, 32.790672], [-96.782213, 32.790657], [-96.782361, 32.790534], [-96.781902, 32.790141], [-96.781917, 32.790128]]]}}, {"type": "Feature", "properties": {"k": "area", "s": "asphalt"}, "geometry": {"type": "Polygon", "coordinates": [[[-96.787188, 32.786838], [-96.786907, 32.787024], [-96.787042, 32.787169], [-96.78689, 32.78727], [-96.786649, 32.787012], [-96.787082, 32.786725], [-96.787188, 32.786838]]]}}, {"type": "Feature", "properties": {"k": "area", "s": "grass"}, "geometry": {"type": "Polygon", "coordinates": [[[-96.817041, 32.800543], [-96.816963, 32.800449], [-96.816935, 32.800436], [-96.816905, 32.800429], [-96.816873, 32.800429], [-96.816842, 32.800434], [-96.816796, 32.800458], [-96.816677, 32.800533], [-96.816646, 32.800563], [-96.816618, 32.800621], [-96.816622, 32.800672], [-96.816635, 32.800738], [-96.816702, 32.800812], [-96.81674, 32.800828], [-96.816786, 32.80083], [-96.816818, 32.800829], [-96.816881, 32.800802], [-96.817041, 32.800543]]]}}, {"type": "Feature", "properties": {"k": "area", "s": "asphalt"}, "geometry": {"type": "Polygon", "coordinates": [[[-96.810044, 32.784996], [-96.810499, 32.784901], [-96.81052, 32.784973], [-96.810538, 32.785035], [-96.810544, 32.785055], [-96.810063, 32.785156], [-96.810049, 32.785107], [-96.809961, 32.785126], [-96.80987, 32.784817], [-96.809984, 32.784793], [-96.809998, 32.784842], [-96.810024, 32.784928], [-96.810044, 32.784996]]]}}, {"type": "Feature", "properties": {"k": "area", "s": "asphalt"}, "geometry": {"type": "Polygon", "coordinates": [[[-96.807035, 32.797859], [-96.806915, 32.797758], [-96.806569, 32.798048], [-96.806893, 32.798321], [-96.80702, 32.798215], [-96.806815, 32.798043], [-96.807035, 32.797859]]]}}, {"type": "Feature", "properties": {"k": "area", "s": "asphalt"}, "geometry": {"type": "Polygon", "coordinates": [[[-96.79532, 32.774387], [-96.795828, 32.774006], [-96.795023, 32.774166], [-96.79532, 32.774387]]]}}, {"type": "Feature", "properties": {"k": "area", "s": "gravel"}, "geometry": {"type": "Polygon", "coordinates": [[[-96.787824, 32.785211], [-96.787821, 32.785193], [-96.787565, 32.785029], [-96.787437, 32.784946], [-96.787305, 32.784866], [-96.787104, 32.784794], [-96.786982, 32.784762], [-96.787268, 32.785006], [-96.787663, 32.785288], [-96.787824, 32.785211]]]}}, {"type": "Feature", "properties": {"k": "area", "s": "grass"}, "geometry": {"type": "Polygon", "coordinates": [[[-96.821217, 32.800482], [-96.821251, 32.800434], [-96.821257, 32.800385], [-96.821229, 32.800357], [-96.820454, 32.799905], [-96.820377, 32.799996], [-96.821217, 32.800482]]]}}, {"type": "Feature", "properties": {"k": "area", "s": "grass"}, "geometry": {"type": "Polygon", "coordinates": [[[-96.797379, 32.790422], [-96.796993, 32.790742], [-96.797164, 32.790887], [-96.797549, 32.790567], [-96.797379, 32.790422]]]}}, {"type": "Feature", "properties": {"k": "area", "s": "asphalt"}, "geometry": {"type": "Polygon", "coordinates": [[[-96.779379, 32.783423], [-96.779292, 32.783096], [-96.778979, 32.783158], [-96.779071, 32.783496], [-96.779231, 32.783464], [-96.779379, 32.783423]]]}}, {"type": "Feature", "properties": {"k": "area", "s": "grass"}, "geometry": {"type": "Polygon", "coordinates": [[[-96.780216, 32.78773], [-96.780238, 32.787708], [-96.779933, 32.787424], [-96.779951, 32.787374], [-96.77991, 32.787348], [-96.780034, 32.787254], [-96.780073, 32.787276], [-96.780083, 32.787282], [-96.780091, 32.787284], [-96.780098, 32.787283], [-96.780099, 32.78727], [-96.780088, 32.787213], [-96.780461, 32.787194], [-96.780712, 32.787193], [-96.780966, 32.787206], [-96.780957, 32.78726], [-96.781019, 32.787271], [-96.78106, 32.787312], [-96.781133, 32.787375], [-96.781144, 32.787384], [-96.78115, 32.787395], [-96.781154, 32.787403], [-96.781153, 32.787408], [-96.781146, 32.787412], [-96.781136, 32.787415], [-96.781122, 32.78742], [-96.781109, 32.787426], [-96.781107, 32.787432], [-96.781111, 32.787438], [-96.78112, 32.787446], [-96.781134, 32.787453], [-96.78115, 32.787448], [-96.781174, 32.787371], [-96.781089, 32.787271], [-96.781115, 32.787212], [-96.781126, 32.787181], [-96.780865, 32.787165], [-96.780598, 32.787162], [-96.78034, 32.787168], [-96.780221, 32.787174], [-96.78014, 32.787184], [-96.779903, 32.787205], [-96.779786, 32.787219], [-96.779768, 32.787223], [-96.779752, 32.78723], [-96.779739, 32.787241], [-96.779733, 32.787251], [-96.77973, 32.787256], [-96.779726, 32.787273], [-96.779729, 32.787289], [-96.779738, 32.787304], [-96.779779, 32.787355], [-96.779819, 32.787393], [-96.779872, 32.78737], [-96.779897, 32.787406], [-96.779957, 32.787484], [-96.780068, 32.787598], [-96.780119, 32.787641], [-96.780216, 32.78773]]]}}, {"type": "Feature", "properties": {"k": "area", "s": "asphalt"}, "geometry": {"type": "Polygon", "coordinates": [[[-96.802928, 32.798136], [-96.802576, 32.798046], [-96.802475, 32.79833], [-96.802826, 32.798419], [-96.802928, 32.798136]]]}}, {"type": "Feature", "properties": {"k": "area", "s": "asphalt"}, "geometry": {"type": "Polygon", "coordinates": [[[-96.78698, 32.773124], [-96.78693, 32.773081], [-96.7869, 32.773071], [-96.78686, 32.773058], [-96.786815, 32.77302], [-96.787268, 32.772642], [-96.787347, 32.772708], [-96.787417, 32.772768], [-96.78698, 32.773124]]]}}, {"type": "Feature", "properties": {"k": "area", "s": "asphalt"}, "geometry": {"type": "Polygon", "coordinates": [[[-96.803254, 32.782707], [-96.803282, 32.78273], [-96.803271, 32.782739], [-96.803682, 32.783093], [-96.803753, 32.783026], [-96.803728, 32.783003], [-96.803768, 32.782968], [-96.803719, 32.78271], [-96.8036, 32.782805], [-96.803375, 32.782606], [-96.803254, 32.782707]]]}}, {"type": "Feature", "properties": {"k": "area", "s": "grass"}, "geometry": {"type": "Polygon", "coordinates": [[[-96.809742, 32.800773], [-96.809991, 32.800582], [-96.809735, 32.800345], [-96.809485, 32.800536], [-96.809742, 32.800773]]]}}, {"type": "Feature", "properties": {"k": "area", "s": "grass"}, "geometry": {"type": "Polygon", "coordinates": [[[-96.804308, 32.785571], [-96.804232, 32.78544], [-96.804122, 32.785198], [-96.804084, 32.785042], [-96.804053, 32.784864], [-96.804043, 32.784734], [-96.804076, 32.78398], [-96.804035, 32.783982], [-96.803968, 32.785197], [-96.804135, 32.785401], [-96.80424, 32.78551], [-96.804308, 32.785571]]]}}, {"type": "Feature", "properties": {"k": "area", "s": "asphalt"}, "geometry": {"type": "Polygon", "coordinates": [[[-96.806938, 32.801498], [-96.806844, 32.801239], [-96.806489, 32.801383], [-96.806533, 32.801486], [-96.806602, 32.801648], [-96.806793, 32.801574], [-96.806938, 32.801498]]]}}, {"type": "Feature", "properties": {"k": "area", "s": "grass"}, "geometry": {"type": "Polygon", "coordinates": [[[-96.793981, 32.774177], [-96.793233, 32.774383], [-96.793493, 32.774599], [-96.793981, 32.774177]]]}}, {"type": "Feature", "properties": {"k": "area", "s": "grass"}, "geometry": {"type": "Polygon", "coordinates": [[[-96.805178, 32.785831], [-96.805051, 32.785831], [-96.80494, 32.785818], [-96.804831, 32.785789], [-96.804736, 32.785749], [-96.804637, 32.785691], [-96.80457, 32.785641], [-96.804451, 32.785534], [-96.804377, 32.785448], [-96.80428, 32.785309], [-96.804201, 32.785188], [-96.804247, 32.785309], [-96.804313, 32.785443], [-96.804366, 32.785531], [-96.804397, 32.785518], [-96.804442, 32.785591], [-96.804505, 32.785675], [-96.804567, 32.78575], [-96.804673, 32.785863], [-96.804704, 32.785897], [-96.80474, 32.785925], [-96.804783, 32.785947], [-96.804829, 32.785962], [-96.804875, 32.785969], [-96.804921, 32.78597], [-96.804966, 32.785965], [-96.80501, 32.785953], [-96.805051, 32.785935], [-96.805088, 32.785912], [-96.80512, 32.785889], [-96.805178, 32.785831]]]}}, {"type": "Feature", "properties": {"k": "area", "s": "asphalt"}, "geometry": {"type": "Polygon", "coordinates": [[[-96.805721, 32.777506], [-96.805699, 32.777433], [-96.805694, 32.777343], [-96.805694, 32.777279], [-96.805706, 32.777217], [-96.805754, 32.777133], [-96.805831, 32.777054], [-96.805897, 32.777006], [-96.806009, 32.776968], [-96.806113, 32.776949], [-96.806124, 32.777104], [-96.806027, 32.777128], [-96.805931, 32.777175], [-96.805895, 32.777222], [-96.805863, 32.777292], [-96.805857, 32.777357], [-96.805869, 32.777418], [-96.805882, 32.777449], [-96.805721, 32.777506]]]}}, {"type": "Feature", "properties": {"k": "area", "s": "asphalt"}, "geometry": {"type": "Polygon", "coordinates": [[[-96.79821, 32.78045], [-96.798139, 32.780208], [-96.797726, 32.780294], [-96.797798, 32.780536], [-96.79821, 32.78045]]]}}, {"type": "Feature", "properties": {"k": "area", "s": "grass"}, "geometry": {"type": "Polygon", "coordinates": [[[-96.798744, 32.790716], [-96.798987, 32.790513], [-96.799245, 32.79073], [-96.799003, 32.790933], [-96.798744, 32.790716]]]}}, {"type": "Feature", "properties": {"k": "area", "s": "grass"}, "geometry": {"type": "Polygon", "coordinates": [[[-96.796582, 32.789801], [-96.796318, 32.789576], [-96.795955, 32.789878], [-96.796094, 32.789997], [-96.796397, 32.789745], [-96.79659, 32.78991], [-96.796651, 32.789859], [-96.796582, 32.789801]]]}}, {"type": "Feature", "properties": {"k": "area", "s": "asphalt"}, "geometry": {"type": "Polygon", "coordinates": [[[-96.794346, 32.778811], [-96.794262, 32.778568], [-96.793863, 32.778666], [-96.793947, 32.778908], [-96.794346, 32.778811]]]}}, {"type": "Feature", "properties": {"k": "area", "s": "asphalt"}, "geometry": {"type": "Polygon", "coordinates": [[[-96.777781, 32.765897], [-96.777435, 32.766177], [-96.777255, 32.766021], [-96.777601, 32.76574], [-96.777781, 32.765897]]]}}, {"type": "Feature", "properties": {"k": "area", "s": "asphalt"}, "geometry": {"type": "Polygon", "coordinates": [[[-96.788336, 32.786617], [-96.788563, 32.786425], [-96.788274, 32.786187], [-96.788096, 32.786336], [-96.788139, 32.78637], [-96.788098, 32.786408], [-96.788336, 32.786617]]]}}, {"type": "Feature", "properties": {"k": "area", "s": "asphalt"}, "geometry": {"type": "Polygon", "coordinates": [[[-96.778431, 32.775197], [-96.77833, 32.775074], [-96.777675, 32.775453], [-96.777761, 32.775559], [-96.777895, 32.775482], [-96.777862, 32.775442], [-96.778008, 32.775358], [-96.778054, 32.775414], [-96.778431, 32.775197]]]}}, {"type": "Feature", "properties": {"k": "area", "s": "paving"}, "geometry": {"type": "Polygon", "coordinates": [[[-96.800723, 32.787548], [-96.80064, 32.787476], [-96.800588, 32.787431], [-96.800533, 32.787384], [-96.800464, 32.787324], [-96.800226, 32.78752], [-96.800344, 32.787618], [-96.800488, 32.787737], [-96.800723, 32.787548]]]}}, {"type": "Feature", "properties": {"k": "area", "s": "asphalt"}, "geometry": {"type": "Polygon", "coordinates": [[[-96.801004, 32.796958], [-96.801133, 32.797057], [-96.801208, 32.796989], [-96.801235, 32.796894], [-96.801471, 32.796942], [-96.801517, 32.796785], [-96.80108, 32.796695], [-96.801004, 32.796958]]]}}, {"type": "Feature", "properties": {"k": "area", "s": "grass"}, "geometry": {"type": "Polygon", "coordinates": [[[-96.796157, 32.769217], [-96.796121, 32.769252], [-96.796612, 32.769622], [-96.79687, 32.769334], [-96.796748, 32.76925], [-96.79663, 32.769366], [-96.796568, 32.769382], [-96.796526, 32.769373], [-96.796469, 32.769344], [-96.796341, 32.76935], [-96.796157, 32.769217]]]}}, {"type": "Feature", "properties": {"k": "area", "s": "asphalt"}, "geometry": {"type": "Polygon", "coordinates": [[[-96.788255, 32.787727], [-96.787985, 32.787499], [-96.787758, 32.787681], [-96.788036, 32.78791], [-96.788255, 32.787727]]]}}, {"type": "Feature", "properties": {"k": "area", "s": "asphalt"}, "geometry": {"type": "Polygon", "coordinates": [[[-96.804292, 32.788192], [-96.804043, 32.787981], [-96.804479, 32.787602], [-96.804503, 32.787608], [-96.804292, 32.788192]]]}}, {"type": "Feature", "properties": {"k": "area", "s": "asphalt"}, "geometry": {"type": "Polygon", "coordinates": [[[-96.794649, 32.790624], [-96.794263, 32.790298], [-96.794108, 32.790427], [-96.794494, 32.790754], [-96.794649, 32.790624]]]}}, {"type": "Feature", "properties": {"k": "area", "s": "grass"}, "geometry": {"type": "Polygon", "coordinates": [[[-96.802696, 32.777178], [-96.802683, 32.777163], [-96.802666, 32.777151], [-96.802644, 32.777145], [-96.802622, 32.777145], [-96.802601, 32.777151], [-96.802583, 32.777163], [-96.802571, 32.777179], [-96.802566, 32.777197], [-96.802567, 32.777216], [-96.802641, 32.777465], [-96.80268, 32.777457], [-96.802696, 32.77751], [-96.803054, 32.777436], [-96.803015, 32.777304], [-96.802918, 32.777324], [-96.8029, 32.777263], [-96.802843, 32.777275], [-96.802829, 32.777225], [-96.802716, 32.777248], [-96.802696, 32.777178]]]}}, {"type": "Feature", "properties": {"k": "area", "s": "asphalt"}, "geometry": {"type": "Polygon", "coordinates": [[[-96.791136, 32.782758], [-96.791215, 32.783027], [-96.790872, 32.783102], [-96.790799, 32.782862], [-96.790789, 32.78283], [-96.791136, 32.782758]]]}}, {"type": "Feature", "properties": {"k": "area", "s": "paving"}, "geometry": {"type": "Polygon", "coordinates": [[[-96.798967, 32.783623], [-96.798858, 32.783529], [-96.798577, 32.783287], [-96.798519, 32.783237], [-96.798781, 32.783022], [-96.798967, 32.783623]]]}}, {"type": "Feature", "properties": {"k": "area", "s": "grass"}, "geometry": {"type": "Polygon", "coordinates": [[[-96.799638, 32.787001], [-96.799561, 32.786934], [-96.799548, 32.786945], [-96.799952, 32.787291], [-96.800192, 32.787093], [-96.800059, 32.786978], [-96.800011, 32.786956], [-96.799957, 32.786949], [-96.799903, 32.786956], [-96.799854, 32.786976], [-96.799818, 32.787002], [-96.799775, 32.787018], [-96.799728, 32.787023], [-96.799681, 32.787017], [-96.799638, 32.787001]]]}}, {"type": "Feature", "properties": {"k": "area", "s": "asphalt"}, "geometry": {"type": "Polygon", "coordinates": [[[-96.793351, 32.772172], [-96.792934, 32.771809], [-96.792794, 32.771923], [-96.793211, 32.772286], [-96.793351, 32.772172]]]}}, {"type": "Feature", "properties": {"k": "area", "s": "turf"}, "geometry": {"type": "Polygon", "coordinates": [[[-96.787678, 32.77644], [-96.787201, 32.776511], [-96.787159, 32.776312], [-96.787636, 32.77624], [-96.787678, 32.77644]]]}}, {"type": "Feature", "properties": {"k": "area", "s": "grass"}, "geometry": {"type": "Polygon", "coordinates": [[[-96.801169, 32.789879], [-96.801115, 32.789923], [-96.800999, 32.790006], [-96.800838, 32.790108], [-96.800748, 32.790144], [-96.800668, 32.789998], [-96.800901, 32.789795], [-96.800987, 32.789723], [-96.801169, 32.789879]]]}}, {"type": "Feature", "properties": {"k": "area", "s": "asphalt"}, "geometry": {"type": "Polygon", "coordinates": [[[-96.789798, 32.768597], [-96.789527, 32.768827], [-96.789313, 32.768648], [-96.789585, 32.768418], [-96.789798, 32.768597]]]}}, {"type": "Feature", "properties": {"k": "area", "s": "asphalt"}, "geometry": {"type": "Polygon", "coordinates": [[[-96.78243, 32.780811], [-96.782044, 32.780513], [-96.781931, 32.780538], [-96.782042, 32.780901], [-96.78243, 32.780811]]]}}, {"type": "Feature", "properties": {"k": "area", "s": "asphalt"}, "geometry": {"type": "Polygon", "coordinates": [[[-96.782402, 32.782794], [-96.78232, 32.782505], [-96.782633, 32.782445], [-96.782711, 32.782743], [-96.782402, 32.782794]]]}}, {"type": "Feature", "properties": {"k": "area", "s": "asphalt"}, "geometry": {"type": "Polygon", "coordinates": [[[-96.794559, 32.782014], [-96.794625, 32.782], [-96.794868, 32.78194], [-96.794888, 32.782002], [-96.794953, 32.782226], [-96.794842, 32.782249], [-96.794847, 32.782267], [-96.794799, 32.782277], [-96.794794, 32.782261], [-96.794636, 32.782294], [-96.794566, 32.782053], [-96.794559, 32.782014]]]}}, {"type": "Feature", "properties": {"k": "area", "s": "grass"}, "geometry": {"type": "Polygon", "coordinates": [[[-96.786874, 32.78727], [-96.786638, 32.787017], [-96.786418, 32.787162], [-96.786411, 32.787193], [-96.786429, 32.787222], [-96.786657, 32.787411], [-96.786874, 32.78727]]]}}, {"type": "Feature", "properties": {"k": "area", "s": "asphalt"}, "geometry": {"type": "Polygon", "coordinates": [[[-96.806791, 32.796843], [-96.806574, 32.796667], [-96.806834, 32.796441], [-96.807051, 32.796617], [-96.806791, 32.796843]]]}}, {"type": "Feature", "properties": {"k": "area", "s": "asphalt"}, "geometry": {"type": "Polygon", "coordinates": [[[-96.807165, 32.798519], [-96.806998, 32.79838], [-96.807333, 32.798097], [-96.8075, 32.798237], [-96.807165, 32.798519]]]}}, {"type": "Feature", "properties": {"k": "area", "s": "asphalt"}, "geometry": {"type": "Polygon", "coordinates": [[[-96.813924, 32.795009], [-96.814073, 32.795491], [-96.81396, 32.79552], [-96.813915, 32.795459], [-96.813922, 32.795448], [-96.813888, 32.795334], [-96.813828, 32.795348], [-96.813811, 32.795257], [-96.813793, 32.795259], [-96.813762, 32.795228], [-96.813733, 32.795248], [-96.813684, 32.795189], [-96.813715, 32.795164], [-96.813677, 32.795132], [-96.813748, 32.795082], [-96.813806, 32.795045], [-96.81387, 32.795024], [-96.813924, 32.795009]]]}}, {"type": "Feature", "properties": {"k": "area", "s": "asphalt"}, "geometry": {"type": "Polygon", "coordinates": [[[-96.789471, 32.787305], [-96.78917, 32.787037], [-96.788988, 32.787182], [-96.789289, 32.78745], [-96.789471, 32.787305]]]}}, {"type": "Feature", "properties": {"k": "area", "s": "grass"}, "geometry": {"type": "Polygon", "coordinates": [[[-96.791072, 32.770411], [-96.790784, 32.77014], [-96.790595, 32.770283], [-96.790883, 32.770553], [-96.791072, 32.770411]]]}}, {"type": "Feature", "properties": {"k": "area", "s": "asphalt"}, "geometry": {"type": "Polygon", "coordinates": [[[-96.79884, 32.793141], [-96.798702, 32.793025], [-96.799043, 32.792739], [-96.799249, 32.792912], [-96.799138, 32.793006], [-96.799069, 32.792949], [-96.79884, 32.793141]]]}}, {"type": "Feature", "properties": {"k": "area", "s": "asphalt"}, "geometry": {"type": "Polygon", "coordinates": [[[-96.788859, 32.787186], [-96.788632, 32.786987], [-96.788393, 32.787172], [-96.788619, 32.787378], [-96.788859, 32.787186]]]}}, {"type": "Feature", "properties": {"k": "area", "s": "asphalt"}, "geometry": {"type": "Polygon", "coordinates": [[[-96.803497, 32.794914], [-96.803443, 32.794868], [-96.803097, 32.795153], [-96.803076, 32.79517], [-96.802947, 32.79506], [-96.803352, 32.794727], [-96.803534, 32.794883], [-96.803497, 32.794914]]]}}, {"type": "Feature", "properties": {"k": "area", "s": "asphalt", "name": "Parking Lot 57"}, "geometry": {"type": "Polygon", "coordinates": [[[-96.776046, 32.791428], [-96.775882, 32.791565], [-96.775889, 32.791571], [-96.775756, 32.791682], [-96.77575, 32.791677], [-96.77561, 32.791793], [-96.77549, 32.791692], [-96.775741, 32.791481], [-96.775733, 32.791475], [-96.775895, 32.79134], [-96.77593, 32.791369], [-96.775953, 32.79135], [-96.776046, 32.791428]]]}}, {"type": "Feature", "properties": {"k": "area", "s": "asphalt"}, "geometry": {"type": "Polygon", "coordinates": [[[-96.807934, 32.798614], [-96.807589, 32.798899], [-96.807391, 32.798729], [-96.80748, 32.798656], [-96.807525, 32.798694], [-96.807675, 32.79857], [-96.807708, 32.798598], [-96.807813, 32.798511], [-96.807934, 32.798614]]]}}, {"type": "Feature", "properties": {"k": "area", "s": "asphalt"}, "geometry": {"type": "Polygon", "coordinates": [[[-96.802701, 32.795143], [-96.802337, 32.794834], [-96.80238, 32.794798], [-96.80235, 32.794772], [-96.802444, 32.794693], [-96.802839, 32.795028], [-96.802701, 32.795143]]]}}, {"type": "Feature", "properties": {"k": "area", "s": "asphalt"}, "geometry": {"type": "Polygon", "coordinates": [[[-96.779071, 32.783496], [-96.778817, 32.783552], [-96.778726, 32.783244], [-96.778841, 32.783199], [-96.778979, 32.783158], [-96.779071, 32.783496]]]}}, {"type": "Feature", "properties": {"k": "area", "s": "asphalt"}, "geometry": {"type": "Polygon", "coordinates": [[[-96.796859, 32.774376], [-96.796687, 32.774196], [-96.797015, 32.773918], [-96.79715, 32.77401], [-96.796944, 32.774218], [-96.796948, 32.774307], [-96.796859, 32.774376]]]}}, {"type": "Feature", "properties": {"k": "area", "s": "asphalt"}, "geometry": {"type": "Polygon", "coordinates": [[[-96.799774, 32.781726], [-96.79947, 32.781791], [-96.799551, 32.782059], [-96.799596, 32.782049], [-96.799856, 32.781993], [-96.799774, 32.781726]]]}}, {"type": "Feature", "properties": {"k": "area", "s": "grass"}, "geometry": {"type": "Polygon", "coordinates": [[[-96.806553, 32.78587], [-96.806463, 32.785797], [-96.80596, 32.786243], [-96.805762, 32.786423], [-96.805779, 32.786441], [-96.805967, 32.786336], [-96.806159, 32.786207], [-96.806553, 32.78587]]]}}, {"type": "Feature", "properties": {"k": "area", "s": "asphalt"}, "geometry": {"type": "Polygon", "coordinates": [[[-96.799756, 32.792734], [-96.799507, 32.792527], [-96.799292, 32.79271], [-96.799495, 32.792879], [-96.799539, 32.792841], [-96.799585, 32.792879], [-96.799756, 32.792734]]]}}, {"type": "Feature", "properties": {"k": "area", "s": "paving"}, "geometry": {"type": "Polygon", "coordinates": [[[-96.806443, 32.786747], [-96.806543, 32.786617], [-96.806563, 32.786592], [-96.806536, 32.786577], [-96.806367, 32.786478], [-96.806371, 32.786438], [-96.806345, 32.786443], [-96.806309, 32.78645], [-96.806225, 32.786465], [-96.806213, 32.786467], [-96.80619, 32.786488], [-96.806172, 32.786521], [-96.806172, 32.786649], [-96.806182, 32.78669], [-96.806199, 32.78672], [-96.806223, 32.786734], [-96.806297, 32.786744], [-96.806346, 32.786746], [-96.806437, 32.786748], [-96.806443, 32.786747]]]}}, {"type": "Feature", "properties": {"k": "area", "s": "asphalt"}, "geometry": {"type": "Polygon", "coordinates": [[[-96.801064, 32.779351], [-96.801155, 32.779332], [-96.801219, 32.779319], [-96.801069, 32.77881], [-96.800908, 32.778842], [-96.801064, 32.779351]]]}}, {"type": "Feature", "properties": {"k": "area", "s": "asphalt"}, "geometry": {"type": "Polygon", "coordinates": [[[-96.80937, 32.795106], [-96.809252, 32.795002], [-96.808775, 32.795388], [-96.808858, 32.795461], [-96.809042, 32.795311], [-96.809078, 32.795343], [-96.80937, 32.795106]]]}}, {"type": "Feature", "properties": {"k": "area", "s": "asphalt"}, "geometry": {"type": "Polygon", "coordinates": [[[-96.777663, 32.783182], [-96.777584, 32.782897], [-96.777304, 32.782952], [-96.777383, 32.783237], [-96.777663, 32.783182]]]}}, {"type": "Feature", "properties": {"k": "area", "s": "asphalt"}, "geometry": {"type": "Polygon", "coordinates": [[[-96.788632, 32.786987], [-96.788423, 32.786797], [-96.788184, 32.786982], [-96.788393, 32.787172], [-96.788632, 32.786987]]]}}, {"type": "Feature", "properties": {"k": "area", "s": "asphalt"}, "geometry": {"type": "Polygon", "coordinates": [[[-96.777649, 32.766348], [-96.777706, 32.766395], [-96.778045, 32.766107], [-96.777831, 32.765929], [-96.777692, 32.766047], [-96.777743, 32.76609], [-96.777688, 32.766137], [-96.777688, 32.766194], [-96.77776, 32.766254], [-96.777649, 32.766348]]]}}, {"type": "Feature", "properties": {"k": "area", "s": "asphalt"}, "geometry": {"type": "Polygon", "coordinates": [[[-96.8036, 32.797147], [-96.803492, 32.797236], [-96.803375, 32.797136], [-96.803137, 32.797331], [-96.803029, 32.797239], [-96.803375, 32.796954], [-96.8036, 32.797147]]]}}, {"type": "Feature", "properties": {"k": "area", "s": "grass"}, "geometry": {"type": "Polygon", "coordinates": [[[-96.798811, 32.79589], [-96.798679, 32.796], [-96.798656, 32.79602], [-96.798679, 32.79604], [-96.798703, 32.79602], [-96.799052, 32.796315], [-96.799184, 32.796204], [-96.798811, 32.79589]]]}}, {"type": "Feature", "properties": {"k": "area", "s": "asphalt"}, "geometry": {"type": "Polygon", "coordinates": [[[-96.793282, 32.781005], [-96.792959, 32.781073], [-96.792887, 32.780831], [-96.79321, 32.780763], [-96.793282, 32.781005]]]}}, {"type": "Feature", "properties": {"k": "area", "s": "grass"}, "geometry": {"type": "Polygon", "coordinates": [[[-96.807708, 32.776957], [-96.807763, 32.776976], [-96.807837, 32.77701], [-96.808125, 32.777156], [-96.807998, 32.777133], [-96.807939, 32.777133], [-96.807807, 32.777159], [-96.807799, 32.777133], [-96.807499, 32.777201], [-96.807475, 32.777114], [-96.807484, 32.777067], [-96.807509, 32.777024], [-96.807548, 32.776989], [-96.807597, 32.776965], [-96.807652, 32.776954], [-96.807708, 32.776957]]]}}, {"type": "Feature", "properties": {"k": "area", "s": "grass"}, "geometry": {"type": "Polygon", "coordinates": [[[-96.792204, 32.773771], [-96.791943, 32.77355], [-96.791698, 32.773747], [-96.791489, 32.77383], [-96.791666, 32.773833], [-96.792204, 32.773771]]]}}, {"type": "Feature", "properties": {"k": "area", "s": "asphalt"}, "geometry": {"type": "Polygon", "coordinates": [[[-96.792787, 32.78155], [-96.792711, 32.781566], [-96.792718, 32.781596], [-96.792444, 32.78165], [-96.792383, 32.781425], [-96.792731, 32.781348], [-96.792787, 32.78155]]]}}, {"type": "Feature", "properties": {"k": "area", "s": "paving"}, "geometry": {"type": "Polygon", "coordinates": [[[-96.793366, 32.79859], [-96.793372, 32.798811], [-96.793354, 32.798847], [-96.793322, 32.798844], [-96.792759, 32.798374], [-96.792757, 32.798336], [-96.792761, 32.798324], [-96.792773, 32.798323], [-96.792906, 32.79841], [-96.793158, 32.79856], [-96.793259, 32.798603], [-96.793325, 32.798605], [-96.793366, 32.79859]]]}}, {"type": "Feature", "properties": {"k": "area", "s": "asphalt"}, "geometry": {"type": "Polygon", "coordinates": [[[-96.783428, 32.784332], [-96.783127, 32.78439], [-96.783197, 32.784648], [-96.783499, 32.78459], [-96.783428, 32.784332]]]}}, {"type": "Feature", "properties": {"k": "area", "s": "asphalt"}, "geometry": {"type": "Polygon", "coordinates": [[[-96.790136, 32.776122], [-96.789974, 32.775979], [-96.790264, 32.775746], [-96.790361, 32.77583], [-96.790382, 32.775813], [-96.790448, 32.775872], [-96.790136, 32.776122]]]}}, {"type": "Feature", "properties": {"k": "area", "s": "grass"}, "geometry": {"type": "Polygon", "coordinates": [[[-96.785501, 32.772464], [-96.785483, 32.772482], [-96.785504, 32.772497], [-96.785226, 32.772774], [-96.785395, 32.772891], [-96.785439, 32.772886], [-96.785641, 32.772581], [-96.785644, 32.772569], [-96.785616, 32.772537], [-96.785501, 32.772464]]]}}, {"type": "Feature", "properties": {"k": "area", "s": "gravel", "name": "Exall Diamond"}, "geometry": {"type": "Polygon", "coordinates": [[[-96.785209, 32.79345], [-96.785022, 32.79325], [-96.785096, 32.793138], [-96.785215, 32.793116], [-96.785349, 32.793143], [-96.785429, 32.79327], [-96.785209, 32.79345]]]}}, {"type": "Feature", "properties": {"k": "area", "s": "asphalt"}, "geometry": {"type": "Polygon", "coordinates": [[[-96.80634, 32.800459], [-96.806117, 32.800638], [-96.805902, 32.800448], [-96.806126, 32.80027], [-96.80634, 32.800459]]]}}, {"type": "Feature", "properties": {"k": "area", "s": "turf"}, "geometry": {"type": "Polygon", "coordinates": [[[-96.787505, 32.776897], [-96.787278, 32.776947], [-96.787174, 32.776618], [-96.787402, 32.776567], [-96.787505, 32.776897]]]}}, {"type": "Feature", "properties": {"k": "area", "s": "asphalt"}, "geometry": {"type": "Polygon", "coordinates": [[[-96.789508, 32.768326], [-96.789174, 32.768598], [-96.789032, 32.768475], [-96.789365, 32.768202], [-96.789508, 32.768326]]]}}, {"type": "Feature", "properties": {"k": "area", "s": "asphalt"}, "geometry": {"type": "Polygon", "coordinates": [[[-96.807188, 32.797061], [-96.807405, 32.796887], [-96.807188, 32.796696], [-96.806971, 32.79687], [-96.807188, 32.797061]]]}}, {"type": "Feature", "properties": {"k": "area", "s": "paving"}, "geometry": {"type": "Polygon", "coordinates": [[[-96.793369, 32.799176], [-96.792808, 32.798706], [-96.792792, 32.798703], [-96.792794, 32.79873], [-96.792808, 32.798998], [-96.792858, 32.798983], [-96.792916, 32.798978], [-96.792952, 32.798989], [-96.793337, 32.799213], [-96.793359, 32.799221], [-96.793371, 32.79922], [-96.79337, 32.799198], [-96.793369, 32.799176]]]}}, {"type": "Feature", "properties": {"k": "area", "s": "asphalt"}, "geometry": {"type": "Polygon", "coordinates": [[[-96.786035, 32.784737], [-96.785875, 32.784615], [-96.785836, 32.784648], [-96.785818, 32.78463], [-96.785782, 32.784502], [-96.78576, 32.784417], [-96.785737, 32.784341], [-96.785609, 32.784368], [-96.785695, 32.784689], [-96.785829, 32.784798], [-96.785856, 32.784774], [-96.785926, 32.784831], [-96.786035, 32.784737]]]}}, {"type": "Feature", "properties": {"k": "area", "s": "asphalt"}, "geometry": {"type": "Polygon", "coordinates": [[[-96.777811, 32.783755], [-96.777746, 32.783495], [-96.777456, 32.783546], [-96.777521, 32.783807], [-96.777811, 32.783755]]]}}, {"type": "Feature", "properties": {"k": "area", "s": "grass"}, "geometry": {"type": "Polygon", "coordinates": [[[-96.80194, 32.789229], [-96.801758, 32.789076], [-96.801698, 32.789126], [-96.801501, 32.789292], [-96.801683, 32.789445], [-96.80194, 32.789229]]]}}, {"type": "Feature", "properties": {"k": "area", "s": "grass"}, "geometry": {"type": "Polygon", "coordinates": [[[-96.806408, 32.792194], [-96.806165, 32.791994], [-96.806357, 32.79183], [-96.8066, 32.79203], [-96.806408, 32.792194]]]}}, {"type": "Feature", "properties": {"k": "area", "s": "asphalt"}, "geometry": {"type": "Polygon", "coordinates": [[[-96.788039, 32.786851], [-96.787783, 32.786624], [-96.787602, 32.786769], [-96.787858, 32.786995], [-96.788039, 32.786851]]]}}, {"type": "Feature", "properties": {"k": "area", "s": "asphalt"}, "geometry": {"type": "Polygon", "coordinates": [[[-96.801502, 32.798049], [-96.801408, 32.798344], [-96.801316, 32.798323], [-96.801457, 32.797885], [-96.801726, 32.797945], [-96.801707, 32.798004], [-96.801789, 32.798023], [-96.801762, 32.798108], [-96.801502, 32.798049]]]}}, {"type": "Feature", "properties": {"k": "area", "s": "paving"}, "geometry": {"type": "Polygon", "coordinates": [[[-96.796631, 32.777027], [-96.797127, 32.777112], [-96.797109, 32.777152], [-96.797093, 32.777173], [-96.797081, 32.777188], [-96.797046, 32.777218], [-96.797004, 32.777242], [-96.796957, 32.777259], [-96.796907, 32.777268], [-96.796856, 32.777267], [-96.796806, 32.777259], [-96.79676, 32.777242], [-96.796754, 32.777239], [-96.796718, 32.777218], [-96.796683, 32.777187], [-96.796656, 32.777151], [-96.796638, 32.777112], [-96.796629, 32.77707], [-96.796631, 32.777027]]]}}, {"type": "Feature", "properties": {"k": "area", "s": "grass"}, "geometry": {"type": "Polygon", "coordinates": [[[-96.78015, 32.795007], [-96.779879, 32.794778], [-96.779712, 32.794921], [-96.77998, 32.795149], [-96.78015, 32.795007]]]}}, {"type": "Feature", "properties": {"k": "area", "s": "asphalt"}, "geometry": {"type": "Polygon", "coordinates": [[[-96.786582, 32.801719], [-96.786359, 32.8019], [-96.786157, 32.801723], [-96.786379, 32.801542], [-96.786582, 32.801719]]]}}, {"type": "Feature", "properties": {"k": "area", "s": "asphalt"}, "geometry": {"type": "Polygon", "coordinates": [[[-96.804258, 32.78295], [-96.804222, 32.782984], [-96.804183, 32.782952], [-96.804129, 32.782996], [-96.804167, 32.783033], [-96.804143, 32.783038], [-96.804121, 32.783049], [-96.804178, 32.783323], [-96.804259, 32.783311], [-96.804465, 32.783144], [-96.804258, 32.78295]]]}}, {"type": "Feature", "properties": {"k": "area", "s": "asphalt"}, "geometry": {"type": "Polygon", "coordinates": [[[-96.803133, 32.780013], [-96.803157, 32.780096], [-96.803616, 32.779996], [-96.803723, 32.779822], [-96.803211, 32.779931], [-96.803229, 32.779992], [-96.803133, 32.780013]]]}}, {"type": "Feature", "properties": {"k": "area", "s": "asphalt"}, "geometry": {"type": "Polygon", "coordinates": [[[-96.79277, 32.775197], [-96.79264, 32.775303], [-96.79227, 32.774983], [-96.792456, 32.774926], [-96.79277, 32.775197]]]}}, {"type": "Feature", "properties": {"k": "area", "s": "asphalt"}, "geometry": {"type": "Polygon", "coordinates": [[[-96.807467, 32.781178], [-96.807389, 32.780913], [-96.807125, 32.780969], [-96.807205, 32.781234], [-96.807467, 32.781178]]]}}, {"type": "Feature", "properties": {"k": "area", "s": "asphalt"}, "geometry": {"type": "Polygon", "coordinates": [[[-96.785113, 32.783495], [-96.784953, 32.783531], [-96.784875, 32.783282], [-96.784929, 32.78327], [-96.784841, 32.782993], [-96.784947, 32.782969], [-96.785113, 32.783495]]]}}, {"type": "Feature", "properties": {"k": "area", "s": "grass"}, "geometry": {"type": "Polygon", "coordinates": [[[-96.794128, 32.784115], [-96.794352, 32.784287], [-96.794034, 32.784542], [-96.79401, 32.784545], [-96.794004, 32.784527], [-96.794004, 32.784489], [-96.794056, 32.784301], [-96.794049, 32.784217], [-96.794046, 32.784187], [-96.79406, 32.784154], [-96.794075, 32.784133], [-96.794128, 32.784115]]]}}, {"type": "Feature", "properties": {"k": "area", "s": "asphalt"}, "geometry": {"type": "Polygon", "coordinates": [[[-96.781856, 32.784906], [-96.781585, 32.78496], [-96.781514, 32.784702], [-96.781785, 32.784649], [-96.781856, 32.784906]]]}}, {"type": "Feature", "properties": {"k": "area", "s": "asphalt"}, "geometry": {"type": "Polygon", "coordinates": [[[-96.780584, 32.76949], [-96.780316, 32.76918], [-96.780161, 32.769274], [-96.780184, 32.769301], [-96.780429, 32.769585], [-96.780584, 32.76949]]]}}, {"type": "Feature", "properties": {"k": "area", "s": "concrete"}, "geometry": {"type": "Polygon", "coordinates": [[[-96.788273, 32.788542], [-96.788212, 32.788543], [-96.788159, 32.788544], [-96.788148, 32.788536], [-96.788143, 32.788536], [-96.788105, 32.788569], [-96.787871, 32.788367], [-96.78791, 32.788333], [-96.787909, 32.788331], [-96.787907, 32.788329], [-96.787862, 32.788291], [-96.787891, 32.788266], [-96.787962, 32.788206], [-96.788314, 32.788511], [-96.788273, 32.788542]]]}}, {"type": "Feature", "properties": {"k": "area", "s": "gravel"}, "geometry": {"type": "Polygon", "coordinates": [[[-96.775155, 32.771514], [-96.775062, 32.771417], [-96.775595, 32.771002], [-96.775662, 32.771047], [-96.775155, 32.771514]]]}}, {"type": "Feature", "properties": {"k": "area", "s": "asphalt"}, "geometry": {"type": "Polygon", "coordinates": [[[-96.78942, 32.775916], [-96.78908, 32.775625], [-96.788954, 32.77573], [-96.789294, 32.77602], [-96.78942, 32.775916]]]}}, {"type": "Feature", "properties": {"k": "area", "s": "asphalt"}, "geometry": {"type": "Polygon", "coordinates": [[[-96.792415, 32.782454], [-96.792135, 32.782514], [-96.792063, 32.782274], [-96.792343, 32.782214], [-96.792415, 32.782454]]]}}, {"type": "Feature", "properties": {"k": "area", "s": "water"}, "geometry": {"type": "Polygon", "coordinates": [[[-96.802172, 32.785105], [-96.801868, 32.785014], [-96.801786, 32.785064], [-96.801757, 32.785038], [-96.80203, 32.784805], [-96.802272, 32.785023], [-96.802172, 32.785105]]]}}, {"type": "Feature", "properties": {"k": "area", "s": "grass", "name": "Rosa Parks Plaza"}, "geometry": {"type": "Polygon", "coordinates": [[[-96.804222, 32.7809], [-96.804125, 32.780556], [-96.80432, 32.780517], [-96.804417, 32.780861], [-96.804222, 32.7809]]]}}, {"type": "Feature", "properties": {"k": "area", "s": "grass"}, "geometry": {"type": "Polygon", "coordinates": [[[-96.797664, 32.790165], [-96.797434, 32.790352], [-96.797617, 32.790511], [-96.797847, 32.790324], [-96.797664, 32.790165]]]}}, {"type": "Feature", "properties": {"k": "area", "s": "asphalt"}, "geometry": {"type": "Polygon", "coordinates": [[[-96.802592, 32.797227], [-96.802435, 32.797072], [-96.802319, 32.797481], [-96.80251, 32.797519], [-96.802592, 32.797227]]]}}, {"type": "Feature", "properties": {"k": "area", "s": "grass", "name": "Deep Ellum Urban Gardens"}, "geometry": {"type": "Polygon", "coordinates": [[[-96.786307, 32.781326], [-96.786148, 32.781376], [-96.786079, 32.781459], [-96.785993, 32.781454], [-96.786006, 32.781209], [-96.786083, 32.781114], [-96.786225, 32.781143], [-96.786307, 32.781326]]]}}, {"type": "Feature", "properties": {"k": "area", "s": "grass"}, "geometry": {"type": "Polygon", "coordinates": [[[-96.807484, 32.791553], [-96.8075, 32.791536], [-96.807581, 32.791465], [-96.80763, 32.791417], [-96.807668, 32.791373], [-96.807712, 32.791305], [-96.807744, 32.791237], [-96.807748, 32.79121], [-96.80775, 32.791174], [-96.807749, 32.791095], [-96.807742, 32.791045], [-96.807731, 32.791142], [-96.807712, 32.791215], [-96.807682, 32.791286], [-96.807657, 32.791332], [-96.807626, 32.791376], [-96.807592, 32.791418], [-96.807465, 32.791523], [-96.807135, 32.791795], [-96.807363, 32.791989], [-96.807354, 32.791932], [-96.807352, 32.791874], [-96.807358, 32.791816], [-96.80737, 32.791759], [-96.807389, 32.791704], [-96.807414, 32.791651], [-96.807446, 32.791601], [-96.807484, 32.791553]]]}}, {"type": "Feature", "properties": {"k": "area", "s": "asphalt"}, "geometry": {"type": "Polygon", "coordinates": [[[-96.78484, 32.784803], [-96.784759, 32.784531], [-96.784523, 32.78458], [-96.784602, 32.784855], [-96.78484, 32.784803]]]}}, {"type": "Feature", "properties": {"k": "area", "s": "paving"}, "geometry": {"type": "Polygon", "coordinates": [[[-96.801479, 32.780766], [-96.801262, 32.780807], [-96.801234, 32.780702], [-96.801212, 32.780618], [-96.801324, 32.780597], [-96.801261, 32.78036], [-96.801365, 32.780341], [-96.801443, 32.780633], [-96.801479, 32.780766]]]}}, {"type": "Feature", "properties": {"k": "area", "s": "asphalt"}, "geometry": {"type": "Polygon", "coordinates": [[[-96.7791, 32.799374], [-96.779284, 32.799529], [-96.779068, 32.799711], [-96.778883, 32.799556], [-96.7791, 32.799374]]]}}, {"type": "Feature", "properties": {"k": "area", "s": "asphalt"}, "geometry": {"type": "Polygon", "coordinates": [[[-96.806346, 32.801142], [-96.805963, 32.801236], [-96.806018, 32.801396], [-96.806402, 32.801302], [-96.806346, 32.801142]]]}}, {"type": "Feature", "properties": {"k": "area", "s": "asphalt"}, "geometry": {"type": "Polygon", "coordinates": [[[-96.793549, 32.769797], [-96.793282, 32.770017], [-96.793137, 32.769893], [-96.793404, 32.769673], [-96.793549, 32.769797]]]}}, {"type": "Feature", "properties": {"k": "area", "s": "asphalt"}, "geometry": {"type": "Polygon", "coordinates": [[[-96.80231, 32.797498], [-96.802244, 32.797798], [-96.802438, 32.797846], [-96.802511, 32.797598], [-96.802501, 32.797596], [-96.802517, 32.797541], [-96.80231, 32.797498]]]}}, {"type": "Feature", "properties": {"k": "area", "s": "asphalt"}, "geometry": {"type": "Polygon", "coordinates": [[[-96.787336, 32.786278], [-96.787061, 32.786047], [-96.786923, 32.786163], [-96.787198, 32.786394], [-96.787336, 32.786278]]]}}, {"type": "Feature", "properties": {"k": "area", "s": "asphalt"}, "geometry": {"type": "Polygon", "coordinates": [[[-96.784849, 32.78199], [-96.784533, 32.782054], [-96.784589, 32.782252], [-96.784834, 32.782203], [-96.784824, 32.782167], [-96.784895, 32.782153], [-96.784849, 32.78199]]]}}, {"type": "Feature", "properties": {"k": "area", "s": "asphalt"}, "geometry": {"type": "Polygon", "coordinates": [[[-96.781446, 32.783951], [-96.781441, 32.783936], [-96.781374, 32.783693], [-96.78114, 32.783738], [-96.781211, 32.783995], [-96.781296, 32.78398], [-96.781446, 32.783951]]]}}, {"type": "Feature", "properties": {"k": "area", "s": "asphalt"}, "geometry": {"type": "Polygon", "coordinates": [[[-96.807913, 32.767104], [-96.807734, 32.76706], [-96.807627, 32.767373], [-96.8078, 32.767438], [-96.807913, 32.767104]]]}}, {"type": "Feature", "properties": {"k": "area", "s": "concrete"}, "geometry": {"type": "Polygon", "coordinates": [[[-96.778914, 32.790757], [-96.779306, 32.790434], [-96.779324, 32.790419], [-96.779232, 32.79034], [-96.779208, 32.79032], [-96.779033, 32.790465], [-96.779076, 32.790501], [-96.778841, 32.790695], [-96.778866, 32.790716], [-96.778914, 32.790757]]]}}, {"type": "Feature", "properties": {"k": "area", "s": "asphalt"}, "geometry": {"type": "Polygon", "coordinates": [[[-96.786125, 32.783798], [-96.78604, 32.783544], [-96.78628, 32.783495], [-96.786352, 32.783744], [-96.786125, 32.783798]]]}}, {"type": "Feature", "properties": {"k": "area", "s": "asphalt"}, "geometry": {"type": "Polygon", "coordinates": [[[-96.79468, 32.779996], [-96.79463, 32.779827], [-96.794283, 32.779899], [-96.794333, 32.780069], [-96.79468, 32.779996]]]}}, {"type": "Feature", "properties": {"k": "area", "s": "asphalt"}, "geometry": {"type": "Polygon", "coordinates": [[[-96.792288, 32.782001], [-96.792053, 32.782052], [-96.791978, 32.781805], [-96.792213, 32.781754], [-96.792288, 32.782001]]]}}, {"type": "Feature", "properties": {"k": "area", "s": "asphalt"}, "geometry": {"type": "Polygon", "coordinates": [[[-96.786378, 32.767465], [-96.786556, 32.767312], [-96.78655, 32.767283], [-96.786329, 32.767131], [-96.786188, 32.767256], [-96.786242, 32.767303], [-96.786254, 32.767297], [-96.786303, 32.767341], [-96.786274, 32.76737], [-96.786378, 32.767465]]]}}, {"type": "Feature", "properties": {"k": "area", "s": "asphalt"}, "geometry": {"type": "Polygon", "coordinates": [[[-96.792208, 32.780406], [-96.792057, 32.78022], [-96.791853, 32.780344], [-96.791879, 32.780372], [-96.791959, 32.780459], [-96.792027, 32.780535], [-96.792047, 32.780542], [-96.79206, 32.780542], [-96.792097, 32.780532], [-96.79211, 32.780524], [-96.792208, 32.780406]]]}}, {"type": "Feature", "properties": {"k": "area", "s": "asphalt"}, "geometry": {"type": "Polygon", "coordinates": [[[-96.787821, 32.783739], [-96.787588, 32.783788], [-96.78752, 32.78356], [-96.787588, 32.783547], [-96.787574, 32.783497], [-96.787677, 32.783477], [-96.78769, 32.783526], [-96.787756, 32.783515], [-96.787821, 32.783739]]]}}, {"type": "Feature", "properties": {"k": "area", "s": "asphalt"}, "geometry": {"type": "Polygon", "coordinates": [[[-96.779899, 32.799483], [-96.779994, 32.79956], [-96.779711, 32.799806], [-96.779817, 32.799892], [-96.779769, 32.799934], [-96.779568, 32.79977], [-96.779899, 32.799483]]]}}, {"type": "Feature", "properties": {"k": "area", "s": "asphalt"}, "geometry": {"type": "Polygon", "coordinates": [[[-96.790516, 32.775695], [-96.790231, 32.775455], [-96.790077, 32.775489], [-96.79024, 32.775627], [-96.790208, 32.775654], [-96.790386, 32.775804], [-96.790516, 32.775695]]]}}, {"type": "Feature", "properties": {"k": "area", "s": "asphalt"}, "geometry": {"type": "Polygon", "coordinates": [[[-96.802739, 32.797645], [-96.802511, 32.797598], [-96.802438, 32.797846], [-96.802666, 32.797894], [-96.802739, 32.797645]]]}}, {"type": "Feature", "properties": {"k": "area", "s": "grass"}, "geometry": {"type": "Polygon", "coordinates": [[[-96.781945, 32.787467], [-96.782046, 32.787382], [-96.782048, 32.787374], [-96.782045, 32.787357], [-96.782041, 32.787342], [-96.782037, 32.78734], [-96.782011, 32.787333], [-96.781712, 32.787264], [-96.781464, 32.787224], [-96.781415, 32.787216], [-96.781176, 32.787185], [-96.781177, 32.787198], [-96.781155, 32.787196], [-96.781143, 32.787195], [-96.781137, 32.787212], [-96.781109, 32.78727], [-96.781195, 32.787369], [-96.781167, 32.787449], [-96.781181, 32.787456], [-96.781238, 32.787406], [-96.78124, 32.787396], [-96.781235, 32.787379], [-96.781217, 32.78734], [-96.781145, 32.787212], [-96.781234, 32.787216], [-96.781353, 32.787238], [-96.78172, 32.787301], [-96.781961, 32.787358], [-96.781932, 32.787459], [-96.781885, 32.787453], [-96.78187, 32.787499], [-96.781746, 32.787472], [-96.78176, 32.787421], [-96.781659, 32.787402], [-96.781655, 32.787402], [-96.781649, 32.787405], [-96.78165, 32.787408], [-96.781659, 32.787416], [-96.781692, 32.787445], [-96.781825, 32.78757], [-96.781945, 32.787467]]]}}, {"type": "Feature", "properties": {"k": "area", "s": "grass"}, "geometry": {"type": "Polygon", "coordinates": [[[-96.78781, 32.785057], [-96.787907, 32.784903], [-96.787939, 32.784887], [-96.788202, 32.785088], [-96.788054, 32.785165], [-96.787964, 32.785168], [-96.78781, 32.785057]]]}}, {"type": "Feature", "properties": {"k": "area", "s": "grass"}, "geometry": {"type": "Polygon", "coordinates": [[[-96.797485, 32.795305], [-96.797791, 32.795049], [-96.797675, 32.794951], [-96.79737, 32.795207], [-96.797485, 32.795305]]]}}, {"type": "Feature", "properties": {"k": "area", "s": "asphalt"}, "geometry": {"type": "Polygon", "coordinates": [[[-96.807641, 32.799561], [-96.807358, 32.799315], [-96.807492, 32.799206], [-96.807744, 32.799425], [-96.807656, 32.799497], [-96.807687, 32.799524], [-96.807641, 32.799561]]]}}, {"type": "Feature", "properties": {"k": "area", "s": "asphalt"}, "geometry": {"type": "Polygon", "coordinates": [[[-96.785859, 32.787298], [-96.786056, 32.787157], [-96.78588, 32.786983], [-96.785683, 32.787123], [-96.785859, 32.787298]]]}}, {"type": "Feature", "properties": {"k": "area", "s": "asphalt"}, "geometry": {"type": "Polygon", "coordinates": [[[-96.792875, 32.769887], [-96.793006, 32.769783], [-96.792928, 32.769714], [-96.792939, 32.769706], [-96.792762, 32.769549], [-96.792621, 32.769662], [-96.792875, 32.769887]]]}}, {"type": "Feature", "properties": {"k": "area", "s": "grass"}, "geometry": {"type": "Polygon", "coordinates": [[[-96.780775, 32.794835], [-96.780777, 32.794999], [-96.780782, 32.795001], [-96.780787, 32.795041], [-96.780985, 32.795041], [-96.781037, 32.795042], [-96.781128, 32.79511], [-96.781178, 32.795068], [-96.780853, 32.794795], [-96.780829, 32.794787], [-96.780775, 32.794835]]]}}, {"type": "Feature", "properties": {"k": "area", "s": "asphalt"}, "geometry": {"type": "Polygon", "coordinates": [[[-96.781804, 32.784169], [-96.78159, 32.784212], [-96.781517, 32.78395], [-96.781731, 32.783908], [-96.781804, 32.784169]]]}}, {"type": "Feature", "properties": {"k": "area", "s": "asphalt"}, "geometry": {"type": "Polygon", "coordinates": [[[-96.781402, 32.783109], [-96.781445, 32.783253], [-96.781639, 32.783212], [-96.781647, 32.783236], [-96.781818, 32.783195], [-96.781772, 32.783039], [-96.781402, 32.783109]]]}}, {"type": "Feature", "properties": {"k": "area", "s": "asphalt"}, "geometry": {"type": "Polygon", "coordinates": [[[-96.780998, 32.783531], [-96.780904, 32.783201], [-96.780737, 32.783235], [-96.780831, 32.783565], [-96.780998, 32.783531]]]}}, {"type": "Feature", "properties": {"k": "area", "s": "asphalt"}, "geometry": {"type": "Polygon", "coordinates": [[[-96.800579, 32.782842], [-96.800539, 32.78263], [-96.800256, 32.782689], [-96.80032, 32.782886], [-96.800579, 32.782842]]]}}, {"type": "Feature", "properties": {"k": "area", "s": "paving"}, "geometry": {"type": "Polygon", "coordinates": [[[-96.801433, 32.789943], [-96.801016, 32.78956], [-96.801005, 32.789569], [-96.800993, 32.78958], [-96.801021, 32.789604], [-96.801052, 32.789629], [-96.801075, 32.789649], [-96.800987, 32.789723], [-96.801187, 32.789891], [-96.801221, 32.78992], [-96.80127, 32.789961], [-96.801307, 32.78993], [-96.801364, 32.789978], [-96.801378, 32.789989], [-96.801406, 32.789965], [-96.801433, 32.789943]]]}}, {"type": "Feature", "properties": {"k": "area", "s": "asphalt"}, "geometry": {"type": "Polygon", "coordinates": [[[-96.807929, 32.777314], [-96.807881, 32.777154], [-96.807522, 32.77723], [-96.807563, 32.777367], [-96.80769, 32.77734], [-96.807697, 32.777363], [-96.807929, 32.777314]]]}}, {"type": "Feature", "properties": {"k": "area", "s": "grass"}, "geometry": {"type": "Polygon", "coordinates": [[[-96.776307, 32.791826], [-96.775951, 32.792114], [-96.776004, 32.792161], [-96.77596, 32.792197], [-96.776264, 32.792461], [-96.776295, 32.792436], [-96.776348, 32.792482], [-96.776678, 32.792214], [-96.776653, 32.792192], [-96.776678, 32.792172], [-96.776759, 32.792106], [-96.776737, 32.792087], [-96.776781, 32.792051], [-96.77684, 32.792102], [-96.776309, 32.792533], [-96.775871, 32.79215], [-96.775874, 32.792147], [-96.776396, 32.791724], [-96.776437, 32.791759], [-96.77633, 32.791846], [-96.776307, 32.791826]]]}}, {"type": "Feature", "properties": {"k": "area", "s": "asphalt"}, "geometry": {"type": "Polygon", "coordinates": [[[-96.808577, 32.796819], [-96.808337, 32.796621], [-96.808424, 32.796547], [-96.808528, 32.796634], [-96.808636, 32.796542], [-96.80873, 32.796619], [-96.808704, 32.796641], [-96.808745, 32.796675], [-96.808577, 32.796819]]]}}, {"type": "Feature", "properties": {"k": "area", "s": "asphalt"}, "geometry": {"type": "Polygon", "coordinates": [[[-96.784303, 32.794353], [-96.784553, 32.794137], [-96.78442, 32.794023], [-96.784168, 32.794242], [-96.784303, 32.794353]]]}}, {"type": "Feature", "properties": {"k": "area", "s": "asphalt"}, "geometry": {"type": "Polygon", "coordinates": [[[-96.792715, 32.768948], [-96.792474, 32.76873], [-96.792333, 32.768841], [-96.792574, 32.769058], [-96.792715, 32.768948]]]}}, {"type": "Feature", "properties": {"k": "area", "s": "asphalt"}, "geometry": {"type": "Polygon", "coordinates": [[[-96.785482, 32.784208], [-96.785411, 32.783959], [-96.785194, 32.784003], [-96.785265, 32.784252], [-96.785482, 32.784208]]]}}, {"type": "Feature", "properties": {"k": "area", "s": "asphalt"}, "geometry": {"type": "Polygon", "coordinates": [[[-96.785766, 32.78744], [-96.785526, 32.78762], [-96.785386, 32.787487], [-96.785625, 32.787307], [-96.785766, 32.78744]]]}}, {"type": "Feature", "properties": {"k": "area", "s": "asphalt"}, "geometry": {"type": "Polygon", "coordinates": [[[-96.778605, 32.793588], [-96.778809, 32.793413], [-96.778643, 32.793277], [-96.77844, 32.793452], [-96.778605, 32.793588]]]}}, {"type": "Feature", "properties": {"k": "area", "s": "asphalt"}, "geometry": {"type": "Polygon", "coordinates": [[[-96.79624, 32.784266], [-96.796168, 32.784206], [-96.796098, 32.784147], [-96.796335, 32.783948], [-96.796477, 32.784067], [-96.79624, 32.784266]]]}}, {"type": "Feature", "properties": {"k": "area", "s": "asphalt"}, "geometry": {"type": "Polygon", "coordinates": [[[-96.812203, 32.797718], [-96.812258, 32.797549], [-96.812569, 32.79762], [-96.812514, 32.797789], [-96.812203, 32.797718]]]}}, {"type": "Feature", "properties": {"k": "area", "s": "asphalt"}, "geometry": {"type": "Polygon", "coordinates": [[[-96.805279, 32.797129], [-96.805031, 32.797333], [-96.804906, 32.797225], [-96.805202, 32.796982], [-96.80525, 32.797023], [-96.805202, 32.797063], [-96.805279, 32.797129]]]}}, {"type": "Feature", "properties": {"k": "area", "s": "asphalt"}, "geometry": {"type": "Polygon", "coordinates": [[[-96.792711, 32.781125], [-96.792497, 32.781173], [-96.79242, 32.780929], [-96.792634, 32.780881], [-96.792711, 32.781125]]]}}, {"type": "Feature", "properties": {"k": "area", "s": "asphalt"}, "geometry": {"type": "Polygon", "coordinates": [[[-96.780998, 32.783531], [-96.781157, 32.783499], [-96.781064, 32.783169], [-96.780904, 32.783201], [-96.780998, 32.783531]]]}}, {"type": "Feature", "properties": {"k": "area", "s": "grass"}, "geometry": {"type": "Polygon", "coordinates": [[[-96.80274, 32.801646], [-96.802839, 32.801488], [-96.80309, 32.801707], [-96.803032, 32.801754], [-96.803024, 32.801749], [-96.802996, 32.801769], [-96.803004, 32.801778], [-96.802944, 32.801826], [-96.80274, 32.801646]]]}}, {"type": "Feature", "properties": {"k": "area", "s": "asphalt"}, "geometry": {"type": "Polygon", "coordinates": [[[-96.779178, 32.79514], [-96.779488, 32.794869], [-96.779372, 32.794767], [-96.779213, 32.794908], [-96.779239, 32.79493], [-96.779091, 32.795066], [-96.779178, 32.79514]]]}}, {"type": "Feature", "properties": {"k": "area", "s": "asphalt"}, "geometry": {"type": "Polygon", "coordinates": [[[-96.776665, 32.777153], [-96.776504, 32.777039], [-96.776344, 32.776926], [-96.776218, 32.777048], [-96.776394, 32.777175], [-96.776446, 32.777124], [-96.77659, 32.777222], [-96.776665, 32.777153]]]}}, {"type": "Feature", "properties": {"k": "area", "s": "asphalt"}, "geometry": {"type": "Polygon", "coordinates": [[[-96.776576, 32.790499], [-96.776534, 32.790534], [-96.776482, 32.79049], [-96.776397, 32.79056], [-96.776158, 32.790355], [-96.776286, 32.79025], [-96.776576, 32.790499]]]}}, {"type": "Feature", "properties": {"k": "area", "s": "asphalt"}, "geometry": {"type": "Polygon", "coordinates": [[[-96.782357, 32.785289], [-96.782288, 32.785035], [-96.782086, 32.785075], [-96.782155, 32.785328], [-96.782357, 32.785289]]]}}, {"type": "Feature", "properties": {"k": "area", "s": "grass"}, "geometry": {"type": "Polygon", "coordinates": [[[-96.793561, 32.769522], [-96.793573, 32.769543], [-96.793592, 32.769561], [-96.793616, 32.769573], [-96.793643, 32.769579], [-96.793671, 32.769579], [-96.793696, 32.769573], [-96.793719, 32.769562], [-96.793737, 32.769545], [-96.793749, 32.769526], [-96.793756, 32.769505], [-96.793693, 32.769216], [-96.793648, 32.769224], [-96.793585, 32.769227], [-96.793561, 32.769522]]]}}, {"type": "Feature", "properties": {"k": "area", "s": "grass", "name": "San Jacinto Plaza"}, "geometry": {"type": "Polygon", "coordinates": [[[-96.799415, 32.785559], [-96.799233, 32.785399], [-96.799017, 32.78558], [-96.799113, 32.785656], [-96.799334, 32.785605], [-96.799415, 32.785559]]]}}, {"type": "Feature", "properties": {"k": "area", "s": "grass"}, "geometry": {"type": "Polygon", "coordinates": [[[-96.786642, 32.779628], [-96.786509, 32.779476], [-96.786734, 32.779337], [-96.786867, 32.779489], [-96.786642, 32.779628]]]}}, {"type": "Feature", "properties": {"k": "area", "s": "grass"}, "geometry": {"type": "Polygon", "coordinates": [[[-96.798941, 32.768653], [-96.799635, 32.769146], [-96.799665, 32.769116], [-96.799673, 32.769113], [-96.799678, 32.769118], [-96.799679, 32.769126], [-96.799679, 32.769134], [-96.799611, 32.769201], [-96.798899, 32.768695], [-96.798941, 32.768653]]]}}, {"type": "Feature", "properties": {"k": "area", "s": "water"}, "geometry": {"type": "Polygon", "coordinates": [[[-96.801879, 32.776578], [-96.801833, 32.776365], [-96.801821, 32.776367], [-96.801799, 32.776371], [-96.801784, 32.776369], [-96.801771, 32.776362], [-96.801741, 32.776249], [-96.801733, 32.776265], [-96.801707, 32.776286], [-96.801701, 32.776303], [-96.80171, 32.776326], [-96.801715, 32.776349], [-96.801708, 32.776367], [-96.801697, 32.7764], [-96.801694, 32.776432], [-96.801697, 32.776456], [-96.801689, 32.776485], [-96.801683, 32.776512], [-96.801652, 32.776572], [-96.801654, 32.776643], [-96.801833, 32.776629], [-96.801838, 32.776612], [-96.801847, 32.776598], [-96.801861, 32.776586], [-96.801879, 32.776578]]]}}, {"type": "Feature", "properties": {"k": "area", "s": "asphalt"}, "geometry": {"type": "Polygon", "coordinates": [[[-96.805963, 32.780417], [-96.805982, 32.780414], [-96.806143, 32.78038], [-96.806068, 32.780125], [-96.806063, 32.78011], [-96.805883, 32.780148], [-96.805963, 32.780417]]]}}, {"type": "Feature", "properties": {"k": "area", "s": "asphalt"}, "geometry": {"type": "Polygon", "coordinates": [[[-96.805695, 32.779124], [-96.805632, 32.778898], [-96.805847, 32.778856], [-96.805886, 32.778995], [-96.80591, 32.779081], [-96.805695, 32.779124]]]}}, {"type": "Feature", "properties": {"k": "area", "s": "asphalt"}, "geometry": {"type": "Polygon", "coordinates": [[[-96.791301, 32.782214], [-96.791506, 32.782169], [-96.791434, 32.781936], [-96.791229, 32.781981], [-96.791301, 32.782214]]]}}, {"type": "Feature", "properties": {"k": "area", "s": "asphalt"}, "geometry": {"type": "Polygon", "coordinates": [[[-96.801424, 32.802459], [-96.801251, 32.80238], [-96.801397, 32.802153], [-96.801569, 32.802232], [-96.801424, 32.802459]]]}}, {"type": "Feature", "properties": {"k": "area", "s": "asphalt"}, "geometry": {"type": "Polygon", "coordinates": [[[-96.785293, 32.782268], [-96.78498, 32.782087], [-96.784901, 32.782125], [-96.784962, 32.782337], [-96.785293, 32.782268]]]}}, {"type": "Feature", "properties": {"k": "area", "s": "dirt"}, "geometry": {"type": "Polygon", "coordinates": [[[-96.783661, 32.801053], [-96.78354, 32.80095], [-96.783784, 32.800748], [-96.783906, 32.800852], [-96.783661, 32.801053]]]}}, {"type": "Feature", "properties": {"k": "area", "s": "asphalt"}, "geometry": {"type": "Polygon", "coordinates": [[[-96.781618, 32.782988], [-96.781468, 32.783019], [-96.781378, 32.782709], [-96.781528, 32.782678], [-96.781618, 32.782988]]]}}, {"type": "Feature", "properties": {"k": "area", "s": "paving"}, "geometry": {"type": "Polygon", "coordinates": [[[-96.802519, 32.78126], [-96.802159, 32.781334], [-96.802121, 32.781211], [-96.802053, 32.780984], [-96.802083, 32.780978], [-96.802149, 32.781191], [-96.802192, 32.781182], [-96.802281, 32.781056], [-96.802352, 32.78109], [-96.802265, 32.781215], [-96.802277, 32.781254], [-96.802506, 32.781211], [-96.802519, 32.78126]]]}}, {"type": "Feature", "properties": {"k": "area", "s": "asphalt"}, "geometry": {"type": "Polygon", "coordinates": [[[-96.782896, 32.785191], [-96.782828, 32.784944], [-96.782641, 32.78498], [-96.782708, 32.785227], [-96.782896, 32.785191]]]}}, {"type": "Feature", "properties": {"k": "area", "s": "asphalt"}, "geometry": {"type": "Polygon", "coordinates": [[[-96.805324, 32.790008], [-96.805138, 32.789999], [-96.805159, 32.789716], [-96.805265, 32.789722], [-96.80526, 32.789781], [-96.80534, 32.789786], [-96.805324, 32.790008]]]}}, {"type": "Feature", "properties": {"k": "area", "s": "asphalt"}, "geometry": {"type": "Polygon", "coordinates": [[[-96.781926, 32.783671], [-96.78168, 32.783716], [-96.781721, 32.783876], [-96.781605, 32.783897], [-96.781544, 32.783663], [-96.781906, 32.783596], [-96.781926, 32.783671]]]}}, {"type": "Feature", "properties": {"k": "area", "s": "asphalt"}, "geometry": {"type": "Polygon", "coordinates": [[[-96.77967, 32.794832], [-96.779362, 32.794571], [-96.779453, 32.794493], [-96.779759, 32.794753], [-96.77967, 32.794832]]]}}, {"type": "Feature", "properties": {"k": "area", "s": "grass"}, "geometry": {"type": "Polygon", "coordinates": [[[-96.786982, 32.784762], [-96.786934, 32.784715], [-96.786884, 32.784666], [-96.786845, 32.784621], [-96.786799, 32.784562], [-96.78677, 32.784524], [-96.786741, 32.784477], [-96.786716, 32.784429], [-96.786688, 32.784374], [-96.786659, 32.784306], [-96.78665, 32.784287], [-96.786638, 32.78426], [-96.786623, 32.784223], [-96.786618, 32.784212], [-96.786625, 32.784203], [-96.786636, 32.7842], [-96.786644, 32.7842], [-96.786651, 32.784203], [-96.786672, 32.784245], [-96.786696, 32.784296], [-96.786732, 32.784363], [-96.786811, 32.784479], [-96.786838, 32.784512], [-96.786894, 32.784576], [-96.786961, 32.784642], [-96.787057, 32.784718], [-96.787135, 32.784769], [-96.787305, 32.784866], [-96.787104, 32.784794], [-96.786982, 32.784762]]]}}, {"type": "Feature", "properties": {"k": "area", "s": "paving"}, "geometry": {"type": "Polygon", "coordinates": [[[-96.794735, 32.78647], [-96.794956, 32.786468], [-96.7952, 32.786466], [-96.795201, 32.786498], [-96.795222, 32.786479], [-96.795087, 32.786369], [-96.794965, 32.78627], [-96.794849, 32.78637], [-96.794735, 32.78647]]]}}, {"type": "Feature", "properties": {"k": "area", "s": "asphalt"}, "geometry": {"type": "Polygon", "coordinates": [[[-96.800352, 32.793087], [-96.80004, 32.793066], [-96.800056, 32.792897], [-96.800269, 32.792911], [-96.800263, 32.792972], [-96.800362, 32.792978], [-96.800352, 32.793087]]]}}, {"type": "Feature", "properties": {"k": "area", "s": "asphalt"}, "geometry": {"type": "Polygon", "coordinates": [[[-96.781394, 32.785378], [-96.781425, 32.785489], [-96.781586, 32.785458], [-96.781547, 32.785317], [-96.78151, 32.785182], [-96.781348, 32.785214], [-96.781394, 32.785378]]]}}, {"type": "Feature", "properties": {"k": "area", "s": "grass"}, "geometry": {"type": "Polygon", "coordinates": [[[-96.806614, 32.793472], [-96.807212, 32.793973], [-96.807166, 32.794012], [-96.806568, 32.793511], [-96.806614, 32.793472]]]}}, {"type": "Feature", "properties": {"k": "area", "s": "paving"}, "geometry": {"type": "Polygon", "coordinates": [[[-96.813634, 32.778088], [-96.813649, 32.778086], [-96.813686, 32.778075], [-96.813721, 32.778049], [-96.813738, 32.778027], [-96.813749, 32.777998], [-96.813745, 32.777969], [-96.813735, 32.777935], [-96.813703, 32.777828], [-96.813684, 32.777778], [-96.813654, 32.777746], [-96.813616, 32.77773], [-96.813582, 32.777727], [-96.813545, 32.777734], [-96.813531, 32.777736], [-96.813608, 32.777997], [-96.813634, 32.778088]]]}}, {"type": "Feature", "properties": {"k": "area", "s": "asphalt"}, "geometry": {"type": "Polygon", "coordinates": [[[-96.806441, 32.801521], [-96.806473, 32.801634], [-96.806072, 32.801746], [-96.806093, 32.801819], [-96.806602, 32.801648], [-96.806533, 32.801486], [-96.806441, 32.801521]]]}}, {"type": "Feature", "properties": {"k": "area", "s": "asphalt"}, "geometry": {"type": "Polygon", "coordinates": [[[-96.782927, 32.783672], [-96.782854, 32.783406], [-96.782691, 32.783438], [-96.782727, 32.783571], [-96.782763, 32.783703], [-96.782927, 32.783672]]]}}, {"type": "Feature", "properties": {"k": "area", "s": "asphalt"}, "geometry": {"type": "Polygon", "coordinates": [[[-96.779628, 32.797598], [-96.779912, 32.797364], [-96.779991, 32.797431], [-96.779646, 32.797714], [-96.779568, 32.797647], [-96.779628, 32.797598]]]}}, {"type": "Feature", "properties": {"k": "area", "s": "water"}, "geometry": {"type": "Polygon", "coordinates": [[[-96.802999, 32.785041], [-96.803178, 32.784901], [-96.802769, 32.784546], [-96.802746, 32.784565], [-96.803006, 32.784786], [-96.802914, 32.784862], [-96.802995, 32.784932], [-96.802932, 32.784984], [-96.802999, 32.785041]]]}}, {"type": "Feature", "properties": {"k": "area", "s": "asphalt"}, "geometry": {"type": "Polygon", "coordinates": [[[-96.77961, 32.784297], [-96.779536, 32.78403], [-96.779377, 32.784061], [-96.779451, 32.784328], [-96.77961, 32.784297]]]}}, {"type": "Feature", "properties": {"k": "area", "s": "asphalt"}, "geometry": {"type": "Polygon", "coordinates": [[[-96.781618, 32.782988], [-96.781528, 32.782678], [-96.781666, 32.78265], [-96.781752, 32.782959], [-96.781618, 32.782988]]]}}, {"type": "Feature", "properties": {"k": "area", "s": "asphalt"}, "geometry": {"type": "Polygon", "coordinates": [[[-96.801691, 32.775863], [-96.801611, 32.775534], [-96.801483, 32.775556], [-96.801562, 32.775885], [-96.801691, 32.775863]]]}}, {"type": "Feature", "properties": {"k": "area", "s": "asphalt"}, "geometry": {"type": "Polygon", "coordinates": [[[-96.779541, 32.797681], [-96.779555, 32.79767], [-96.779633, 32.797737], [-96.7793, 32.798011], [-96.779222, 32.797944], [-96.779541, 32.797681]]]}}, {"type": "Feature", "properties": {"k": "area", "s": "asphalt"}, "geometry": {"type": "Polygon", "coordinates": [[[-96.802912, 32.795605], [-96.803129, 32.795421], [-96.80301, 32.795321], [-96.802792, 32.795505], [-96.802912, 32.795605]]]}}, {"type": "Feature", "properties": {"k": "area", "s": "asphalt"}, "geometry": {"type": "Polygon", "coordinates": [[[-96.778193, 32.784908], [-96.778344, 32.784877], [-96.778265, 32.784605], [-96.778114, 32.784636], [-96.778193, 32.784908]]]}}, {"type": "Feature", "properties": {"k": "area", "s": "grass"}, "geometry": {"type": "Polygon", "coordinates": [[[-96.799787, 32.769255], [-96.799827, 32.769216], [-96.799766, 32.769172], [-96.79968, 32.769257], [-96.800117, 32.769567], [-96.800158, 32.769527], [-96.800201, 32.769557], [-96.800245, 32.769513], [-96.80018, 32.769467], [-96.800142, 32.769505], [-96.799787, 32.769255]]]}}, {"type": "Feature", "properties": {"k": "area", "s": "asphalt"}, "geometry": {"type": "Polygon", "coordinates": [[[-96.79222, 32.781712], [-96.79214, 32.781459], [-96.791978, 32.781491], [-96.792061, 32.781744], [-96.79222, 32.781712]]]}}, {"type": "Feature", "properties": {"k": "area", "s": "asphalt"}, "geometry": {"type": "Polygon", "coordinates": [[[-96.791401, 32.781884], [-96.791325, 32.781633], [-96.791164, 32.781667], [-96.79124, 32.781918], [-96.791401, 32.781884]]]}}, {"type": "Feature", "properties": {"k": "area", "s": "turf"}, "geometry": {"type": "Polygon", "coordinates": [[[-96.775836, 32.778367], [-96.775544, 32.778163], [-96.775635, 32.778078], [-96.775924, 32.778282], [-96.775836, 32.778367]]]}}, {"type": "Feature", "properties": {"k": "area", "s": "asphalt"}, "geometry": {"type": "Polygon", "coordinates": [[[-96.806454, 32.800558], [-96.806231, 32.800738], [-96.806117, 32.800638], [-96.80634, 32.800459], [-96.806454, 32.800558]]]}}, {"type": "Feature", "properties": {"k": "area", "s": "asphalt"}, "geometry": {"type": "Polygon", "coordinates": [[[-96.798518, 32.780145], [-96.798576, 32.780133], [-96.798676, 32.780111], [-96.798752, 32.780359], [-96.79874, 32.780361], [-96.79859, 32.780393], [-96.798518, 32.780145]]]}}, {"type": "Feature", "properties": {"k": "area", "s": "asphalt"}, "geometry": {"type": "Polygon", "coordinates": [[[-96.791705, 32.781821], [-96.791636, 32.781579], [-96.791472, 32.781612], [-96.791542, 32.781854], [-96.791705, 32.781821]]]}}, {"type": "Feature", "properties": {"k": "area", "s": "asphalt"}, "geometry": {"type": "Polygon", "coordinates": [[[-96.781322, 32.785009], [-96.781251, 32.784751], [-96.781098, 32.784781], [-96.781168, 32.785039], [-96.781322, 32.785009]]]}}, {"type": "Feature", "properties": {"k": "area", "s": "asphalt"}, "geometry": {"type": "Polygon", "coordinates": [[[-96.790248, 32.781316], [-96.790078, 32.781107], [-96.790214, 32.781029], [-96.790384, 32.781237], [-96.790248, 32.781316]]]}}, {"type": "Feature", "properties": {"k": "area", "s": "asphalt"}, "geometry": {"type": "Polygon", "coordinates": [[[-96.785853, 32.783057], [-96.785775, 32.782802], [-96.785623, 32.782835], [-96.785701, 32.78309], [-96.785853, 32.783057]]]}}, {"type": "Feature", "properties": {"k": "area", "s": "turf"}, "geometry": {"type": "Polygon", "coordinates": [[[-96.792057, 32.78022], [-96.792204, 32.780133], [-96.792045, 32.779946], [-96.7919, 32.780033], [-96.792057, 32.78022]]]}}, {"type": "Feature", "properties": {"k": "area", "s": "asphalt"}, "geometry": {"type": "Polygon", "coordinates": [[[-96.791092, 32.772452], [-96.79125, 32.772603], [-96.791402, 32.77249], [-96.791244, 32.772339], [-96.791092, 32.772452]]]}}, {"type": "Feature", "properties": {"k": "area", "s": "grass"}, "geometry": {"type": "Polygon", "coordinates": [[[-96.793474, 32.798667], [-96.793488, 32.798661], [-96.793546, 32.79871], [-96.7936, 32.798673], [-96.793722, 32.798783], [-96.793503, 32.798963], [-96.793494, 32.798937], [-96.793474, 32.798667]]]}}, {"type": "Feature", "properties": {"k": "area", "s": "turf"}, "geometry": {"type": "Polygon", "coordinates": [[[-96.81402, 32.773365], [-96.813959, 32.773237], [-96.81369, 32.773328], [-96.813751, 32.773456], [-96.81402, 32.773365]]]}}, {"type": "Feature", "properties": {"k": "area", "s": "asphalt"}, "geometry": {"type": "Polygon", "coordinates": [[[-96.783143, 32.783905], [-96.782998, 32.783933], [-96.782927, 32.783672], [-96.783071, 32.783643], [-96.783143, 32.783905]]]}}, {"type": "Feature", "properties": {"k": "area", "s": "asphalt"}, "geometry": {"type": "Polygon", "coordinates": [[[-96.791865, 32.78209], [-96.791813, 32.781906], [-96.791608, 32.781948], [-96.791661, 32.782131], [-96.791865, 32.78209]]]}}, {"type": "Feature", "properties": {"k": "area", "s": "paving"}, "geometry": {"type": "Polygon", "coordinates": [[[-96.797087, 32.788583], [-96.797246, 32.78845], [-96.797155, 32.788364], [-96.797147, 32.788367], [-96.797134, 32.788357], [-96.797098, 32.788382], [-96.797057, 32.788346], [-96.796995, 32.788316], [-96.796927, 32.788313], [-96.796871, 32.788333], [-96.796822, 32.788374], [-96.796819, 32.788392], [-96.796845, 32.788413], [-96.796824, 32.788441], [-96.796808, 32.788472], [-96.796845, 32.788521], [-96.796847, 32.788483], [-96.796864, 32.788447], [-96.796894, 32.788418], [-96.796933, 32.788399], [-96.796978, 32.788391], [-96.797023, 32.788396], [-96.797063, 32.788413], [-96.797095, 32.78844], [-96.797115, 32.788475], [-96.79712, 32.788513], [-96.797111, 32.78855], [-96.797087, 32.788583]]]}}, {"type": "Feature", "properties": {"k": "area", "s": "asphalt"}, "geometry": {"type": "Polygon", "coordinates": [[[-96.806278, 32.800926], [-96.806215, 32.800742], [-96.806017, 32.80079], [-96.80608, 32.800974], [-96.806278, 32.800926]]]}}, {"type": "Feature", "properties": {"k": "area", "s": "grass"}, "geometry": {"type": "Polygon", "coordinates": [[[-96.776948, 32.791999], [-96.776931, 32.79199], [-96.776733, 32.791818], [-96.776736, 32.791812], [-96.776779, 32.791779], [-96.776962, 32.791933], [-96.776993, 32.791907], [-96.777296, 32.791653], [-96.777334, 32.791685], [-96.777033, 32.791938], [-96.776961, 32.791999], [-96.776948, 32.791999]]]}}, {"type": "Feature", "properties": {"k": "area", "s": "asphalt"}, "geometry": {"type": "Polygon", "coordinates": [[[-96.779168, 32.779254], [-96.779021, 32.779148], [-96.779178, 32.778995], [-96.779325, 32.779101], [-96.779168, 32.779254]]]}}, {"type": "Feature", "properties": {"k": "area", "s": "asphalt"}, "geometry": {"type": "Polygon", "coordinates": [[[-96.791562, 32.768296], [-96.791454, 32.768378], [-96.791245, 32.768184], [-96.791353, 32.768102], [-96.791562, 32.768296]]]}}, {"type": "Feature", "properties": {"k": "area", "s": "paving"}, "geometry": {"type": "Polygon", "coordinates": [[[-96.805482, 32.789612], [-96.80549, 32.789606], [-96.805629, 32.789498], [-96.805578, 32.789452], [-96.805564, 32.789462], [-96.805533, 32.789434], [-96.8055, 32.789403], [-96.805488, 32.789393], [-96.805463, 32.789412], [-96.80545, 32.789401], [-96.80539, 32.789447], [-96.8053, 32.789364], [-96.805257, 32.789397], [-96.805277, 32.789413], [-96.805367, 32.7895], [-96.805397, 32.789529], [-96.805482, 32.789612]]]}}, {"type": "Feature", "properties": {"k": "area", "s": "asphalt"}, "geometry": {"type": "Polygon", "coordinates": [[[-96.789937, 32.767798], [-96.789759, 32.76794], [-96.789633, 32.767828], [-96.789811, 32.767686], [-96.789881, 32.767748], [-96.789937, 32.767798]]]}}, {"type": "Feature", "properties": {"k": "area", "s": "grass"}, "geometry": {"type": "Polygon", "coordinates": [[[-96.800962, 32.788467], [-96.800946, 32.78848], [-96.800929, 32.788494], [-96.800252, 32.787912], [-96.800285, 32.787885], [-96.800962, 32.788467]]]}}, {"type": "Feature", "properties": {"k": "area", "s": "turf"}, "geometry": {"type": "Polygon", "coordinates": [[[-96.801854, 32.802032], [-96.801988, 32.801829], [-96.801848, 32.801763], [-96.801714, 32.801967], [-96.801854, 32.802032]]]}}, {"type": "Feature", "properties": {"k": "area", "s": "asphalt"}, "geometry": {"type": "Polygon", "coordinates": [[[-96.786426, 32.78402], [-96.786348, 32.783766], [-96.786211, 32.783796], [-96.786289, 32.78405], [-96.786426, 32.78402]]]}}, {"type": "Feature", "properties": {"k": "area", "s": "turf"}, "geometry": {"type": "Polygon", "coordinates": [[[-96.809213, 32.79337], [-96.809407, 32.793211], [-96.809293, 32.793113], [-96.809099, 32.793273], [-96.809213, 32.79337]]]}}, {"type": "Feature", "properties": {"k": "area", "s": "grass"}, "geometry": {"type": "Polygon", "coordinates": [[[-96.779659, 32.793622], [-96.779532, 32.793519], [-96.779456, 32.793507], [-96.779325, 32.79365], [-96.779355, 32.793681], [-96.779452, 32.793653], [-96.779519, 32.793687], [-96.779578, 32.793696], [-96.779622, 32.793669], [-96.779659, 32.793622]]]}}, {"type": "Feature", "properties": {"k": "area", "s": "concrete"}, "geometry": {"type": "Polygon", "coordinates": [[[-96.783538, 32.786749], [-96.783372, 32.786619], [-96.783502, 32.786501], [-96.783669, 32.786632], [-96.783538, 32.786749]]]}}, {"type": "Feature", "properties": {"k": "area", "s": "asphalt"}, "geometry": {"type": "Polygon", "coordinates": [[[-96.784109, 32.784953], [-96.784029, 32.784688], [-96.783899, 32.784716], [-96.783979, 32.78498], [-96.784109, 32.784953]]]}}, {"type": "Feature", "properties": {"k": "area", "s": "grass"}, "geometry": {"type": "Polygon", "coordinates": [[[-96.801562, 32.793889], [-96.80157, 32.793892], [-96.801591, 32.793889], [-96.801608, 32.793884], [-96.801644, 32.793848], [-96.801649, 32.793832], [-96.801648, 32.793817], [-96.801643, 32.793805], [-96.801636, 32.793794], [-96.801273, 32.793614], [-96.801255, 32.793608], [-96.801237, 32.793611], [-96.801224, 32.793616], [-96.801222, 32.793635], [-96.801239, 32.793665], [-96.801283, 32.793706], [-96.801311, 32.793685], [-96.801331, 32.793703], [-96.801364, 32.793732], [-96.801392, 32.79374], [-96.801562, 32.793889]]]}}, {"type": "Feature", "properties": {"k": "area", "s": "concrete"}, "geometry": {"type": "Polygon", "coordinates": [[[-96.804504, 32.776648], [-96.804706, 32.776608], [-96.80466, 32.776443], [-96.804458, 32.776484], [-96.804504, 32.776648]]]}}, {"type": "Feature", "properties": {"k": "area", "s": "asphalt"}, "geometry": {"type": "Polygon", "coordinates": [[[-96.791512, 32.782165], [-96.791654, 32.782135], [-96.791585, 32.781903], [-96.791443, 32.781933], [-96.791512, 32.782165]]]}}, {"type": "Feature", "properties": {"k": "area", "s": "pond"}, "geometry": {"type": "Polygon", "coordinates": [[[-96.808672, 32.795965], [-96.808702, 32.795959], [-96.808517, 32.795778], [-96.808445, 32.795821], [-96.808388, 32.795873], [-96.808614, 32.796032], [-96.808631, 32.795991], [-96.808672, 32.795965]]]}}, {"type": "Feature", "properties": {"k": "area", "s": "asphalt"}, "geometry": {"type": "Polygon", "coordinates": [[[-96.810425, 32.796042], [-96.810201, 32.79622], [-96.810108, 32.796138], [-96.810333, 32.79596], [-96.810425, 32.796042]]]}}, {"type": "Feature", "properties": {"k": "area", "s": "asphalt"}, "geometry": {"type": "Polygon", "coordinates": [[[-96.803223, 32.798217], [-96.803097, 32.798183], [-96.803002, 32.798432], [-96.803128, 32.798466], [-96.803223, 32.798217]]]}}, {"type": "Feature", "properties": {"k": "area", "s": "grass"}, "geometry": {"type": "Polygon", "coordinates": [[[-96.791712, 32.784577], [-96.791753, 32.784538], [-96.791768, 32.784519], [-96.791776, 32.784498], [-96.79178, 32.784469], [-96.791767, 32.784417], [-96.791744, 32.784339], [-96.791744, 32.784322], [-96.791747, 32.784308], [-96.791761, 32.784286], [-96.791796, 32.784259], [-96.791851, 32.784219], [-96.791865, 32.784198], [-96.791872, 32.784178], [-96.791874, 32.78416], [-96.791862, 32.784134], [-96.791785, 32.784021], [-96.79177, 32.784034], [-96.791722, 32.784332], [-96.791707, 32.784479], [-96.791712, 32.784577]]]}}, {"type": "Feature", "properties": {"k": "area", "s": "grass", "name": "Exposition Plaza"}, "geometry": {"type": "Polygon", "coordinates": [[[-96.773002, 32.783994], [-96.773, 32.783997], [-96.773008, 32.784004], [-96.773061, 32.784049], [-96.773127, 32.784101], [-96.773265, 32.784195], [-96.773342, 32.784246], [-96.773372, 32.784264], [-96.773402, 32.784279], [-96.773424, 32.784289], [-96.77346, 32.784306], [-96.773511, 32.784339], [-96.773576, 32.784392], [-96.773616, 32.784427], [-96.773664, 32.784463], [-96.773677, 32.784475], [-96.773709, 32.784484], [-96.773715, 32.784485], [-96.773719, 32.784482], [-96.773719, 32.784476], [-96.773707, 32.784453], [-96.773679, 32.784424], [-96.773553, 32.784326], [-96.773507, 32.784293], [-96.773433, 32.784242], [-96.773302, 32.784159], [-96.773184, 32.784087], [-96.773069, 32.784023], [-96.773007, 32.783991], [-96.773004, 32.783992], [-96.773002, 32.783994]]]}}, {"type": "Feature", "properties": {"k": "area", "s": "paving"}, "geometry": {"type": "Polygon", "coordinates": [[[-96.796222, 32.787344], [-96.796224, 32.787524], [-96.796226, 32.787681], [-96.796321, 32.787601], [-96.796425, 32.787511], [-96.79633, 32.787433], [-96.796222, 32.787344]]]}}, {"type": "Feature", "properties": {"k": "area", "s": "grass"}, "geometry": {"type": "Polygon", "coordinates": [[[-96.77966, 32.798588], [-96.779453, 32.798412], [-96.779356, 32.798489], [-96.779558, 32.798669], [-96.77966, 32.798588]]]}}, {"type": "Feature", "properties": {"k": "area", "s": "grass"}, "geometry": {"type": "Polygon", "coordinates": [[[-96.794049, 32.783431], [-96.793946, 32.783664], [-96.793734, 32.783489], [-96.794049, 32.783431]]]}}, {"type": "Feature", "properties": {"k": "area", "s": "asphalt"}, "geometry": {"type": "Polygon", "coordinates": [[[-96.792363, 32.768648], [-96.792277, 32.768716], [-96.79205, 32.768512], [-96.792136, 32.768444], [-96.792363, 32.768648]]]}}, {"type": "Feature", "properties": {"k": "area", "s": "asphalt"}, "geometry": {"type": "Polygon", "coordinates": [[[-96.807698, 32.781952], [-96.807099, 32.782077], [-96.807114, 32.782128], [-96.807713, 32.782003], [-96.807698, 32.781952]]]}}, {"type": "Feature", "properties": {"k": "area", "s": "asphalt"}, "geometry": {"type": "Polygon", "coordinates": [[[-96.784311, 32.78445], [-96.784258, 32.784261], [-96.784235, 32.784177], [-96.784123, 32.784199], [-96.784199, 32.784473], [-96.784311, 32.78445]]]}}, {"type": "Feature", "properties": {"k": "area", "s": "paving"}, "geometry": {"type": "Polygon", "coordinates": [[[-96.802332, 32.788945], [-96.802387, 32.78899], [-96.802154, 32.789191], [-96.80217, 32.789203], [-96.802085, 32.789276], [-96.802047, 32.789245], [-96.802015, 32.789218], [-96.80229, 32.788981], [-96.802332, 32.788945]]]}}, {"type": "Feature", "properties": {"k": "area", "s": "pond"}, "geometry": {"type": "Polygon", "coordinates": [[[-96.779258, 32.781161], [-96.779317, 32.781103], [-96.779286, 32.78108], [-96.779279, 32.781086], [-96.779269, 32.781079], [-96.779275, 32.781074], [-96.779257, 32.781061], [-96.779251, 32.781068], [-96.779235, 32.781057], [-96.779242, 32.781051], [-96.779225, 32.781039], [-96.779217, 32.781046], [-96.779203, 32.781036], [-96.779211, 32.781028], [-96.77919, 32.781013], [-96.779186, 32.781018], [-96.779177, 32.781011], [-96.779201, 32.780987], [-96.779128, 32.780936], [-96.779091, 32.780972], [-96.779095, 32.780976], [-96.779068, 32.781003], [-96.779063, 32.780999], [-96.779018, 32.781044], [-96.779076, 32.781085], [-96.77908, 32.781081], [-96.779123, 32.781112], [-96.779119, 32.781116], [-96.77914, 32.781131], [-96.779145, 32.781127], [-96.779153, 32.781133], [-96.779148, 32.781138], [-96.779181, 32.781162], [-96.779214, 32.781129], [-96.779258, 32.781161]]]}}, {"type": "Feature", "properties": {"k": "area", "s": "water"}, "geometry": {"type": "Polygon", "coordinates": [[[-96.802678, 32.784507], [-96.802699, 32.784489], [-96.802553, 32.784364], [-96.802047, 32.784782], [-96.802081, 32.784808], [-96.802322, 32.784608], [-96.802548, 32.784419], [-96.802561, 32.784408], [-96.802641, 32.784476], [-96.802678, 32.784507]]]}}, {"type": "Feature", "properties": {"k": "area", "s": "asphalt"}, "geometry": {"type": "Polygon", "coordinates": [[[-96.792344, 32.783232], [-96.792318, 32.783026], [-96.792161, 32.783053], [-96.792215, 32.783261], [-96.792344, 32.783232]]]}}, {"type": "Feature", "properties": {"k": "area", "s": "asphalt"}, "geometry": {"type": "Polygon", "coordinates": [[[-96.800707, 32.776716], [-96.800699, 32.776612], [-96.800577, 32.776619], [-96.800406, 32.776628], [-96.800414, 32.776732], [-96.800707, 32.776716]]]}}, {"type": "Feature", "properties": {"k": "area", "s": "grass"}, "geometry": {"type": "Polygon", "coordinates": [[[-96.799374, 32.779458], [-96.799313, 32.779178], [-96.799415, 32.779153], [-96.799486, 32.779381], [-96.799374, 32.779458]]]}}, {"type": "Feature", "properties": {"k": "area", "s": "wood"}, "geometry": {"type": "Polygon", "coordinates": [[[-96.800544, 32.790005], [-96.800495, 32.789964], [-96.800557, 32.789911], [-96.800574, 32.789926], [-96.800867, 32.789679], [-96.800849, 32.789665], [-96.80095, 32.78958], [-96.800972, 32.789598], [-96.800993, 32.78958], [-96.801021, 32.789604], [-96.800544, 32.790005]]]}}, {"type": "Feature", "properties": {"k": "area", "s": "grass"}, "geometry": {"type": "Polygon", "coordinates": [[[-96.801436, 32.788935], [-96.800957, 32.788523], [-96.800994, 32.788492], [-96.801473, 32.788904], [-96.801436, 32.788935]]]}}, {"type": "Feature", "properties": {"k": "area", "s": "asphalt"}, "geometry": {"type": "Polygon", "coordinates": [[[-96.802337, 32.79816], [-96.802165, 32.798119], [-96.802218, 32.797959], [-96.802391, 32.798], [-96.802337, 32.79816]]]}}, {"type": "Feature", "properties": {"k": "area", "s": "turf"}, "geometry": {"type": "Polygon", "coordinates": [[[-96.78828, 32.800966], [-96.788091, 32.800806], [-96.787998, 32.800883], [-96.788187, 32.801043], [-96.78828, 32.800966]]]}}, {"type": "Feature", "properties": {"k": "area", "s": "concrete"}, "geometry": {"type": "Polygon", "coordinates": [[[-96.820749, 32.795987], [-96.820792, 32.795964], [-96.820872, 32.79591], [-96.820977, 32.79586], [-96.820894, 32.795748], [-96.820786, 32.79581], [-96.820752, 32.795898], [-96.820701, 32.795926], [-96.820749, 32.795987]]]}}, {"type": "Feature", "properties": {"k": "area", "s": "asphalt"}, "geometry": {"type": "Polygon", "coordinates": [[[-96.800878, 32.798029], [-96.800707, 32.797967], [-96.80078, 32.797827], [-96.800951, 32.79789], [-96.800878, 32.798029]]]}}, {"type": "Feature", "properties": {"k": "area", "s": "asphalt"}, "geometry": {"type": "Polygon", "coordinates": [[[-96.803951, 32.782404], [-96.804146, 32.782333], [-96.804337, 32.782512], [-96.80438, 32.78248], [-96.804156, 32.782269], [-96.803925, 32.782353], [-96.803951, 32.782404]]]}}, {"type": "Feature", "properties": {"k": "area", "s": "asphalt"}, "geometry": {"type": "Polygon", "coordinates": [[[-96.8011, 32.798313], [-96.800937, 32.798211], [-96.800989, 32.798086], [-96.801149, 32.798142], [-96.8011, 32.798313]]]}}, {"type": "Feature", "properties": {"k": "area", "s": "grass"}, "geometry": {"type": "Polygon", "coordinates": [[[-96.805478, 32.786834], [-96.805446, 32.786856], [-96.805579, 32.786982], [-96.805695, 32.78708], [-96.805819, 32.7872], [-96.805907, 32.787266], [-96.80599, 32.787321], [-96.806075, 32.787397], [-96.80618, 32.787516], [-96.806187, 32.787511], [-96.80608, 32.78739], [-96.805962, 32.787279], [-96.805784, 32.787102], [-96.805717, 32.787055], [-96.80563, 32.78698], [-96.805478, 32.786834]]]}}, {"type": "Feature", "properties": {"k": "area", "s": "asphalt"}, "geometry": {"type": "Polygon", "coordinates": [[[-96.806853, 32.797075], [-96.806789, 32.797022], [-96.806592, 32.797191], [-96.806729, 32.797304], [-96.806777, 32.797263], [-96.806704, 32.797203], [-96.806853, 32.797075]]]}}, {"type": "Feature", "properties": {"k": "area", "s": "grass"}, "geometry": {"type": "Polygon", "coordinates": [[[-96.775595, 32.790864], [-96.775611, 32.790851], [-96.775869, 32.791072], [-96.775911, 32.791037], [-96.775946, 32.791066], [-96.776469, 32.790635], [-96.776439, 32.79061], [-96.776477, 32.790579], [-96.77652, 32.790616], [-96.775921, 32.79111], [-96.775913, 32.791114], [-96.775903, 32.791115], [-96.775893, 32.791114], [-96.775881, 32.79111], [-96.775595, 32.790864]]]}}, {"type": "Feature", "properties": {"k": "area", "s": "asphalt"}, "geometry": {"type": "Polygon", "coordinates": [[[-96.776261, 32.800212], [-96.776408, 32.800088], [-96.776456, 32.800129], [-96.776129, 32.800403], [-96.776081, 32.800363], [-96.776261, 32.800212]]]}}, {"type": "Feature", "properties": {"k": "area", "s": "turf"}, "geometry": {"type": "Polygon", "coordinates": [[[-96.815632, 32.801971], [-96.815717, 32.801901], [-96.815535, 32.801744], [-96.815449, 32.801814], [-96.815632, 32.801971]]]}}, {"type": "Feature", "properties": {"k": "area", "s": "turf"}, "geometry": {"type": "Polygon", "coordinates": [[[-96.810975, 32.798046], [-96.810893, 32.79784], [-96.810779, 32.797872], [-96.810861, 32.798078], [-96.810975, 32.798046]]]}}, {"type": "Feature", "properties": {"k": "area", "s": "water"}, "geometry": {"type": "Polygon", "coordinates": [[[-96.803343, 32.785046], [-96.80324, 32.785133], [-96.803206, 32.785104], [-96.803133, 32.785165], [-96.803065, 32.785108], [-96.803242, 32.78496], [-96.803343, 32.785046]]]}}, {"type": "Feature", "properties": {"k": "area", "s": "grass"}, "geometry": {"type": "Polygon", "coordinates": [[[-96.811182, 32.784265], [-96.811156, 32.784216], [-96.811124, 32.784186], [-96.811068, 32.784152], [-96.811296, 32.784058], [-96.811317, 32.784183], [-96.811182, 32.784265]]]}}, {"type": "Feature", "properties": {"k": "area", "s": "asphalt"}, "geometry": {"type": "Polygon", "coordinates": [[[-96.788125, 32.786239], [-96.788364, 32.786033], [-96.7883, 32.78598], [-96.788062, 32.786184], [-96.788125, 32.786239]]]}}, {"type": "Feature", "properties": {"k": "area", "s": "asphalt"}, "geometry": {"type": "Polygon", "coordinates": [[[-96.801227, 32.797819], [-96.800877, 32.797694], [-96.800908, 32.797632], [-96.801259, 32.797756], [-96.801227, 32.797819]]]}}, {"type": "Feature", "properties": {"k": "area", "s": "turf"}, "geometry": {"type": "Polygon", "coordinates": [[[-96.809845, 32.800634], [-96.809933, 32.800568], [-96.809763, 32.800407], [-96.809675, 32.800473], [-96.809845, 32.800634]]]}}, {"type": "Feature", "properties": {"k": "area", "s": "water"}, "geometry": {"type": "Polygon", "coordinates": [[[-96.808214, 32.779328], [-96.808212, 32.779319], [-96.808114, 32.778995], [-96.80805, 32.779008], [-96.808143, 32.77934], [-96.808148, 32.779349], [-96.808158, 32.779357], [-96.808169, 32.779361], [-96.808181, 32.779362], [-96.808192, 32.779359], [-96.808201, 32.779354], [-96.808209, 32.779347], [-96.808213, 32.779338], [-96.808214, 32.779328]]]}}, {"type": "Feature", "properties": {"k": "area", "s": "grass"}, "geometry": {"type": "Polygon", "coordinates": [[[-96.78083, 32.795355], [-96.780706, 32.795456], [-96.780828, 32.795561], [-96.780951, 32.79546], [-96.78083, 32.795355]]]}}, {"type": "Feature", "properties": {"k": "area", "s": "turf"}, "geometry": {"type": "Polygon", "coordinates": [[[-96.800292, 32.802138], [-96.800395, 32.802186], [-96.800517, 32.801998], [-96.800414, 32.801951], [-96.800292, 32.802138]]]}}, {"type": "Feature", "properties": {"k": "area", "s": "turf"}, "geometry": {"type": "Polygon", "coordinates": [[[-96.809725, 32.80072], [-96.809811, 32.800654], [-96.80964, 32.800496], [-96.809554, 32.800562], [-96.809725, 32.80072]]]}}, {"type": "Feature", "properties": {"k": "area", "s": "turf"}, "geometry": {"type": "Polygon", "coordinates": [[[-96.809581, 32.798479], [-96.809661, 32.798409], [-96.809559, 32.798327], [-96.809477, 32.798261], [-96.809397, 32.798332], [-96.809581, 32.798479]]]}}, {"type": "Feature", "properties": {"k": "area", "s": "concrete"}, "geometry": {"type": "Polygon", "coordinates": [[[-96.791236, 32.77821], [-96.791142, 32.778137], [-96.791006, 32.778238], [-96.791047, 32.778277], [-96.791009, 32.778306], [-96.79106, 32.778356], [-96.791236, 32.77821]]]}}, {"type": "Feature", "properties": {"k": "area", "s": "grass"}, "geometry": {"type": "Polygon", "coordinates": [[[-96.807628, 32.776862], [-96.807552, 32.776879], [-96.807482, 32.776912], [-96.807424, 32.776957], [-96.807352, 32.776783], [-96.807354, 32.776771], [-96.807361, 32.776765], [-96.807376, 32.776765], [-96.8074, 32.776773], [-96.807583, 32.776833], [-96.807628, 32.776862]]]}}, {"type": "Feature", "properties": {"k": "area", "s": "asphalt"}, "geometry": {"type": "Polygon", "coordinates": [[[-96.780389, 32.784041], [-96.780347, 32.783891], [-96.780197, 32.783921], [-96.780238, 32.78407], [-96.780389, 32.784041]]]}}, {"type": "Feature", "properties": {"k": "area", "s": "grass"}, "geometry": {"type": "Polygon", "coordinates": [[[-96.791977, 32.784075], [-96.792002, 32.784065], [-96.792018, 32.784043], [-96.792022, 32.783986], [-96.792033, 32.783958], [-96.792043, 32.783944], [-96.792058, 32.783923], [-96.792077, 32.783901], [-96.792101, 32.783887], [-96.79213, 32.783871], [-96.791866, 32.78394], [-96.791848, 32.783957], [-96.791865, 32.783954], [-96.791867, 32.78397], [-96.791879, 32.784004], [-96.791892, 32.784031], [-96.791911, 32.784048], [-96.791925, 32.784063], [-96.791947, 32.784073], [-96.791977, 32.784075]]]}}, {"type": "Feature", "properties": {"k": "area", "s": "water"}, "geometry": {"type": "Polygon", "coordinates": [[[-96.80783, 32.778291], [-96.807833, 32.7783], [-96.807926, 32.778598], [-96.80799, 32.778584], [-96.807902, 32.778279], [-96.807896, 32.77827], [-96.807887, 32.778262], [-96.807875, 32.778258], [-96.807864, 32.778258], [-96.807852, 32.77826], [-96.807843, 32.778265], [-96.807835, 32.778272], [-96.807831, 32.778281], [-96.80783, 32.778291]]]}}, {"type": "Feature", "properties": {"k": "area", "s": "concrete", "name": "Victory Overlook"}, "geometry": {"type": "Polygon", "coordinates": [[[-96.81332, 32.795469], [-96.813264, 32.795339], [-96.813198, 32.795213], [-96.813235, 32.795211], [-96.813273, 32.795221], [-96.813308, 32.795237], [-96.813337, 32.79526], [-96.81336, 32.795288], [-96.813375, 32.795319], [-96.813382, 32.795352], [-96.813379, 32.795385], [-96.813368, 32.795417], [-96.813349, 32.795447], [-96.81332, 32.795469]]]}}, {"type": "Feature", "properties": {"k": "area", "s": "pond"}, "geometry": {"type": "Polygon", "coordinates": [[[-96.811531, 32.792282], [-96.81143, 32.791965], [-96.811313, 32.792034], [-96.811525, 32.792286], [-96.811531, 32.792282]]]}}, {"type": "Feature", "properties": {"k": "area", "s": "concrete"}, "geometry": {"type": "Polygon", "coordinates": [[[-96.812566, 32.801176], [-96.812555, 32.801276], [-96.812707, 32.801289], [-96.812782, 32.801297], [-96.812796, 32.801199], [-96.812566, 32.801176]]]}}, {"type": "Feature", "properties": {"k": "area", "s": "concrete", "name": "Thomsen Overlook"}, "geometry": {"type": "Polygon", "coordinates": [[[-96.812215, 32.798644], [-96.812219, 32.798654], [-96.812212, 32.798691], [-96.812186, 32.798721], [-96.812146, 32.798738], [-96.812102, 32.798737], [-96.812079, 32.798726], [-96.812043, 32.798748], [-96.811998, 32.798695], [-96.812099, 32.798634], [-96.812208, 32.798569], [-96.812253, 32.798622], [-96.812215, 32.798644]]]}}, {"type": "Feature", "properties": {"k": "area", "s": "concrete"}, "geometry": {"type": "Polygon", "coordinates": [[[-96.812796, 32.801199], [-96.81281, 32.801104], [-96.812637, 32.801087], [-96.812573, 32.80108], [-96.812566, 32.801176], [-96.812796, 32.801199]]]}}, {"type": "Feature", "properties": {"k": "area", "s": "asphalt"}, "geometry": {"type": "Polygon", "coordinates": [[[-96.803737, 32.795715], [-96.803626, 32.795627], [-96.803506, 32.795734], [-96.803617, 32.795822], [-96.803737, 32.795715]]]}}, {"type": "Feature", "properties": {"k": "area", "s": "asphalt"}, "geometry": {"type": "Polygon", "coordinates": [[[-96.776204, 32.800447], [-96.776504, 32.800194], [-96.776548, 32.800231], [-96.776248, 32.800484], [-96.776204, 32.800447]]]}}, {"type": "Feature", "properties": {"k": "area", "s": "asphalt"}, "geometry": {"type": "Polygon", "coordinates": [[[-96.812542, 32.800991], [-96.812473, 32.801014], [-96.812393, 32.801028], [-96.812368, 32.800953], [-96.812368, 32.800908], [-96.812374, 32.800895], [-96.812383, 32.800887], [-96.812414, 32.800872], [-96.812441, 32.800863], [-96.812471, 32.800866], [-96.812489, 32.800871], [-96.812499, 32.800875], [-96.812542, 32.800991]]]}}, {"type": "Feature", "properties": {"k": "area", "s": "grass"}, "geometry": {"type": "Polygon", "coordinates": [[[-96.777237, 32.789246], [-96.777168, 32.789272], [-96.777152, 32.789285], [-96.776971, 32.789439], [-96.776982, 32.789448], [-96.77717, 32.789287], [-96.777511, 32.78957], [-96.777465, 32.789609], [-96.777473, 32.789616], [-96.777583, 32.789523], [-96.777575, 32.789516], [-96.777535, 32.789549], [-96.777221, 32.789288], [-96.77726, 32.789255], [-96.777259, 32.789246], [-96.777247, 32.789243], [-96.777237, 32.789246]]]}}, {"type": "Feature", "properties": {"k": "area", "s": "grass"}, "geometry": {"type": "Polygon", "coordinates": [[[-96.799538, 32.779621], [-96.799408, 32.779649], [-96.799395, 32.779588], [-96.799384, 32.779536], [-96.799512, 32.779448], [-96.799538, 32.779621]]]}}, {"type": "Feature", "properties": {"k": "area", "s": "grass"}, "geometry": {"type": "Polygon", "coordinates": [[[-96.804472, 32.780992], [-96.804453, 32.780929], [-96.804108, 32.780999], [-96.804121, 32.781044], [-96.804472, 32.780992]]]}}, {"type": "Feature", "properties": {"k": "area", "s": "grass"}, "geometry": {"type": "Polygon", "coordinates": [[[-96.803657, 32.780233], [-96.803544, 32.780256], [-96.803495, 32.780092], [-96.803608, 32.780068], [-96.803657, 32.780233]]]}}, {"type": "Feature", "properties": {"k": "area", "s": "grass"}, "geometry": {"type": "Polygon", "coordinates": [[[-96.779951, 32.791738], [-96.779985, 32.79171], [-96.780329, 32.792001], [-96.780295, 32.792029], [-96.779951, 32.791738]]]}}, {"type": "Feature", "properties": {"k": "area", "s": "concrete"}, "geometry": {"type": "Polygon", "coordinates": [[[-96.819813, 32.766241], [-96.819713, 32.766118], [-96.819675, 32.766006], [-96.819813, 32.766006], [-96.819813, 32.766241]]]}}, {"type": "Feature", "properties": {"k": "area", "s": "grass", "name": "Exposition Plaza"}, "geometry": {"type": "Polygon", "coordinates": [[[-96.774046, 32.784998], [-96.77406, 32.784991], [-96.774064, 32.784987], [-96.774066, 32.784978], [-96.774063, 32.784965], [-96.774052, 32.784953], [-96.774029, 32.784937], [-96.773988, 32.784916], [-96.773943, 32.784902], [-96.773893, 32.784898], [-96.773847, 32.784901], [-96.773813, 32.78491], [-96.773783, 32.784923], [-96.773779, 32.784934], [-96.773781, 32.784948], [-96.773786, 32.784954], [-96.7738, 32.784961], [-96.77383, 32.784969], [-96.773858, 32.784975], [-96.774013, 32.784998], [-96.774046, 32.784998]]]}}, {"type": "Feature", "properties": {"k": "area", "s": "asphalt"}, "geometry": {"type": "Polygon", "coordinates": [[[-96.783022, 32.782657], [-96.782701, 32.782716], [-96.782711, 32.782743], [-96.78272, 32.782772], [-96.783038, 32.782716], [-96.783022, 32.782657]]]}}, {"type": "Feature", "properties": {"k": "area", "s": "paving"}, "geometry": {"type": "Polygon", "coordinates": [[[-96.819463, 32.796236], [-96.81951, 32.796166], [-96.819657, 32.796235], [-96.819669, 32.796267], [-96.819688, 32.7963], [-96.819713, 32.796329], [-96.819699, 32.796351], [-96.819463, 32.796236]]]}}, {"type": "Feature", "properties": {"k": "area", "s": "concrete"}, "geometry": {"type": "Polygon", "coordinates": [[[-96.793642, 32.798441], [-96.793542, 32.798363], [-96.793651, 32.798263], [-96.793752, 32.798342], [-96.793642, 32.798441]]]}}, {"type": "Feature", "properties": {"k": "area", "s": "grass"}, "geometry": {"type": "Polygon", "coordinates": [[[-96.79836, 32.788033], [-96.798369, 32.788039], [-96.798381, 32.788041], [-96.798393, 32.78804], [-96.798404, 32.788035], [-96.798464, 32.787983], [-96.798316, 32.78787], [-96.798241, 32.787933], [-96.79836, 32.788033]]]}}, {"type": "Feature", "properties": {"k": "area", "s": "grass", "name": "Exposition Plaza"}, "geometry": {"type": "Polygon", "coordinates": [[[-96.773984, 32.784262], [-96.773952, 32.784271], [-96.77392, 32.784281], [-96.773885, 32.784287], [-96.773832, 32.784294], [-96.773788, 32.784295], [-96.773742, 32.784295], [-96.773685, 32.784289], [-96.77368, 32.784292], [-96.77368, 32.784297], [-96.773736, 32.784337], [-96.773775, 32.784369], [-96.773808, 32.784397], [-96.773815, 32.784403], [-96.773822, 32.784405], [-96.773835, 32.784406], [-96.773845, 32.784402], [-96.773857, 32.784391], [-96.773975, 32.784278], [-96.773982, 32.78427], [-96.773984, 32.784262]]]}}, {"type": "Feature", "properties": {"k": "area", "s": "concrete"}, "geometry": {"type": "Polygon", "coordinates": [[[-96.784324, 32.800643], [-96.784394, 32.800586], [-96.784238, 32.80045], [-96.784168, 32.800507], [-96.784324, 32.800643]]]}}, {"type": "Feature", "properties": {"k": "area", "s": "asphalt"}, "geometry": {"type": "Polygon", "coordinates": [[[-96.806184, 32.777483], [-96.806055, 32.777509], [-96.806027, 32.777515], [-96.805995, 32.777404], [-96.806153, 32.777373], [-96.806184, 32.777483]]]}}, {"type": "Feature", "properties": {"k": "area", "s": "grass"}, "geometry": {"type": "Polygon", "coordinates": [[[-96.795794, 32.787855], [-96.795818, 32.787863], [-96.795839, 32.787877], [-96.795854, 32.787896], [-96.79586, 32.787917], [-96.795859, 32.78794], [-96.795849, 32.78796], [-96.795832, 32.787978], [-96.795809, 32.787989], [-96.795781, 32.787995], [-96.795752, 32.787991], [-96.795726, 32.78798], [-96.795707, 32.787963], [-96.795695, 32.78794], [-96.795694, 32.787916], [-96.795702, 32.787893], [-96.795719, 32.787873], [-96.795743, 32.78786], [-96.795794, 32.787855]]]}}, {"type": "Feature", "properties": {"k": "area", "s": "water"}, "geometry": {"type": "Polygon", "coordinates": [[[-96.806949, 32.779448], [-96.806901, 32.779461], [-96.806835, 32.779467], [-96.806743, 32.779464], [-96.806665, 32.779466], [-96.806592, 32.779475], [-96.806516, 32.779497], [-96.806444, 32.779523], [-96.806432, 32.779522], [-96.806429, 32.779513], [-96.806461, 32.779493], [-96.806498, 32.779476], [-96.806556, 32.779458], [-96.806616, 32.779446], [-96.806688, 32.779433], [-96.806736, 32.779418], [-96.806804, 32.77939], [-96.806846, 32.779378], [-96.806868, 32.779379], [-96.806873, 32.779393], [-96.806858, 32.779404], [-96.806831, 32.779415], [-96.80676, 32.779433], [-96.806732, 32.77944], [-96.806724, 32.779443], [-96.806723, 32.779447], [-96.806735, 32.779446], [-96.806809, 32.779441], [-96.806848, 32.779436], [-96.806884, 32.779426], [-96.806933, 32.779425], [-96.806949, 32.779436], [-96.806949, 32.779448]]]}}, {"type": "Feature", "properties": {"k": "area", "s": "pond"}, "geometry": {"type": "Polygon", "coordinates": [[[-96.788584, 32.792598], [-96.788427, 32.79273], [-96.788491, 32.792783], [-96.788604, 32.792688], [-96.788621, 32.792702], [-96.788647, 32.792681], [-96.788632, 32.792668], [-96.78865, 32.792653], [-96.788584, 32.792598]]]}}, {"type": "Feature", "properties": {"k": "area", "s": "grass"}, "geometry": {"type": "Polygon", "coordinates": [[[-96.805138, 32.789999], [-96.805127, 32.79], [-96.805114, 32.789993], [-96.805102, 32.78998], [-96.80512, 32.789739], [-96.805128, 32.789624], [-96.805138, 32.789614], [-96.805144, 32.78961], [-96.805225, 32.789672], [-96.805225, 32.789681], [-96.805159, 32.789716], [-96.805138, 32.789999]]]}}, {"type": "Feature", "properties": {"k": "area", "s": "pond"}, "geometry": {"type": "Polygon", "coordinates": [[[-96.788372, 32.796889], [-96.788365, 32.796895], [-96.7884, 32.796926], [-96.788331, 32.796983], [-96.788269, 32.79693], [-96.788317, 32.796891], [-96.788274, 32.796854], [-96.788226, 32.796894], [-96.788201, 32.796872], [-96.788216, 32.796859], [-96.788182, 32.79683], [-96.788236, 32.796785], [-96.788267, 32.796812], [-96.788274, 32.796806], [-96.788291, 32.79682], [-96.788299, 32.796814], [-96.788365, 32.79687], [-96.788357, 32.796877], [-96.788372, 32.796889]]]}}, {"type": "Feature", "properties": {"k": "area", "s": "grass"}, "geometry": {"type": "Polygon", "coordinates": [[[-96.809207, 32.776387], [-96.809232, 32.776385], [-96.80926, 32.776374], [-96.809276, 32.776356], [-96.809278, 32.776335], [-96.809274, 32.776314], [-96.809223, 32.776251], [-96.809199, 32.776237], [-96.809166, 32.776234], [-96.809141, 32.776244], [-96.809124, 32.776264], [-96.80912, 32.776287], [-96.809125, 32.776308], [-96.809179, 32.776377], [-96.809207, 32.776387]]]}}, {"type": "Feature", "properties": {"k": "area", "s": "asphalt"}, "geometry": {"type": "Polygon", "coordinates": [[[-96.803524, 32.79798], [-96.80358, 32.798031], [-96.803465, 32.798115], [-96.803199, 32.798051], [-96.803215, 32.798026], [-96.803397, 32.798076], [-96.803524, 32.79798]]]}}, {"type": "Feature", "properties": {"k": "area", "s": "pond"}, "geometry": {"type": "Polygon", "coordinates": [[[-96.788159, 32.780714], [-96.788215, 32.780679], [-96.788171, 32.780628], [-96.788164, 32.780633], [-96.78814, 32.780605], [-96.788154, 32.780597], [-96.788126, 32.780565], [-96.788115, 32.780572], [-96.788087, 32.78054], [-96.788098, 32.780533], [-96.788067, 32.780497], [-96.788055, 32.780505], [-96.788037, 32.780484], [-96.787996, 32.780509], [-96.788017, 32.780533], [-96.788004, 32.780542], [-96.788035, 32.780578], [-96.788044, 32.780572], [-96.788068, 32.7806], [-96.788059, 32.780605], [-96.788088, 32.780638], [-96.788098, 32.780631], [-96.78812, 32.780658], [-96.788113, 32.780662], [-96.788159, 32.780714]]]}}, {"type": "Feature", "properties": {"k": "area", "s": "water"}, "geometry": {"type": "Polygon", "coordinates": [[[-96.806559, 32.776276], [-96.806548, 32.776296], [-96.806545, 32.776317], [-96.806551, 32.776338], [-96.806564, 32.776357], [-96.806583, 32.776371], [-96.806606, 32.776379], [-96.806632, 32.776381], [-96.806656, 32.776376], [-96.80668, 32.776363], [-96.806696, 32.776345], [-96.806705, 32.776323], [-96.806704, 32.7763], [-96.806694, 32.776279], [-96.806676, 32.776262], [-96.806652, 32.77625], [-96.806625, 32.776246], [-96.806598, 32.77625], [-96.806576, 32.776261], [-96.806559, 32.776276]]]}}, {"type": "Feature", "properties": {"k": "area", "s": "grass"}, "geometry": {"type": "Polygon", "coordinates": [[[-96.797162, 32.781766], [-96.797115, 32.781606], [-96.797017, 32.781627], [-96.797065, 32.781786], [-96.797162, 32.781766]]]}}, {"type": "Feature", "properties": {"k": "area", "s": "grass"}, "geometry": {"type": "Polygon", "coordinates": [[[-96.780751, 32.794883], [-96.780554, 32.79505], [-96.780752, 32.795049], [-96.780751, 32.794883]]]}}, {"type": "Feature", "properties": {"k": "area", "s": "grass"}, "geometry": {"type": "Polygon", "coordinates": [[[-96.780753, 32.795067], [-96.780533, 32.795074], [-96.780483, 32.795128], [-96.780549, 32.795136], [-96.780751, 32.795141], [-96.780753, 32.795067]]]}}, {"type": "Feature", "properties": {"k": "area", "s": "grass"}, "geometry": {"type": "Polygon", "coordinates": [[[-96.793478, 32.78479], [-96.793479, 32.784881], [-96.793462, 32.784895], [-96.793447, 32.784896], [-96.793328, 32.784856], [-96.793307, 32.784845], [-96.793307, 32.784822], [-96.793321, 32.784797], [-96.793353, 32.784778], [-96.793389, 32.784774], [-96.793463, 32.78478], [-96.793478, 32.78479]]]}}, {"type": "Feature", "properties": {"k": "area", "s": "grass"}, "geometry": {"type": "Polygon", "coordinates": [[[-96.789014, 32.779274], [-96.788997, 32.779281], [-96.788943, 32.77924], [-96.788927, 32.779241], [-96.788904, 32.779225], [-96.788856, 32.779168], [-96.788801, 32.779108], [-96.788791, 32.779095], [-96.788586, 32.778862], [-96.788538, 32.778804], [-96.788552, 32.778795], [-96.788597, 32.778849], [-96.788783, 32.779057], [-96.788804, 32.779079], [-96.788815, 32.779088], [-96.788916, 32.779174], [-96.788972, 32.779228], [-96.789014, 32.779274]]]}}, {"type": "Feature", "properties": {"k": "area", "s": "grass"}, "geometry": {"type": "Polygon", "coordinates": [[[-96.797047, 32.781398], [-96.796999, 32.781238], [-96.796907, 32.781258], [-96.796954, 32.781417], [-96.797047, 32.781398]]]}}, {"type": "Feature", "properties": {"k": "area", "s": "asphalt"}, "geometry": {"type": "Polygon", "coordinates": [[[-96.821077, 32.795457], [-96.821114, 32.795437], [-96.82117, 32.795511], [-96.821008, 32.795598], [-96.820964, 32.795534], [-96.821077, 32.795457]]]}}, {"type": "Feature", "properties": {"k": "area", "s": "pond"}, "geometry": {"type": "Polygon", "coordinates": [[[-96.821005, 32.797473], [-96.820813, 32.79757], [-96.820757, 32.797492], [-96.82081, 32.797466], [-96.820863, 32.797453], [-96.820899, 32.797448], [-96.820953, 32.797454], [-96.820983, 32.797463], [-96.821005, 32.797473]]]}}, {"type": "Feature", "properties": {"k": "area", "s": "concrete"}, "geometry": {"type": "Polygon", "coordinates": [[[-96.78442, 32.793558], [-96.784367, 32.793603], [-96.784278, 32.79368], [-96.784213, 32.793626], [-96.784354, 32.793505], [-96.78442, 32.793558]]]}}, {"type": "Feature", "properties": {"k": "area", "s": "pond"}, "geometry": {"type": "Polygon", "coordinates": [[[-96.786673, 32.778468], [-96.786605, 32.778388], [-96.786733, 32.778311], [-96.786801, 32.77839], [-96.786673, 32.778468]]]}}, {"type": "Feature", "properties": {"k": "area", "s": "asphalt"}, "geometry": {"type": "Polygon", "coordinates": [[[-96.789738, 32.778256], [-96.789311, 32.77835], [-96.78928, 32.778324], [-96.789705, 32.778224], [-96.789709, 32.778233], [-96.789738, 32.778256]]]}}, {"type": "Feature", "properties": {"k": "area", "s": "grass"}, "geometry": {"type": "Polygon", "coordinates": [[[-96.807291, 32.785085], [-96.80741, 32.785205], [-96.807255, 32.78534], [-96.807275, 32.785268], [-96.807288, 32.785222], [-96.807292, 32.785174], [-96.807291, 32.785085]]]}}, {"type": "Feature", "properties": {"k": "area", "s": "pond"}, "geometry": {"type": "Polygon", "coordinates": [[[-96.797222, 32.799363], [-96.797287, 32.799314], [-96.797152, 32.799189], [-96.797087, 32.799239], [-96.797222, 32.799363]]]}}, {"type": "Feature", "properties": {"k": "area", "s": "pond"}, "geometry": {"type": "Polygon", "coordinates": [[[-96.789932, 32.768443], [-96.79, 32.76839], [-96.789872, 32.768274], [-96.789804, 32.768328], [-96.789932, 32.768443]]]}}, {"type": "Feature", "properties": {"k": "area", "s": "grass"}, "geometry": {"type": "Polygon", "coordinates": [[[-96.792901, 32.784367], [-96.792871, 32.784382], [-96.792884, 32.784439], [-96.792905, 32.784489], [-96.792982, 32.784608], [-96.793047, 32.784689], [-96.793122, 32.784749], [-96.793202, 32.784797], [-96.793209, 32.784774], [-96.793154, 32.784738], [-96.793088, 32.784686], [-96.79304, 32.784639], [-96.792984, 32.784562], [-96.792944, 32.784507], [-96.792917, 32.784448], [-96.792912, 32.784436], [-96.792901, 32.784367]]]}}, {"type": "Feature", "properties": {"k": "area", "s": "pond"}, "geometry": {"type": "Polygon", "coordinates": [[[-96.790192, 32.796833], [-96.790108, 32.796902], [-96.790079, 32.796877], [-96.790104, 32.796857], [-96.790069, 32.796827], [-96.790011, 32.796875], [-96.789967, 32.796837], [-96.78999, 32.796818], [-96.79, 32.796827], [-96.79002, 32.79681], [-96.789998, 32.796791], [-96.790013, 32.79678], [-96.790028, 32.796793], [-96.790036, 32.796787], [-96.790021, 32.796773], [-96.790035, 32.796762], [-96.790048, 32.796773], [-96.790056, 32.796766], [-96.790043, 32.796755], [-96.790059, 32.796742], [-96.790116, 32.796791], [-96.79011, 32.796796], [-96.790143, 32.796824], [-96.790163, 32.796808], [-96.790192, 32.796833]]]}}, {"type": "Feature", "properties": {"k": "area", "s": "grass"}, "geometry": {"type": "Polygon", "coordinates": [[[-96.794432, 32.786731], [-96.794401, 32.786749], [-96.794375, 32.786774], [-96.794359, 32.786801], [-96.794351, 32.786831], [-96.794352, 32.786861], [-96.794361, 32.78689], [-96.7943, 32.786843], [-96.794298, 32.786821], [-96.794574, 32.786587], [-96.794582, 32.786702], [-96.794535, 32.786702], [-96.794474, 32.786708], [-96.794432, 32.786731]]]}}, {"type": "Feature", "properties": {"k": "area", "s": "paving", "name": "Briggs-Freeman Plaza"}, "geometry": {"type": "Polygon", "coordinates": [[[-96.812817, 32.799264], [-96.812797, 32.799279], [-96.812771, 32.799287], [-96.812743, 32.799286], [-96.812718, 32.799277], [-96.812698, 32.799261], [-96.812687, 32.79924], [-96.812685, 32.799217], [-96.812693, 32.799195], [-96.81271, 32.799177], [-96.812734, 32.799166], [-96.812761, 32.799162], [-96.812788, 32.799167], [-96.812811, 32.79918], [-96.812827, 32.799198], [-96.812834, 32.799221], [-96.81283, 32.799244], [-96.812817, 32.799264]]]}}, {"type": "Feature", "properties": {"k": "area", "s": "grass"}, "geometry": {"type": "Polygon", "coordinates": [[[-96.782045, 32.789702], [-96.782095, 32.789694], [-96.782102, 32.7897], [-96.782053, 32.789741], [-96.781812, 32.78994], [-96.781783, 32.789965], [-96.781756, 32.789942], [-96.782045, 32.789702]]]}}, {"type": "Feature", "properties": {"k": "area", "s": "pond"}, "geometry": {"type": "Polygon", "coordinates": [[[-96.800313, 32.789146], [-96.800135, 32.789004], [-96.800089, 32.789045], [-96.800267, 32.789187], [-96.800313, 32.789146]]]}}, {"type": "Feature", "properties": {"k": "area", "s": "pond"}, "geometry": {"type": "Polygon", "coordinates": [[[-96.785878, 32.777603], [-96.785799, 32.777651], [-96.785701, 32.777537], [-96.785781, 32.777489], [-96.785878, 32.777603]]]}}, {"type": "Feature", "properties": {"k": "area", "s": "grass"}, "geometry": {"type": "Polygon", "coordinates": [[[-96.778682, 32.78908], [-96.778476, 32.789248], [-96.778437, 32.789215], [-96.778644, 32.789047], [-96.778682, 32.78908]]]}}, {"type": "Feature", "properties": {"k": "area", "s": "pond"}, "geometry": {"type": "Polygon", "coordinates": [[[-96.789359, 32.77701], [-96.789316, 32.776958], [-96.789487, 32.776857], [-96.78953, 32.776909], [-96.789359, 32.77701]]]}}, {"type": "Feature", "properties": {"k": "area", "s": "grass"}, "geometry": {"type": "Polygon", "coordinates": [[[-96.795223, 32.786471], [-96.795249, 32.786444], [-96.795267, 32.786413], [-96.795277, 32.786378], [-96.795277, 32.786344], [-96.795271, 32.786323], [-96.795155, 32.786351], [-96.795158, 32.78637], [-96.795153, 32.78639], [-96.795139, 32.786406], [-96.795223, 32.786471]]]}}, {"type": "Feature", "properties": {"k": "area", "s": "grass", "name": "Exposition Plaza"}, "geometry": {"type": "Polygon", "coordinates": [[[-96.774406, 32.784065], [-96.774377, 32.784074], [-96.774322, 32.784106], [-96.774243, 32.784158], [-96.77419, 32.7842], [-96.774158, 32.784233], [-96.774103, 32.784296], [-96.774039, 32.784359], [-96.773961, 32.784432], [-96.77394, 32.784461], [-96.77394, 32.78447], [-96.773944, 32.78447], [-96.773959, 32.784464], [-96.774081, 32.78435], [-96.774109, 32.784321], [-96.774138, 32.784287], [-96.774214, 32.784204], [-96.774239, 32.784186], [-96.774334, 32.784124], [-96.774368, 32.784105], [-96.77438, 32.784097], [-96.774398, 32.784084], [-96.774408, 32.784074], [-96.774412, 32.78407], [-96.77441, 32.784065], [-96.774406, 32.784065]]]}}, {"type": "Feature", "properties": {"k": "area", "s": "grass"}, "geometry": {"type": "Polygon", "coordinates": [[[-96.796222, 32.7873], [-96.796254, 32.787279], [-96.79629, 32.787264], [-96.79633, 32.787257], [-96.79637, 32.787257], [-96.79639, 32.78726], [-96.796359, 32.787354], [-96.796334, 32.787354], [-96.79631, 32.78736], [-96.79629, 32.787373], [-96.796212, 32.787306], [-96.796222, 32.7873]]]}}, {"type": "Feature", "properties": {"k": "area", "s": "grass"}, "geometry": {"type": "Polygon", "coordinates": [[[-96.780525, 32.787893], [-96.780475, 32.787839], [-96.780428, 32.787886], [-96.780249, 32.787719], [-96.780235, 32.787748], [-96.78025, 32.787762], [-96.780359, 32.787853], [-96.780393, 32.787882], [-96.780424, 32.787916], [-96.780443, 32.787928], [-96.780486, 32.787939], [-96.780535, 32.787904], [-96.780525, 32.787893]]]}}, {"type": "Feature", "properties": {"k": "area", "s": "grass"}, "geometry": {"type": "Polygon", "coordinates": [[[-96.796528, 32.787375], [-96.796416, 32.787405], [-96.796418, 32.787424], [-96.796412, 32.787443], [-96.796398, 32.787459], [-96.796473, 32.787525], [-96.796501, 32.787498], [-96.796522, 32.787466], [-96.796532, 32.787431], [-96.796533, 32.787395], [-96.796528, 32.787375]]]}}, {"type": "Feature", "properties": {"k": "area", "s": "pond"}, "geometry": {"type": "Polygon", "coordinates": [[[-96.785998, 32.778727], [-96.785814, 32.778839], [-96.785776, 32.778794], [-96.78596, 32.778683], [-96.785998, 32.778727]]]}}, {"type": "Feature", "properties": {"k": "area", "s": "pond"}, "geometry": {"type": "Polygon", "coordinates": [[[-96.794345, 32.799413], [-96.794315, 32.799387], [-96.794271, 32.799423], [-96.794215, 32.799374], [-96.794259, 32.799338], [-96.794181, 32.799271], [-96.794201, 32.799254], [-96.794261, 32.799305], [-96.794285, 32.799286], [-96.794344, 32.799336], [-96.79432, 32.799356], [-96.794366, 32.799396], [-96.794345, 32.799413]]]}}, {"type": "Feature", "properties": {"k": "area", "s": "grass"}, "geometry": {"type": "Polygon", "coordinates": [[[-96.779512, 32.791879], [-96.779766, 32.791668], [-96.779738, 32.791645], [-96.779574, 32.791781], [-96.779583, 32.791788], [-96.77948, 32.791874], [-96.779471, 32.791866], [-96.779439, 32.791893], [-96.779438, 32.791904], [-96.779444, 32.791909], [-96.779462, 32.791894], [-96.779478, 32.791908], [-96.779512, 32.791879]]]}}, {"type": "Feature", "properties": {"k": "area", "s": "grass"}, "geometry": {"type": "Polygon", "coordinates": [[[-96.79513, 32.786211], [-96.795114, 32.786208], [-96.795073, 32.786208], [-96.795033, 32.786215], [-96.794996, 32.786231], [-96.794964, 32.786252], [-96.795035, 32.786322], [-96.795054, 32.786311], [-96.795076, 32.786305], [-96.795099, 32.786305], [-96.79513, 32.786211]]]}}, {"type": "Feature", "properties": {"k": "area", "s": "pond"}, "geometry": {"type": "Polygon", "coordinates": [[[-96.786202, 32.785844], [-96.786181, 32.785808], [-96.786147, 32.78578], [-96.786104, 32.785764], [-96.786092, 32.785763], [-96.78608, 32.785765], [-96.78607, 32.785771], [-96.786062, 32.785779], [-96.786058, 32.785789], [-96.786058, 32.785799], [-96.786069, 32.785828], [-96.78609, 32.785852], [-96.786117, 32.785872], [-96.786149, 32.785884], [-96.786162, 32.785886], [-96.786174, 32.785885], [-96.786185, 32.78588], [-96.786194, 32.785873], [-96.786201, 32.785864], [-96.786203, 32.785854], [-96.786202, 32.785844]]]}}, {"type": "Feature", "properties": {"k": "area", "s": "pond"}, "geometry": {"type": "Polygon", "coordinates": [[[-96.801649, 32.795593], [-96.801514, 32.795477], [-96.801563, 32.795437], [-96.801698, 32.795553], [-96.801649, 32.795593]]]}}, {"type": "Feature", "properties": {"k": "area", "s": "grass"}, "geometry": {"type": "Polygon", "coordinates": [[[-96.793861, 32.784702], [-96.793696, 32.784825], [-96.793674, 32.784828], [-96.793659, 32.784814], [-96.793641, 32.784763], [-96.793837, 32.784698], [-96.793861, 32.784702]]]}}, {"type": "Feature", "properties": {"k": "area", "s": "pond"}, "geometry": {"type": "Polygon", "coordinates": [[[-96.78076, 32.793754], [-96.780706, 32.793708], [-96.780776, 32.79365], [-96.780766, 32.793641], [-96.780802, 32.793611], [-96.780866, 32.793665], [-96.78076, 32.793754]]]}}, {"type": "Feature", "properties": {"k": "area", "s": "asphalt"}, "geometry": {"type": "Polygon", "coordinates": [[[-96.791809, 32.781902], [-96.791607, 32.781944], [-96.791594, 32.781897], [-96.791795, 32.781854], [-96.791809, 32.781902]]]}}, {"type": "Feature", "properties": {"k": "area", "s": "grass"}, "geometry": {"type": "Polygon", "coordinates": [[[-96.79597, 32.787944], [-96.796055, 32.787874], [-96.796037, 32.787857], [-96.795926, 32.787854], [-96.795951, 32.787893], [-96.795957, 32.787914], [-96.795949, 32.787938], [-96.795934, 32.787934], [-96.795923, 32.787964], [-96.795905, 32.787992], [-96.795879, 32.788016], [-96.795849, 32.788033], [-96.795815, 32.788044], [-96.795779, 32.788049], [-96.795743, 32.788047], [-96.795779, 32.788078], [-96.795816, 32.788071], [-96.79597, 32.787944]]]}}, {"type": "Feature", "properties": {"k": "area", "s": "asphalt"}, "geometry": {"type": "Polygon", "coordinates": [[[-96.784288, 32.788648], [-96.784276, 32.788636], [-96.783796, 32.788997], [-96.783809, 32.789008], [-96.784288, 32.788648]]]}}, {"type": "Feature", "properties": {"k": "area", "s": "grass"}, "geometry": {"type": "Polygon", "coordinates": [[[-96.806124, 32.787234], [-96.806124, 32.787206], [-96.806123, 32.787197], [-96.806119, 32.787191], [-96.805907, 32.786975], [-96.805903, 32.786972], [-96.805895, 32.78697], [-96.805856, 32.786965], [-96.806124, 32.787234]]]}}, {"type": "Feature", "properties": {"k": "area", "s": "pond"}, "geometry": {"type": "Polygon", "coordinates": [[[-96.786227, 32.780365], [-96.786206, 32.780341], [-96.786218, 32.780333], [-96.786161, 32.780268], [-96.786216, 32.780234], [-96.786273, 32.7803], [-96.78629, 32.780289], [-96.786311, 32.780314], [-96.786294, 32.780324], [-96.786304, 32.780336], [-96.786249, 32.780369], [-96.786239, 32.780358], [-96.786227, 32.780365]]]}}, {"type": "Feature", "properties": {"k": "area", "s": "pond"}, "geometry": {"type": "Polygon", "coordinates": [[[-96.798941, 32.797474], [-96.798952, 32.797464], [-96.798965, 32.797475], [-96.798978, 32.797464], [-96.798965, 32.797454], [-96.798978, 32.797443], [-96.798829, 32.797323], [-96.798816, 32.797335], [-96.798803, 32.797325], [-96.798792, 32.797334], [-96.798805, 32.797344], [-96.798793, 32.797355], [-96.798941, 32.797474]]]}}, {"type": "Feature", "properties": {"k": "area", "s": "grass", "name": "Exposition Plaza"}, "geometry": {"type": "Polygon", "coordinates": [[[-96.773935, 32.784709], [-96.773952, 32.784733], [-96.773963, 32.784745], [-96.773977, 32.784758], [-96.774001, 32.784777], [-96.774108, 32.784862], [-96.77422, 32.784956], [-96.774283, 32.785008], [-96.774291, 32.785003], [-96.774221, 32.784934], [-96.774008, 32.784748], [-96.773988, 32.78473], [-96.773978, 32.784723], [-96.773966, 32.784714], [-96.773944, 32.784706], [-96.773936, 32.784704], [-96.773934, 32.784707], [-96.773935, 32.784709]]]}}, {"type": "Feature", "properties": {"k": "area", "s": "pond"}, "geometry": {"type": "Polygon", "coordinates": [[[-96.810399, 32.798718], [-96.810321, 32.798606], [-96.81026, 32.798635], [-96.810338, 32.798748], [-96.810399, 32.798718]]]}}, {"type": "Feature", "properties": {"k": "area", "s": "grass"}, "geometry": {"type": "Polygon", "coordinates": [[[-96.798899, 32.769886], [-96.798901, 32.7699], [-96.798896, 32.769913], [-96.798888, 32.769922], [-96.798878, 32.769929], [-96.798865, 32.769932], [-96.79874, 32.76984], [-96.798783, 32.7698], [-96.798899, 32.769886]]]}}, {"type": "Feature", "properties": {"k": "area", "s": "pond"}, "geometry": {"type": "Polygon", "coordinates": [[[-96.797149, 32.795061], [-96.797263, 32.794966], [-96.797217, 32.794927], [-96.797103, 32.795022], [-96.797149, 32.795061]]]}}, {"type": "Feature", "properties": {"k": "area", "s": "grass"}, "geometry": {"type": "Polygon", "coordinates": [[[-96.789659, 32.780007], [-96.789643, 32.780017], [-96.789597, 32.779964], [-96.789569, 32.77993], [-96.789557, 32.779917], [-96.789534, 32.779891], [-96.789222, 32.779588], [-96.789235, 32.779578], [-96.789564, 32.779904], [-96.789659, 32.780007]]]}}, {"type": "Feature", "properties": {"k": "area", "s": "pond"}, "geometry": {"type": "Polygon", "coordinates": [[[-96.788138, 32.786682], [-96.788239, 32.786597], [-96.788174, 32.78654], [-96.788158, 32.786553], [-96.788177, 32.786568], [-96.78809, 32.786645], [-96.788138, 32.786682]]]}}, {"type": "Feature", "properties": {"k": "area", "s": "pond"}, "geometry": {"type": "Polygon", "coordinates": [[[-96.801787, 32.800731], [-96.801642, 32.800614], [-96.801607, 32.800645], [-96.801752, 32.800762], [-96.801787, 32.800731]]]}}, {"type": "Feature", "properties": {"k": "area", "s": "pond"}, "geometry": {"type": "Polygon", "coordinates": [[[-96.795079, 32.78493], [-96.794981, 32.785012], [-96.794929, 32.784968], [-96.795027, 32.784886], [-96.795079, 32.78493]]]}}, {"type": "Feature", "properties": {"k": "area", "s": "grass"}, "geometry": {"type": "Polygon", "coordinates": [[[-96.787999, 32.778121], [-96.787989, 32.778115], [-96.787979, 32.778104], [-96.787972, 32.778107], [-96.787964, 32.778113], [-96.787974, 32.778125], [-96.788024, 32.778177], [-96.788083, 32.778234], [-96.788113, 32.778262], [-96.788129, 32.778279], [-96.788165, 32.778323], [-96.788193, 32.778354], [-96.788242, 32.778413], [-96.788257, 32.778403], [-96.788182, 32.778315], [-96.78814, 32.778264], [-96.788111, 32.778231], [-96.78806, 32.778174], [-96.787999, 32.778121]]]}}, {"type": "Feature", "properties": {"k": "area", "s": "pond"}, "geometry": {"type": "Polygon", "coordinates": [[[-96.788854, 32.789846], [-96.78882, 32.789817], [-96.788884, 32.789764], [-96.788827, 32.789716], [-96.788858, 32.789691], [-96.788949, 32.789768], [-96.788854, 32.789846]]]}}, {"type": "Feature", "properties": {"k": "area", "s": "pond"}, "geometry": {"type": "Polygon", "coordinates": [[[-96.776949, 32.784901], [-96.777105, 32.784867], [-96.777102, 32.784855], [-96.77712, 32.784851], [-96.777114, 32.784831], [-96.777098, 32.784834], [-96.777094, 32.78482], [-96.776934, 32.784855], [-96.776949, 32.784901]]]}}, {"type": "Feature", "properties": {"k": "area", "s": "grass"}, "geometry": {"type": "Polygon", "coordinates": [[[-96.779049, 32.791874], [-96.779033, 32.791887], [-96.778728, 32.791628], [-96.778743, 32.791615], [-96.779049, 32.791874]]]}}, {"type": "Feature", "properties": {"k": "area", "s": "pond"}, "geometry": {"type": "Polygon", "coordinates": [[[-96.786175, 32.780242], [-96.786152, 32.780216], [-96.786144, 32.780222], [-96.786127, 32.780202], [-96.786121, 32.780205], [-96.786085, 32.780164], [-96.78615, 32.780124], [-96.786226, 32.780211], [-96.786175, 32.780242]]]}}, {"type": "Feature", "properties": {"k": "area", "s": "pond"}, "geometry": {"type": "Polygon", "coordinates": [[[-96.807723, 32.795539], [-96.807716, 32.79555], [-96.807705, 32.795555], [-96.807674, 32.79555], [-96.807646, 32.795538], [-96.807625, 32.795519], [-96.80761, 32.795496], [-96.807605, 32.79547], [-96.807611, 32.795459], [-96.807624, 32.795453], [-96.807655, 32.795458], [-96.807682, 32.795471], [-96.807704, 32.79549], [-96.807718, 32.795513], [-96.807723, 32.795539]]]}}, {"type": "Feature", "properties": {"k": "area", "s": "asphalt"}, "geometry": {"type": "Polygon", "coordinates": [[[-96.790524, 32.780761], [-96.790651, 32.780688], [-96.790618, 32.780647], [-96.79049, 32.78072], [-96.790524, 32.780761]]]}}, {"type": "Feature", "properties": {"k": "area", "s": "water"}, "geometry": {"type": "Polygon", "coordinates": [[[-96.799404, 32.77968], [-96.79957, 32.779652], [-96.799512, 32.779448], [-96.799538, 32.779621], [-96.799408, 32.779649], [-96.799395, 32.779588], [-96.799404, 32.77968]]]}}, {"type": "Feature", "properties": {"k": "area", "s": "pond"}, "geometry": {"type": "Polygon", "coordinates": [[[-96.785046, 32.786553], [-96.78502, 32.786575], [-96.784847, 32.786429], [-96.784873, 32.786407], [-96.785046, 32.786553]]]}}, {"type": "Feature", "properties": {"k": "area", "s": "water"}, "geometry": {"type": "Polygon", "coordinates": [[[-96.797207, 32.781757], [-96.797159, 32.781596], [-96.797115, 32.781606], [-96.797162, 32.781766], [-96.797207, 32.781757]]]}}, {"type": "Feature", "properties": {"k": "area", "s": "pond"}, "geometry": {"type": "Polygon", "coordinates": [[[-96.8072, 32.798726], [-96.807232, 32.798699], [-96.807093, 32.798581], [-96.807061, 32.798607], [-96.8072, 32.798726]]]}}, {"type": "Feature", "properties": {"k": "area", "s": "water"}, "geometry": {"type": "Polygon", "coordinates": [[[-96.797091, 32.781389], [-96.797043, 32.781229], [-96.796999, 32.781238], [-96.797047, 32.781398], [-96.797091, 32.781389]]]}}, {"type": "Feature", "properties": {"k": "area", "s": "pond"}, "geometry": {"type": "Polygon", "coordinates": [[[-96.795349, 32.777634], [-96.79533, 32.777584], [-96.795463, 32.77755], [-96.795481, 32.7776], [-96.795349, 32.777634]]]}}, {"type": "Feature", "properties": {"k": "area", "s": "pond"}, "geometry": {"type": "Polygon", "coordinates": [[[-96.803006, 32.801718], [-96.802897, 32.801617], [-96.802858, 32.801647], [-96.802966, 32.801748], [-96.803006, 32.801718]]]}}, {"type": "Feature", "properties": {"k": "area", "s": "grass"}, "geometry": {"type": "Polygon", "coordinates": [[[-96.794017, 32.784013], [-96.793964, 32.783929], [-96.793935, 32.783908], [-96.793914, 32.783944], [-96.793915, 32.78398], [-96.793934, 32.784009], [-96.793963, 32.784027], [-96.794001, 32.784026], [-96.794017, 32.784013]]]}}, {"type": "Feature", "properties": {"k": "area", "s": "pond"}, "geometry": {"type": "Polygon", "coordinates": [[[-96.805511, 32.794478], [-96.805504, 32.794381], [-96.805432, 32.794384], [-96.80544, 32.794482], [-96.805511, 32.794478]]]}}, {"type": "Feature", "properties": {"k": "area", "s": "pond"}, "geometry": {"type": "Polygon", "coordinates": [[[-96.788897, 32.78054], [-96.788822, 32.780454], [-96.788769, 32.780486], [-96.788845, 32.780573], [-96.788897, 32.78054]]]}}, {"type": "Feature", "properties": {"k": "area", "s": "pond"}, "geometry": {"type": "Polygon", "coordinates": [[[-96.779464, 32.793812], [-96.77945, 32.793825], [-96.779436, 32.793827], [-96.779422, 32.793821], [-96.779414, 32.793812], [-96.779406, 32.793811], [-96.779402, 32.793737], [-96.779402, 32.793729], [-96.779413, 32.79373], [-96.779417, 32.79372], [-96.779428, 32.793713], [-96.779438, 32.793711], [-96.779449, 32.793715], [-96.779455, 32.793721], [-96.779463, 32.793725], [-96.779472, 32.793725], [-96.779473, 32.793811], [-96.779464, 32.793812]]]}}, {"type": "Feature", "properties": {"k": "area", "s": "pond"}, "geometry": {"type": "Polygon", "coordinates": [[[-96.795109, 32.777695], [-96.795093, 32.777644], [-96.795215, 32.777614], [-96.795233, 32.777664], [-96.795109, 32.777695]]]}}, {"type": "Feature", "properties": {"k": "area", "s": "grass"}, "geometry": {"type": "Polygon", "coordinates": [[[-96.807783, 32.790102], [-96.807753, 32.790119], [-96.807751, 32.79015], [-96.807759, 32.790186], [-96.807783, 32.790258], [-96.807792, 32.790287], [-96.807793, 32.790353], [-96.807805, 32.790352], [-96.807802, 32.790188], [-96.807793, 32.790135], [-96.807783, 32.790102]]]}}, {"type": "Feature", "properties": {"k": "area", "s": "grass"}, "geometry": {"type": "Polygon", "coordinates": [[[-96.775895, 32.79134], [-96.775733, 32.791475], [-96.775741, 32.791481], [-96.775562, 32.791632], [-96.775552, 32.791624], [-96.775608, 32.791576], [-96.775603, 32.791571], [-96.775725, 32.791468], [-96.775887, 32.791333], [-96.775895, 32.79134]]]}}, {"type": "Feature", "properties": {"k": "area", "s": "grass", "name": "Exposition Plaza"}, "geometry": {"type": "Polygon", "coordinates": [[[-96.774057, 32.784471], [-96.774007, 32.784524], [-96.774002, 32.784529], [-96.773995, 32.784544], [-96.773994, 32.784556], [-96.774, 32.784564], [-96.774005, 32.784568], [-96.77406, 32.784615], [-96.774066, 32.784616], [-96.77407, 32.784611], [-96.774064, 32.784574], [-96.774063, 32.784545], [-96.774067, 32.784474], [-96.774066, 32.78447], [-96.774062, 32.784469], [-96.774057, 32.784471]]]}}, {"type": "Feature", "properties": {"k": "area", "s": "pond"}, "geometry": {"type": "Polygon", "coordinates": [[[-96.788756, 32.789805], [-96.788702, 32.789759], [-96.788781, 32.789693], [-96.788809, 32.789716], [-96.788785, 32.789736], [-96.788812, 32.789759], [-96.788756, 32.789805]]]}}, {"type": "Feature", "properties": {"k": "area", "s": "pond"}, "geometry": {"type": "Polygon", "coordinates": [[[-96.804531, 32.80218], [-96.804455, 32.80212], [-96.804499, 32.802081], [-96.804576, 32.802141], [-96.804531, 32.80218]]]}}, {"type": "Feature", "properties": {"k": "area", "s": "pond"}, "geometry": {"type": "Polygon", "coordinates": [[[-96.808988, 32.796872], [-96.808919, 32.796817], [-96.808871, 32.79686], [-96.808939, 32.796915], [-96.808988, 32.796872]]]}}, {"type": "Feature", "properties": {"k": "area", "s": "asphalt"}, "geometry": {"type": "Polygon", "coordinates": [[[-96.8065, 32.777028], [-96.806517, 32.777091], [-96.806601, 32.777075], [-96.806595, 32.777051], [-96.806584, 32.777012], [-96.8065, 32.777028]]]}}, {"type": "Feature", "properties": {"k": "area", "s": "grass", "name": "Exposition Plaza"}, "geometry": {"type": "Polygon", "coordinates": [[[-96.773791, 32.784849], [-96.773777, 32.784854], [-96.773769, 32.784855], [-96.773766, 32.784851], [-96.773798, 32.78479], [-96.773803, 32.784784], [-96.773807, 32.784782], [-96.773817, 32.784777], [-96.773828, 32.784776], [-96.773838, 32.784778], [-96.773848, 32.784786], [-96.773898, 32.784826], [-96.773898, 32.78483], [-96.773894, 32.784834], [-96.773875, 32.784835], [-96.773841, 32.784838], [-96.773807, 32.784844], [-96.773791, 32.784849]]]}}, {"type": "Feature", "properties": {"k": "area", "s": "grass", "name": "Exposition Plaza"}, "geometry": {"type": "Polygon", "coordinates": [[[-96.773573, 32.784581], [-96.773597, 32.784637], [-96.773603, 32.784661], [-96.773614, 32.784705], [-96.773621, 32.784711], [-96.773627, 32.784709], [-96.77365, 32.784666], [-96.773657, 32.784653], [-96.773657, 32.784647], [-96.773656, 32.784638], [-96.773652, 32.78463], [-96.773584, 32.784575], [-96.773579, 32.784573], [-96.773575, 32.784577], [-96.773573, 32.784581]]]}}, {"type": "Feature", "properties": {"k": "area", "s": "water"}, "geometry": {"type": "Polygon", "coordinates": [[[-96.779142, 32.791216], [-96.779074, 32.791231], [-96.779064, 32.791229], [-96.779057, 32.791223], [-96.779055, 32.791217], [-96.779075, 32.791161], [-96.77908, 32.791156], [-96.779086, 32.791154], [-96.779095, 32.791154], [-96.779107, 32.79116], [-96.779151, 32.791195], [-96.779155, 32.791204], [-96.779152, 32.79121], [-96.779142, 32.791216]]]}}, {"type": "Feature", "properties": {"k": "area", "s": "pond"}, "geometry": {"type": "Polygon", "coordinates": [[[-96.801676, 32.794311], [-96.801708, 32.794285], [-96.801622, 32.794211], [-96.801591, 32.794237], [-96.801676, 32.794311]]]}}, {"type": "Feature", "properties": {"k": "area", "s": "pond"}, "geometry": {"type": "Polygon", "coordinates": [[[-96.797954, 32.796527], [-96.797882, 32.796464], [-96.797918, 32.796435], [-96.79799, 32.796498], [-96.797954, 32.796527]]]}}, {"type": "Feature", "properties": {"k": "area", "s": "pond"}, "geometry": {"type": "Polygon", "coordinates": [[[-96.782519, 32.790356], [-96.782478, 32.790321], [-96.782539, 32.790271], [-96.78258, 32.790306], [-96.782519, 32.790356]]]}}, {"type": "Feature", "properties": {"k": "area", "s": "grass"}, "geometry": {"type": "Polygon", "coordinates": [[[-96.779244, 32.791564], [-96.779229, 32.791576], [-96.779067, 32.791435], [-96.779083, 32.791423], [-96.779244, 32.791564]]]}}, {"type": "Feature", "properties": {"k": "area", "s": "grass"}, "geometry": {"type": "Polygon", "coordinates": [[[-96.778814, 32.791198], [-96.778799, 32.79121], [-96.778638, 32.791069], [-96.778653, 32.791057], [-96.778814, 32.791198]]]}}, {"type": "Feature", "properties": {"k": "area", "s": "asphalt"}, "geometry": {"type": "Polygon", "coordinates": [[[-96.779313, 32.798024], [-96.779369, 32.79807], [-96.779333, 32.798102], [-96.779276, 32.798056], [-96.779313, 32.798024]]]}}, {"type": "Feature", "properties": {"k": "area", "s": "water"}, "geometry": {"type": "Polygon", "coordinates": [[[-96.800489, 32.787496], [-96.800476, 32.787495], [-96.800462, 32.787498], [-96.800452, 32.787505], [-96.800445, 32.787515], [-96.800443, 32.787526], [-96.800447, 32.787537], [-96.800455, 32.787546], [-96.800467, 32.787552], [-96.800481, 32.787554], [-96.800494, 32.78755], [-96.800505, 32.787543], [-96.800511, 32.787533], [-96.800513, 32.787522], [-96.800509, 32.787511], [-96.800501, 32.787502], [-96.800489, 32.787496]]]}}, {"type": "Feature", "properties": {"k": "area", "s": "grass"}, "geometry": {"type": "Polygon", "coordinates": [[[-96.787648, 32.786217], [-96.787636, 32.786207], [-96.787749, 32.786107], [-96.787754, 32.786108], [-96.787775, 32.78609], [-96.787786, 32.786099], [-96.787648, 32.786217]]]}}, {"type": "Feature", "properties": {"k": "area", "s": "grass"}, "geometry": {"type": "Polygon", "coordinates": [[[-96.779281, 32.781186], [-96.779258, 32.781209], [-96.779189, 32.78116], [-96.779212, 32.781137], [-96.779281, 32.781186]]]}}, {"type": "Feature", "properties": {"k": "area", "s": "grass"}, "geometry": {"type": "Polygon", "coordinates": [[[-96.799069, 32.78727], [-96.79906, 32.787263], [-96.79911, 32.787222], [-96.799119, 32.787229], [-96.79913, 32.787262], [-96.799095, 32.787292], [-96.799069, 32.78727]]]}}, {"type": "Feature", "properties": {"k": "area", "s": "pond"}, "geometry": {"type": "Polygon", "coordinates": [[[-96.797232, 32.797316], [-96.797206, 32.797294], [-96.797263, 32.797246], [-96.797289, 32.797268], [-96.797232, 32.797316]]]}}, {"type": "Feature", "properties": {"k": "area", "s": "grass"}, "geometry": {"type": "Polygon", "coordinates": [[[-96.79879, 32.787496], [-96.79884, 32.787506], [-96.798877, 32.787475], [-96.798854, 32.787457], [-96.798844, 32.787449], [-96.79879, 32.787496]]]}}, {"type": "Feature", "properties": {"k": "area", "s": "grass"}, "geometry": {"type": "Polygon", "coordinates": [[[-96.798699, 32.787574], [-96.798744, 32.787584], [-96.798787, 32.787547], [-96.798742, 32.787537], [-96.798735, 32.787536], [-96.798693, 32.787573], [-96.798699, 32.787574]]]}}, {"type": "Feature", "properties": {"k": "area", "s": "water"}, "geometry": {"type": "Polygon", "coordinates": [[[-96.786698, 32.77951], [-96.786716, 32.779498], [-96.78672, 32.779479], [-96.786706, 32.779463], [-96.786683, 32.77946], [-96.786665, 32.779471], [-96.786661, 32.779491], [-96.786675, 32.779506], [-96.786698, 32.77951]]]}}, {"type": "Feature", "properties": {"k": "area", "s": "pond"}, "geometry": {"type": "Polygon", "coordinates": [[[-96.779556, 32.793801], [-96.779526, 32.793778], [-96.779566, 32.793742], [-96.779596, 32.793765], [-96.779556, 32.793801]]]}}, {"type": "Feature", "properties": {"k": "area", "s": "grass"}, "geometry": {"type": "Polygon", "coordinates": [[[-96.799166, 32.787178], [-96.799169, 32.787185], [-96.79918, 32.787218], [-96.799218, 32.787185], [-96.799207, 32.787153], [-96.799204, 32.787145], [-96.799166, 32.787178]]]}}, {"type": "Feature", "properties": {"k": "area", "s": "grass"}, "geometry": {"type": "Polygon", "coordinates": [[[-96.775467, 32.789203], [-96.775429, 32.78917], [-96.77546, 32.789145], [-96.775498, 32.789178], [-96.775467, 32.789203]]]}}, {"type": "Feature", "properties": {"k": "area", "s": "grass"}, "geometry": {"type": "Polygon", "coordinates": [[[-96.779368, 32.781102], [-96.779344, 32.781125], [-96.779321, 32.781109], [-96.779329, 32.781101], [-96.779291, 32.781073], [-96.779307, 32.781058], [-96.779368, 32.781102]]]}}, {"type": "Feature", "properties": {"k": "area", "s": "grass"}, "geometry": {"type": "Polygon", "coordinates": [[[-96.801196, 32.7898], [-96.801162, 32.789827], [-96.80113, 32.789799], [-96.801164, 32.789772], [-96.801196, 32.7898]]]}}, {"type": "Feature", "properties": {"k": "area", "s": "grass"}, "geometry": {"type": "Polygon", "coordinates": [[[-96.801143, 32.789757], [-96.801109, 32.789784], [-96.801078, 32.789756], [-96.801111, 32.789729], [-96.801143, 32.789757]]]}}, {"type": "Feature", "properties": {"k": "area", "s": "grass"}, "geometry": {"type": "Polygon", "coordinates": [[[-96.801095, 32.789715], [-96.801061, 32.789741], [-96.801029, 32.789713], [-96.801063, 32.789687], [-96.801095, 32.789715]]]}}, {"type": "Feature", "properties": {"k": "area", "s": "grass"}, "geometry": {"type": "Polygon", "coordinates": [[[-96.798624, 32.78764], [-96.79866, 32.787651], [-96.798699, 32.787622], [-96.798658, 32.78761], [-96.798652, 32.787609], [-96.798618, 32.787638], [-96.798624, 32.78764]]]}}, {"type": "Feature", "properties": {"k": "area", "s": "grass"}, "geometry": {"type": "Polygon", "coordinates": [[[-96.777371, 32.789231], [-96.777361, 32.789223], [-96.777438, 32.789157], [-96.777448, 32.789165], [-96.777371, 32.789231]]]}}, {"type": "Feature", "properties": {"k": "area", "s": "pond"}, "geometry": {"type": "Polygon", "coordinates": [[[-96.797532, 32.795626], [-96.797508, 32.795609], [-96.797477, 32.79564], [-96.7975, 32.795657], [-96.797532, 32.795626]]]}}, {"type": "Feature", "properties": {"k": "area", "s": "grass"}, "geometry": {"type": "Polygon", "coordinates": [[[-96.776989, 32.78953], [-96.776997, 32.789537], [-96.776914, 32.789608], [-96.776906, 32.789601], [-96.776989, 32.78953]]]}}, {"type": "Feature", "properties": {"k": "area", "s": "grass"}, "geometry": {"type": "Polygon", "coordinates": [[[-96.777274, 32.789765], [-96.777282, 32.789771], [-96.777198, 32.789842], [-96.77719, 32.789836], [-96.777274, 32.789765]]]}}, {"type": "Feature", "properties": {"k": "area", "s": "grass"}, "geometry": {"type": "Polygon", "coordinates": [[[-96.787673, 32.786159], [-96.787564, 32.786251], [-96.787558, 32.786247], [-96.787657, 32.786162], [-96.787662, 32.786159], [-96.787667, 32.786158], [-96.787673, 32.786159]]]}}, {"type": "Feature", "properties": {"k": "area", "s": "grass"}, "geometry": {"type": "Polygon", "coordinates": [[[-96.777128, 32.789417], [-96.777135, 32.789423], [-96.777044, 32.7895], [-96.777038, 32.789494], [-96.777128, 32.789417]]]}}, {"type": "Feature", "properties": {"k": "area", "s": "grass"}, "geometry": {"type": "Polygon", "coordinates": [[[-96.777412, 32.789652], [-96.777419, 32.789657], [-96.777328, 32.789734], [-96.777322, 32.789729], [-96.777412, 32.789652]]]}}, {"type": "Feature", "properties": {"k": "area", "s": "grass"}, "geometry": {"type": "Polygon", "coordinates": [[[-96.77931, 32.781158], [-96.779287, 32.781181], [-96.779264, 32.781165], [-96.779287, 32.781142], [-96.77931, 32.781158]]]}}, {"type": "Feature", "properties": {"k": "area", "s": "grass"}, "geometry": {"type": "Polygon", "coordinates": [[[-96.777694, 32.789378], [-96.7777, 32.789383], [-96.777612, 32.789458], [-96.777606, 32.789453], [-96.777694, 32.789378]]]}}, {"type": "Feature", "properties": {"k": "area", "s": "grass"}, "geometry": {"type": "Polygon", "coordinates": [[[-96.779337, 32.78113], [-96.779315, 32.781153], [-96.779292, 32.781137], [-96.779315, 32.781114], [-96.779337, 32.78113]]]}}, {"type": "Feature", "properties": {"k": "area", "s": "grass"}, "geometry": {"type": "Polygon", "coordinates": [[[-96.787779, 32.786069], [-96.787694, 32.786141], [-96.787693, 32.786136], [-96.787694, 32.786132], [-96.787697, 32.786128], [-96.787767, 32.786069], [-96.787772, 32.786068], [-96.787775, 32.786068], [-96.787779, 32.786069]]]}}, {"type": "Feature", "properties": {"k": "area", "s": "grass"}, "geometry": {"type": "Polygon", "coordinates": [[[-96.779266, 32.78103], [-96.779251, 32.781045], [-96.779229, 32.78103], [-96.779244, 32.781015], [-96.779266, 32.78103]]]}}, {"type": "Feature", "properties": {"k": "area", "s": "grass"}, "geometry": {"type": "Polygon", "coordinates": [[[-96.779297, 32.781052], [-96.779282, 32.781067], [-96.779261, 32.781052], [-96.779275, 32.781037], [-96.779297, 32.781052]]]}}, {"type": "Feature", "properties": {"k": "area", "s": "grass"}, "geometry": {"type": "Polygon", "coordinates": [[[-96.779235, 32.781008], [-96.77922, 32.781023], [-96.779199, 32.781007], [-96.779213, 32.780993], [-96.779235, 32.781008]]]}}]}