{"type": "FeatureCollection", "features": [{"type": "Feature", "properties": {"k": "deck", "c": "motorway_link", "b": 5.6, "h": 7.1, "lk": 1}, "geometry": {"type": "Polygon", "coordinates": [[[-96.80668025679117, 32.78494301576476], [-96.80647272508986, 32.785097685617636], [-96.80629675621157, 32.78522666280683], [-96.80597057984062, 32.785470794814536], [-96.80581799788122, 32.785579926282196], [-96.8056776825256, 32.785664318851154], [-96.80553924964222, 32.78573712429352], [-96.80543220826361, 32.785776615287574], [-96.80530982918076, 32.785812178439855], [-96.80517668747838, 32.78582591528216], [-96.8050704066022, 32.785822726855876], [-96.804977252599, 32.785806848332605], [-96.80485657121675, 32.78577487292363], [-96.80475224543665, 32.78573799007207], [-96.80466298603196, 32.78568653465055], [-96.80457204422851, 32.78562691724607], [-96.8046199557715, 32.78557508275393], [-96.80470901396805, 32.78563346534945], [-96.80478975456336, 32.78568000992792], [-96.80488342878324, 32.78571312707637], [-96.80499674740099, 32.7857431516674], [-96.8050795933978, 32.78575727314412], [-96.80517331252163, 32.785760084717836], [-96.80529217081924, 32.78574782156015], [-96.8054037917364, 32.78571538471243], [-96.80550275035777, 32.78567887570648], [-96.8056343174744, 32.78560968114885], [-96.80577000211879, 32.7855280737178], [-96.80591942015937, 32.785421205185465], [-96.80624524378842, 32.78517733719317], [-96.80642127491015, 32.78504831438236], [-96.80663774320882, 32.784886984235236], [-96.80694435663072, 32.78477391416935], [-96.80697564336928, 32.78483408583065], [-96.80668025679117, 32.78494301576476]]]}}, {"type": "Feature", "properties": {"k": "deck", "c": "motorway_link", "b": 0.0, "h": 0.75, "lk": 1}, "geometry": {"type": "Polygon", "coordinates": [[[-96.81145136953863, 32.78031004920765], [-96.81140863046137, 32.78030995079235], [-96.81140963046137, 32.780001950792354], [-96.81145236953863, 32.78000204920765], [-96.81145136953863, 32.78031004920765]]]}}, {"type": "Feature", "properties": {"k": "deck", "c": "motorway_link", "b": 1.02, "h": 2.52, "lk": 1}, "geometry": {"type": "Polygon", "coordinates": [[[-96.81142834592637, 32.78072184720637], [-96.81138565407363, 32.78072015279363], [-96.81140865407363, 32.78030915279363], [-96.81145134592637, 32.78031084720637], [-96.81142834592637, 32.78072184720637]]]}}, {"type": "Feature", "properties": {"k": "deck", "c": "motorway_link", "b": 3.08, "h": 4.58, "lk": 1}, "geometry": {"type": "Polygon", "coordinates": [[[-96.81140928132808, 32.78092965643082], [-96.81138024700203, 32.781156925120825], [-96.81133775299796, 32.78115307487917], [-96.8113667186719, 32.780926343569185], [-96.811385693941, 32.78071961300603], [-96.811428306059, 32.78072238699397], [-96.81140928132808, 32.78092965643082]]]}}, {"type": "Feature", "properties": {"k": "deck", "c": "motorway_link", "b": 4.88, "h": 6.38, "lk": 1}, "geometry": {"type": "Polygon", "coordinates": [[[-96.81129776863102, 32.781444238040045], [-96.81125623136899, 32.78143576195996], [-96.81133823136898, 32.78115076195996], [-96.81137976863101, 32.78115923804004], [-96.81129776863102, 32.781444238040045]]]}}, {"type": "Feature", "properties": {"k": "deck", "c": "motorway_link", "b": 4.79, "h": 6.29, "lk": 1}, "geometry": {"type": "Polygon", "coordinates": [[[-96.7805390276434, 32.77806474223694], [-96.78056712959352, 32.778221310244724], [-96.78052487040648, 32.77822668975528], [-96.7804969723566, 32.77807125776305], [-96.78045611711387, 32.77791281913883], [-96.78049788288614, 32.777905180861175], [-96.7805390276434, 32.77806474223694]]]}}, {"type": "Feature", "properties": {"k": "deck", "c": "motorway_link", "b": 3.12, "h": 4.62, "lk": 1}, "geometry": {"type": "Polygon", "coordinates": [[[-96.78057638838314, 32.77839696665529], [-96.78056835245552, 32.77856572113525], [-96.78052564754448, 32.77856427886475], [-96.78053361161687, 32.7783970333447], [-96.78052465086117, 32.778224787707465], [-96.78056734913883, 32.77822321229254], [-96.78057638838314, 32.77839696665529]]]}}, {"type": "Feature", "properties": {"k": "deck", "c": "motorway_link", "b": 1.34, "h": 2.84, "lk": 1}, "geometry": {"type": "Polygon", "coordinates": [[[-96.7805349217063, 32.778756874735585], [-96.78047650054943, 32.778924080115644], [-96.78043549945058, 32.77891391988436], [-96.78049307829369, 32.77874912526442], [-96.78052586011252, 32.778562368235924], [-96.78056813988748, 32.778567631764076], [-96.7805349217063, 32.778756874735585]]]}}, {"type": "Feature", "properties": {"k": "deck", "c": "motorway_link", "b": 0.0, "h": 0.94, "lk": 1}, "geometry": {"type": "Polygon", "coordinates": [[[-96.7803668082026, 32.77911658746811], [-96.78025827287075, 32.77926733098457], [-96.78022172712926, 32.77924866901543], [-96.7803291917974, 32.77909941253189], [-96.78043674407363, 32.77891119604852], [-96.78047525592638, 32.778926803951485], [-96.7803668082026, 32.77911658746811]]]}}, {"type": "Feature", "properties": {"k": "deck", "c": "motorway_link", "b": 0.0, "h": 0.5, "lk": 1}, "geometry": {"type": "Polygon", "coordinates": [[[-96.79941367518097, 32.79088668558207], [-96.79925356402134, 32.79108125104187], [-96.79921843597864, 32.79106074895814], [-96.79937432481904, 32.79087131441792], [-96.7994033627959, 32.79078032875708], [-96.7994446372041, 32.79078967124292], [-96.79941367518097, 32.79088668558207]]]}}, {"type": "Feature", "properties": {"k": "deck", "c": "motorway_link", "b": 1.9, "h": 3.4, "lk": 1}, "geometry": {"type": "Polygon", "coordinates": [[[-96.79908505206491, 32.791263933362785], [-96.79784810400339, 32.79230473108444], [-96.7978178959966, 32.792279268915564], [-96.7990529479351, 32.791240066637215], [-96.79921912564635, 32.79105995786035], [-96.79925287435364, 32.79108204213966], [-96.79908505206491, 32.791263933362785]]]}}, {"type": "Feature", "properties": {"k": "deck", "c": "motorway_link", "b": 0.0, "h": 0.75, "lk": 1}, "geometry": {"type": "Polygon", "coordinates": [[[-96.81094155859881, 32.77760455391395], [-96.81084163064268, 32.77763339909717], [-96.81078228606555, 32.77764363092081], [-96.81077371393445, 32.77760836907919], [-96.8108303693573, 32.777598600902834], [-96.8109244414012, 32.77757144608605], [-96.81118492228428, 32.777454130268474], [-96.81120507771571, 32.77748586973153], [-96.81094155859881, 32.77760455391395]]]}}, {"type": "Feature", "properties": {"k": "deck", "c": "motorway_link", "b": 0.3, "h": 1.8, "lk": 1}, "geometry": {"type": "Polygon", "coordinates": [[[-96.81067018297446, 32.777637818582974], [-96.81054826653457, 32.777607339473], [-96.8104465803627, 32.777543392498934], [-96.81035320681866, 32.77745712346369], [-96.81038479318133, 32.77743287653631], [-96.81047541963731, 32.77751660750106], [-96.81056773346543, 32.777574660527], [-96.81067781702555, 32.77760218141702], [-96.81077946050787, 32.777608045464085], [-96.81077653949212, 32.77764395453591], [-96.81067018297446, 32.777637818582974]]]}}, {"type": "Feature", "properties": {"k": "deck", "c": "motorway_link", "b": 1.66, "h": 3.16, "lk": 1}, "geometry": {"type": "Polygon", "coordinates": [[[-96.81028106650078, 32.777350880101196], [-96.81024379565562, 32.77723389105945], [-96.81023654309976, 32.77713028311855], [-96.8102548340868, 32.77701952103035], [-96.8102971659132, 32.77702447896966], [-96.81027945690025, 32.77713171688144], [-96.81028620434438, 32.77722810894055], [-96.81032093349921, 32.7773371198988], [-96.81038758939857, 32.777436123514036], [-96.81035041060142, 32.777453876485964], [-96.81028106650078, 32.777350880101196]]]}}, {"type": "Feature", "properties": {"k": "deck", "c": "motorway_link", "b": 2.99, "h": 4.49, "lk": 1}, "geometry": {"type": "Polygon", "coordinates": [[[-96.81029885544392, 32.776904378537466], [-96.81039272666854, 32.776804249231205], [-96.81046225721558, 32.776757182399365], [-96.81058143101058, 32.776719170068205], [-96.81059656898941, 32.776752829931795], [-96.81048374278443, 32.77678881760063], [-96.81042327333145, 32.7768297507688], [-96.81033714455607, 32.776921621462535], [-96.81029632621087, 32.77702755478702], [-96.81025567378913, 32.777016445212986], [-96.81029885544392, 32.776904378537466]]]}}, {"type": "Feature", "properties": {"k": "deck", "c": "motorway_link", "b": 4.18, "h": 5.68, "lk": 1}, "geometry": {"type": "Polygon", "coordinates": [[[-96.81070851249243, 32.77670984261956], [-96.8108205940369, 32.77673099008078], [-96.81091136048434, 32.77677263586255], [-96.8109897709359, 32.7768448560153], [-96.8109582290641, 32.7768691439847], [-96.81088463951565, 32.77680136413745], [-96.8108054059631, 32.77676500991922], [-96.81070548750756, 32.77674615738044], [-96.81059071477802, 32.776753938582445], [-96.81058728522197, 32.776718061417554], [-96.81070851249243, 32.77670984261956]]]}}, {"type": "Feature", "properties": {"k": "deck", "c": "motorway_link", "b": 5.17, "h": 6.67, "lk": 1}, "geometry": {"type": "Polygon", "coordinates": [[[-96.8110687465263, 32.776959886086935], [-96.81117476470239, 32.77707284003155], [-96.81114123529763, 32.777095159968454], [-96.81103325347371, 32.77698011391306], [-96.8109554654237, 32.77686595742409], [-96.8109925345763, 32.77684804257591], [-96.8110687465263, 32.776959886086935]]]}}, {"type": "Feature", "properties": {"k": "deck", "c": "motorway_link", "b": 4.5, "h": 6.0, "lk": 1}, "geometry": {"type": "Polygon", "coordinates": [[[-96.79249407347959, 32.79192200924726], [-96.79247807541573, 32.791705035506176], [-96.79255592458428, 32.79170096449382], [-96.79257192652042, 32.79191799075274], [-96.7925849284066, 32.79209901701423], [-96.7925070715934, 32.792102982985774], [-96.79249407347959, 32.79192200924726]]]}}, {"type": "Feature", "properties": {"k": "deck", "c": "motorway_link", "b": 2.72, "h": 4.22, "lk": 1}, "geometry": {"type": "Polygon", "coordinates": [[[-96.79245712932459, 32.7914886679018], [-96.79253487067541, 32.791483332098196], [-96.79255587067541, 32.791700332098195], [-96.79247812932459, 32.7917056679018], [-96.79245712932459, 32.7914886679018]]]}}, {"type": "Feature", "properties": {"k": "deck", "c": "motorway_link", "b": 1.47, "h": 2.97, "lk": 1}, "geometry": {"type": "Polygon", "coordinates": [[[-96.79243316108288, 32.79126697792374], [-96.79251083891712, 32.791261022076256], [-96.79253483891712, 32.79148302207626], [-96.79245716108288, 32.79148897792374], [-96.79243316108288, 32.79126697792374]]]}}, {"type": "Feature", "properties": {"k": "deck", "c": "motorway_link", "b": 0.21, "h": 1.71, "lk": 1}, "geometry": {"type": "Polygon", "coordinates": [[[-96.7924042407152, 32.791048640137845], [-96.79248175928481, 32.79104135986215], [-96.79251075928481, 32.79126035986215], [-96.7924332407152, 32.791267640137846], [-96.7924042407152, 32.791048640137845]]]}}, {"type": "Feature", "properties": {"k": "deck", "c": "motorway_link", "b": 0.0, "h": 0.54, "lk": 1}, "geometry": {"type": "Polygon", "coordinates": [[[-96.79237336347158, 32.7908594708941], [-96.79245063652841, 32.7908505291059], [-96.79248163652842, 32.7910405291059], [-96.79240436347159, 32.791049470894094], [-96.79237336347158, 32.7908594708941]]]}}, {"type": "Feature", "properties": {"k": "deck", "c": "motorway_link", "b": 0.74, "h": 2.24, "lk": 1}, "geometry": {"type": "Polygon", "coordinates": [[[-96.79182101513842, 32.79055173566393], [-96.79177898486157, 32.79055826433606], [-96.79164998486156, 32.789969264336065], [-96.79169201513842, 32.789962735663934], [-96.79182101513842, 32.79055173566393]]]}}, {"type": "Feature", "properties": {"k": "deck", "c": "motorway_link", "b": 3.68, "h": 5.18, "lk": 1}, "geometry": {"type": "Polygon", "coordinates": [[[-96.79185610899957, 32.79073919790871], [-96.79181389100044, 32.7907448020913], [-96.79177889100043, 32.79055780209129], [-96.79182110899956, 32.7905521979087], [-96.79185610899957, 32.79073919790871]]]}}, {"type": "Feature", "properties": {"k": "deck", "c": "motorway_link", "b": 4.99, "h": 6.49, "lk": 1}, "geometry": {"type": "Polygon", "coordinates": [[[-96.7918772434059, 32.790902046935344], [-96.79183475659408, 32.79090595306465], [-96.7918137565941, 32.790743953064656], [-96.79185624340592, 32.79074004693535], [-96.7918772434059, 32.790902046935344]]]}}, {"type": "Feature", "properties": {"k": "deck", "c": "motorway_link", "b": 0.0, "h": 0.63, "lk": 1}, "geometry": {"type": "Polygon", "coordinates": [[[-96.80571044150142, 32.7864210251392], [-96.80575044626674, 32.78636207074819], [-96.80578755373325, 32.786379929251815], [-96.80575155849857, 32.78643297486081], [-96.80574014403885, 32.78649860800426], [-96.80569785596114, 32.78649339199574], [-96.80571044150142, 32.7864210251392]]]}}, {"type": "Feature", "properties": {"k": "deck", "c": "motorway_link", "b": 2.67, "h": 4.17, "lk": 1}, "geometry": {"type": "Polygon", "coordinates": [[[-96.80626231905843, 32.785895773641656], [-96.80629368094158, 32.78592022635834], [-96.80578468094157, 32.786383226358346], [-96.80575331905843, 32.78635877364166], [-96.80626231905843, 32.785895773641656]]]}}, {"type": "Feature", "properties": {"k": "deck", "c": "motorway_link", "b": 5.6, "h": 7.1, "lk": 1}, "geometry": {"type": "Polygon", "coordinates": [[[-96.78189612193941, 32.77848089925917], [-96.78185868531872, 32.77836070800327], [-96.78178075987371, 32.778199925123054], [-96.78168680458785, 32.77806245370481], [-96.78158240052736, 32.777929214237126], [-96.7814658397608, 32.777792728553216], [-96.7810130359692, 32.7772949442525], [-96.78039203311009, 32.776611941108655], [-96.78042596688992, 32.776590058891344], [-96.78104696546058, 32.77727305731929], [-96.78150016023919, 32.77777127144679], [-96.78161759947264, 32.77790878576287], [-96.78172319541216, 32.77804354629519], [-96.7818192401263, 32.77818407487694], [-96.78189931468128, 32.778349291996726], [-96.7819378780606, 32.77847310074083], [-96.78196502459834, 32.77859877915629], [-96.78192297540166, 32.77860522084371], [-96.78189612193941, 32.77848089925917]]]}}, {"type": "Feature", "properties": {"k": "deck", "c": "motorway_link", "b": 5.6, "h": 7.1, "lk": 1}, "geometry": {"type": "Polygon", "coordinates": [[[-96.79257670131378, 32.78688547429025], [-96.79260285223236, 32.786683307573476], [-96.79264102131948, 32.786517573379456], [-96.79268297868053, 32.786524426620545], [-96.79264514776764, 32.78668869242653], [-96.79261929868622, 32.78688852570975], [-96.79254932960747, 32.78785010076351], [-96.79250667039254, 32.787847899236496], [-96.79257670131378, 32.78688547429025]]]}}, {"type": "Feature", "properties": {"k": "deck", "c": "motorway_link", "b": 5.6, "h": 7.1, "lk": 1}, "geometry": {"type": "Polygon", "coordinates": [[[-96.78583363028842, 32.78226091772159], [-96.78634439090146, 32.78250027416574], [-96.78632360909853, 32.78253172583426], [-96.78581436971159, 32.782293082278414], [-96.78533416222807, 32.78210938544481], [-96.78535183777193, 32.782076614555194], [-96.78583363028842, 32.78226091772159]]]}}, {"type": "Feature", "properties": {"k": "deck", "c": "motorway_link", "b": 0.15, "h": 1.65, "lk": 1}, "geometry": {"type": "Polygon", "coordinates": [[[-96.78944521595811, 32.78257996746248], [-96.78887620216994, 32.78260696811675], [-96.78887379783006, 32.78257103188325], [-96.7894427840419, 32.782544032537515], [-96.78954577025475, 32.782539033206795], [-96.78954822974525, 32.7825749667932], [-96.78944521595811, 32.78257996746248]]]}}, {"type": "Feature", "properties": {"k": "deck", "c": "motorway_link", "b": 3.47, "h": 4.97, "lk": 1}, "geometry": {"type": "Polygon", "coordinates": [[[-96.78866076286691, 32.78260499550857], [-96.7886612371331, 32.78256900449143], [-96.7888752371331, 32.78257100449143], [-96.78887476286691, 32.78260699550857], [-96.78866076286691, 32.78260499550857]]]}}, {"type": "Feature", "properties": {"k": "deck", "c": "motorway_link", "b": 4.88, "h": 6.38, "lk": 1}, "geometry": {"type": "Polygon", "coordinates": [[[-96.78843387876766, 32.78259497182771], [-96.78843612123235, 32.782559028172294], [-96.78866212123235, 32.78256902817229], [-96.78865987876766, 32.78260497182771], [-96.78843387876766, 32.78259497182771]]]}}, {"type": "Feature", "properties": {"k": "deck", "c": "motorway_link", "b": 4.82, "h": 6.32, "lk": 1}, "geometry": {"type": "Polygon", "coordinates": [[[-96.78281755048656, 32.778677437339404], [-96.78293431258176, 32.77863170551878], [-96.78305111479551, 32.77857726380898], [-96.78308888520448, 32.77863473619103], [-96.78296968741823, 32.77869029448122], [-96.78284644951344, 32.7787385626606], [-96.78267736109868, 32.77878615041804], [-96.78265263890131, 32.77872384958195], [-96.78281755048656, 32.778677437339404]]]}}, {"type": "Feature", "properties": {"k": "deck", "c": "motorway_link", "b": 3.43, "h": 4.93, "lk": 1}, "geometry": {"type": "Polygon", "coordinates": [[[-96.78315788755202, 32.77851651143878], [-96.78325690966986, 32.778449843082214], [-96.78336120143209, 32.778372369201705], [-96.78341279856792, 32.77842163079829], [-96.78330709033014, 32.77850015691779], [-96.78320411244798, 32.77856948856122], [-96.7830917957125, 32.77863323589758], [-96.7830482042875, 32.77857876410243], [-96.78315788755202, 32.77851651143878]]]}}, {"type": "Feature", "properties": {"k": "deck", "c": "motorway_link", "b": 1.03, "h": 2.53, "lk": 1}, "geometry": {"type": "Polygon", "coordinates": [[[-96.78354656778974, 32.77821549922062], [-96.7842038185895, 32.77759121084699], [-96.7842621814105, 32.77763478915301], [-96.78360343221026, 32.77826050077938], [-96.78341463536913, 32.778420174703534], [-96.78335936463088, 32.77837382529646], [-96.78354656778974, 32.77821549922062]]]}}, {"type": "Feature", "properties": {"k": "deck", "c": "motorway_link", "b": 5.6, "h": 7.1, "lk": 1}, "geometry": {"type": "Polygon", "coordinates": [[[-96.78126236780449, 32.77731010881477], [-96.78112285251741, 32.77722821940713], [-96.78098019957673, 32.77712401193982], [-96.78084213065625, 32.777001060054445], [-96.78074947010953, 32.77691041386742], [-96.78044515439942, 32.776582073232824], [-96.78047884560058, 32.77655992676717], [-96.78078252989047, 32.77688758613258], [-96.78087386934374, 32.776976939945556], [-96.78100980042328, 32.77709798806018], [-96.7811491474826, 32.77719978059287], [-96.7812856321955, 32.77727989118524], [-96.7814310194088, 32.77735358059471], [-96.7814089805912, 32.77738441940529], [-96.78126236780449, 32.77731010881477]]]}}, {"type": "Feature", "properties": {"k": "deck", "c": "motorway_link", "b": 0.0, "h": 0.96, "lk": 1}, "geometry": {"type": "Polygon", "coordinates": [[[-96.78928030744254, 32.782272989548986], [-96.78922969255746, 32.78222301045102], [-96.78948169255746, 32.782042010451015], [-96.78953230744254, 32.78209198954898], [-96.78928030744254, 32.782272989548986]]]}}, {"type": "Feature", "properties": {"k": "deck", "c": "motorway_link", "b": 1.4, "h": 2.9, "lk": 1}, "geometry": {"type": "Polygon", "coordinates": [[[-96.78913678066145, 32.78235582093508], [-96.7889914964795, 32.7824264451902], [-96.7889525035205, 32.782369554809804], [-96.78909521933856, 32.78230017906492], [-96.78923299514754, 32.78222088363528], [-96.78927700485245, 32.78227511636472], [-96.78913678066145, 32.78235582093508]]]}}, {"type": "Feature", "properties": {"k": "deck", "c": "motorway_link", "b": 2.95, "h": 4.45, "lk": 1}, "geometry": {"type": "Polygon", "coordinates": [[[-96.7888062975401, 32.782493211689406], [-96.7887757024599, 32.782432788310594], [-96.7889567024599, 32.782367788310594], [-96.7889872975401, 32.78242821168941], [-96.7888062975401, 32.782493211689406]]]}}, {"type": "Feature", "properties": {"k": "deck", "c": "motorway_link", "b": 4.54, "h": 6.04, "lk": 1}, "geometry": {"type": "Polygon", "coordinates": [[[-96.78863535666282, 32.78253438345192], [-96.78844494197612, 32.78255067561763], [-96.78843705802389, 32.78248532438238], [-96.78862064333718, 32.782469616548084], [-96.78878034173478, 32.782431406502035], [-96.78880165826523, 32.782494593497965], [-96.78863535666282, 32.78253438345192]]]}}, {"type": "Feature", "properties": {"k": "deck", "c": "motorway_link", "b": 0.66, "h": 2.16, "lk": 1}, "geometry": {"type": "Polygon", "coordinates": [[[-96.8033157284374, 32.78756237537699], [-96.80327427156261, 32.787553624623], [-96.80329927156261, 32.78746962462301], [-96.80334072843739, 32.787478375377], [-96.8033157284374, 32.78756237537699]]]}}, {"type": "Feature", "properties": {"k": "deck", "c": "motorway_link", "b": 4.21, "h": 5.71, "lk": 1}, "geometry": {"type": "Polygon", "coordinates": [[[-96.80332612342664, 32.78761027610807], [-96.80328387657335, 32.78761572389193], [-96.80327387657336, 32.78756072389193], [-96.80331612342665, 32.787555276108066], [-96.80332612342664, 32.78761027610807]]]}}, {"type": "Feature", "properties": {"k": "deck", "c": "motorway_link", "b": 0.15, "h": 1.65, "lk": 1}, "geometry": {"type": "Polygon", "coordinates": [[[-96.80367342044893, 32.78808978973308], [-96.80371257955106, 32.78810421026692], [-96.80365857955107, 32.78820821026692], [-96.80361942044894, 32.78819378973308], [-96.80367342044893, 32.78808978973308]]]}}, {"type": "Feature", "properties": {"k": "deck", "c": "motorway_link", "b": 3.29, "h": 4.79, "lk": 1}, "geometry": {"type": "Polygon", "coordinates": [[[-96.80368576251978, 32.78806622736485], [-96.80377190456957, 32.78798316181685], [-96.80380409543042, 32.78800683818316], [-96.80372223748022, 32.78808577263514], [-96.80371255177336, 32.788104263530045], [-96.80367344822663, 32.788089736469956], [-96.80368576251978, 32.78806622736485]]]}}, {"type": "Feature", "properties": {"k": "deck", "c": "motorway_link", "b": 5.6, "h": 7.1, "lk": 1}, "geometry": {"type": "Polygon", "coordinates": [[[-96.78110477012189, 32.78007034482554], [-96.78128849569615, 32.78005621208906], [-96.781417270979, 32.78005215617464], [-96.78154656432542, 32.78005215617464], [-96.78168285801372, 32.7800613790558], [-96.7818109371717, 32.78007982245455], [-96.78193992605014, 32.780106439207245], [-96.7820688970362, 32.78014328806041], [-96.78218422216752, 32.78018447560731], [-96.78241372126352, 32.780293132258954], [-96.78289423795681, 32.78057401884375], [-96.78284976204318, 32.78062798115624], [-96.78237227873647, 32.78034886774105], [-96.78214977783249, 32.780243524392695], [-96.7820411029638, 32.7802047119396], [-96.78191807394987, 32.78016956079276], [-96.7817950628283, 32.78014417754545], [-96.78167314198627, 32.780126620944195], [-96.78154343567456, 32.78011784382536], [-96.781418729021, 32.78011784382536], [-96.78129350430385, 32.780121787910936], [-96.78111322987812, 32.780135655174455], [-96.78072090968092, 32.78017758252378], [-96.78071109031907, 32.78011241747622], [-96.78110477012189, 32.78007034482554]]]}}, {"type": "Feature", "properties": {"k": "deck", "c": "motorway_link", "b": 0.0, "h": 1.1, "lk": 1}, "geometry": {"type": "Polygon", "coordinates": [[[-96.81741826250526, 32.79820865463408], [-96.81738173749476, 32.798227345365916], [-96.81726773749475, 32.79806934536592], [-96.81730426250525, 32.79805065463408], [-96.81741826250526, 32.79820865463408]]]}}, {"type": "Feature", "properties": {"k": "deck", "c": "motorway_link", "b": 3.15, "h": 4.65, "lk": 1}, "geometry": {"type": "Polygon", "coordinates": [[[-96.81771491381326, 32.7985320007613], [-96.81768108618672, 32.798553999238706], [-96.81738308618674, 32.7982289992387], [-96.81741691381328, 32.798207000761295], [-96.81771491381326, 32.7985320007613]]]}}, {"type": "Feature", "properties": {"k": "deck", "c": "motorway_link", "b": 5.6, "h": 7.1, "lk": 1}, "geometry": {"type": "Polygon", "coordinates": [[[-96.78865871134786, 32.78326330523233], [-96.78865128865215, 32.78332869476767], [-96.78841528865215, 32.78330969476767], [-96.78842271134786, 32.78324430523233], [-96.78865871134786, 32.78326330523233]]]}}, {"type": "Feature", "properties": {"k": "deck", "c": "motorway_link", "b": 5.6, "h": 7.1, "lk": 1}, "geometry": {"type": "Polygon", "coordinates": [[[-96.78376631641662, 32.780342428264305], [-96.78381568358337, 32.78029157173569], [-96.78407568358338, 32.78047057173569], [-96.78402631641663, 32.78052142826431], [-96.78376631641662, 32.780342428264305]]]}}, {"type": "Feature", "properties": {"k": "deck", "c": "motorway_link", "b": 4.36, "h": 5.86, "lk": 1}, "geometry": {"type": "Polygon", "coordinates": [[[-96.79037783278186, 32.77461552675805], [-96.79040616721814, 32.77464247324195], [-96.79028816721814, 32.77473047324195], [-96.79025983278186, 32.77470352675805], [-96.79037783278186, 32.77461552675805]]]}}, {"type": "Feature", "properties": {"k": "deck", "c": "motorway_link", "b": 1.95, "h": 3.45, "lk": 1}, "geometry": {"type": "Polygon", "coordinates": [[[-96.79051319093406, 32.774556011331946], [-96.79053280906592, 32.77458798866805], [-96.79040180906593, 32.77464498866805], [-96.79038219093407, 32.774613011331944], [-96.79051319093406, 32.774556011331946]]]}}, {"type": "Feature", "properties": {"k": "deck", "c": "motorway_link", "b": 0.0, "h": 1.15, "lk": 1}, "geometry": {"type": "Polygon", "coordinates": [[[-96.79065284445755, 32.77451404227979], [-96.79066715554245, 32.774547957720216], [-96.79053015554244, 32.77458895772021], [-96.79051584445754, 32.774555042279786], [-96.79065284445755, 32.77451404227979]]]}}, {"type": "Feature", "properties": {"k": "deck", "c": "motorway_link", "b": 5.6, "h": 7.1, "lk": 1}, "geometry": {"type": "Polygon", "coordinates": [[[-96.81369664399867, 32.782875082480025], [-96.81372847986327, 32.78301680342577], [-96.81371921859771, 32.783158809497955], [-96.81366897797476, 32.78331978455515], [-96.81359554284977, 32.783430454391414], [-96.8134548594087, 32.783564976513894], [-96.81332677228384, 32.783630053037], [-96.81320208893071, 32.783675020803706], [-96.8130347225274, 32.78371403873822], [-96.81289201794277, 32.78371197055583], [-96.81274805314014, 32.783691404155455], [-96.81261144185912, 32.78364379719389], [-96.81248463031588, 32.783565442094], [-96.81238772149695, 32.78347567392488], [-96.81228004624363, 32.783361903845915], [-96.81219111336237, 32.78322041971665], [-96.81222888663761, 32.78320358028335], [-96.81231595375637, 32.78334209615409], [-96.81242027850305, 32.78345232607512], [-96.81251336968413, 32.783538557906], [-96.81263255814089, 32.78361220280611], [-96.81275994685986, 32.78365659584454], [-96.81289598205723, 32.783676029444166], [-96.81302927747261, 32.78367796126178], [-96.81318791106928, 32.7836409791963], [-96.81330722771615, 32.783597946963], [-96.8134271405913, 32.78353702348611], [-96.81356045715025, 32.783409545608585], [-96.81362902202524, 32.78330621544485], [-96.8136767814023, 32.78315319050204], [-96.81368552013672, 32.78301919657423], [-96.81365535600133, 32.78288491751997], [-96.81358403302936, 32.78272741262353], [-96.81362396697064, 32.782714587376475], [-96.81369664399867, 32.782875082480025]]]}}, {"type": "Feature", "properties": {"k": "deck", "c": "motorway_link", "b": 4.42, "h": 5.92, "lk": 1}, "geometry": {"type": "Polygon", "coordinates": [[[-96.80339172165833, 32.76838033872182], [-96.80331627834167, 32.76836366127818], [-96.80338827834167, 32.76813266127818], [-96.80346372165833, 32.76814933872182], [-96.80339172165833, 32.76838033872182]]]}}, {"type": "Feature", "properties": {"k": "deck", "c": "motorway_link", "b": 2.33, "h": 3.83, "lk": 1}, "geometry": {"type": "Polygon", "coordinates": [[[-96.80332417643417, 32.768559924547716], [-96.80324982356582, 32.76854007545228], [-96.80331682356582, 32.76836207545228], [-96.80339117643418, 32.76838192454772], [-96.80332417643417, 32.768559924547716]]]}}, {"type": "Feature", "properties": {"k": "deck", "c": "motorway_link", "b": 0.0, "h": 1.45, "lk": 1}, "geometry": {"type": "Polygon", "coordinates": [[[-96.80316591516716, 32.768828632650155], [-96.80309608483283, 32.76879936734984], [-96.80325208483283, 32.76853536734984], [-96.80332191516716, 32.768564632650154], [-96.80316591516716, 32.768828632650155]]]}}, {"type": "Feature", "properties": {"k": "deck", "c": "motorway_link", "b": 5.6, "h": 7.1, "lk": 1}, "geometry": {"type": "Polygon", "coordinates": [[[-96.81222878171083, 32.77689991895809], [-96.81224265508311, 32.77665713494322], [-96.81228534491689, 32.776658865056774], [-96.81227121828918, 32.77690608104191], [-96.81219045640862, 32.77713120478395], [-96.81214954359137, 32.77712079521606], [-96.81222878171083, 32.77689991895809]]]}}, {"type": "Feature", "properties": {"k": "deck", "c": "motorway_link", "b": 5.6, "h": 7.1, "lk": 1}, "geometry": {"type": "Polygon", "coordinates": [[[-96.78589222698304, 32.78220624030195], [-96.78586777301697, 32.78223575969805], [-96.78503377301696, 32.78174575969805], [-96.78505822698303, 32.781716240301954], [-96.78589222698304, 32.78220624030195]]]}}, {"type": "Feature", "properties": {"k": "deck", "c": "motorway_link", "b": 5.6, "h": 7.1, "lk": 1}, "geometry": {"type": "Polygon", "coordinates": [[[-96.79599733368278, 32.79362149412706], [-96.79595466631721, 32.79356650587294], [-96.79673966631722, 32.79313450587294], [-96.79678233368278, 32.79318949412706], [-96.79599733368278, 32.79362149412706]]]}}, {"type": "Feature", "properties": {"k": "deck", "c": "motorway_link", "b": 5.6, "h": 7.1, "lk": 1}, "geometry": {"type": "Polygon", "coordinates": [[[-96.79398630259625, 32.79470451321672], [-96.79344952662372, 32.79500582612323], [-96.79333038022429, 32.79508102508026], [-96.79317498188252, 32.795208080328244], [-96.79309675756294, 32.795291133309526], [-96.79302761421884, 32.79538170135178], [-96.79297235745496, 32.7954679794568], [-96.79292878600604, 32.795558995372296], [-96.79289974047019, 32.79563838650367], [-96.79287833572049, 32.79572011372979], [-96.79286272712115, 32.79580303441377], [-96.79285384542473, 32.79588691710224], [-96.79277615457528, 32.795881082897765], [-96.79278527287885, 32.79579496558623], [-96.79280166427951, 32.7957078862702], [-96.79282425952981, 32.79562161349634], [-96.79285521399395, 32.7955370046277], [-96.79290164254503, 32.7954400205432], [-96.79296038578114, 32.795348298648214], [-96.79303324243706, 32.79525286669047], [-96.79311701811747, 32.79516391967176], [-96.79327961977572, 32.79503097491975], [-96.79340447337627, 32.794952173876766], [-96.79394369740375, 32.79464948678328], [-96.7946180295179, 32.79428730840742], [-96.7946599704821, 32.794342691592576], [-96.79398630259625, 32.79470451321672]]]}}, {"type": "Feature", "properties": {"k": "deck", "c": "motorway_link", "b": 0.0, "h": 1.22, "lk": 1}, "geometry": {"type": "Polygon", "coordinates": [[[-96.814078635116, 32.79128774627088], [-96.81387802540625, 32.79084339576381], [-96.81391797459374, 32.7908306042362], [-96.814117364884, 32.79127225372912], [-96.8142865071442, 32.79151900243813], [-96.8142494928558, 32.79153699756187], [-96.814078635116, 32.79128774627088]]]}}, {"type": "Feature", "properties": {"k": "deck", "c": "motorway_link", "b": 1.82, "h": 3.32, "lk": 1}, "geometry": {"type": "Polygon", "coordinates": [[[-96.81385042894672, 32.79075787715574], [-96.81380045257659, 32.79061394520976], [-96.81374041738995, 32.79043283906342], [-96.81378158261005, 32.79042316093658], [-96.81384154742342, 32.79060405479024], [-96.81389157105329, 32.79074812284426], [-96.81391862724455, 32.79083229766152], [-96.81387737275544, 32.79084170233849], [-96.81385042894672, 32.79075787715574]]]}}, {"type": "Feature", "properties": {"k": "deck", "c": "motorway_link", "b": 3.36, "h": 4.86, "lk": 1}, "geometry": {"type": "Polygon", "coordinates": [[[-96.8136025556043, 32.79005123815317], [-96.81364344439571, 32.790040761846825], [-96.8137814443957, 32.79042276184683], [-96.8137405556043, 32.79043323815317], [-96.8136025556043, 32.79005123815317]]]}}, {"type": "Feature", "properties": {"k": "deck", "c": "motorway_link", "b": 4.74, "h": 6.24, "lk": 1}, "geometry": {"type": "Polygon", "coordinates": [[[-96.813553070501, 32.78991564921974], [-96.81339881584, 32.78965092831765], [-96.81343718416, 32.78963507168235], [-96.81359292949901, 32.78990235078026], [-96.81364342655529, 32.79004071271448], [-96.81360257344473, 32.790051287285515], [-96.813553070501, 32.78991564921974]]]}}, {"type": "Feature", "properties": {"k": "deck", "c": "motorway_link", "b": 0.0, "h": 0.56, "lk": 1}, "geometry": {"type": "Polygon", "coordinates": [[[-96.81162719141226, 32.77795726522832], [-96.81165480858773, 32.77798473477168], [-96.81153980858774, 32.77806673477168], [-96.81151219141226, 32.77803926522832], [-96.81162719141226, 32.77795726522832]]]}}, {"type": "Feature", "properties": {"k": "deck", "c": "motorway_link", "b": 0.66, "h": 2.16, "lk": 1}, "geometry": {"type": "Polygon", "coordinates": [[[-96.81181187844498, 32.777778187055766], [-96.81184412155503, 32.77780181294424], [-96.81165712155502, 32.77798281294424], [-96.81162487844497, 32.777959187055764], [-96.81181187844498, 32.777778187055766]]]}}, {"type": "Feature", "properties": {"k": "deck", "c": "motorway_link", "b": 2.33, "h": 3.83, "lk": 1}, "geometry": {"type": "Polygon", "coordinates": [[[-96.81188813593232, 32.77765654447425], [-96.81192586406769, 32.77767345552575], [-96.81184686406769, 32.777798455525755], [-96.81180913593232, 32.77778154447425], [-96.81188813593232, 32.77765654447425]]]}}, {"type": "Feature", "properties": {"k": "deck", "c": "motorway_link", "b": 3.64, "h": 5.14, "lk": 1}, "geometry": {"type": "Polygon", "coordinates": [[[-96.81195612675641, 32.77751138410348], [-96.81199587324359, 32.777524615896525], [-96.81192687324359, 32.77767161589652], [-96.81188712675642, 32.777658384103475], [-96.81195612675641, 32.77751138410348]]]}}, {"type": "Feature", "properties": {"k": "deck", "c": "motorway_link", "b": 4.97, "h": 6.47, "lk": 1}, "geometry": {"type": "Polygon", "coordinates": [[[-96.81198393538361, 32.77737197027153], [-96.81202606461639, 32.77737802972847], [-96.81199706461639, 32.77752102972847], [-96.81195493538361, 32.77751497027153], [-96.81198393538361, 32.77737197027153]]]}}, {"type": "Feature", "properties": {"k": "deck", "c": "secondary", "b": 5.6, "h": 7.1, "lk": 0}, "geometry": {"type": "Polygon", "coordinates": [[[-96.80865561049185, 32.768515916096135], [-96.80829540926169, 32.769009562350284], [-96.8070578935259, 32.77056320983427], [-96.80581999538745, 32.7721360804092], [-96.80501401473609, 32.7731630557553], [-96.80492398526391, 32.77311294424471], [-96.80573000461254, 32.77208591959081], [-96.8069681064741, 32.77051279016573], [-96.80820459073831, 32.76896043764972], [-96.80856238950815, 32.768470083903864], [-96.811791798715, 32.76355998216552], [-96.811886201285, 32.76360401783448], [-96.80865561049185, 32.768515916096135]]]}}, {"type": "Feature", "properties": {"k": "deck", "c": "motorway_link", "b": 4.56, "h": 6.06, "lk": 1}, "geometry": {"type": "Polygon", "coordinates": [[[-96.80244940532484, 32.76923517046247], [-96.80239659467517, 32.769186829537524], [-96.80265859467517, 32.768983829537525], [-96.80271140532483, 32.769032170462474], [-96.80244940532484, 32.76923517046247]]]}}, {"type": "Feature", "properties": {"k": "deck", "c": "motorway_link", "b": 2.93, "h": 4.43, "lk": 1}, "geometry": {"type": "Polygon", "coordinates": [[[-96.8023074118022, 32.76935336226027], [-96.80225258819779, 32.769306637739724], [-96.8023955881978, 32.769187637739726], [-96.80245041180221, 32.76923436226027], [-96.8023074118022, 32.76935336226027]]]}}, {"type": "Feature", "properties": {"k": "deck", "c": "motorway_link", "b": 1.75, "h": 3.25, "lk": 1}, "geometry": {"type": "Polygon", "coordinates": [[[-96.80216562439337, 32.76947318398251], [-96.80211037560663, 32.769426816017486], [-96.80225237560663, 32.76930681601748], [-96.80230762439336, 32.76935318398251], [-96.80216562439337, 32.76947318398251]]]}}, {"type": "Feature", "properties": {"k": "deck", "c": "motorway_link", "b": 0.0, "h": 1.33, "lk": 1}, "geometry": {"type": "Polygon", "coordinates": [[[-96.80186944647431, 32.7697605347541], [-96.80181055352568, 32.769717465245904], [-96.80210855352568, 32.7694284652459], [-96.80216744647431, 32.769471534754096], [-96.80186944647431, 32.7697605347541]]]}}, {"type": "Feature", "properties": {"k": "deck", "c": "secondary", "b": 5.6, "h": 7.1, "lk": 0}, "geometry": {"type": "Polygon", "coordinates": [[[-96.81409617215907, 32.76321333635049], [-96.81415582784093, 32.76324666364951], [-96.80805982784094, 32.77098566364951], [-96.80800017215907, 32.77095233635049], [-96.81409617215907, 32.76321333635049]]]}}, {"type": "Feature", "properties": {"k": "deck", "c": "motorway_link", "b": 5.6, "h": 7.1, "lk": 1}, "geometry": {"type": "Polygon", "coordinates": [[[-96.79606809344365, 32.7937444145105], [-96.79618636396884, 32.79367425402945], [-96.79656799286163, 32.79344247941394], [-96.79685979922337, 32.79326060010627], [-96.79690620077662, 32.79331339989373], [-96.79661400713839, 32.79349552058606], [-96.79623163603117, 32.79372774597055], [-96.79611390655636, 32.7937975854895], [-96.79539134516321, 32.79425230946444], [-96.79534465483678, 32.794199690535564], [-96.79606809344365, 32.7937444145105]]]}}, {"type": "Feature", "properties": {"k": "deck", "c": "motorway", "b": 5.6, "h": 7.1, "lk": 0}, "geometry": {"type": "Polygon", "coordinates": [[[-96.80629701744893, 32.78559358603704], [-96.80640498255109, 32.78568841396296], [-96.80472198255109, 32.78704741396296], [-96.80461401744893, 32.78695258603704], [-96.80629701744893, 32.78559358603704]]]}}, {"type": "Feature", "properties": {"k": "deck", "c": "secondary", "b": 5.6, "h": 7.1, "lk": 0}, "geometry": {"type": "Polygon", "coordinates": [[[-96.79138353884792, 32.77449898266833], [-96.79148046115208, 32.77445901733167], [-96.79170546115208, 32.774846017331676], [-96.79160853884792, 32.77488598266833], [-96.79138353884792, 32.77449898266833]]]}}, {"type": "Feature", "properties": {"k": "deck", "c": "unclassified", "b": 5.6, "h": 7.1, "lk": 0}, "geometry": {"type": "Polygon", "coordinates": [[[-96.78255893320316, 32.766637395651486], [-96.78252906679684, 32.766582604348514], [-96.78272306679683, 32.76650760434851], [-96.78275293320316, 32.76656239565148], [-96.78255893320316, 32.766637395651486]]]}}, {"type": "Feature", "properties": {"k": "deck", "c": "motorway_link", "b": 9.98, "h": 11.48, "lk": 1}, "geometry": {"type": "Polygon", "coordinates": [[[-96.8118017804549, 32.78495452345252], [-96.8117242195451, 32.78496147654749], [-96.8116452195451, 32.78433647654748], [-96.8117227804549, 32.78432952345251], [-96.8118017804549, 32.78495452345252]]]}}, {"type": "Feature", "properties": {"k": "pier", "b": 0.0, "h": 9.98}, "geometry": {"type": "Polygon", "coordinates": [[[-96.811739, 32.784663], [-96.811715, 32.784663], [-96.811715, 32.784683], [-96.811739, 32.784683], [-96.811739, 32.784663]]]}}, {"type": "Feature", "properties": {"k": "deck", "c": "motorway_link", "b": 6.1, "h": 7.6, "lk": 1}, "geometry": {"type": "Polygon", "coordinates": [[[-96.81185053513862, 32.78521794646446], [-96.81177346486139, 32.78522805353554], [-96.81172446486138, 32.78496305353554], [-96.81180153513861, 32.784952946464465], [-96.81185053513862, 32.78521794646446]]]}}, {"type": "Feature", "properties": {"k": "deck", "c": "motorway_link", "b": 3.04, "h": 4.54, "lk": 1}, "geometry": {"type": "Polygon", "coordinates": [[[-96.81193053796592, 32.78565196177872], [-96.81185346203408, 32.78566203822128], [-96.81177346203408, 32.785228038221284], [-96.81185053796592, 32.78521796177872], [-96.81193053796592, 32.78565196177872]]]}}, {"type": "Feature", "properties": {"k": "deck", "c": "motorway_link", "b": 0.0, "h": 1.32, "lk": 1}, "geometry": {"type": "Polygon", "coordinates": [[[-96.81209926374643, 32.785909313200385], [-96.81203073625358, 32.78594068679961], [-96.81185773625357, 32.785672686799614], [-96.81192626374643, 32.78564131320039], [-96.81209926374643, 32.785909313200385]]]}}, {"type": "Feature", "properties": {"k": "deck", "c": "motorway_link", "b": 5.6, "h": 7.1, "lk": 1}, "geometry": {"type": "Polygon", "coordinates": [[[-96.80438993609911, 32.76529778439037], [-96.80428740583964, 32.765516781061045], [-96.80418794609625, 32.7657405654837], [-96.80410660354454, 32.765964753492085], [-96.80403185557694, 32.76621889658191], [-96.80395614442307, 32.766203103418086], [-96.80403139645546, 32.76594724650792], [-96.80411405390376, 32.76571943451629], [-96.80421459416034, 32.76549321893895], [-96.8043180639009, 32.76527221560963], [-96.80452845087126, 32.764879493264935], [-96.80459954912874, 32.764906506735066], [-96.80438993609911, 32.76529778439037]]]}}, {"type": "Feature", "properties": {"k": "deck", "c": "motorway_link", "b": 5.6, "h": 7.1, "lk": 1}, "geometry": {"type": "Polygon", "coordinates": [[[-96.80363461355674, 32.76940459643291], [-96.80386460199477, 32.769304472156016], [-96.80408332167187, 32.76918821575108], [-96.80435161099969, 32.76900704620499], [-96.80451942216298, 32.7688777328968], [-96.8047448644775, 32.76867099540313], [-96.80502696934936, 32.768292537810964], [-96.80509303065064, 32.768327462189035], [-96.80480713552251, 32.76871100459687], [-96.80457457783702, 32.7689242671032], [-96.80440238900032, 32.769056953795015], [-96.80412867832814, 32.769241784248926], [-96.80390339800522, 32.76936152784399], [-96.80366938644326, 32.76946340356708], [-96.8033938559529, 32.76957461769228], [-96.80336014404709, 32.76951538230772], [-96.80363461355674, 32.76940459643291]]]}}, {"type": "Feature", "properties": {"k": "deck", "c": "motorway_link", "b": 5.6, "h": 7.1, "lk": 1}, "geometry": {"type": "Polygon", "coordinates": [[[-96.81546939002446, 32.79842477038048], [-96.81543604115298, 32.798313607475535], [-96.81541374991227, 32.798194045366294], [-96.81540361840005, 32.798075506673165], [-96.81540563829712, 32.79796643223102], [-96.81541267645791, 32.79784175623985], [-96.81542475251932, 32.79773005267179], [-96.81554973897259, 32.796899142730496], [-96.81556671975078, 32.79672234286346], [-96.81565366830273, 32.79601875917871], [-96.81565861313842, 32.79589711622069], [-96.81565166594875, 32.795773059262324], [-96.81564177175304, 32.795655318333225], [-96.81561521429884, 32.7955372852035], [-96.8150465404574, 32.79394919603996], [-96.8150874595426, 32.793938803960046], [-96.81565678570115, 32.7955287147965], [-96.81568422824697, 32.79565068166678], [-96.81569433405126, 32.795770940737675], [-96.81570138686158, 32.79589688377931], [-96.81569633169727, 32.79602124082129], [-96.81560928024923, 32.796725657136534], [-96.81559226102742, 32.7969028572695], [-96.81546724748067, 32.79773394732822], [-96.81545532354208, 32.79784424376015], [-96.81544836170288, 32.79796756776898], [-96.81544638159995, 32.79807449332683], [-96.81545625008772, 32.798189954633706], [-96.81547795884701, 32.798306392524466], [-96.81551060997553, 32.79841522961952], [-96.81582148360368, 32.799295871633696], [-96.8157805163963, 32.799306128366304], [-96.81546939002446, 32.79842477038048]]]}}, {"type": "Feature", "properties": {"k": "deck", "c": "motorway_link", "b": 26.9, "h": 28.4, "lk": 1}, "geometry": {"type": "Polygon", "coordinates": [[[-96.81247002986095, 32.78389646876035], [-96.81247699767657, 32.78361476992893], [-96.81247500843685, 32.78336909882404], [-96.8124591607755, 32.78314723156505], [-96.81242468986332, 32.7829364665592], [-96.81235986479359, 32.782730204973696], [-96.81226687673728, 32.78252954653639], [-96.81213226930755, 32.78234129121802], [-96.81196355718096, 32.78217550473522], [-96.81177408936291, 32.78204336307751], [-96.81154845607387, 32.78194080249158], [-96.81131001318384, 32.781860670044935], [-96.8110557661625, 32.78181975673115], [-96.81080784691302, 32.78181390037093], [-96.81054415319171, 32.78184124638647], [-96.810293974212, 32.781905745654676], [-96.81010940144158, 32.781977798126555], [-96.81007659855841, 32.781918201873445], [-96.81026602578801, 32.78184425434532], [-96.81052784680828, 32.781776753613535], [-96.81080415308698, 32.78174809962908], [-96.8110642338375, 32.78175424326885], [-96.81133198681617, 32.78179732995507], [-96.81158154392614, 32.78188119750842], [-96.81181791063709, 32.781988636922485], [-96.81201844281905, 32.782128495264786], [-96.81219573069244, 32.782302708781984], [-96.81233712326272, 32.782500453463605], [-96.81243413520642, 32.7827097950263], [-96.81250131013667, 32.7829235334408], [-96.8125368392245, 32.78314076843495], [-96.81255299156314, 32.78336690117597], [-96.81255500232344, 32.783615230071064], [-96.81254797013906, 32.783899531239655], [-96.81252489733261, 32.784167376427604], [-96.8124471026674, 32.7841626235724], [-96.81247002986095, 32.78389646876035]]]}}, {"type": "Feature", "properties": {"k": "pier", "b": 0.0, "h": 26.9}, "geometry": {"type": "Polygon", "coordinates": [[[-96.812523, 32.783814], [-96.812499, 32.783814], [-96.812499, 32.783834], [-96.812523, 32.783834], [-96.812523, 32.783814]]]}}, {"type": "Feature", "properties": {"k": "pier", "b": 0.0, "h": 26.9}, "geometry": {"type": "Polygon", "coordinates": [[[-96.812527, 32.783472], [-96.812503, 32.783472], [-96.812503, 32.783492], [-96.812527, 32.783492], [-96.812527, 32.783472]]]}}, {"type": "Feature", "properties": {"k": "pier", "b": 0.0, "h": 26.9}, "geometry": {"type": "Polygon", "coordinates": [[[-96.812509, 32.783131], [-96.812486, 32.783131], [-96.812486, 32.78315], [-96.812509, 32.78315], [-96.812509, 32.783131]]]}}, {"type": "Feature", "properties": {"k": "pier", "b": 0.0, "h": 26.9}, "geometry": {"type": "Polygon", "coordinates": [[[-96.812435, 32.782795], [-96.812412, 32.782795], [-96.812412, 32.782815], [-96.812435, 32.782815], [-96.812435, 32.782795]]]}}, {"type": "Feature", "properties": {"k": "pier", "b": 0.0, "h": 26.9}, "geometry": {"type": "Polygon", "coordinates": [[[-96.812293, 32.782476], [-96.812269, 32.782476], [-96.812269, 32.782496], [-96.812293, 32.782496], [-96.812293, 32.782476]]]}}, {"type": "Feature", "properties": {"k": "pier", "b": 0.0, "h": 26.9}, "geometry": {"type": "Polygon", "coordinates": [[[-96.812059, 32.782198], [-96.812036, 32.782198], [-96.812036, 32.782217], [-96.812059, 32.782217], [-96.812059, 32.782198]]]}}, {"type": "Feature", "properties": {"k": "pier", "b": 0.0, "h": 26.9}, "geometry": {"type": "Polygon", "coordinates": [[[-96.81175, 32.78198], [-96.811726, 32.78198], [-96.811726, 32.781999], [-96.81175, 32.781999], [-96.81175, 32.78198]]]}}, {"type": "Feature", "properties": {"k": "pier", "b": 0.0, "h": 26.9}, "geometry": {"type": "Polygon", "coordinates": [[[-96.811382, 32.781836], [-96.811359, 32.781836], [-96.811359, 32.781855], [-96.811382, 32.781855], [-96.811382, 32.781836]]]}}, {"type": "Feature", "properties": {"k": "pier", "b": 0.0, "h": 26.9}, "geometry": {"type": "Polygon", "coordinates": [[[-96.810985, 32.781775], [-96.810961, 32.781775], [-96.810961, 32.781795], [-96.810985, 32.781795], [-96.810985, 32.781775]]]}}, {"type": "Feature", "properties": {"k": "pier", "b": 0.0, "h": 26.9}, "geometry": {"type": "Polygon", "coordinates": [[[-96.81058, 32.781796], [-96.810557, 32.781796], [-96.810557, 32.781816], [-96.81058, 32.781816], [-96.81058, 32.781796]]]}}, {"type": "Feature", "properties": {"k": "pier", "b": 0.0, "h": 26.9}, "geometry": {"type": "Polygon", "coordinates": [[[-96.810196, 32.781902], [-96.810173, 32.781902], [-96.810173, 32.781922], [-96.810196, 32.781922], [-96.810196, 32.781902]]]}}, {"type": "Feature", "properties": {"k": "deck", "c": "motorway_link", "b": 19.8, "h": 21.3, "lk": 1}, "geometry": {"type": "Polygon", "coordinates": [[[-96.8125845841587, 32.77174912764414], [-96.81348943533855, 32.77155715921703], [-96.81410598760269, 32.771425255004935], [-96.81548457984577, 32.77110335021721], [-96.81550542015422, 32.77116664978279], [-96.81412601239731, 32.77148874499506], [-96.81350856466143, 32.771620840782965], [-96.81260341584131, 32.77181287235585], [-96.81242930449928, 32.77184889539214], [-96.81241069550073, 32.77178510460786], [-96.8125845841587, 32.77174912764414]]]}}, {"type": "Feature", "properties": {"k": "pier", "b": 0.0, "h": 19.8}, "geometry": {"type": "Polygon", "coordinates": [[[-96.812826, 32.771724], [-96.812802, 32.771724], [-96.812802, 32.771744], [-96.812826, 32.771744], [-96.812826, 32.771724]]]}}, {"type": "Feature", "properties": {"k": "pier", "b": 0.0, "h": 19.8}, "geometry": {"type": "Polygon", "coordinates": [[[-96.813219, 32.771641], [-96.813196, 32.771641], [-96.813196, 32.771661], [-96.813219, 32.771661], [-96.813219, 32.771641]]]}}, {"type": "Feature", "properties": {"k": "pier", "b": 0.0, "h": 19.8}, "geometry": {"type": "Polygon", "coordinates": [[[-96.813613, 32.771557], [-96.81359, 32.771557], [-96.81359, 32.771577], [-96.813613, 32.771577], [-96.813613, 32.771557]]]}}, {"type": "Feature", "properties": {"k": "pier", "b": 0.0, "h": 19.8}, "geometry": {"type": "Polygon", "coordinates": [[[-96.814007, 32.771473], [-96.813983, 32.771473], [-96.813983, 32.771493], [-96.814007, 32.771493], [-96.814007, 32.771473]]]}}, {"type": "Feature", "properties": {"k": "pier", "b": 0.0, "h": 19.8}, "geometry": {"type": "Polygon", "coordinates": [[[-96.814399, 32.771384], [-96.814375, 32.771384], [-96.814375, 32.771404], [-96.814399, 32.771404], [-96.814399, 32.771384]]]}}, {"type": "Feature", "properties": {"k": "pier", "b": 0.0, "h": 19.8}, "geometry": {"type": "Polygon", "coordinates": [[[-96.81479, 32.771292], [-96.814766, 32.771292], [-96.814766, 32.771312], [-96.81479, 32.771312], [-96.81479, 32.771292]]]}}, {"type": "Feature", "properties": {"k": "pier", "b": 0.0, "h": 19.8}, "geometry": {"type": "Polygon", "coordinates": [[[-96.815181, 32.771201], [-96.815158, 32.771201], [-96.815158, 32.771221], [-96.815181, 32.771221], [-96.815181, 32.771201]]]}}, {"type": "Feature", "properties": {"k": "deck", "c": "motorway", "b": 5.6, "h": 7.1, "lk": 0}, "geometry": {"type": "Polygon", "coordinates": [[[-96.82060258179224, 32.76988420279043], [-96.82133168875937, 32.7696839971888], [-96.82203269162227, 32.769477291216404], [-96.82209730837772, 32.76963270878359], [-96.82139431124064, 32.7698400028112], [-96.82065941820777, 32.770041797209565], [-96.81958250616974, 32.77029725076277], [-96.81952949383027, 32.770138749237226], [-96.82060258179224, 32.76988420279043]]]}}, {"type": "Feature", "properties": {"k": "deck", "c": "motorway", "b": 5.6, "h": 7.1, "lk": 0}, "geometry": {"type": "Polygon", "coordinates": [[[-96.81705593036594, 32.770245396721194], [-96.81646846920175, 32.77040125376475], [-96.81624828025289, 32.770458302719696], [-96.81621371974711, 32.77036369728031], [-96.81643353079825, 32.77030674623524], [-96.81702206963405, 32.77015060327881], [-96.8174038027249, 32.77005842625949], [-96.8174361972751, 32.77015357374051], [-96.81705593036594, 32.770245396721194]]]}}, {"type": "Feature", "properties": {"k": "deck", "c": "motorway_link", "b": 5.6, "h": 7.1, "lk": 1}, "geometry": {"type": "Polygon", "coordinates": [[[-96.81573567498836, 32.77041720282737], [-96.81532616681794, 32.770483284830426], [-96.81485637464493, 32.770555406443336], [-96.81464075195126, 32.77058248464208], [-96.81462924804873, 32.77051751535792], [-96.81484362535508, 32.77049059355666], [-96.81531183318207, 32.770418715169576], [-96.81572032501163, 32.77035279717263], [-96.81618399053022, 32.77027085628357], [-96.81620000946978, 32.77033514371643], [-96.81573567498836, 32.77041720282737]]]}}, {"type": "Feature", "properties": {"k": "deck", "c": "motorway", "b": 5.6, "h": 7.1, "lk": 0}, "geometry": {"type": "Polygon", "coordinates": [[[-96.81038517763352, 32.77099388997989], [-96.8108679902594, 32.77117333368684], [-96.81130417102814, 32.77127770199719], [-96.81162185441413, 32.77132491191214], [-96.81225286776403, 32.77137459800269], [-96.81270980187753, 32.77138940148368], [-96.81332236989381, 32.771330825287635], [-96.81333563010618, 32.77142917471237], [-96.81271419812248, 32.77148859851632], [-96.81224513223596, 32.77147340199732], [-96.81160614558588, 32.771423088087865], [-96.81127782897185, 32.77137429800281], [-96.81082800974059, 32.77126666631316], [-96.81033682236648, 32.77108411002011], [-96.809860375178, 32.77089893621787], [-96.80990962482198, 32.77080906378213], [-96.81038517763352, 32.77099388997989]]]}}, {"type": "Feature", "properties": {"k": "deck", "c": "motorway", "b": 5.6, "h": 7.1, "lk": 0}, "geometry": {"type": "Polygon", "coordinates": [[[-96.80660640372685, 32.76851226144843], [-96.80635509238753, 32.7682589069275], [-96.80629042390092, 32.76817931494398], [-96.80622843515847, 32.76811929409811], [-96.8061352154161, 32.76801654051847], [-96.80601422439341, 32.76779096403547], [-96.80589242919936, 32.76755244844713], [-96.80580127531613, 32.76727488999367], [-96.80576750580948, 32.76705999313322], [-96.80575226773603, 32.7668781521233], [-96.8057492083391, 32.766722122880005], [-96.8057593127953, 32.76655843068944], [-96.8058766872047, 32.76656356931056], [-96.8058667916609, 32.76672387711999], [-96.80586973226399, 32.76687384787671], [-96.80588449419051, 32.767050006866775], [-96.80591672468387, 32.76725511000633], [-96.80600357080064, 32.76751955155287], [-96.80612177560658, 32.76775103596454], [-96.80623678458389, 32.76796545948154], [-96.80631956484153, 32.768056705901884], [-96.80638357609908, 32.768118685056024], [-96.80644890761248, 32.7681990930725], [-96.80668959627315, 32.768441738551566], [-96.80689137853494, 32.76858181070417], [-96.80681662146506, 32.76865818929583], [-96.80660640372685, 32.76851226144843]]]}}, {"type": "Feature", "properties": {"k": "deck", "c": "secondary", "b": 5.6, "h": 7.1, "lk": 0}, "geometry": {"type": "Polygon", "coordinates": [[[-96.8000270774601, 32.77098353229662], [-96.80012092253989, 32.77089246770338], [-96.8007749225399, 32.771370467703385], [-96.80068107746011, 32.77146153229662], [-96.8000270774601, 32.77098353229662]]]}}, {"type": "Feature", "properties": {"k": "deck", "c": "secondary", "b": 5.6, "h": 7.1, "lk": 0}, "geometry": {"type": "Polygon", "coordinates": [[[-96.79272814157203, 32.773953147308546], [-96.7927828256387, 32.77392189927045], [-96.79300609378879, 32.77378321729176], [-96.7934155211621, 32.773450309112], [-96.7934904788379, 32.773515690888], [-96.79307590621121, 32.77385278270824], [-96.79284517436132, 32.77399610072955], [-96.79278785842799, 32.77402885269146], [-96.79270341478191, 32.77407509564049], [-96.7926445852181, 32.77399890435951], [-96.79272814157203, 32.773953147308546]]]}}, {"type": "Feature", "properties": {"k": "deck", "c": "secondary", "b": 5.6, "h": 7.1, "lk": 0}, "geometry": {"type": "Polygon", "coordinates": [[[-96.79271249633192, 32.77400515871383], [-96.7926355036681, 32.77406884128617], [-96.79219350366809, 32.77368984128617], [-96.79227049633191, 32.773626158713824], [-96.79271249633192, 32.77400515871383]]]}}, {"type": "Feature", "properties": {"k": "deck", "c": "motorway_link", "b": 2.05, "h": 3.55, "lk": 1}, "geometry": {"type": "Polygon", "coordinates": [[[-96.79081509855534, 32.774029485792994], [-96.79079290144465, 32.773966514207004], [-96.79095290144465, 32.773926514207005], [-96.79097509855535, 32.773989485792995], [-96.79081509855534, 32.774029485792994]]]}}, {"type": "Feature", "properties": {"k": "deck", "c": "secondary", "b": 5.6, "h": 7.1, "lk": 0}, "geometry": {"type": "Polygon", "coordinates": [[[-96.79120099472333, 32.773906087682604], [-96.79117500527668, 32.7738499123174], [-96.79123900527668, 32.7738289123174], [-96.79126499472332, 32.7738850876826], [-96.79120099472333, 32.773906087682604]]]}}, {"type": "Feature", "properties": {"k": "deck", "c": "tertiary", "b": 5.6, "h": 7.1, "lk": 0}, "geometry": {"type": "Polygon", "coordinates": [[[-96.77982348640897, 32.77936314263711], [-96.77987451359103, 32.77932085736289], [-96.78065151359102, 32.77998585736289], [-96.78060048640897, 32.78002814263711], [-96.77982348640897, 32.77936314263711]]]}}, {"type": "Feature", "properties": {"k": "deck", "c": "tertiary", "b": 5.6, "h": 7.1, "lk": 0}, "geometry": {"type": "Polygon", "coordinates": [[[-96.77747621309707, 32.7776455404044], [-96.77732198697579, 32.77752357072679], [-96.77709963610499, 32.77733341545721], [-96.77693786843939, 32.77717468093532], [-96.7767843884914, 32.77699595757482], [-96.77615383056593, 32.77616422164458], [-96.77621416943407, 32.77613177835542], [-96.77684361150861, 32.776962042425176], [-96.77699413156061, 32.77713731906468], [-96.777152363895, 32.77729258454279], [-96.77737201302422, 32.777480429273204], [-96.77752378690293, 32.7776004595956], [-96.77768403509363, 32.777713927258574], [-96.77763796490636, 32.77776007274143], [-96.77747621309707, 32.7776455404044]]]}}, {"type": "Feature", "properties": {"k": "deck", "c": "secondary", "b": 5.6, "h": 7.1, "lk": 0}, "geometry": {"type": "Polygon", "coordinates": [[[-96.78296234934707, 32.77723888643602], [-96.78302165065291, 32.77720511356399], [-96.78382465065292, 32.778205113563985], [-96.78376534934708, 32.778238886436014], [-96.78296234934707, 32.77723888643602]]]}}, {"type": "Feature", "properties": {"k": "deck", "c": "motorway_link", "b": 5.6, "h": 7.1, "lk": 1}, "geometry": {"type": "Polygon", "coordinates": [[[-96.77955221055726, 32.77569115924977], [-96.7791461007387, 32.775247039152624], [-96.77920789926131, 32.77520696084738], [-96.77961378944275, 32.77565084075024], [-96.78007967831259, 32.77615072151186], [-96.78001832168742, 32.776191278488135], [-96.77955221055726, 32.77569115924977]]]}}, {"type": "Feature", "properties": {"k": "deck", "c": "motorway_link", "b": 5.6, "h": 7.1, "lk": 1}, "geometry": {"type": "Polygon", "coordinates": [[[-96.7833513193214, 32.77993930573158], [-96.78301247977369, 32.77960246523726], [-96.78285039566053, 32.779447341791546], [-96.78275741209846, 32.77936721765826], [-96.78266747075168, 32.77929309017464], [-96.78256963606374, 32.77922069250558], [-96.78247236207416, 32.77916135537193], [-96.78233566828528, 32.7790910274081], [-96.7823763317147, 32.7790349725919], [-96.78251563792584, 32.779106644628065], [-96.78261836393627, 32.77916930749442], [-96.78272052924834, 32.77924490982536], [-96.78281258790155, 32.77932078234174], [-96.78290760433946, 32.77940265820846], [-96.7830715202263, 32.77955953476274], [-96.78341068067861, 32.77989669426842], [-96.78363260381296, 32.780114618787735], [-96.78357339618704, 32.78015738121226], [-96.7833513193214, 32.77993930573158]]]}}, {"type": "Feature", "properties": {"k": "deck", "c": "motorway_link", "b": 4.85, "h": 6.35, "lk": 1}, "geometry": {"type": "Polygon", "coordinates": [[[-96.78141136987158, 32.778932665977976], [-96.78128455317653, 32.778949249699636], [-96.78118709726996, 32.77896893776157], [-96.78116890273003, 32.77890506223843], [-96.78126944682347, 32.778884750300364], [-96.78140263012843, 32.778867334022024], [-96.78152225964526, 32.778860237355765], [-96.78152774035475, 32.77892576264423], [-96.78141136987158, 32.778932665977976]]]}}, {"type": "Feature", "properties": {"k": "deck", "c": "motorway_link", "b": 3.32, "h": 4.82, "lk": 1}, "geometry": {"type": "Polygon", "coordinates": [[[-96.78107497328851, 32.778998002459964], [-96.7809556091607, 32.77903811663406], [-96.78082673215309, 32.77908966743711], [-96.78079326784692, 32.77903033256289], [-96.7809243908393, 32.77897788336593], [-96.7810490267115, 32.77893599754004], [-96.78116655121342, 32.77890560327229], [-96.78118944878658, 32.778968396727706], [-96.78107497328851, 32.778998002459964]]]}}, {"type": "Feature", "properties": {"k": "deck", "c": "motorway_link", "b": 1.74, "h": 3.24, "lk": 1}, "geometry": {"type": "Polygon", "coordinates": [[[-96.78072304595892, 32.779138193804286], [-96.780490126395, 32.77926460741377], [-96.780447873605, 32.77920939258623], [-96.78068295404108, 32.77908180619572], [-96.78079107798025, 32.7790312809905], [-96.78082892201975, 32.7790887190095], [-96.78072304595892, 32.779138193804286]]]}}, {"type": "Feature", "properties": {"k": "deck", "c": "motorway_link", "b": 0.0, "h": 1.15, "lk": 1}, "geometry": {"type": "Polygon", "coordinates": [[[-96.7800391115084, 32.77952605476127], [-96.7799948884916, 32.77947194523873], [-96.7804468884916, 32.77920994523873], [-96.7804911115084, 32.77926405476127], [-96.7800391115084, 32.77952605476127]]]}}, {"type": "Feature", "properties": {"k": "deck", "c": "motorway_link", "b": 5.6, "h": 7.1, "lk": 1}, "geometry": {"type": "Polygon", "coordinates": [[[-96.78156764916373, 32.77865667509243], [-96.78169792398549, 32.77870625730071], [-96.78184803604708, 32.778745964362166], [-96.78201041794479, 32.7787683283361], [-96.78217177286214, 32.77877712951341], [-96.78231078755475, 32.778774192583285], [-96.78244138693388, 32.77876444636096], [-96.78256116785708, 32.77874399595944], [-96.78265509867742, 32.77872323230441], [-96.78267490132257, 32.778786767695586], [-96.78257883214293, 32.77880800404056], [-96.78245261306613, 32.778829553639035], [-96.78231521244525, 32.778839807416716], [-96.78217022713787, 32.77884287048659], [-96.7820015820552, 32.778833671663904], [-96.78182996395293, 32.77881003563784], [-96.7816700760145, 32.77876774269929], [-96.78153235083626, 32.77871532490757], [-96.78142983307994, 32.778666603597635], [-96.78146816692005, 32.778609396402366], [-96.78156764916373, 32.77865667509243]]]}}, {"type": "Feature", "properties": {"k": "deck", "c": "motorway_link", "b": 5.6, "h": 7.1, "lk": 1}, "geometry": {"type": "Polygon", "coordinates": [[[-96.77948583797352, 32.77637228188814], [-96.78009173168485, 32.77716614262544], [-96.78036765543983, 32.777522044280424], [-96.78030234456016, 32.77755795571958], [-96.78002626831514, 32.77720185737456], [-96.77942016202648, 32.776407718111855], [-96.77898713128654, 32.775836677574894], [-96.77905286871346, 32.7758013224251], [-96.77948583797352, 32.77637228188814]]]}}, {"type": "Feature", "properties": {"k": "deck", "c": "motorway_link", "b": 5.6, "h": 7.1, "lk": 1}, "geometry": {"type": "Polygon", "coordinates": [[[-96.78211002160522, 32.779294733986816], [-96.78214465751815, 32.779433277638525], [-96.78219607514575, 32.77956281050807], [-96.78225748829993, 32.77969257055963], [-96.78233788858176, 32.779825578433304], [-96.78241834760527, 32.77994875027175], [-96.78251858167197, 32.780078756833504], [-96.78262892276848, 32.78020500295294], [-96.78274814275417, 32.78032919043804], [-96.78295362720112, 32.78051472493868], [-96.78292237279888, 32.780539275061315], [-96.78271585724582, 32.78035280956196], [-96.78259507723152, 32.780226997047066], [-96.78248341832803, 32.78009924316649], [-96.78238165239472, 32.77996724972825], [-96.78230011141824, 32.7798424215667], [-96.78221851170008, 32.779707429440364], [-96.78215592485427, 32.779575189491936], [-96.78210334248185, 32.77944272236147], [-96.78206797839478, 32.77930126601318], [-96.78204189440126, 32.77916282020144], [-96.78208410559873, 32.77915717979855], [-96.78211002160522, 32.779294733986816]]]}}, {"type": "Feature", "properties": {"k": "deck", "c": "motorway_link", "b": 0.0, "h": 1.24, "lk": 1}, "geometry": {"type": "Polygon", "coordinates": [[[-96.78297422786714, 32.7775146260015], [-96.78294377213287, 32.7774893739985], [-96.78326877213286, 32.7772113739985], [-96.78329922786713, 32.777236626001496], [-96.78297422786714, 32.7775146260015]]]}}, {"type": "Feature", "properties": {"k": "deck", "c": "motorway_link", "b": 1.6, "h": 3.1, "lk": 1}, "geometry": {"type": "Polygon", "coordinates": [[[-96.78281544311866, 32.777654439195395], [-96.78278455688132, 32.777629560804606], [-96.78294355688134, 32.777489560804604], [-96.78297444311868, 32.77751443919539], [-96.78281544311866, 32.777654439195395]]]}}, {"type": "Feature", "properties": {"k": "deck", "c": "motorway_link", "b": 2.88, "h": 4.38, "lk": 1}, "geometry": {"type": "Polygon", "coordinates": [[[-96.78264887173701, 32.77781005048492], [-96.782617128263, 32.77778594951507], [-96.78278412826299, 32.777629949515074], [-96.782815871737, 32.77765405048493], [-96.78264887173701, 32.77781005048492]]]}}, {"type": "Feature", "properties": {"k": "deck", "c": "motorway_link", "b": 4.55, "h": 6.05, "lk": 1}, "geometry": {"type": "Polygon", "coordinates": [[[-96.78254224454749, 32.777924644804706], [-96.78242563614243, 32.77806816284168], [-96.78239036385757, 32.778047837158326], [-96.78250775545253, 32.7779033551953], [-96.78261618332662, 32.777786895626825], [-96.78264981667338, 32.77780910437317], [-96.78254224454749, 32.777924644804706]]]}}, {"type": "Feature", "properties": {"k": "deck", "c": "motorway_link", "b": 0.0, "h": 0.56, "lk": 1}, "geometry": {"type": "Polygon", "coordinates": [[[-96.7787508427844, 32.78032317063665], [-96.77875315721559, 32.780388829363346], [-96.7785931572156, 32.78039282936335], [-96.77859084278441, 32.78032717063665], [-96.7787508427844, 32.78032317063665]]]}}, {"type": "Feature", "properties": {"k": "deck", "c": "motorway_link", "b": 0.52, "h": 2.02, "lk": 1}, "geometry": {"type": "Polygon", "coordinates": [[[-96.77900648259097, 32.780309224670624], [-96.77901151740903, 32.78037477532937], [-96.77875451740903, 32.78038877532937], [-96.77874948259097, 32.780323224670624], [-96.77900648259097, 32.780309224670624]]]}}, {"type": "Feature", "properties": {"k": "deck", "c": "motorway_link", "b": 2.31, "h": 3.81, "lk": 1}, "geometry": {"type": "Polygon", "coordinates": [[[-96.77925661755197, 32.78028536419965], [-96.77926538244805, 32.78035063580035], [-96.77901338244804, 32.78037463580035], [-96.77900461755196, 32.780309364199645], [-96.77925661755197, 32.78028536419965]]]}}, {"type": "Feature", "properties": {"k": "deck", "c": "motorway_link", "b": 4.4, "h": 5.9, "lk": 1}, "geometry": {"type": "Polygon", "coordinates": [[[-96.77959586927186, 32.78024744164034], [-96.77960613072814, 32.780312558359654], [-96.77926613072815, 32.78035055835966], [-96.77925586927186, 32.780285441640345], [-96.77959586927186, 32.78024744164034]]]}}, {"type": "Feature", "properties": {"k": "deck", "c": "motorway_link", "b": 5.6, "h": 7.1, "lk": 1}, "geometry": {"type": "Polygon", "coordinates": [[[-96.78644569714903, 32.782740693974105], [-96.786668006389, 32.782858795757846], [-96.78687177120055, 32.78295573241576], [-96.78725107006096, 32.78310268590095], [-96.7874996866389, 32.783181926244524], [-96.78781502692688, 32.783264232042946], [-96.78811714738941, 32.78332087962967], [-96.78850037858327, 32.78338691946987], [-96.78883992289317, 32.783454225590475], [-96.78919765269848, 32.78354189458501], [-96.78956835293346, 32.78366546133001], [-96.78953964706653, 32.78372653866999], [-96.78917234730153, 32.78360410541499], [-96.78882007710683, 32.78351777440953], [-96.78848362141674, 32.783451080530135], [-96.7881008526106, 32.783385120370326], [-96.78779497307313, 32.783327767957054], [-96.7874743133611, 32.78324407375548], [-96.78722092993902, 32.78316331409905], [-96.78683622879946, 32.783014267584235], [-96.786627993611, 32.78291520424216], [-96.78640230285096, 32.78279530602589], [-96.78572644481038, 32.78239179374388], [-96.78577155518961, 32.78233820625612], [-96.78644569714903, 32.782740693974105]]]}}, {"type": "Feature", "properties": {"k": "deck", "c": "motorway_link", "b": 5.6, "h": 7.1, "lk": 1}, "geometry": {"type": "Polygon", "coordinates": [[[-96.78806559412726, 32.78319394802281], [-96.78827125575634, 32.78322756578911], [-96.78842406867513, 32.78324443474767], [-96.78841393132488, 32.783309565252324], [-96.78825874424365, 32.783292434210885], [-96.78804840587273, 32.783258051977185], [-96.78775725865154, 32.78319480275327], [-96.78777674134847, 32.78313119724673], [-96.78806559412726, 32.78319394802281]]]}}, {"type": "Feature", "properties": {"k": "deck", "c": "motorway_link", "b": 5.6, "h": 7.1, "lk": 1}, "geometry": {"type": "Polygon", "coordinates": [[[-96.78673867364833, 32.7827076940698], [-96.78697682069685, 32.78283966722585], [-96.78730622480992, 32.78298507985234], [-96.78753948756126, 32.78306217516846], [-96.78777971571255, 32.783131950980035], [-96.78775428428746, 32.78319404901997], [-96.78751251243874, 32.78312382483154], [-96.78727377519007, 32.78304492014766], [-96.78693717930315, 32.78289633277415], [-96.78669532635166, 32.782762305930206], [-96.78631209286785, 32.7825431724238], [-96.78635590713215, 32.7824888275762], [-96.78673867364833, 32.7827076940698]]]}}, {"type": "Feature", "properties": {"k": "deck", "c": "motorway_link", "b": 5.6, "h": 7.1, "lk": 1}, "geometry": {"type": "Polygon", "coordinates": [[[-96.78648284951836, 32.781875804436496], [-96.78650715048164, 32.7818461955635], [-96.78684215048163, 32.7820411955635], [-96.78681784951836, 32.78207080443649], [-96.78648284951836, 32.781875804436496]]]}}, {"type": "Feature", "properties": {"k": "deck", "c": "motorway_link", "b": 5.6, "h": 7.1, "lk": 1}, "geometry": {"type": "Polygon", "coordinates": [[[-96.79092289589975, 32.78401477148351], [-96.79048490834963, 32.78363278234163], [-96.79002214295654, 32.78322698806606], [-96.78982026828393, 32.78305693600194], [-96.78954440875415, 32.7828515298053], [-96.78923701908867, 32.78265916336949], [-96.78891765417528, 32.782491546380776], [-96.78862827711886, 32.782364696164265], [-96.78833785368093, 32.78225962829934], [-96.78799029494499, 32.78215734672848], [-96.78772419981047, 32.78209456023607], [-96.78723785696144, 32.781973225216], [-96.78685567115521, 32.78185756372201], [-96.78650639739982, 32.78173073809325], [-96.78616284929761, 32.7815830726809], [-96.7857654330438, 32.78140188290271], [-96.7858025669562, 32.78134411709729], [-96.78619915070239, 32.7815249273191], [-96.78653960260017, 32.781671261906745], [-96.78688432884478, 32.781796436277986], [-96.78726214303856, 32.781910774784], [-96.78774580018953, 32.782031439763934], [-96.78801370505502, 32.782094653271514], [-96.78836614631908, 32.78219837170066], [-96.78866172288114, 32.78230530383574], [-96.78895634582473, 32.782434453619224], [-96.78928098091133, 32.78260483663051], [-96.78959359124585, 32.7828004701947], [-96.78987373171606, 32.783009063998065], [-96.79007785704344, 32.783181011933934], [-96.79054109165038, 32.78358721765838], [-96.79097910410026, 32.78396922851648], [-96.79119315307615, 32.784157271542036], [-96.79113684692386, 32.78420272845796], [-96.79092289589975, 32.78401477148351]]]}}, {"type": "Feature", "properties": {"k": "deck", "c": "motorway_link", "b": 5.6, "h": 7.1, "lk": 1}, "geometry": {"type": "Polygon", "coordinates": [[[-96.78558407186024, 32.78156493935378], [-96.78480746622552, 32.78120766073059], [-96.78454145946561, 32.781076163049285], [-96.78426630546367, 32.78091448496785], [-96.78402685675951, 32.78075719021239], [-96.7840531432405, 32.78072880978761], [-96.78429169453632, 32.78088551503215], [-96.78456454053439, 32.78104583695072], [-96.78482853377449, 32.78117633926941], [-96.78560392813976, 32.78153306064622], [-96.78646960585799, 32.78189992406722], [-96.78645039414202, 32.78193207593279], [-96.78558407186024, 32.78156493935378]]]}}, {"type": "Feature", "properties": {"k": "deck", "c": "motorway", "b": 5.6, "h": 7.1, "lk": 0}, "geometry": {"type": "Polygon", "coordinates": [[[-96.8117200118146, 32.77510136518008], [-96.81191398818541, 32.77508063481993], [-96.81194698818541, 32.77529963481992], [-96.8117530118146, 32.77532036518007], [-96.8117200118146, 32.77510136518008]]]}}, {"type": "Feature", "properties": {"k": "deck", "c": "motorway_link", "b": 5.6, "h": 7.1, "lk": 1}, "geometry": {"type": "Polygon", "coordinates": [[[-96.81064216382671, 32.7750694948799], [-96.81066824377773, 32.7752440299367], [-96.81069227493896, 32.77545830779107], [-96.81064972506104, 32.775461692208935], [-96.81062575622228, 32.775247970063305], [-96.81059983617328, 32.7750745051201], [-96.81053588359282, 32.77472776222288], [-96.81057811640719, 32.77472223777711], [-96.81064216382671, 32.7750694948799]]]}}, {"type": "Feature", "properties": {"k": "deck", "c": "motorway", "b": 5.6, "h": 7.1, "lk": 0}, "geometry": {"type": "Polygon", "coordinates": [[[-96.81109315906097, 32.775310902873805], [-96.81097684093903, 32.77532509712619], [-96.81085984093903, 32.774645097126196], [-96.81097615906097, 32.77463090287381], [-96.81109315906097, 32.775310902873805]]]}}, {"type": "Feature", "properties": {"k": "deck", "c": "motorway", "b": 5.6, "h": 7.1, "lk": 0}, "geometry": {"type": "Polygon", "coordinates": [[[-96.81204056232211, 32.77680474203888], [-96.8122354376779, 32.77679125796112], [-96.81226743767789, 32.777119257961125], [-96.8120725623221, 32.77713274203888], [-96.81204056232211, 32.77680474203888]]]}}, {"type": "Feature", "properties": {"k": "deck", "c": "motorway", "b": 5.6, "h": 7.1, "lk": 0}, "geometry": {"type": "Polygon", "coordinates": [[[-96.81133880773278, 32.77736840135688], [-96.81118319226722, 32.77737759864311], [-96.81115919226723, 32.777089598643116], [-96.81131480773278, 32.77708040135688], [-96.81133880773278, 32.77736840135688]]]}}, {"type": "Feature", "properties": {"k": "deck", "c": "motorway", "b": 5.6, "h": 7.1, "lk": 0}, "geometry": {"type": "Polygon", "coordinates": [[[-96.81193131291248, 32.784241082418234], [-96.81173668708753, 32.78425691758177], [-96.81168368708752, 32.783794917581766], [-96.81187831291247, 32.78377908241823], [-96.81193131291248, 32.784241082418234]]]}}, {"type": "Feature", "properties": {"k": "deck", "c": "motorway", "b": 5.6, "h": 7.1, "lk": 0}, "geometry": {"type": "Polygon", "coordinates": [[[-96.81194838264315, 32.7837654910028], [-96.81210361735685, 32.78375250899721], [-96.81215561735685, 32.784193508997205], [-96.81200038264315, 32.78420649100279], [-96.81194838264315, 32.7837654910028]]]}}, {"type": "Feature", "properties": {"k": "deck", "c": "motorway", "b": 5.6, "h": 7.1, "lk": 0}, "geometry": {"type": "Polygon", "coordinates": [[[-96.8083041332558, 32.78379189345017], [-96.80842386674419, 32.783876106549826], [-96.8080658667442, 32.784237106549824], [-96.80794613325581, 32.78415289345017], [-96.8083041332558, 32.78379189345017]]]}}, {"type": "Feature", "properties": {"k": "deck", "c": "motorway", "b": 5.6, "h": 7.1, "lk": 0}, "geometry": {"type": "Polygon", "coordinates": [[[-96.80703297220913, 32.784858793743325], [-96.80688702779088, 32.78474920625668], [-96.80822102779088, 32.783489206256675], [-96.80836697220913, 32.78359879374332], [-96.80703297220913, 32.784858793743325]]]}}, {"type": "Feature", "properties": {"k": "deck", "c": "motorway_link", "b": 5.6, "h": 7.1, "lk": 1}, "geometry": {"type": "Polygon", "coordinates": [[[-96.81124930331184, 32.78156861387024], [-96.81121184690794, 32.781664785718114], [-96.81112333817667, 32.781817386978894], [-96.81099648766289, 32.78196148916256], [-96.8108429590702, 32.78210180006184], [-96.81068450156077, 32.782190170595946], [-96.81049062548061, 32.78229062452348], [-96.81002103203186, 32.782500890246816], [-96.81000096796815, 32.78246910975319], [-96.81046937451939, 32.782259375476514], [-96.81066149843922, 32.78215982940406], [-96.8108150409298, 32.782074199938165], [-96.81096351233711, 32.78193851083744], [-96.81108666182332, 32.7817986130211], [-96.81117215309207, 32.78165121428189], [-96.81120869473831, 32.7815573911361], [-96.81125669864149, 32.78143438112438], [-96.81129730135852, 32.78144561887563], [-96.81124930331184, 32.78156861387024]]]}}, {"type": "Feature", "properties": {"k": "deck", "c": "motorway_link", "b": 5.6, "h": 7.1, "lk": 1}, "geometry": {"type": "Polygon", "coordinates": [[[-96.80757011074232, 32.784713961748956], [-96.80876427685838, 32.783555800641416], [-96.80888852656052, 32.78344872366233], [-96.80900369970362, 32.78336891069474], [-96.8091549278339, 32.78327111650383], [-96.80937724318882, 32.783157937777695], [-96.80954157736163, 32.7830991020862], [-96.80972409489235, 32.78305043074467], [-96.8100216968791, 32.78301121967209], [-96.81002830312089, 32.78304678032791], [-96.80973390510766, 32.78308556925533], [-96.80955642263838, 32.7831328979138], [-96.80939675681118, 32.78319006222231], [-96.8091790721661, 32.78330088349616], [-96.80903030029637, 32.78339708930526], [-96.80891747343948, 32.78347527633767], [-96.80879572314161, 32.78358019935859], [-96.80760188925768, 32.78473803825104], [-96.8062936332932, 32.78592026955841], [-96.80626236670682, 32.78589573044159], [-96.80757011074232, 32.784713961748956]]]}}, {"type": "Feature", "properties": {"k": "deck", "c": "motorway_link", "b": 4.71, "h": 6.21, "lk": 1}, "geometry": {"type": "Polygon", "coordinates": [[[-96.80446959614616, 32.785539683726334], [-96.80433695053789, 32.785391849689624], [-96.80437104946212, 32.78537015031038], [-96.80450040385384, 32.78551431627367], [-96.80460926366479, 32.78558688948097], [-96.80458273633522, 32.78561511051903], [-96.80446959614616, 32.785539683726334]]]}}, {"type": "Feature", "properties": {"k": "deck", "c": "motorway_link", "b": 2.79, "h": 4.29, "lk": 1}, "geometry": {"type": "Polygon", "coordinates": [[[-96.80424853846547, 32.7852464750494], [-96.80420018788081, 32.78514574466467], [-96.80423981211919, 32.785132255335334], [-96.80428746153451, 32.785231524950596], [-96.80437303650598, 32.78537282315927], [-96.80433496349403, 32.78538917684073], [-96.80424853846547, 32.7852464750494]]]}}, {"type": "Feature", "properties": {"k": "deck", "c": "motorway_link", "b": 0.89, "h": 2.39, "lk": 1}, "geometry": {"type": "Polygon", "coordinates": [[[-96.80414218878144, 32.78498119727571], [-96.80410198348625, 32.78479725805019], [-96.80414401651376, 32.784790741949806], [-96.80418381121856, 32.78497280272428], [-96.80424048904436, 32.785133887071304], [-96.80419951095564, 32.7851441129287], [-96.80414218878144, 32.78498119727571]]]}}, {"type": "Feature", "properties": {"k": "deck", "c": "motorway_link", "b": 0.0, "h": 0.62, "lk": 1}, "geometry": {"type": "Polygon", "coordinates": [[[-96.80407081936252, 32.78460138810986], [-96.80411318063747, 32.78459661189014], [-96.80414418063748, 32.784791611890135], [-96.80410181936253, 32.78479638810986], [-96.80407081936252, 32.78460138810986]]]}}, {"type": "Feature", "properties": {"k": "deck", "c": "motorway_link", "b": 4.9, "h": 6.4, "lk": 1}, "geometry": {"type": "Polygon", "coordinates": [[[-96.80450298463445, 32.785511679598415], [-96.80453901536553, 32.78549232040159], [-96.80461401536554, 32.785591320401586], [-96.80457798463446, 32.78561067959841], [-96.80450298463445, 32.785511679598415]]]}}, {"type": "Feature", "properties": {"k": "deck", "c": "motorway_link", "b": 3.37, "h": 4.87, "lk": 1}, "geometry": {"type": "Polygon", "coordinates": [[[-96.80446761425597, 32.78544672509533], [-96.80444912813947, 32.785375861648774], [-96.80449087186052, 32.78536813835123], [-96.80450838574404, 32.785435274904664], [-96.80454044649404, 32.78549453871529], [-96.80450155350594, 32.78550946128471], [-96.80446761425597, 32.78544672509533]]]}}, {"type": "Feature", "properties": {"k": "deck", "c": "motorway_link", "b": 1.9, "h": 3.4, "lk": 1}, "geometry": {"type": "Polygon", "coordinates": [[[-96.80445505962477, 32.785313296644865], [-96.80448255772772, 32.785262530916334], [-96.80452144227228, 32.78527746908366], [-96.80449694037522, 32.78532270335513], [-96.80449127667279, 32.78537367667697], [-96.8044487233272, 32.785370323323036], [-96.80445505962477, 32.785313296644865]]]}}, {"type": "Feature", "properties": {"k": "deck", "c": "motorway_link", "b": 0.39, "h": 1.89, "lk": 1}, "geometry": {"type": "Polygon", "coordinates": [[[-96.80453260835803, 32.78521450072897], [-96.80462012876781, 32.785143076026735], [-96.8046498712322, 32.785168923973266], [-96.80456339164196, 32.78523949927103], [-96.80451787669253, 32.78528204585421], [-96.80448612330747, 32.785257954145784], [-96.80453260835803, 32.78521450072897]]]}}, {"type": "Feature", "properties": {"k": "deck", "c": "motorway_link", "b": 0.0, "h": 0.42, "lk": 1}, "geometry": {"type": "Polygon", "coordinates": [[[-96.80468270321386, 32.7850956241791], [-96.80471129678615, 32.7851223758209], [-96.80464929678615, 32.7851693758209], [-96.80462070321386, 32.7851426241791], [-96.80468270321386, 32.7850956241791]]]}}, {"type": "Feature", "properties": {"k": "deck", "c": "secondary", "b": 5.6, "h": 7.1, "lk": 0}, "geometry": {"type": "Polygon", "coordinates": [[[-96.80361445977265, 32.788110934764276], [-96.80353354022735, 32.78817106523573], [-96.80311654022735, 32.787773065235726], [-96.80319745977265, 32.78771293476427], [-96.80361445977265, 32.788110934764276]]]}}, {"type": "Feature", "properties": {"k": "deck", "c": "secondary", "b": 5.6, "h": 7.1, "lk": 0}, "geometry": {"type": "Polygon", "coordinates": [[[-96.8005110223101, 32.78990924271095], [-96.80043497768989, 32.789844757289046], [-96.8005449776899, 32.78975275728905], [-96.80062102231011, 32.78981724271095], [-96.8005110223101, 32.78990924271095]]]}}, {"type": "Feature", "properties": {"k": "deck", "c": "motorway_link", "b": 5.6, "h": 7.1, "lk": 1}, "geometry": {"type": "Polygon", "coordinates": [[[-96.79703067374302, 32.79341692326265], [-96.7978851629058, 32.79281128532973], [-96.79818367520257, 32.792595637650464], [-96.79852823172732, 32.792319992430656], [-96.79931075767483, 32.79168575565119], [-96.79955760838835, 32.79155477363993], [-96.79958039161166, 32.79158522636007], [-96.79933724232517, 32.79171424434881], [-96.79855776827267, 32.79234600756934], [-96.79821232479743, 32.79262236234953], [-96.7979128370942, 32.79283871467027], [-96.79705732625698, 32.79344507673735], [-96.79632687352496, 32.79390936450125], [-96.79630112647503, 32.793880635498745], [-96.79703067374302, 32.79341692326265]]]}}, {"type": "Feature", "properties": {"k": "deck", "c": "secondary_link", "b": 5.6, "h": 7.1, "lk": 1}, "geometry": {"type": "Polygon", "coordinates": [[[-96.79333771322818, 32.799280504543624], [-96.79293334057367, 32.79903333299441], [-96.79290565973513, 32.79902621506451], [-96.79286932151508, 32.79902869267042], [-96.792839430332, 32.79903979510985], [-96.7928107347708, 32.7990563167966], [-96.79279772123866, 32.799070143674506], [-96.79277450558916, 32.79910399983], [-96.79273749441083, 32.79908600017], [-96.79276227876133, 32.79904985632549], [-96.7927812652292, 32.79902968320339], [-96.792818569668, 32.79900820489016], [-96.7928586784849, 32.79899330732958], [-96.79291034026487, 32.79898978493549], [-96.79295265942632, 32.799000667005586], [-96.79336628677181, 32.79925349545638], [-96.79339173660621, 32.79927682447124], [-96.79336026339378, 32.79930117552876], [-96.79333771322818, 32.799280504543624]]]}}, {"type": "Feature", "properties": {"k": "deck", "c": "secondary_link", "b": 5.6, "h": 7.1, "lk": 1}, "geometry": {"type": "Polygon", "coordinates": [[[-96.79277232643103, 32.79826538830644], [-96.79284796713114, 32.79830708766676], [-96.79319443683833, 32.79851060139161], [-96.7932407544427, 32.798522391327275], [-96.79328697978217, 32.79851347064773], [-96.79332092851635, 32.79848845579096], [-96.79334907148365, 32.79851554420904], [-96.79330702021782, 32.79854652935227], [-96.79323924555729, 32.798559608672726], [-96.79317556316165, 32.79854339860839], [-96.79282403286885, 32.79833691233324], [-96.79274367356898, 32.79829261169356], [-96.79271065457232, 32.7982595926969], [-96.79274334542768, 32.7982364073031], [-96.79277232643103, 32.79826538830644]]]}}, {"type": "Feature", "properties": {"k": "deck", "c": "motorway_link", "b": 5.6, "h": 7.1, "lk": 1}, "geometry": {"type": "Polygon", "coordinates": [[[-96.79407885644892, 32.794551968997666], [-96.79391384589904, 32.794625973729126], [-96.79320484541955, 32.79492797393336], [-96.79298355823423, 32.79502720585504], [-96.79278945033204, 32.795151356086905], [-96.79264553200511, 32.79528344551024], [-96.79251718185228, 32.79543055453157], [-96.79241375532938, 32.795597021982694], [-96.79233587750798, 32.795797138409824], [-96.79230534911763, 32.79597243045768], [-96.79230336776865, 32.796099236792195], [-96.79226063223135, 32.7960987632078], [-96.79226265088236, 32.79596956954232], [-96.79229412249202, 32.79578886159018], [-96.79237424467063, 32.7955829780173], [-96.79248081814774, 32.795411445468424], [-96.7926124679949, 32.79526055448975], [-96.79276054966797, 32.7951246439131], [-96.79296044176579, 32.79499679414496], [-96.79318515458044, 32.79489602606663], [-96.79389415410095, 32.79459402627087], [-96.79405914355107, 32.794520031002335], [-96.79445733373014, 32.794349949770066], [-96.79447666626986, 32.79438205022993], [-96.79407885644892, 32.794551968997666]]]}}, {"type": "Feature", "properties": {"k": "deck", "c": "motorway_link", "b": 5.02, "h": 6.52, "lk": 1}, "geometry": {"type": "Polygon", "coordinates": [[[-96.79231735148315, 32.796384258726896], [-96.79227464851684, 32.796385741273106], [-96.79226064851684, 32.7960997412731], [-96.79230335148316, 32.79609825872689], [-96.79231735148315, 32.796384258726896]]]}}, {"type": "Feature", "properties": {"k": "deck", "c": "motorway_link", "b": 3.61, "h": 5.11, "lk": 1}, "geometry": {"type": "Polygon", "coordinates": [[[-96.79234913995278, 32.79660431836356], [-96.79238603120062, 32.796776809873684], [-96.79234396879939, 32.79678319012631], [-96.79230686004722, 32.79660968163644], [-96.7922747861147, 32.79638716872963], [-96.79231721388528, 32.79638283127037], [-96.79234913995278, 32.79660431836356]]]}}, {"type": "Feature", "properties": {"k": "deck", "c": "motorway_link", "b": 2.2, "h": 3.7, "lk": 1}, "geometry": {"type": "Polygon", "coordinates": [[[-96.79245500835744, 32.79708870485305], [-96.79241299164256, 32.797095295146946], [-96.79234399164257, 32.796783295146945], [-96.79238600835744, 32.79677670485305], [-96.79245500835744, 32.79708870485305]]]}}, {"type": "Feature", "properties": {"k": "deck", "c": "motorway_link", "b": 0.95, "h": 2.45, "lk": 1}, "geometry": {"type": "Polygon", "coordinates": [[[-96.7925318809601, 32.79738617339956], [-96.79249011903991, 32.79739382660044], [-96.7924131190399, 32.79709582660044], [-96.7924548809601, 32.79708817339956], [-96.7925318809601, 32.79738617339956]]]}}, {"type": "Feature", "properties": {"k": "deck", "c": "motorway_link", "b": 0.0, "h": 0.92, "lk": 1}, "geometry": {"type": "Polygon", "coordinates": [[[-96.79266273076932, 32.79782663246577], [-96.79262126923068, 32.79783536753423], [-96.79249026923068, 32.79739436753423], [-96.79253173076933, 32.79738563246577], [-96.79266273076932, 32.79782663246577]]]}}, {"type": "Feature", "properties": {"k": "deck", "c": "motorway_link", "b": 5.6, "h": 7.1, "lk": 1}, "geometry": {"type": "Polygon", "coordinates": [[[-96.79208297909177, 32.791432936066954], [-96.79209498568486, 32.79175011023431], [-96.79210599849446, 32.79216559350589], [-96.79210699879764, 32.79251169840286], [-96.79211397391026, 32.792880382927606], [-96.79214674680107, 32.793214070543016], [-96.79218120050115, 32.79339716734918], [-96.79223426411488, 32.7935642194665], [-96.79229705441952, 32.79371236534151], [-96.79241678090342, 32.79392335873527], [-96.79260011796256, 32.79414297104141], [-96.7927829587001, 32.794301236410995], [-96.79299723464338, 32.79446145190987], [-96.79319852381533, 32.79456405075965], [-96.79342876155854, 32.794656344337746], [-96.79339523844146, 32.79471565566225], [-96.79316147618468, 32.79462194924035], [-96.79295076535662, 32.794514548090135], [-96.79272904129989, 32.79434876358901], [-96.79253988203743, 32.794185028958594], [-96.79234921909658, 32.79395664126473], [-96.79222494558047, 32.79373763465849], [-96.79215973588512, 32.7935837805335], [-96.79210479949884, 32.79341083265083], [-96.79206925319893, 32.79322192945699], [-96.79203602608973, 32.79288361707239], [-96.79202900120237, 32.79251230159714], [-96.79202800150554, 32.79216640649411], [-96.79201701431515, 32.791751889765685], [-96.79200502090823, 32.79143506393305], [-96.79198202158918, 32.790847081341404], [-96.79205997841083, 32.7908449186586], [-96.79208297909177, 32.791432936066954]]]}}, {"type": "Feature", "properties": {"k": "deck", "c": "motorway_link", "b": 5.03, "h": 6.53, "lk": 1}, "geometry": {"type": "Polygon", "coordinates": [[[-96.79286969308683, 32.7959425142898], [-96.79286571569638, 32.796023056446344], [-96.79274828430361, 32.79601894355366], [-96.79275230691317, 32.795937485710205], [-96.7927563395855, 32.795881028297806], [-96.79287366041451, 32.795886971702195], [-96.79286969308683, 32.7959425142898]]]}}, {"type": "Feature", "properties": {"k": "deck", "c": "motorway_link", "b": 3.04, "h": 4.54, "lk": 1}, "geometry": {"type": "Polygon", "coordinates": [[[-96.79286377709589, 32.796102083378216], [-96.79286975753233, 32.796391137806005], [-96.79275224246767, 32.79639286219399], [-96.79274622290411, 32.79610191662178], [-96.79274824625007, 32.79601997111045], [-96.79286575374992, 32.79602202888956], [-96.79286377709589, 32.796102083378216]]]}}, {"type": "Feature", "properties": {"k": "deck", "c": "motorway_link", "b": 0.0, "h": 1.29, "lk": 1}, "geometry": {"type": "Polygon", "coordinates": [[[-96.79287874638983, 32.79668070695426], [-96.79276125361018, 32.79668329304573], [-96.79275225361017, 32.79639329304573], [-96.79286974638983, 32.79639070695426], [-96.79287874638983, 32.79668070695426]]]}}, {"type": "Feature", "properties": {"k": "deck", "c": "motorway_link", "b": 5.6, "h": 7.1, "lk": 1}, "geometry": {"type": "Polygon", "coordinates": [[[-96.79250707748263, 32.792103063347355], [-96.79258492251738, 32.79209893665265], [-96.79265092251738, 32.792981936652644], [-96.79257307748263, 32.79298606334735], [-96.79250707748263, 32.792103063347355]]]}}, {"type": "Feature", "properties": {"k": "deck", "c": "motorway_link", "b": 2.05, "h": 3.55, "lk": 1}, "geometry": {"type": "Polygon", "coordinates": [[[-96.79258633405395, 32.793822962148035], [-96.79254366594604, 32.79382503785197], [-96.79248666594604, 32.79299403785197], [-96.79252933405395, 32.79299196214804], [-96.79258633405395, 32.793822962148035]]]}}, {"type": "Feature", "properties": {"k": "deck", "c": "motorway_link", "b": 5.6, "h": 7.1, "lk": 1}, "geometry": {"type": "Polygon", "coordinates": [[[-96.79252932133798, 32.79299179093951], [-96.79248667866202, 32.792994209060495], [-96.79241567866202, 32.79210620906049], [-96.79245832133799, 32.79210379093951], [-96.79252932133798, 32.79299179093951]]]}}, {"type": "Feature", "properties": {"k": "deck", "c": "motorway_link", "b": 4.74, "h": 6.24, "lk": 1}, "geometry": {"type": "Polygon", "coordinates": [[[-96.79274235178924, 32.78619736338211], [-96.79278364821074, 32.7862066366179], [-96.79268264821076, 32.786525636617895], [-96.79264135178926, 32.786516363382106], [-96.79274235178924, 32.78619736338211]]]}}, {"type": "Feature", "properties": {"k": "deck", "c": "motorway_link", "b": 3.27, "h": 4.77, "lk": 1}, "geometry": {"type": "Polygon", "coordinates": [[[-96.79284923728672, 32.78597815330639], [-96.79288876271328, 32.785991846693605], [-96.79278276271327, 32.78620884669361], [-96.79274323728671, 32.786195153306394], [-96.79284923728672, 32.78597815330639]]]}}, {"type": "Feature", "properties": {"k": "deck", "c": "motorway_link", "b": 1.74, "h": 3.24, "lk": 1}, "geometry": {"type": "Polygon", "coordinates": [[[-96.79293813225436, 32.78582050738115], [-96.79305065124893, 32.785661775228085], [-96.79308734875107, 32.785680224771916], [-96.79297586774564, 32.785837492618846], [-96.79288830221648, 32.78599272242054], [-96.79284969778351, 32.785977277579455], [-96.79293813225436, 32.78582050738115]]]}}, {"type": "Feature", "properties": {"k": "deck", "c": "motorway_link", "b": 0.0, "h": 1.15, "lk": 1}, "geometry": {"type": "Polygon", "coordinates": [[[-96.79332169330938, 32.785282716149986], [-96.79335830669062, 32.78530128385001], [-96.79308730669062, 32.78568028385001], [-96.79305069330938, 32.78566171614999], [-96.79332169330938, 32.785282716149986]]]}}, {"type": "Feature", "properties": {"k": "deck", "c": "motorway_link", "b": 11.65, "h": 13.15, "lk": 1}, "geometry": {"type": "Polygon", "coordinates": [[[-96.8151050265059, 32.799446124772864], [-96.8150709734941, 32.79946787522713], [-96.81491697349409, 32.799296875227135], [-96.8149510265059, 32.79927512477287], [-96.8151050265059, 32.799446124772864]]]}}, {"type": "Feature", "properties": {"k": "deck", "c": "motorway_link", "b": 7.85, "h": 9.35, "lk": 1}, "geometry": {"type": "Polygon", "coordinates": [[[-96.81552566939678, 32.79988773923481], [-96.81549233060323, 32.799910260765195], [-96.81507133060323, 32.79946826076519], [-96.81510466939677, 32.799445739234805], [-96.81552566939678, 32.79988773923481]]]}}, {"type": "Feature", "properties": {"k": "pier", "b": 0.0, "h": 7.85}, "geometry": {"type": "Polygon", "coordinates": [[[-96.815354, 32.799714], [-96.81533, 32.799714], [-96.81533, 32.799734], [-96.815354, 32.799734], [-96.815354, 32.799714]]]}}, {"type": "Feature", "properties": {"k": "deck", "c": "motorway_link", "b": 3.55, "h": 5.05, "lk": 1}, "geometry": {"type": "Polygon", "coordinates": [[[-96.815756813805, 32.800135892546656], [-96.81572318619502, 32.80015810745335], [-96.81549218619502, 32.79991010745335], [-96.815525813805, 32.79988789254666], [-96.815756813805, 32.800135892546656]]]}}, {"type": "Feature", "properties": {"k": "deck", "c": "motorway_link", "b": 1.45, "h": 2.95, "lk": 1}, "geometry": {"type": "Polygon", "coordinates": [[[-96.81583203237949, 32.80023534289674], [-96.81579596762052, 32.80025465710325], [-96.81572196762052, 32.80015665710326], [-96.81575803237949, 32.80013734289675], [-96.81583203237949, 32.80023534289674]]]}}, {"type": "Feature", "properties": {"k": "deck", "c": "motorway_link", "b": 0.0, "h": 1.19, "lk": 1}, "geometry": {"type": "Polygon", "coordinates": [[[-96.81597273718215, 32.800451346694295], [-96.81593526281786, 32.80046865330571], [-96.81579526281786, 32.8002536533057], [-96.81583273718215, 32.80023634669429], [-96.81597273718215, 32.800451346694295]]]}}, {"type": "Feature", "properties": {"k": "deck", "c": "motorway_link", "b": 12.7, "h": 14.2, "lk": 1}, "geometry": {"type": "Polygon", "coordinates": [[[-96.81509030992584, 32.79652235121445], [-96.81509537901084, 32.796632857267724], [-96.81509234342106, 32.79674517409013], [-96.81499724434617, 32.797485945831305], [-96.81491124797412, 32.79814791790456], [-96.81486925287746, 32.79848487856108], [-96.81482674712254, 32.79848112143892], [-96.81486875202589, 32.79814408209545], [-96.81495475565383, 32.79748205416869], [-96.81504965657895, 32.79674282590987], [-96.81505262098915, 32.796633142732276], [-96.81504769007415, 32.79652564878555], [-96.81502485346377, 32.79639359360377], [-96.81506714653622, 32.79638840639623], [-96.81509030992584, 32.79652235121445]]]}}, {"type": "Feature", "properties": {"k": "pier", "b": 0.0, "h": 12.7}, "geometry": {"type": "Polygon", "coordinates": [[[-96.815083, 32.796722], [-96.81506, 32.796722], [-96.81506, 32.796741], [-96.815083, 32.796741], [-96.815083, 32.796722]]]}}, {"type": "Feature", "properties": {"k": "pier", "b": 0.0, "h": 12.7}, "geometry": {"type": "Polygon", "coordinates": [[[-96.815041, 32.797062], [-96.815017, 32.797062], [-96.815017, 32.797081], [-96.815041, 32.797081], [-96.815041, 32.797062]]]}}, {"type": "Feature", "properties": {"k": "pier", "b": 0.0, "h": 12.7}, "geometry": {"type": "Polygon", "coordinates": [[[-96.814997, 32.797402], [-96.814974, 32.797402], [-96.814974, 32.797421], [-96.814997, 32.797421], [-96.814997, 32.797402]]]}}, {"type": "Feature", "properties": {"k": "pier", "b": 0.0, "h": 12.7}, "geometry": {"type": "Polygon", "coordinates": [[[-96.814953, 32.797741], [-96.81493, 32.797741], [-96.81493, 32.797761], [-96.814953, 32.797761], [-96.814953, 32.797741]]]}}, {"type": "Feature", "properties": {"k": "pier", "b": 0.0, "h": 12.7}, "geometry": {"type": "Polygon", "coordinates": [[[-96.814909, 32.798081], [-96.814885, 32.798081], [-96.814885, 32.798101], [-96.814909, 32.798101], [-96.814909, 32.798081]]]}}, {"type": "Feature", "properties": {"k": "pier", "b": 0.0, "h": 12.7}, "geometry": {"type": "Polygon", "coordinates": [[[-96.814866, 32.798421], [-96.814843, 32.798421], [-96.814843, 32.798441], [-96.814866, 32.798441], [-96.814866, 32.798421]]]}}, {"type": "Feature", "properties": {"k": "deck", "c": "motorway_link", "b": 5.6, "h": 7.1, "lk": 1}, "geometry": {"type": "Polygon", "coordinates": [[[-96.81508664880366, 32.79885157546732], [-96.8149039270489, 32.79869848426739], [-96.81468049961113, 32.79854655360971], [-96.81472950038888, 32.79849544639029], [-96.8149560729511, 32.798649515732606], [-96.81514335119635, 32.79880642453268], [-96.8153141436031, 32.79896817498849], [-96.8152558563969, 32.79901182501152], [-96.81508664880366, 32.79885157546732]]]}}, {"type": "Feature", "properties": {"k": "deck", "c": "primary_link", "b": 0.98, "h": 2.48, "lk": 1}, "geometry": {"type": "Polygon", "coordinates": [[[-96.78814087720797, 32.776796896364544], [-96.78820912279203, 32.77681510363546], [-96.78804812279203, 32.777243103635456], [-96.78797987720797, 32.777224896364544], [-96.78814087720797, 32.776796896364544]]]}}, {"type": "Feature", "properties": {"k": "deck", "c": "primary_link", "b": 4.53, "h": 6.03, "lk": 1}, "geometry": {"type": "Polygon", "coordinates": [[[-96.78820252457251, 32.77661089322844], [-96.78827147542748, 32.776627106771556], [-96.78820947542748, 32.77681410677156], [-96.78814052457251, 32.77679789322844], [-96.78820252457251, 32.77661089322844]]]}}, {"type": "Feature", "properties": {"k": "deck", "c": "secondary", "b": 5.6, "h": 7.1, "lk": 0}, "geometry": {"type": "Polygon", "coordinates": [[[-96.78711809412171, 32.774478149980666], [-96.78719190587829, 32.774411850019334], [-96.78857490587829, 32.775503850019334], [-96.78850109412171, 32.775570149980666], [-96.78711809412171, 32.774478149980666]]]}}, {"type": "Feature", "properties": {"k": "deck", "c": "motorway_link", "b": 5.6, "h": 7.1, "lk": 1}, "geometry": {"type": "Polygon", "coordinates": [[[-96.79020172900215, 32.77475929463483], [-96.79025790926217, 32.77470515729337], [-96.79029009073783, 32.77472884270664], [-96.79023627099784, 32.77478070536516], [-96.79007020963364, 32.775008418253805], [-96.79003379036637, 32.7749895817462], [-96.79020172900215, 32.77475929463483]]]}}, {"type": "Feature", "properties": {"k": "deck", "c": "secondary", "b": 5.6, "h": 7.1, "lk": 0}, "geometry": {"type": "Polygon", "coordinates": [[[-96.79111127651042, 32.7740205252714], [-96.79105733072201, 32.77392562064366], [-96.79115466927799, 32.773886379356334], [-96.79120872348959, 32.77398147472859], [-96.7913317771736, 32.77420057031229], [-96.79123422282642, 32.77423942968771], [-96.79111127651042, 32.7740205252714]]]}}, {"type": "Feature", "properties": {"k": "deck", "c": "motorway_link", "b": 5.6, "h": 7.1, "lk": 1}, "geometry": {"type": "Polygon", "coordinates": [[[-96.79102950086298, 32.77397013850725], [-96.79097932938384, 32.77398820023974], [-96.79094867061616, 32.77392779976026], [-96.79099849913703, 32.773909861492754], [-96.79109032836678, 32.773875924603495], [-96.79112167163322, 32.7739360753965], [-96.79102950086298, 32.77397013850725]]]}}, {"type": "Feature", "properties": {"k": "deck", "c": "tertiary", "b": 5.6, "h": 7.1, "lk": 0}, "geometry": {"type": "Polygon", "coordinates": [[[-96.7753210239799, 32.77508947398632], [-96.7753809760201, 32.77505652601368], [-96.7762139760201, 32.77613152601368], [-96.7761540239799, 32.77616447398632], [-96.7753210239799, 32.77508947398632]]]}}, {"type": "Feature", "properties": {"k": "deck", "c": "motorway_link", "b": 5.6, "h": 7.1, "lk": 1}, "geometry": {"type": "Polygon", "coordinates": [[[-96.80386070574444, 32.76679840397311], [-96.803691780444, 32.76730517987446], [-96.80362901195845, 32.76753134568748], [-96.8034640466113, 32.76814821610683], [-96.80338795338871, 32.76813378389317], [-96.80355298804155, 32.76751665431252], [-96.80361621955599, 32.767288820125536], [-96.80378529425555, 32.76678159602689], [-96.80395615350913, 32.76620307258933], [-96.80403184649087, 32.76621892741067], [-96.80386070574444, 32.76679840397311]]]}}, {"type": "Feature", "properties": {"k": "deck", "c": "motorway", "b": 5.6, "h": 7.1, "lk": 0}, "geometry": {"type": "Polygon", "coordinates": [[[-96.80743094587729, 32.762979895633684], [-96.80877008225906, 32.76055764894461], [-96.8090157496562, 32.760098270884946], [-96.80934362086266, 32.759471517084776], [-96.80948637913734, 32.759524482915225], [-96.80915825034381, 32.76015172911506], [-96.80891191774094, 32.760612351055386], [-96.80757305412271, 32.76303410436632], [-96.80641338207154, 32.76525147730554], [-96.80627061792846, 32.76519852269446], [-96.80743094587729, 32.762979895633684]]]}}, {"type": "Feature", "properties": {"k": "deck", "c": "motorway", "b": 12.7, "h": 14.2, "lk": 0}, "geometry": {"type": "Polygon", "coordinates": [[[-96.81778390760435, 32.79790601715122], [-96.81789409239566, 32.79776998284878], [-96.82147309239565, 32.79982598284878], [-96.82136290760434, 32.79996201715122], [-96.81778390760435, 32.79790601715122]]]}}, {"type": "Feature", "properties": {"k": "pier", "b": 0.0, "h": 12.7}, "geometry": {"type": "Polygon", "coordinates": [[[-96.821094, 32.799691], [-96.821071, 32.799691], [-96.821071, 32.799711], [-96.821094, 32.799711], [-96.821094, 32.799691]]]}}, {"type": "Feature", "properties": {"k": "pier", "b": 0.0, "h": 12.7}, "geometry": {"type": "Polygon", "coordinates": [[[-96.820759, 32.799499], [-96.820735, 32.799499], [-96.820735, 32.799519], [-96.820759, 32.799519], [-96.820759, 32.799499]]]}}, {"type": "Feature", "properties": {"k": "pier", "b": 0.0, "h": 12.7}, "geometry": {"type": "Polygon", "coordinates": [[[-96.820423, 32.799306], [-96.8204, 32.799306], [-96.8204, 32.799326], [-96.820423, 32.799326], [-96.820423, 32.799306]]]}}, {"type": "Feature", "properties": {"k": "pier", "b": 0.0, "h": 12.7}, "geometry": {"type": "Polygon", "coordinates": [[[-96.820088, 32.799113], [-96.820065, 32.799113], [-96.820065, 32.799133], [-96.820088, 32.799133], [-96.820088, 32.799113]]]}}, {"type": "Feature", "properties": {"k": "pier", "b": 0.0, "h": 12.7}, "geometry": {"type": "Polygon", "coordinates": [[[-96.819753, 32.798921], [-96.819729, 32.798921], [-96.819729, 32.79894], [-96.819753, 32.79894], [-96.819753, 32.798921]]]}}, {"type": "Feature", "properties": {"k": "pier", "b": 0.0, "h": 12.7}, "geometry": {"type": "Polygon", "coordinates": [[[-96.819417, 32.798728], [-96.819394, 32.798728], [-96.819394, 32.798748], [-96.819417, 32.798748], [-96.819417, 32.798728]]]}}, {"type": "Feature", "properties": {"k": "pier", "b": 0.0, "h": 12.7}, "geometry": {"type": "Polygon", "coordinates": [[[-96.819082, 32.798535], [-96.819058, 32.798535], [-96.819058, 32.798555], [-96.819082, 32.798555], [-96.819082, 32.798535]]]}}, {"type": "Feature", "properties": {"k": "pier", "b": 0.0, "h": 12.7}, "geometry": {"type": "Polygon", "coordinates": [[[-96.818746, 32.798343], [-96.818723, 32.798343], [-96.818723, 32.798362], [-96.818746, 32.798362], [-96.818746, 32.798343]]]}}, {"type": "Feature", "properties": {"k": "pier", "b": 0.0, "h": 12.7}, "geometry": {"type": "Polygon", "coordinates": [[[-96.818411, 32.79815], [-96.818387, 32.79815], [-96.818387, 32.79817], [-96.818411, 32.79817], [-96.818411, 32.79815]]]}}, {"type": "Feature", "properties": {"k": "pier", "b": 0.0, "h": 12.7}, "geometry": {"type": "Polygon", "coordinates": [[[-96.818076, 32.797957], [-96.818052, 32.797957], [-96.818052, 32.797977], [-96.818076, 32.797977], [-96.818076, 32.797957]]]}}, {"type": "Feature", "properties": {"k": "deck", "c": "motorway", "b": 12.7, "h": 14.2, "lk": 0}, "geometry": {"type": "Polygon", "coordinates": [[[-96.82131959743126, 32.80000027492954], [-96.82120840256874, 32.80013572507047], [-96.81766340256874, 32.798071725070464], [-96.81777459743125, 32.79793627492953], [-96.82131959743126, 32.80000027492954]]]}}, {"type": "Feature", "properties": {"k": "pier", "b": 0.0, "h": 12.7}, "geometry": {"type": "Polygon", "coordinates": [[[-96.818065, 32.798189], [-96.818041, 32.798189], [-96.818041, 32.798208], [-96.818065, 32.798208], [-96.818065, 32.798189]]]}}, {"type": "Feature", "properties": {"k": "pier", "b": 0.0, "h": 12.7}, "geometry": {"type": "Polygon", "coordinates": [[[-96.818399, 32.798383], [-96.818375, 32.798383], [-96.818375, 32.798403], [-96.818399, 32.798403], [-96.818399, 32.798383]]]}}, {"type": "Feature", "properties": {"k": "pier", "b": 0.0, "h": 12.7}, "geometry": {"type": "Polygon", "coordinates": [[[-96.818733, 32.798577], [-96.818709, 32.798577], [-96.818709, 32.798597], [-96.818733, 32.798597], [-96.818733, 32.798577]]]}}, {"type": "Feature", "properties": {"k": "pier", "b": 0.0, "h": 12.7}, "geometry": {"type": "Polygon", "coordinates": [[[-96.819067, 32.798772], [-96.819043, 32.798772], [-96.819043, 32.798792], [-96.819067, 32.798792], [-96.819067, 32.798772]]]}}, {"type": "Feature", "properties": {"k": "pier", "b": 0.0, "h": 12.7}, "geometry": {"type": "Polygon", "coordinates": [[[-96.819401, 32.798966], [-96.819377, 32.798966], [-96.819377, 32.798986], [-96.819401, 32.798986], [-96.819401, 32.798966]]]}}, {"type": "Feature", "properties": {"k": "pier", "b": 0.0, "h": 12.7}, "geometry": {"type": "Polygon", "coordinates": [[[-96.819735, 32.799161], [-96.819711, 32.799161], [-96.819711, 32.799181], [-96.819735, 32.799181], [-96.819735, 32.799161]]]}}, {"type": "Feature", "properties": {"k": "pier", "b": 0.0, "h": 12.7}, "geometry": {"type": "Polygon", "coordinates": [[[-96.820069, 32.799355], [-96.820045, 32.799355], [-96.820045, 32.799375], [-96.820069, 32.799375], [-96.820069, 32.799355]]]}}, {"type": "Feature", "properties": {"k": "pier", "b": 0.0, "h": 12.7}, "geometry": {"type": "Polygon", "coordinates": [[[-96.820403, 32.79955], [-96.820379, 32.79955], [-96.820379, 32.79957], [-96.820403, 32.79957], [-96.820403, 32.79955]]]}}, {"type": "Feature", "properties": {"k": "pier", "b": 0.0, "h": 12.7}, "geometry": {"type": "Polygon", "coordinates": [[[-96.820737, 32.799744], [-96.820713, 32.799744], [-96.820713, 32.799764], [-96.820737, 32.799764], [-96.820737, 32.799744]]]}}, {"type": "Feature", "properties": {"k": "pier", "b": 0.0, "h": 12.7}, "geometry": {"type": "Polygon", "coordinates": [[[-96.821071, 32.799939], [-96.821047, 32.799939], [-96.821047, 32.799958], [-96.821071, 32.799958], [-96.821071, 32.799939]]]}}, {"type": "Feature", "properties": {"k": "deck", "c": "motorway", "b": 5.6, "h": 7.1, "lk": 0}, "geometry": {"type": "Polygon", "coordinates": [[[-96.81660454521244, 32.8026099629528], [-96.81648945478756, 32.802630037047194], [-96.81633845478756, 32.802016037047196], [-96.81645354521244, 32.8019959629528], [-96.81660454521244, 32.8026099629528]]]}}, {"type": "Feature", "properties": {"k": "deck", "c": "motorway", "b": 5.6, "h": 7.1, "lk": 0}, "geometry": {"type": "Polygon", "coordinates": [[[-96.8164513790251, 32.80185572389196], [-96.8165666209749, 32.801836276108034], [-96.8167146209749, 32.802458276108034], [-96.8165993790251, 32.80247772389196], [-96.8164513790251, 32.80185572389196]]]}}, {"type": "Feature", "properties": {"k": "deck", "c": "motorway_link", "b": 5.6, "h": 7.1, "lk": 1}, "geometry": {"type": "Polygon", "coordinates": [[[-96.79532603009153, 32.79398665982017], [-96.79465989935215, 32.79434272970488], [-96.79461810064785, 32.794287270295115], [-96.79528396990847, 32.79393134017983], [-96.79595483983218, 32.79356641093668], [-96.79599716016781, 32.79362158906332], [-96.79532603009153, 32.79398665982017]]]}}, {"type": "Feature", "properties": {"k": "deck", "c": "motorway_link", "b": 0.0, "h": 0.84, "lk": 1}, "geometry": {"type": "Polygon", "coordinates": [[[-96.79622845023324, 32.793383487074166], [-96.79619554976675, 32.79336051292583], [-96.79657854976675, 32.79297151292583], [-96.79661145023324, 32.79299448707417], [-96.79622845023324, 32.793383487074166]]]}}, {"type": "Feature", "properties": {"k": "deck", "c": "motorway_link", "b": 0.84, "h": 2.34, "lk": 1}, "geometry": {"type": "Polygon", "coordinates": [[[-96.79600584036947, 32.79373449291669], [-96.79596815963052, 32.79371750708331], [-96.79619315963052, 32.793363507083306], [-96.79623084036947, 32.79338049291669], [-96.79600584036947, 32.79373449291669]]]}}, {"type": "Feature", "properties": {"k": "deck", "c": "motorway_link", "b": 2.22, "h": 3.72, "lk": 1}, "geometry": {"type": "Polygon", "coordinates": [[[-96.79590631253613, 32.793823438925834], [-96.79578899601637, 32.79389892955594], [-96.79550893837431, 32.79403946027239], [-96.79548706162568, 32.79400853972761], [-96.79576500398363, 32.79386907044406], [-96.79587768746386, 32.79379656107417], [-96.79597152591836, 32.79371358812493], [-96.79600247408163, 32.79373841187507], [-96.79590631253613, 32.793823438925834]]]}}, {"type": "Feature", "properties": {"k": "deck", "c": "motorway_link", "b": 4.4, "h": 5.9, "lk": 1}, "geometry": {"type": "Polygon", "coordinates": [[[-96.79478462828116, 32.7944350989427], [-96.79476137171885, 32.794404901057305], [-96.79548637171884, 32.7940089010573], [-96.79550962828115, 32.7940390989427], [-96.79478462828116, 32.7944350989427]]]}}, {"type": "Feature", "properties": {"k": "deck", "c": "motorway_link", "b": 5.6, "h": 7.1, "lk": 1}, "geometry": {"type": "Polygon", "coordinates": [[[-96.79753437996871, 32.79256733723117], [-96.79718213874501, 32.79281320361237], [-96.79683179013557, 32.793029034417614], [-96.79681890950366, 32.79303547473357], [-96.79679709049634, 32.793004525266426], [-96.79680820986442, 32.792998965582385], [-96.79715586125498, 32.792784796387636], [-96.7975056200313, 32.792540662768836], [-96.79781793534477, 32.79227923589303], [-96.79784806465523, 32.79230476410698], [-96.79753437996871, 32.79256733723117]]]}}, {"type": "Feature", "properties": {"k": "deck", "c": "secondary", "b": 5.6, "h": 7.1, "lk": 0}, "geometry": {"type": "Polygon", "coordinates": [[[-96.8220857211922, 32.774973493787], [-96.8221202788078, 32.775090506213004], [-96.8160522788078, 32.776361506213], [-96.8160177211922, 32.776244493787], [-96.8220857211922, 32.774973493787]]]}}, {"type": "Feature", "properties": {"k": "deck", "c": "motorway", "b": 5.6, "h": 7.1, "lk": 0}, "geometry": {"type": "Polygon", "coordinates": [[[-96.79758790699712, 32.792723594537684], [-96.79680769134335, 32.79321461828891], [-96.79671430865666, 32.7931093817111], [-96.79748809300288, 32.79262240546232], [-96.79788714104045, 32.79231269653763], [-96.79799285895955, 32.79240930346237], [-96.79758790699712, 32.792723594537684]]]}}, {"type": "Feature", "properties": {"k": "deck", "c": "motorway", "b": 5.6, "h": 7.1, "lk": 0}, "geometry": {"type": "Polygon", "coordinates": [[[-96.78493562183776, 32.78152625483402], [-96.78505258054007, 32.78158275183429], [-96.785161490912, 32.78163225654881], [-96.7852802700453, 32.78168416003564], [-96.78539906500083, 32.781737068713305], [-96.78551071457045, 32.78178491852886], [-96.78924582114287, 32.783394964467696], [-96.78947750995901, 32.7834952626565], [-96.78958919418129, 32.7835465770289], [-96.78970652720001, 32.78360073072986], [-96.78982140935865, 32.78365514859447], [-96.78993282352097, 32.78371085567563], [-96.7900533469663, 32.783775675007576], [-96.79015771514045, 32.783835458718976], [-96.7902431037037, 32.78388730177523], [-96.79034882374054, 32.78395576808481], [-96.79027717625945, 32.784034231915186], [-96.79017289629631, 32.783966698224766], [-96.79009028485956, 32.78391654128102], [-96.78998865303369, 32.78385832499242], [-96.78987117647902, 32.783795144324365], [-96.78976259064136, 32.78374085140553], [-96.78964947279998, 32.783687269270146], [-96.78953280581872, 32.78363342297109], [-96.78942249004099, 32.783582737343494], [-96.78919217885714, 32.783483035532306], [-96.78545728542954, 32.78187308147115], [-96.78534493499916, 32.7818249312867], [-96.78522572995469, 32.781771839964364], [-96.785106509088, 32.781719743451184], [-96.78499541945995, 32.78166924816571], [-96.78487637816225, 32.781611745165975], [-96.78477599886494, 32.78156155551732], [-96.78483600113506, 32.781476444482685], [-96.78493562183776, 32.78152625483402]]]}}, {"type": "Feature", "properties": {"k": "deck", "c": "primary_link", "b": 4.6, "h": 6.1, "lk": 1}, "geometry": {"type": "Polygon", "coordinates": [[[-96.78822824500122, 32.776332591189906], [-96.78823624668041, 32.77619156128279], [-96.7883077533196, 32.776194438717205], [-96.78829975416801, 32.776335423764], [-96.78829275499878, 32.77646140881009], [-96.78822124500122, 32.77645859118991], [-96.78822824500122, 32.776332591189906]]]}}, {"type": "Feature", "properties": {"k": "deck", "c": "primary_link", "b": 2.76, "h": 4.26, "lk": 1}, "geometry": {"type": "Polygon", "coordinates": [[[-96.78825800782772, 32.77607639158911], [-96.78829161762575, 32.77597861763124], [-96.78836038237425, 32.77599538236876], [-96.78832799217227, 32.77608960841089], [-96.78830734027221, 32.7761977850303], [-96.7882366597278, 32.7761882149697], [-96.78825800782772, 32.77607639158911]]]}}, {"type": "Feature", "properties": {"k": "deck", "c": "primary_link", "b": 1.02, "h": 2.52, "lk": 1}, "geometry": {"type": "Polygon", "coordinates": [[[-96.78835682807787, 32.775866375563446], [-96.78846762140861, 32.77575558223269], [-96.78852237859138, 32.775794417767315], [-96.78841717192213, 32.775899624436555], [-96.78835809240306, 32.776000350174], [-96.78829390759694, 32.775973649826], [-96.78835682807787, 32.775866375563446]]]}}, {"type": "Feature", "properties": {"k": "deck", "c": "primary_link", "b": 0.0, "h": 0.73, "lk": 1}, "geometry": {"type": "Polygon", "coordinates": [[[-96.78856566418708, 32.77567789391522], [-96.78864481009593, 32.775616781251415], [-96.78869318990407, 32.77566121874858], [-96.78861433581292, 32.77572210608478], [-96.7885194802332, 32.77579699206878], [-96.78847051976679, 32.77575300793123], [-96.78856566418708, 32.77567789391522]]]}}, {"type": "Feature", "properties": {"k": "deck", "c": "primary_link", "b": 5.6, "h": 7.1, "lk": 1}, "geometry": {"type": "Polygon", "coordinates": [[[-96.7882153740007, 32.77653089864396], [-96.78822128904496, 32.77645794643153], [-96.78829271095505, 32.77646205356847], [-96.7882866259993, 32.776537101356034], [-96.78827245466108, 32.77662314162373], [-96.78820154533891, 32.77661485837626], [-96.7882153740007, 32.77653089864396]]]}}, {"type": "Feature", "properties": {"k": "deck", "c": "primary", "b": 5.6, "h": 7.1, "lk": 0}, "geometry": {"type": "Polygon", "coordinates": [[[-96.78793641311627, 32.776524931200626], [-96.78789980642686, 32.77643588790208], [-96.78794019357314, 32.776424112097914], [-96.78797758688374, 32.77651506879937], [-96.78799785030105, 32.77659105661432], [-96.78795614969894, 32.77659894338568], [-96.78793641311627, 32.776524931200626]]]}}, {"type": "Feature", "properties": {"k": "deck", "c": "motorway", "b": 12.7, "h": 14.2, "lk": 0}, "geometry": {"type": "Polygon", "coordinates": [[[-96.8120421435099, 32.78230621038209], [-96.81206185649009, 32.782403789617916], [-96.8113848564901, 32.78250078961791], [-96.8113651435099, 32.782403210382085], [-96.8120421435099, 32.78230621038209]]]}}, {"type": "Feature", "properties": {"k": "pier", "b": 0.0, "h": 12.7}, "geometry": {"type": "Polygon", "coordinates": [[[-96.811787, 32.782385], [-96.811764, 32.782385], [-96.811764, 32.782405], [-96.811787, 32.782405], [-96.811787, 32.782385]]]}}, {"type": "Feature", "properties": {"k": "deck", "c": "motorway_link", "b": 19.8, "h": 21.3, "lk": 1}, "geometry": {"type": "Polygon", "coordinates": [[[-96.8123292888365, 32.77083657885825], [-96.8120789205363, 32.77092762187651], [-96.81187732485824, 32.771017992352874], [-96.81184067514175, 32.770960007647126], [-96.8120450794637, 32.770868378123495], [-96.8123007111635, 32.77077542114175], [-96.81243191286693, 32.77073606063072], [-96.81245808713307, 32.77079793936928], [-96.8123292888365, 32.77083657885825]]]}}, {"type": "Feature", "properties": {"k": "pier", "b": 0.0, "h": 19.8}, "geometry": {"type": "Polygon", "coordinates": [[[-96.812081, 32.770886], [-96.812057, 32.770886], [-96.812057, 32.770905], [-96.812081, 32.770905], [-96.812081, 32.770886]]]}}, {"type": "Feature", "properties": {"k": "deck", "c": "motorway_link", "b": 5.6, "h": 7.1, "lk": 1}, "geometry": {"type": "Polygon", "coordinates": [[[-96.81092551725266, 32.775325850664736], [-96.81084848274733, 32.77533614933527], [-96.81073048274733, 32.77471014933526], [-96.81080751725266, 32.77469985066473], [-96.81092551725266, 32.775325850664736]]]}}, {"type": "Feature", "properties": {"k": "deck", "c": "motorway_link", "b": 5.6, "h": 7.1, "lk": 1}, "geometry": {"type": "Polygon", "coordinates": [[[-96.81119667318085, 32.7770797598086], [-96.81111932681917, 32.777088240191404], [-96.81084832681915, 32.7753352401914], [-96.81092567318083, 32.7753267598086], [-96.81119667318085, 32.7770797598086]]]}}, {"type": "Feature", "properties": {"k": "deck", "c": "motorway_link", "b": 3.33, "h": 4.83, "lk": 1}, "geometry": {"type": "Polygon", "coordinates": [[[-96.81202300064241, 32.77573110417922], [-96.81210099935758, 32.77573089582078], [-96.81210299935759, 32.77626189582078], [-96.81202500064242, 32.776262104179224], [-96.81202300064241, 32.77573110417922]]]}}, {"type": "Feature", "properties": {"k": "deck", "c": "motorway_link", "b": 9.43, "h": 10.93, "lk": 1}, "geometry": {"type": "Polygon", "coordinates": [[[-96.81201208676987, 32.77559418405394], [-96.81208991323012, 32.77558981594606], [-96.81210091323013, 32.77572881594606], [-96.81202308676987, 32.77573318405394], [-96.81201208676987, 32.77559418405394]]]}}, {"type": "Feature", "properties": {"k": "deck", "c": "motorway_link", "b": 11.7, "h": 13.2, "lk": 1}, "geometry": {"type": "Polygon", "coordinates": [[[-96.81200113801351, 32.77548475621561], [-96.81207886198648, 32.77547924378438], [-96.81208986198648, 32.77558924378439], [-96.81201213801351, 32.77559475621562], [-96.81200113801351, 32.77548475621561]]]}}, {"type": "Feature", "properties": {"k": "deck", "c": "secondary", "b": 5.6, "h": 7.1, "lk": 0}, "geometry": {"type": "Polygon", "coordinates": [[[-96.79842933191021, 32.772338616551444], [-96.79847266808979, 32.77225538344856], [-96.79927966808978, 32.77255338344856], [-96.79923633191021, 32.772636616551445], [-96.79842933191021, 32.772338616551444]]]}}, {"type": "Feature", "properties": {"k": "deck", "c": "secondary", "b": 5.6, "h": 7.1, "lk": 0}, "geometry": {"type": "Polygon", "coordinates": [[[-96.79883815180406, 32.77253556768987], [-96.79913080396528, 32.772639444224914], [-96.79907519603472, 32.77275055577508], [-96.79878184819594, 32.772646432310125], [-96.7982315019225, 32.77244530576293], [-96.7982884980775, 32.772334694237074], [-96.79883815180406, 32.77253556768987]]]}}, {"type": "Feature", "properties": {"k": "deck", "c": "primary", "b": 5.6, "h": 7.1, "lk": 0}, "geometry": {"type": "Polygon", "coordinates": [[[-96.78770765302856, 32.777678411540904], [-96.78758034697144, 32.7777335884591], [-96.78747034697143, 32.7775535884591], [-96.78759765302856, 32.777498411540904], [-96.78770765302856, 32.777678411540904]]]}}, {"type": "Feature", "properties": {"k": "deck", "c": "motorway", "b": 12.7, "h": 14.2, "lk": 0}, "geometry": {"type": "Polygon", "coordinates": [[[-96.80588712159384, 32.76926463413953], [-96.8056630184208, 32.769165258071844], [-96.80543123586027, 32.76903469060324], [-96.80522611566384, 32.76890166710953], [-96.80493853066547, 32.76865661228697], [-96.8047358394869, 32.76843365199054], [-96.80455518680519, 32.76818703063291], [-96.80441429367232, 32.76790220350821], [-96.80432507547924, 32.767659895006545], [-96.80426538646506, 32.76738977692545], [-96.80423188148184, 32.76712884417736], [-96.80425116630644, 32.7668416017899], [-96.80429153319056, 32.76661756558303], [-96.80432277706025, 32.76647444850254], [-96.8043841893572, 32.76624289394031], [-96.80445380722225, 32.76603807616341], [-96.80459230161895, 32.76570287958007], [-96.80469096135988, 32.7654793850649], [-96.8048248680056, 32.76523472856185], [-96.80500187484316, 32.76493904668546], [-96.80521888289819, 32.76463865127595], [-96.80585375025606, 32.763797826948434], [-96.80617842776783, 32.76333528637013], [-96.80624557223217, 32.763368713629866], [-96.80592024974393, 32.76383217305157], [-96.8052851171018, 32.76467334872405], [-96.80507012515685, 32.76497095331454], [-96.80489513199441, 32.765263271438144], [-96.80476303864012, 32.765504614935104], [-96.80466569838106, 32.76572512041994], [-96.80452819277775, 32.766057923836584], [-96.80445981064281, 32.766259106059685], [-96.80439922293975, 32.766487551497455], [-96.80436846680942, 32.76662843441697], [-96.80432883369355, 32.76684839821011], [-96.80431011851816, 32.76712715582264], [-96.80434261353494, 32.76738022307455], [-96.80440092452075, 32.76764410499345], [-96.80448770632768, 32.76787979649179], [-96.80462481319482, 32.76815696936709], [-96.8048001605131, 32.76839634800945], [-96.80499746933454, 32.76861338771304], [-96.80527788433615, 32.768852332890475], [-96.80547676413973, 32.76898130939676], [-96.8057029815792, 32.76910874192816], [-96.80592087840616, 32.76920536586047], [-96.80616553933645, 32.76929487595692], [-96.80613446066356, 32.76935512404308], [-96.80588712159384, 32.76926463413953]]]}}, {"type": "Feature", "properties": {"k": "pier", "b": 0.0, "h": 12.7}, "geometry": {"type": "Polygon", "coordinates": [[[-96.805794, 32.769171], [-96.80577, 32.769171], [-96.80577, 32.769191], [-96.805794, 32.769191], [-96.805794, 32.769171]]]}}, {"type": "Feature", "properties": {"k": "pier", "b": 0.0, "h": 12.7}, "geometry": {"type": "Polygon", "coordinates": [[[-96.805451, 32.768989], [-96.805428, 32.768989], [-96.805428, 32.769008], [-96.805451, 32.769008], [-96.805451, 32.768989]]]}}, {"type": "Feature", "properties": {"k": "pier", "b": 0.0, "h": 12.7}, "geometry": {"type": "Polygon", "coordinates": [[[-96.805145, 32.768765], [-96.805121, 32.768765], [-96.805121, 32.768785], [-96.805145, 32.768785], [-96.805145, 32.768765]]]}}, {"type": "Feature", "properties": {"k": "pier", "b": 0.0, "h": 12.7}, "geometry": {"type": "Polygon", "coordinates": [[[-96.804875, 32.76851], [-96.804852, 32.76851], [-96.804852, 32.76853], [-96.804875, 32.76853], [-96.804875, 32.76851]]]}}, {"type": "Feature", "properties": {"k": "pier", "b": 0.0, "h": 12.7}, "geometry": {"type": "Polygon", "coordinates": [[[-96.804649, 32.768227], [-96.804626, 32.768227], [-96.804626, 32.768247], [-96.804649, 32.768247], [-96.804649, 32.768227]]]}}, {"type": "Feature", "properties": {"k": "pier", "b": 0.0, "h": 12.7}, "geometry": {"type": "Polygon", "coordinates": [[[-96.80448, 32.767917], [-96.804457, 32.767917], [-96.804457, 32.767937], [-96.80448, 32.767937], [-96.80448, 32.767917]]]}}, {"type": "Feature", "properties": {"k": "pier", "b": 0.0, "h": 12.7}, "geometry": {"type": "Polygon", "coordinates": [[[-96.804363, 32.76759], [-96.80434, 32.76759], [-96.80434, 32.76761], [-96.804363, 32.76761], [-96.804363, 32.76759]]]}}, {"type": "Feature", "properties": {"k": "pier", "b": 0.0, "h": 12.7}, "geometry": {"type": "Polygon", "coordinates": [[[-96.8043, 32.767252], [-96.804276, 32.767252], [-96.804276, 32.767272], [-96.8043, 32.767272], [-96.8043, 32.767252]]]}}, {"type": "Feature", "properties": {"k": "pier", "b": 0.0, "h": 12.7}, "geometry": {"type": "Polygon", "coordinates": [[[-96.804297, 32.766912], [-96.804273, 32.766912], [-96.804273, 32.766931], [-96.804297, 32.766931], [-96.804297, 32.766912]]]}}, {"type": "Feature", "properties": {"k": "pier", "b": 0.0, "h": 12.7}, "geometry": {"type": "Polygon", "coordinates": [[[-96.804351, 32.766573], [-96.804327, 32.766573], [-96.804327, 32.766593], [-96.804351, 32.766593], [-96.804351, 32.766573]]]}}, {"type": "Feature", "properties": {"k": "pier", "b": 0.0, "h": 12.7}, "geometry": {"type": "Polygon", "coordinates": [[[-96.804435, 32.766238], [-96.804411, 32.766238], [-96.804411, 32.766258], [-96.804435, 32.766258], [-96.804435, 32.766238]]]}}, {"type": "Feature", "properties": {"k": "pier", "b": 0.0, "h": 12.7}, "geometry": {"type": "Polygon", "coordinates": [[[-96.804555, 32.765912], [-96.804531, 32.765912], [-96.804531, 32.765932], [-96.804555, 32.765932], [-96.804555, 32.765912]]]}}, {"type": "Feature", "properties": {"k": "pier", "b": 0.0, "h": 12.7}, "geometry": {"type": "Polygon", "coordinates": [[[-96.804691, 32.76559], [-96.804668, 32.76559], [-96.804668, 32.76561], [-96.804691, 32.76561], [-96.804691, 32.76559]]]}}, {"type": "Feature", "properties": {"k": "pier", "b": 0.0, "h": 12.7}, "geometry": {"type": "Polygon", "coordinates": [[[-96.804852, 32.765276], [-96.804828, 32.765276], [-96.804828, 32.765296], [-96.804852, 32.765296], [-96.804852, 32.765276]]]}}, {"type": "Feature", "properties": {"k": "pier", "b": 0.0, "h": 12.7}, "geometry": {"type": "Polygon", "coordinates": [[[-96.805033, 32.76497], [-96.805009, 32.76497], [-96.805009, 32.76499], [-96.805033, 32.76499], [-96.805033, 32.76497]]]}}, {"type": "Feature", "properties": {"k": "pier", "b": 0.0, "h": 12.7}, "geometry": {"type": "Polygon", "coordinates": [[[-96.805242, 32.764677], [-96.805218, 32.764677], [-96.805218, 32.764697], [-96.805242, 32.764697], [-96.805242, 32.764677]]]}}, {"type": "Feature", "properties": {"k": "pier", "b": 0.0, "h": 12.7}, "geometry": {"type": "Polygon", "coordinates": [[[-96.805459, 32.764388], [-96.805435, 32.764388], [-96.805435, 32.764408], [-96.805459, 32.764408], [-96.805459, 32.764388]]]}}, {"type": "Feature", "properties": {"k": "pier", "b": 0.0, "h": 12.7}, "geometry": {"type": "Polygon", "coordinates": [[[-96.805677, 32.764099], [-96.805653, 32.764099], [-96.805653, 32.764119], [-96.805677, 32.764119], [-96.805677, 32.764099]]]}}, {"type": "Feature", "properties": {"k": "pier", "b": 0.0, "h": 12.7}, "geometry": {"type": "Polygon", "coordinates": [[[-96.805894, 32.763811], [-96.805871, 32.763811], [-96.805871, 32.763831], [-96.805894, 32.763831], [-96.805894, 32.763811]]]}}, {"type": "Feature", "properties": {"k": "pier", "b": 0.0, "h": 12.7}, "geometry": {"type": "Polygon", "coordinates": [[[-96.806101, 32.763517], [-96.806078, 32.763517], [-96.806078, 32.763536], [-96.806101, 32.763536], [-96.806101, 32.763517]]]}}, {"type": "Feature", "properties": {"k": "deck", "c": "motorway", "b": 12.7, "h": 14.2, "lk": 0}, "geometry": {"type": "Polygon", "coordinates": [[[-96.80417878659831, 32.76700099992147], [-96.80415617294462, 32.767332339108336], [-96.80418145425121, 32.767606544049144], [-96.80424268364327, 32.767889365526706], [-96.80440094887311, 32.768278189980315], [-96.8045317190348, 32.768492265578324], [-96.8046823527013, 32.76869149075016], [-96.80482326129741, 32.76883722498311], [-96.80495792831665, 32.76895335089101], [-96.80513784459433, 32.76909885695164], [-96.80526850722202, 32.76918924012269], [-96.80516949277796, 32.769290759877315], [-96.80503415540568, 32.76919714304836], [-96.80484807168334, 32.76904664910899], [-96.80470673870259, 32.76892477501689], [-96.8045556472987, 32.76876850924984], [-96.8043962809652, 32.76855773442167], [-96.80425705112688, 32.76832981001969], [-96.80409131635675, 32.7679226344733], [-96.80402654574878, 32.767623455950854], [-96.80399982705539, 32.767333660891666], [-96.80402321340169, 32.76699100007853], [-96.80405535215628, 32.76670677296747], [-96.8042106478437, 32.76671922703254], [-96.80417878659831, 32.76700099992147]]]}}, {"type": "Feature", "properties": {"k": "pier", "b": 0.0, "h": 12.7}, "geometry": {"type": "Polygon", "coordinates": [[[-96.804109, 32.767044], [-96.804085, 32.767044], [-96.804085, 32.767063], [-96.804109, 32.767063], [-96.804109, 32.767044]]]}}, {"type": "Feature", "properties": {"k": "pier", "b": 0.0, "h": 12.7}, "geometry": {"type": "Polygon", "coordinates": [[[-96.804095, 32.767385], [-96.804072, 32.767385], [-96.804072, 32.767405], [-96.804095, 32.767405], [-96.804095, 32.767385]]]}}, {"type": "Feature", "properties": {"k": "pier", "b": 0.0, "h": 12.7}, "geometry": {"type": "Polygon", "coordinates": [[[-96.804142, 32.767724], [-96.804118, 32.767724], [-96.804118, 32.767744], [-96.804142, 32.767744], [-96.804142, 32.767724]]]}}, {"type": "Feature", "properties": {"k": "pier", "b": 0.0, "h": 12.7}, "geometry": {"type": "Polygon", "coordinates": [[[-96.804243, 32.768054], [-96.80422, 32.768054], [-96.80422, 32.768074], [-96.804243, 32.768074], [-96.804243, 32.768054]]]}}, {"type": "Feature", "properties": {"k": "pier", "b": 0.0, "h": 12.7}, "geometry": {"type": "Polygon", "coordinates": [[[-96.804389, 32.768373], [-96.804365, 32.768373], [-96.804365, 32.768393], [-96.804389, 32.768393], [-96.804389, 32.768373]]]}}, {"type": "Feature", "properties": {"k": "pier", "b": 0.0, "h": 12.7}, "geometry": {"type": "Polygon", "coordinates": [[[-96.804592, 32.768669], [-96.804568, 32.768669], [-96.804568, 32.768688], [-96.804592, 32.768688], [-96.804592, 32.768669]]]}}, {"type": "Feature", "properties": {"k": "pier", "b": 0.0, "h": 12.7}, "geometry": {"type": "Polygon", "coordinates": [[[-96.804848, 32.768933], [-96.804825, 32.768933], [-96.804825, 32.768952], [-96.804848, 32.768952], [-96.804848, 32.768933]]]}}, {"type": "Feature", "properties": {"k": "pier", "b": 0.0, "h": 12.7}, "geometry": {"type": "Polygon", "coordinates": [[[-96.805142, 32.769169], [-96.805118, 32.769169], [-96.805118, 32.769188], [-96.805142, 32.769188], [-96.805142, 32.769169]]]}}, {"type": "Feature", "properties": {"k": "deck", "c": "motorway_link", "b": 4.55, "h": 6.05, "lk": 1}, "geometry": {"type": "Polygon", "coordinates": [[[-96.80416403752946, 32.76545955527931], [-96.80409196247055, 32.7654344447207], [-96.80425996247054, 32.76509244472069], [-96.80433203752945, 32.7651175552793], [-96.80416403752946, 32.76545955527931]]]}}, {"type": "Feature", "properties": {"k": "deck", "c": "motorway_link", "b": 2.7, "h": 4.2, "lk": 1}, "geometry": {"type": "Polygon", "coordinates": [[[-96.80402230441024, 32.76571395454707], [-96.80395169558977, 32.76568604545294], [-96.80409269558977, 32.76543304545294], [-96.80416330441024, 32.765460954547066], [-96.80402230441024, 32.76571395454707]]]}}, {"type": "Feature", "properties": {"k": "deck", "c": "motorway_link", "b": 1.35, "h": 2.85, "lk": 1}, "geometry": {"type": "Polygon", "coordinates": [[[-96.80391787551987, 32.76588969955452], [-96.80384812448013, 32.76586030044548], [-96.80395212448013, 32.76568530044548], [-96.80402187551988, 32.76571469955452], [-96.80391787551987, 32.76588969955452]]]}}, {"type": "Feature", "properties": {"k": "deck", "c": "motorway_link", "b": 0.0, "h": 1.43, "lk": 1}, "geometry": {"type": "Polygon", "coordinates": [[[-96.80374948857762, 32.7661583333823], [-96.80368051142237, 32.7661276666177], [-96.80384851142237, 32.7658596666177], [-96.80391748857762, 32.7658903333823], [-96.80374948857762, 32.7661583333823]]]}}, {"type": "Feature", "properties": {"k": "deck", "c": "motorway_link", "b": 0.0, "h": 0.28, "lk": 1}, "geometry": {"type": "Polygon", "coordinates": [[[-96.80369451093804, 32.76624629765893], [-96.80362548906194, 32.766215702341064], [-96.80368048906195, 32.766127702341066], [-96.80374951093805, 32.76615829765893], [-96.80369451093804, 32.76624629765893]]]}}, {"type": "Feature", "properties": {"k": "deck", "c": "motorway_link", "b": 12.7, "h": 14.2, "lk": 1}, "geometry": {"type": "Polygon", "coordinates": [[[-96.81194911378263, 32.77499453271752], [-96.81190307300619, 32.774401007055964], [-96.81186405134422, 32.77382568768063], [-96.81183603727247, 32.77331042886096], [-96.81181794489775, 32.772941545443274], [-96.81183330313192, 32.77275417498644], [-96.8118905758298, 32.77254349327633], [-96.81198775130048, 32.77232663854178], [-96.81209404026721, 32.77217742518466], [-96.81224604506086, 32.77198563390139], [-96.81246430552079, 32.77181305586329], [-96.8125176944792, 32.771860944136705], [-96.81230595493913, 32.77202836609862], [-96.8121599597328, 32.77221257481535], [-96.81205824869951, 32.77235536145822], [-96.81196542417018, 32.77256250672367], [-96.81191069686807, 32.77276382501356], [-96.81189605510225, 32.77294245455673], [-96.81191396272753, 32.773307571139036], [-96.81194194865579, 32.77382231231937], [-96.81198092699381, 32.77439699294404], [-96.81202688621737, 32.774989467282474], [-96.8120788447291, 32.77547907633537], [-96.81200115527089, 32.77548492366462], [-96.81194911378263, 32.77499453271752]]]}}, {"type": "Feature", "properties": {"k": "pier", "b": 0.0, "h": 12.7}, "geometry": {"type": "Polygon", "coordinates": [[[-96.812016, 32.775132], [-96.811992, 32.775132], [-96.811992, 32.775151], [-96.812016, 32.775151], [-96.812016, 32.775132]]]}}, {"type": "Feature", "properties": {"k": "pier", "b": 0.0, "h": 12.7}, "geometry": {"type": "Polygon", "coordinates": [[[-96.811985, 32.774791], [-96.811961, 32.774791], [-96.811961, 32.77481], [-96.811985, 32.77481], [-96.811985, 32.774791]]]}}, {"type": "Feature", "properties": {"k": "pier", "b": 0.0, "h": 12.7}, "geometry": {"type": "Polygon", "coordinates": [[[-96.811958, 32.774449], [-96.811935, 32.774449], [-96.811935, 32.774469], [-96.811958, 32.774469], [-96.811958, 32.774449]]]}}, {"type": "Feature", "properties": {"k": "pier", "b": 0.0, "h": 12.7}, "geometry": {"type": "Polygon", "coordinates": [[[-96.811935, 32.774108], [-96.811911, 32.774108], [-96.811911, 32.774128], [-96.811935, 32.774128], [-96.811935, 32.774108]]]}}, {"type": "Feature", "properties": {"k": "pier", "b": 0.0, "h": 12.7}, "geometry": {"type": "Polygon", "coordinates": [[[-96.811912, 32.773767], [-96.811889, 32.773767], [-96.811889, 32.773786], [-96.811912, 32.773786], [-96.811912, 32.773767]]]}}, {"type": "Feature", "properties": {"k": "pier", "b": 0.0, "h": 12.7}, "geometry": {"type": "Polygon", "coordinates": [[[-96.811894, 32.773425], [-96.81187, 32.773425], [-96.81187, 32.773445], [-96.811894, 32.773445], [-96.811894, 32.773425]]]}}, {"type": "Feature", "properties": {"k": "pier", "b": 0.0, "h": 12.7}, "geometry": {"type": "Polygon", "coordinates": [[[-96.811876, 32.773083], [-96.811853, 32.773083], [-96.811853, 32.773103], [-96.811876, 32.773103], [-96.811876, 32.773083]]]}}, {"type": "Feature", "properties": {"k": "pier", "b": 0.0, "h": 12.7}, "geometry": {"type": "Polygon", "coordinates": [[[-96.811886, 32.772742], [-96.811862, 32.772742], [-96.811862, 32.772762], [-96.811886, 32.772762], [-96.811886, 32.772742]]]}}, {"type": "Feature", "properties": {"k": "pier", "b": 0.0, "h": 12.7}, "geometry": {"type": "Polygon", "coordinates": [[[-96.811997, 32.772414], [-96.811974, 32.772414], [-96.811974, 32.772434], [-96.811997, 32.772434], [-96.811997, 32.772414]]]}}, {"type": "Feature", "properties": {"k": "pier", "b": 0.0, "h": 12.7}, "geometry": {"type": "Polygon", "coordinates": [[[-96.812193, 32.772116], [-96.81217, 32.772116], [-96.81217, 32.772136], [-96.812193, 32.772136], [-96.812193, 32.772116]]]}}, {"type": "Feature", "properties": {"k": "pier", "b": 0.0, "h": 12.7}, "geometry": {"type": "Polygon", "coordinates": [[[-96.81246, 32.771861], [-96.812436, 32.771861], [-96.812436, 32.771881], [-96.81246, 32.771881], [-96.81246, 32.771861]]]}}, {"type": "Feature", "properties": {"k": "deck", "c": "motorway_link", "b": 2.05, "h": 3.55, "lk": 1}, "geometry": {"type": "Polygon", "coordinates": [[[-96.81194774114721, 32.77645682998124], [-96.8119902588528, 32.776453170018755], [-96.8120362588528, 32.77683217001876], [-96.8119937411472, 32.776835829981245], [-96.81194774114721, 32.77645682998124]]]}}, {"type": "Feature", "properties": {"k": "deck", "c": "motorway_link", "b": 5.6, "h": 7.1, "lk": 1}, "geometry": {"type": "Polygon", "coordinates": [[[-96.8119986190246, 32.77725612877929], [-96.81199363144022, 32.77683417914021], [-96.81203636855979, 32.77683382085979], [-96.8120413809754, 32.777257871220705], [-96.81202624820696, 32.77737691566574], [-96.81198375179304, 32.77737308433426], [-96.8119986190246, 32.77725612877929]]]}}, {"type": "Feature", "properties": {"k": "deck", "c": "motorway_link", "b": 5.01, "h": 6.51, "lk": 1}, "geometry": {"type": "Polygon", "coordinates": [[[-96.81225368709256, 32.776536687715016], [-96.81226382348646, 32.77641302370955], [-96.81229935858772, 32.77630134196272], [-96.81234064141228, 32.776310658037275], [-96.81230617651354, 32.776418976290444], [-96.81229631290743, 32.77653931228499], [-96.8122853062254, 32.7766593851798], [-96.81224269377459, 32.7766566148202], [-96.81225368709256, 32.776536687715016]]]}}, {"type": "Feature", "properties": {"k": "deck", "c": "motorway_link", "b": 3.73, "h": 5.23, "lk": 1}, "geometry": {"type": "Polygon", "coordinates": [[[-96.81236879314017, 32.77619093306029], [-96.81247196218156, 32.7761088189253], [-96.81256268413046, 32.776074664779834], [-96.8126592785226, 32.776060278381], [-96.8126667214774, 32.776095721618994], [-96.81257531586954, 32.77610933522016], [-96.81249603781843, 32.776139181074704], [-96.81240320685984, 32.776213066939704], [-96.812338846823, 32.776314482755325], [-96.812301153177, 32.77629751724467], [-96.81236879314017, 32.77619093306029]]]}}, {"type": "Feature", "properties": {"k": "deck", "c": "motorway_link", "b": 2.53, "h": 4.03, "lk": 1}, "geometry": {"type": "Polygon", "coordinates": [[[-96.8127707917625, 32.77606727053267], [-96.81288117896536, 32.776103014960256], [-96.81298400012588, 32.77616449565417], [-96.81303929867256, 32.77624170494577], [-96.81300270132745, 32.776260295054236], [-96.81295199987412, 32.77618950434582], [-96.81286082103465, 32.77613498503975], [-96.81276120823749, 32.77610272946733], [-96.81266128108679, 32.77609593830175], [-96.81266471891321, 32.776060061698246], [-96.8127707917625, 32.77606727053267]]]}}, {"type": "Feature", "properties": {"k": "deck", "c": "motorway_link", "b": 1.37, "h": 2.87, "lk": 1}, "geometry": {"type": "Polygon", "coordinates": [[[-96.8130700186087, 32.77631408558402], [-96.81307948186486, 32.77639610047073], [-96.81306589746592, 32.77650164080093], [-96.81300461822646, 32.77662113531787], [-96.81296538177354, 32.77660686468214], [-96.81302410253409, 32.77649235919907], [-96.81303651813514, 32.77639589952927], [-96.81302798139131, 32.77632191441599], [-96.81300084237495, 32.77625697462682], [-96.81304115762507, 32.776245025373186], [-96.8130700186087, 32.77631408558402]]]}}, {"type": "Feature", "properties": {"k": "deck", "c": "motorway_link", "b": 0.0, "h": 1.31, "lk": 1}, "geometry": {"type": "Polygon", "coordinates": [[[-96.81291425400113, 32.77672387529822], [-96.8127630507737, 32.776818505889544], [-96.812347141172, 32.77698426696267], [-96.812328858828, 32.77695173303732], [-96.81274094922631, 32.77678749411046], [-96.81288374599887, 32.77669812470178], [-96.81296787686335, 32.77660323291276], [-96.81300212313664, 32.77662476708724], [-96.81291425400113, 32.77672387529822]]]}}, {"type": "Feature", "properties": {"k": "deck", "c": "motorway_link", "b": 5.6, "h": 7.1, "lk": 1}, "geometry": {"type": "Polygon", "coordinates": [[[-96.81131728577927, 32.77735877257655], [-96.81120471422074, 32.777387227423446], [-96.81110171422074, 32.77709822742345], [-96.81121428577927, 32.77706977257655], [-96.81131728577927, 32.77735877257655]]]}}, {"type": "Feature", "properties": {"k": "deck", "c": "motorway_link", "b": 5.6, "h": 7.1, "lk": 1}, "geometry": {"type": "Polygon", "coordinates": [[[-96.79392009728186, 32.79494183573321], [-96.79341806014722, 32.79522828634483], [-96.79326610829169, 32.79533978348557], [-96.79312740515897, 32.79547258435731], [-96.79306289222914, 32.79556544387753], [-96.79300972496254, 32.79565897888357], [-96.79297508135276, 32.79573915409481], [-96.79293491864725, 32.795726845905186], [-96.79297027503746, 32.79564502111642], [-96.79302510777084, 32.795548556122476], [-96.79309259484103, 32.79545141564269], [-96.7932358917083, 32.79531421651443], [-96.7933919398528, 32.79519971365517], [-96.79389590271815, 32.79491216426679], [-96.79476079267636, 32.79440522876527], [-96.79478520732366, 32.794434771234734], [-96.79392009728186, 32.79494183573321]]]}}, {"type": "Feature", "properties": {"k": "deck", "c": "motorway_link", "b": 5.6, "h": 7.1, "lk": 1}, "geometry": {"type": "Polygon", "coordinates": [[[-96.79199727657212, 32.79202132133784], [-96.79209626966829, 32.792880261434966], [-96.7920537303317, 32.79288373856503], [-96.79195472342789, 32.79202467866216], [-96.79183471699996, 32.79090561872173], [-96.79187728300003, 32.790902381278265], [-96.79199727657212, 32.79202132133784]]]}}, {"type": "Feature", "properties": {"k": "deck", "c": "motorway_link", "b": 5.6, "h": 7.1, "lk": 1}, "geometry": {"type": "Polygon", "coordinates": [[[-96.79165634886515, 32.78700796602881], [-96.79164035678743, 32.787592676370366], [-96.79160331170627, 32.788190403761185], [-96.7915891520362, 32.78830469252675], [-96.79156367446396, 32.78841271743302], [-96.79150977652893, 32.78854390297298], [-96.79144181109339, 32.788661574473316], [-96.79135033462272, 32.78879024467383], [-96.79131366537727, 32.788771755326174], [-96.7914041889066, 32.78864442552668], [-96.79147022347107, 32.788530097027014], [-96.79152232553605, 32.788403282566975], [-96.7915468479638, 32.78829930747325], [-96.79156068829374, 32.78818759623882], [-96.79159764321257, 32.78759132362963], [-96.79161365113485, 32.787006033971196], [-96.79166770631933, 32.78646748417029], [-96.79171029368068, 32.786470515829706], [-96.79165634886515, 32.78700796602881]]]}}, {"type": "Feature", "properties": {"k": "deck", "c": "motorway_link", "b": 4.51, "h": 6.01, "lk": 1}, "geometry": {"type": "Polygon", "coordinates": [[[-96.79121167693329, 32.78893625284817], [-96.79117832306672, 32.78891374715183], [-96.79131532306671, 32.78876974715183], [-96.79134867693328, 32.78879225284817], [-96.79121167693329, 32.78893625284817]]]}}, {"type": "Feature", "properties": {"k": "deck", "c": "motorway_link", "b": 0.96, "h": 2.46, "lk": 1}, "geometry": {"type": "Polygon", "coordinates": [[[-96.7909068050723, 32.78926311682232], [-96.79087319492771, 32.789240883177676], [-96.79117819492771, 32.78891388317768], [-96.7912118050723, 32.78893611682232], [-96.7909068050723, 32.78926311682232]]]}}, {"type": "Feature", "properties": {"k": "deck", "c": "motorway_link", "b": 4.81, "h": 6.31, "lk": 1}, "geometry": {"type": "Polygon", "coordinates": [[[-96.7835434089371, 32.77983024081089], [-96.78347903902699, 32.77968842585263], [-96.78351896097303, 32.77967557414737], [-96.7835825910629, 32.77981575918911], [-96.78373112927981, 32.78006697818688], [-96.78369287072017, 32.78008302181311], [-96.7835434089371, 32.77983024081089]]]}}, {"type": "Feature", "properties": {"k": "deck", "c": "motorway_link", "b": 3.43, "h": 4.93, "lk": 1}, "geometry": {"type": "Polygon", "coordinates": [[[-96.78343520458978, 32.779556195724744], [-96.78339687117, 32.77939580062624], [-96.78337576813885, 32.77924004015824], [-96.78341823186113, 32.779235959841756], [-96.78343912883, 32.77939019937376], [-96.78347679541022, 32.77954780427526], [-96.78351958585066, 32.77967717072304], [-96.78347841414936, 32.77968682927696], [-96.78343520458978, 32.779556195724744]]]}}, {"type": "Feature", "properties": {"k": "deck", "c": "motorway_link", "b": 1.89, "h": 3.39, "lk": 1}, "geometry": {"type": "Polygon", "coordinates": [[[-96.78336959882485, 32.779094565759095], [-96.78338579585309, 32.77893158316236], [-96.78342299719618, 32.778764679839306], [-96.78346500280382, 32.77877132016069], [-96.7834282041469, 32.77893641683764], [-96.78341240117514, 32.7790954342409], [-96.78341835629007, 32.77923736448001], [-96.78337564370992, 32.77923863551999], [-96.78336959882485, 32.779094565759095]]]}}, {"type": "Feature", "properties": {"k": "deck", "c": "motorway_link", "b": 0.28, "h": 1.78, "lk": 1}, "geometry": {"type": "Polygon", "coordinates": [[[-96.78347482989496, 32.7786129534771], [-96.78355150089614, 32.77846162913266], [-96.78364067039803, 32.77830232631467], [-96.78367932960197, 32.77831767368532], [-96.78359049910385, 32.778476370867345], [-96.78351517010505, 32.7786250465229], [-96.78346453355842, 32.778772984668926], [-96.78342346644159, 32.77876301533107], [-96.78347482989496, 32.7786129534771]]]}}, {"type": "Feature", "properties": {"k": "deck", "c": "motorway_link", "b": 0.0, "h": 0.47, "lk": 1}, "geometry": {"type": "Polygon", "coordinates": [[[-96.7838333897434, 32.778065805371924], [-96.78386861025659, 32.778086194628074], [-96.78367761025659, 32.77832019462807], [-96.7836423897434, 32.77829980537192], [-96.7838333897434, 32.778065805371924]]]}}, {"type": "Feature", "properties": {"k": "deck", "c": "motorway", "b": 5.6, "h": 7.1, "lk": 0}, "geometry": {"type": "Polygon", "coordinates": [[[-96.77938525534172, 32.77574685539068], [-96.77923176174427, 32.77556527146166], [-96.77908403759216, 32.775382374892374], [-96.77901321922387, 32.775290311013606], [-96.77894229084082, 32.77519202453995], [-96.77888269845313, 32.77510314097864], [-96.77881702281009, 32.77500311192232], [-96.77875807508487, 32.774904526933575], [-96.77870740410907, 32.77481230575763], [-96.7786391537912, 32.77468082352763], [-96.7787468462088, 32.77464117647237], [-96.77881459589094, 32.77477169424237], [-96.77886392491514, 32.77486147306643], [-96.77892097718991, 32.77495688807768], [-96.77898530154688, 32.77505485902135], [-96.77904370915918, 32.77514197546006], [-96.77911278077612, 32.775237688986394], [-96.77918196240785, 32.77532762510762], [-96.77932823825573, 32.77550872853834], [-96.77948074465827, 32.775689144609316], [-96.78163161329279, 32.77819299168549], [-96.7815363867072, 32.778251008314506], [-96.77938525534172, 32.77574685539068]]]}}, {"type": "Feature", "properties": {"k": "deck", "c": "motorway_link", "b": 4.68, "h": 6.18, "lk": 1}, "geometry": {"type": "Polygon", "coordinates": [[[-96.78884892463563, 32.783205510229436], [-96.78899031550213, 32.78317265178863], [-96.78900168449786, 32.78320734821136], [-96.78885907536437, 32.78324048977056], [-96.78865245736294, 32.783277600770816], [-96.78864354263705, 32.78324239922918], [-96.78884892463563, 32.783205510229436]]]}}, {"type": "Feature", "properties": {"k": "deck", "c": "motorway_link", "b": 2.88, "h": 4.38, "lk": 1}, "geometry": {"type": "Polygon", "coordinates": [[[-96.78917651647659, 32.78311743566165], [-96.7893502056902, 32.78304200491745], [-96.7893697943098, 32.783073995082546], [-96.78919348352342, 32.78315056433834], [-96.78900309230637, 32.7832069765508], [-96.78898890769362, 32.783173023449194], [-96.78917651647659, 32.78311743566165]]]}}, {"type": "Feature", "properties": {"k": "deck", "c": "motorway_link", "b": 0.86, "h": 2.36, "lk": 1}, "geometry": {"type": "Polygon", "coordinates": [[[-96.78951434059663, 32.782957908087674], [-96.78973080494411, 32.78283122158016], [-96.78975519505589, 32.78286077841984], [-96.78953765940336, 32.78298809191232], [-96.78937110204383, 32.78307337730726], [-96.78934889795617, 32.78304262269273], [-96.78951434059663, 32.782957908087674]]]}}, {"type": "Feature", "properties": {"k": "deck", "c": "motorway_link", "b": 0.0, "h": 0.59, "lk": 1}, "geometry": {"type": "Polygon", "coordinates": [[[-96.78992643414169, 32.78271144355994], [-96.78995156585832, 32.782740556440054], [-96.78975556585831, 32.782860556440056], [-96.78973043414169, 32.78283144355994], [-96.78992643414169, 32.78271144355994]]]}}, {"type": "Feature", "properties": {"k": "deck", "c": "motorway_link", "b": 4.99, "h": 6.49, "lk": 1}, "geometry": {"type": "Polygon", "coordinates": [[[-96.78884349260979, 32.783265158794805], [-96.78884250739021, 32.7833308412052], [-96.78865450739022, 32.7833288412052], [-96.78865549260979, 32.7832631587948], [-96.78884349260979, 32.783265158794805]]]}}, {"type": "Feature", "properties": {"k": "deck", "c": "motorway_link", "b": 1.44, "h": 2.94, "lk": 1}, "geometry": {"type": "Polygon", "coordinates": [[[-96.78975784816832, 32.78326215642355], [-96.78975815183169, 32.78332784357646], [-96.78884315183168, 32.78333084357646], [-96.78884284816831, 32.783265156423546], [-96.78975784816832, 32.78326215642355]]]}}, {"type": "Feature", "properties": {"k": "deck", "c": "motorway_link", "b": 5.6, "h": 7.1, "lk": 1}, "geometry": {"type": "Polygon", "coordinates": [[[-96.79216666984782, 32.78673909366115], [-96.79212567098293, 32.78618710894368], [-96.79210862125186, 32.78595142148461], [-96.79211163248618, 32.785770747424664], [-96.79215436751383, 32.78577125257533], [-96.79215137874814, 32.78595057851538], [-96.79216832901707, 32.78618489105632], [-96.79220933015218, 32.78673690633885], [-96.79224533225224, 32.78724893620623], [-96.79220266774777, 32.78725106379377], [-96.79216666984782, 32.78673909366115]]]}}, {"type": "Feature", "properties": {"k": "deck", "c": "motorway", "b": 5.6, "h": 7.1, "lk": 0}, "geometry": {"type": "Polygon", "coordinates": [[[-96.79107536322235, 32.78430792966499], [-96.79099544791515, 32.78424182688001], [-96.79091050128889, 32.784175647531654], [-96.79084736590784, 32.78412829599586], [-96.79074191269295, 32.78405240910291], [-96.7906347576826, 32.783982610885154], [-96.79052818539571, 32.783917483376506], [-96.79042150780997, 32.78385624254024], [-96.79031968125592, 32.78380088053028], [-96.79020502336131, 32.78374157472272], [-96.79009611076087, 32.7836890986516], [-96.78998386424496, 32.783636452055646], [-96.7898754704984, 32.78358772459159], [-96.78975194455252, 32.78353293485753], [-96.78534471977157, 32.78163783820223], [-96.78523809389351, 32.781589554785754], [-96.78511269889718, 32.78153237466743], [-96.78499679028788, 32.7814779480161], [-96.78488872920344, 32.781424422432224], [-96.78477002432757, 32.78136305804724], [-96.78466083446037, 32.781305430061764], [-96.78455160271852, 32.78124272295071], [-96.78443855130976, 32.78117610337054], [-96.78432952355477, 32.78110745626556], [-96.78423260130351, 32.781044860644954], [-96.78413064615204, 32.780975208115734], [-96.78402152144719, 32.78089841665676], [-96.78393452154535, 32.78083266091699], [-96.78384196348584, 32.78076123024062], [-96.78374312402579, 32.78068256209896], [-96.78363900496416, 32.78059562773682], [-96.78355914463798, 32.78052486542248], [-96.7834705371502, 32.78044431316087], [-96.78338361124062, 32.78036244108324], [-96.78330373838698, 32.78028256822959], [-96.78321504380916, 32.78019084997301], [-96.7831262778089, 32.7800950230409], [-96.78305590145051, 32.78001559829357], [-96.78297876056759, 32.779928439126735], [-96.78289650266076, 32.77983414347745], [-96.78260036662584, 32.77948898492325], [-96.78269563337415, 32.77943101507675], [-96.78299149733924, 32.779775856522555], [-96.78307323943243, 32.779869560873266], [-96.783150108235, 32.77995641263724], [-96.7832197221911, 32.7800349769591], [-96.78330695619083, 32.780129150026994], [-96.78339426161303, 32.78021943177041], [-96.78347238875938, 32.78029755891676], [-96.7835574628498, 32.78037768683913], [-96.78364485536203, 32.78045713457752], [-96.78372299503584, 32.780526372263175], [-96.7838248759742, 32.780611437901044], [-96.78392203651417, 32.78068876975937], [-96.78401347845465, 32.78075933908301], [-96.7840984785528, 32.78082358334324], [-96.78420535384795, 32.78089879188427], [-96.78430539869647, 32.78096713935504], [-96.78440047644521, 32.781028543734436], [-96.78450744869025, 32.78109589662945], [-96.78461839728149, 32.78116127704929], [-96.78472516553964, 32.78122256993824], [-96.78483197567243, 32.781278941952756], [-96.78494927079656, 32.78133957756778], [-96.78505520971213, 32.78139205198391], [-96.78516930110281, 32.78144562533257], [-96.78529390610647, 32.781502445214244], [-96.78539928022842, 32.78155016179777], [-96.78980605544747, 32.78344506514247], [-96.78993052950159, 32.78350027540841], [-96.79004013575505, 32.78354954794436], [-96.79015388923914, 32.783602901348395], [-96.79026497663868, 32.78365642527728], [-96.79038231874408, 32.78371711946973], [-96.79048649219003, 32.783773757459755], [-96.79059581460427, 32.78383651662349], [-96.79070524231742, 32.78390338911485], [-96.79081608730705, 32.783975590897086], [-96.79092463409216, 32.78405370400413], [-96.7909894987111, 32.78410235246835], [-96.79107655208486, 32.78417017311998], [-96.79115863677765, 32.78423807033501], [-96.79126208449678, 32.784327457199126], [-96.79117791550321, 32.78439654280088], [-96.79107536322235, 32.78430792966499]]]}}, {"type": "Feature", "properties": {"k": "deck", "c": "motorway", "b": 5.6, "h": 7.1, "lk": 0}, "geometry": {"type": "Polygon", "coordinates": [[[-96.79256946763276, 32.79174142042169], [-96.79247549650847, 32.790907676616754], [-96.79259250349153, 32.790898323383246], [-96.79268653236723, 32.79173257957831], [-96.79280155807771, 32.79287983601241], [-96.79268444192229, 32.79288816398759], [-96.79256946763276, 32.79174142042169]]]}}, {"type": "Feature", "properties": {"k": "deck", "c": "primary", "b": 5.6, "h": 7.1, "lk": 0}, "geometry": {"type": "Polygon", "coordinates": [[[-96.81708562917801, 32.80038768613937], [-96.81720437082198, 32.800320313860624], [-96.81752837082199, 32.800725313860625], [-96.81740962917802, 32.800792686139374], [-96.81708562917801, 32.80038768613937]]]}}, {"type": "Feature", "properties": {"k": "deck", "c": "motorway_link", "b": 5.6, "h": 7.1, "lk": 1}, "geometry": {"type": "Polygon", "coordinates": [[[-96.81415086419364, 32.79820435687711], [-96.81422513580637, 32.798127643122896], [-96.81474213580637, 32.798482643122895], [-96.81466786419364, 32.79855935687711], [-96.81415086419364, 32.79820435687711]]]}}, {"type": "Feature", "properties": {"k": "deck", "c": "motorway_link", "b": 0.0, "h": 0.69, "lk": 1}, "geometry": {"type": "Polygon", "coordinates": [[[-96.8156939493508, 32.799551401095904], [-96.81576405064921, 32.7995225989041], [-96.81584805064921, 32.799667598904094], [-96.8157779493508, 32.7996964010959], [-96.8156939493508, 32.799551401095904]]]}}, {"type": "Feature", "properties": {"k": "deck", "c": "motorway_link", "b": 0.88, "h": 2.38, "lk": 1}, "geometry": {"type": "Polygon", "coordinates": [[[-96.81555826091653, 32.79935447361696], [-96.81562573908346, 32.79932152638304], [-96.81576273908347, 32.79952052638304], [-96.81569526091654, 32.79955347361696], [-96.81555826091653, 32.79935447361696]]]}}, {"type": "Feature", "properties": {"k": "deck", "c": "motorway_link", "b": 2.84, "h": 4.34, "lk": 1}, "geometry": {"type": "Polygon", "coordinates": [[[-96.8154068858261, 32.79916963523061], [-96.81547111417389, 32.79913236476939], [-96.81562411417389, 32.79931936476939], [-96.8155598858261, 32.79935663523061], [-96.8154068858261, 32.79916963523061]]]}}, {"type": "Feature", "properties": {"k": "deck", "c": "motorway_link", "b": 4.71, "h": 6.21, "lk": 1}, "geometry": {"type": "Polygon", "coordinates": [[[-96.81525462876462, 32.79901060371316], [-96.81531537123539, 32.79896939628685], [-96.81546937123538, 32.79913039628685], [-96.81540862876462, 32.799171603713155], [-96.81525462876462, 32.79901060371316]]]}}, {"type": "Feature", "properties": {"k": "deck", "c": "motorway", "b": 5.6, "h": 7.1, "lk": 0}, "geometry": {"type": "Polygon", "coordinates": [[[-96.81283618544359, 32.77118471809111], [-96.81246429998126, 32.771198865907614], [-96.812143056088, 32.77119080963443], [-96.81180177479156, 32.77117067504467], [-96.81138085776489, 32.7711181865905], [-96.8110126385476, 32.77103142808999], [-96.81066344063666, 32.77093454080835], [-96.81034853631944, 32.77080797154901], [-96.81002595308009, 32.77064517253102], [-96.81006604691991, 32.770588827468984], [-96.81038546368056, 32.77075002845098], [-96.81069255936333, 32.770873459191655], [-96.81103536145241, 32.77096857191001], [-96.81139714223512, 32.771053813409495], [-96.81181022520845, 32.77110532495533], [-96.812146943912, 32.77112519036557], [-96.81246370001875, 32.77113313409239], [-96.81282781455641, 32.77111928190889], [-96.8132764213927, 32.771054626821616], [-96.8132895786073, 32.77111937317839], [-96.81283618544359, 32.77118471809111]]]}}, {"type": "Feature", "properties": {"k": "deck", "c": "motorway", "b": 5.6, "h": 7.1, "lk": 0}, "geometry": {"type": "Polygon", "coordinates": [[[-96.79218107576853, 32.786630920983875], [-96.7921741219136, 32.78651866589712], [-96.7921662013917, 32.78640678852525], [-96.79215534327375, 32.78630116865068], [-96.79214350201018, 32.7862034782262], [-96.79212779136768, 32.78609939521969], [-96.79211310225705, 32.78602301184435], [-96.79209145358986, 32.7859206726904], [-96.79205674581468, 32.78578481654179], [-96.79220925418534, 32.7857571834582], [-96.79224454641015, 32.785895327309596], [-96.79226689774296, 32.78600098815565], [-96.79228220863232, 32.78608060478031], [-96.79229849798982, 32.786188521773795], [-96.79231065672624, 32.786288831349324], [-96.7923217986083, 32.78639721147476], [-96.7923298780864, 32.78651133410288], [-96.79233692423148, 32.786625079016126], [-96.79240994618276, 32.78829358058785], [-96.79225405381725, 32.78829841941216], [-96.79218107576853, 32.786630920983875]]]}}, {"type": "Feature", "properties": {"k": "deck", "c": "motorway", "b": 5.6, "h": 7.1, "lk": 0}, "geometry": {"type": "Polygon", "coordinates": [[[-96.77836968407347, 32.77406935038784], [-96.77834203274195, 32.77396079330851], [-96.77831948716926, 32.77385318943883], [-96.77830021087254, 32.77374361891016], [-96.7782798484738, 32.77361839015784], [-96.77826758548022, 32.773507001299684], [-96.7782573732087, 32.77339670876718], [-96.7782522629672, 32.77327917321249], [-96.77825023974228, 32.77317396551676], [-96.77824923399533, 32.77305729887002], [-96.77824923399533, 32.77295369183206], [-96.77825123673452, 32.77272838367275], [-96.77825223641358, 32.77261641961193], [-96.77825323399533, 32.77248872914841], [-96.77825323399533, 32.77238031517155], [-96.77825224266822, 32.77227126919023], [-96.77824926024721, 32.77216290789375], [-96.77844473975279, 32.77215909210624], [-96.77844775733179, 32.77226873080977], [-96.77844876600467, 32.772379684828444], [-96.77844876600467, 32.772489270851594], [-96.77844776388869, 32.77261754169732], [-96.77844676325326, 32.77272961770291], [-96.77844476600467, 32.77295430816794], [-96.77844476600467, 32.77305670112998], [-96.77844576025771, 32.77317203448324], [-96.7784477370328, 32.773274826787514], [-96.7784526267913, 32.77338729123282], [-96.77846241451977, 32.77349299870031], [-96.77847415152621, 32.77359960984216], [-96.77849378912745, 32.773720381089845], [-96.77851251283076, 32.77382681056117], [-96.77853396725804, 32.773929206691484], [-96.77856031592653, 32.77403264961216], [-96.77859200605798, 32.77414257475564], [-96.77840199394203, 32.77418142524435], [-96.77836968407347, 32.77406935038784]]]}}, {"type": "Feature", "properties": {"k": "deck", "c": "motorway", "b": 5.6, "h": 7.1, "lk": 0}, "geometry": {"type": "Polygon", "coordinates": [[[-96.79047487678096, 32.78400064127791], [-96.79057380373499, 32.78407586698252], [-96.79067426396388, 32.78415787533265], [-96.79076468463903, 32.784236993423406], [-96.79085303887103, 32.78432021078146], [-96.79093816241728, 32.784406359912595], [-96.79102681787529, 32.78450223151254], [-96.79110256352581, 32.78459435460101], [-96.79118110959442, 32.78469126208825], [-96.79124711682333, 32.78478202202801], [-96.79131482596046, 32.78488153394165], [-96.79137449503695, 32.78497823899668], [-96.79142590334185, 32.78506871761328], [-96.7914803401468, 32.78517348278507], [-96.79152759099533, 32.78527517482864], [-96.79157282434181, 32.78538209001125], [-96.79161280846388, 32.7854917900385], [-96.79164965203863, 32.78560232076269], [-96.79168052697287, 32.78571141219705], [-96.79170715319583, 32.785824061601865], [-96.79172967552684, 32.78593564951457], [-96.79174301149719, 32.78601976871221], [-96.79175828378226, 32.786129729164635], [-96.79176944065372, 32.78624028361824], [-96.79177956941099, 32.786348661321114], [-96.79178663780364, 32.78646478491444], [-96.79159136219637, 32.78647321508555], [-96.791584430589, 32.78635933867889], [-96.79157455934629, 32.786253716381765], [-96.79156371621775, 32.78614627083537], [-96.79154898850281, 32.786040231287785], [-96.79153632447317, 32.785960350485425], [-96.79151484680418, 32.78585393839814], [-96.79148947302713, 32.785746587802954], [-96.79146034796138, 32.78564367923731], [-96.7914251915361, 32.785538209961494], [-96.7913871756582, 32.78543390998875], [-96.79134440900468, 32.78533282517135], [-96.79129965985321, 32.785236517214926], [-96.79124809665815, 32.78513728238672], [-96.79119950496305, 32.785051761003324], [-96.79114317403955, 32.784960466058344], [-96.79107888317667, 32.78486597797199], [-96.79101689040559, 32.78478073791175], [-96.79094143647418, 32.78468764539899], [-96.79086918212471, 32.78459976848746], [-96.79078583758273, 32.78450964008741], [-96.79070496112897, 32.78442778921854], [-96.79062131536098, 32.78434900657659], [-96.79053573603612, 32.78427412466735], [-96.79044019626502, 32.784196133017474], [-96.79034712321905, 32.78412535872209], [-96.79025083156696, 32.78405854410636], [-96.79037516843303, 32.78393145589364], [-96.79047487678096, 32.78400064127791]]]}}, {"type": "Feature", "properties": {"k": "deck", "c": "motorway", "b": 5.6, "h": 7.1, "lk": 0}, "geometry": {"type": "Polygon", "coordinates": [[[-96.777727917497, 32.76979512389578], [-96.77781776122616, 32.77005267591933], [-96.77789099502618, 32.77026033888654], [-96.7779273632004, 32.770371463863356], [-96.77795864267473, 32.77047034736284], [-96.77799095750132, 32.77057840006423], [-96.7780212776738, 32.770685531340334], [-96.77805061595527, 32.77079681447691], [-96.77807791088735, 32.770909026975524], [-96.77810217654648, 32.771016200303315], [-96.77812442066572, 32.77112337651416], [-96.7781456425076, 32.77123453854306], [-96.7781648908288, 32.771345976192144], [-96.77818102067725, 32.77145485266913], [-96.77819713606327, 32.77156463873646], [-96.77821128359365, 32.77167781897943], [-96.77822342968547, 32.77178612163158], [-96.7782335693903, 32.77190272823703], [-96.77824064139669, 32.772010828906154], [-96.77824670138219, 32.77212091864287], [-96.7782507452117, 32.7722402116131], [-96.7782527601613, 32.7723540562657], [-96.77825376600467, 32.77245966982075], [-96.77825376600467, 32.77256731374548], [-96.77825176600467, 32.77278831374548], [-96.77825176600467, 32.773012684828444], [-96.77825275756402, 32.773121756356154], [-96.77825573285615, 32.773232833929086], [-96.7782596851146, 32.7733434971658], [-96.77826655074303, 32.77344844320005], [-96.77827634190457, 32.77355125039647], [-96.77829113180584, 32.7736656256329], [-96.77830685350224, 32.77377567750766], [-96.77832635062686, 32.77387998712439], [-96.77834908181542, 32.77398178331662], [-96.77815691818459, 32.77401221668338], [-96.77813364937313, 32.77390801287561], [-96.77811314649776, 32.77379832249234], [-96.77809686819415, 32.77368437436709], [-96.77808165809542, 32.773566749603525], [-96.77807144925698, 32.77345955679995], [-96.77806431488538, 32.773350502834205], [-96.77806026714386, 32.77323716607091], [-96.77805724243598, 32.77312424364384], [-96.77805623399533, 32.77301331517155], [-96.77805623399533, 32.77278768625452], [-96.77805823399532, 32.77256668625452], [-96.77805823399532, 32.77246033017926], [-96.7780572398387, 32.7723559437343], [-96.77805525478831, 32.772243788386895], [-96.77805129861781, 32.77212708135713], [-96.77804535860331, 32.77201917109385], [-96.77803843060971, 32.771913271762976], [-96.77802857031453, 32.77179987836843], [-96.77801671640636, 32.77169418102058], [-96.77800286393672, 32.771583361263545], [-96.77798697932276, 32.77147514733087], [-96.7779711091712, 32.77136802380786], [-96.7779523574924, 32.77125946145694], [-96.7779315793343, 32.771150623485845], [-96.77790982345353, 32.77104579969669], [-96.77788608911264, 32.77094097302447], [-96.77785938404475, 32.77083118552309], [-96.77783072232619, 32.77072246865967], [-96.77780104249868, 32.77061759993577], [-96.77776935732525, 32.77051165263716], [-96.7777386367996, 32.77041453613664], [-96.77770300497383, 32.77030566111346], [-96.77763023877385, 32.770099324080675], [-96.77754008250301, 32.76984087610422], [-96.77732497029855, 32.769204544187815], [-96.77751302970144, 32.769159455812186], [-96.777727917497, 32.76979512389578]]]}}, {"type": "Feature", "properties": {"k": "deck", "c": "motorway", "b": 5.6, "h": 7.1, "lk": 0}, "geometry": {"type": "Polygon", "coordinates": [[[-96.77765952777813, 32.76959553390773], [-96.77558537913697, 32.763855122528625], [-96.77573462086303, 32.76381687747137], [-96.77780847222186, 32.76955646609227], [-96.77783631719834, 32.769630056387236], [-96.77768768280166, 32.76966994361276], [-96.77765952777813, 32.76959553390773]]]}}, {"type": "Feature", "properties": {"k": "deck", "c": "motorway", "b": 5.6, "h": 7.1, "lk": 0}, "geometry": {"type": "Polygon", "coordinates": [[[-96.79201352938968, 32.78570823363862], [-96.7919776435998, 32.78560154615515], [-96.7919358283331, 32.785498466660535], [-96.79189699403236, 32.7854091477688], [-96.79184934403321, 32.78531384777054], [-96.79179476019357, 32.78521150307122], [-96.79173753779888, 32.78511645570374], [-96.79167683715976, 32.78502344665993], [-96.79161064316607, 32.78492707599264], [-96.79154168835893, 32.78483772610171], [-96.7914642684873, 32.784742666259326], [-96.79139128657673, 32.78465898033521], [-96.79131179887949, 32.78457464582717], [-96.79125124955026, 32.78451604970209], [-96.79139875044974, 32.784407950297904], [-96.79146220112051, 32.784469354172835], [-96.79154671342329, 32.7845590196648], [-96.7916237315127, 32.78464733374067], [-96.79170431164107, 32.78474627389829], [-96.79177735683395, 32.784840924007355], [-96.79184716284026, 32.784942553340066], [-96.79191046220113, 32.78503954429626], [-96.79197123980643, 32.78514049692878], [-96.79202865596679, 32.78524815222946], [-96.79207900596765, 32.785348852231195], [-96.79212017166691, 32.78544353333947], [-96.79216435640022, 32.78555245384486], [-96.79220247061032, 32.78566576636138], [-96.79222783260106, 32.785750982650235], [-96.79203816739896, 32.78579101734976], [-96.79201352938968, 32.78570823363862]]]}}, {"type": "Feature", "properties": {"k": "deck", "c": "motorway", "b": 5.6, "h": 7.1, "lk": 0}, "geometry": {"type": "Polygon", "coordinates": [[[-96.79236962688209, 32.79032138887602], [-96.79231045124011, 32.78973063543326], [-96.79226832991661, 32.789059702923055], [-96.79223632131755, 32.78833450810078], [-96.7922343470052, 32.78829995763474], [-96.7924296529948, 32.78829204236526], [-96.79243167868245, 32.78832749189922], [-96.7924636700834, 32.78905229707695], [-96.79250554875988, 32.789719364566736], [-96.79256437311791, 32.79030661112398], [-96.79257831992582, 32.79042914379358], [-96.79238368007417, 32.79044485620641], [-96.79236962688209, 32.79032138887602]]]}}, {"type": "Feature", "properties": {"k": "deck", "c": "motorway", "b": 5.6, "h": 7.1, "lk": 0}, "geometry": {"type": "Polygon", "coordinates": [[[-96.79216098732576, 32.79126996464382], [-96.79220295742834, 32.79147881586859], [-96.79224598262768, 32.79169694362337], [-96.79228902630994, 32.791918168129904], [-96.79232920048841, 32.792134104339155], [-96.79236132642279, 32.792350954396156], [-96.79239337620808, 32.792573299781665], [-96.7924224377686, 32.792794768915115], [-96.79244646264112, 32.79299297411352], [-96.79232953735888, 32.79300302588648], [-96.79230556223142, 32.792805231084884], [-96.7922766237919, 32.79258470021834], [-96.79224467357722, 32.79236304560385], [-96.79221279951159, 32.79214789566085], [-96.79217297369006, 32.79193383187009], [-96.79213001737232, 32.79171305637663], [-96.79208704257167, 32.791495184131406], [-96.79204501267424, 32.79128603535618], [-96.79196297029975, 32.79085381211495], [-96.79207902970026, 32.79083818788505], [-96.79216098732576, 32.79126996464382]]]}}, {"type": "Feature", "properties": {"k": "deck", "c": "motorway", "b": 5.6, "h": 7.1, "lk": 0}, "geometry": {"type": "Polygon", "coordinates": [[[-96.78146461367086, 32.778278992125614], [-96.78136938632915, 32.77833700787439], [-96.77926138632914, 32.77588300787439], [-96.77935661367086, 32.775824992125614], [-96.78146461367086, 32.778278992125614]]]}}, {"type": "Feature", "properties": {"k": "deck", "c": "motorway", "b": 5.6, "h": 7.1, "lk": 0}, "geometry": {"type": "Polygon", "coordinates": [[[-96.79193588430408, 32.78953139343162], [-96.79194382731377, 32.7896366383101], [-96.7919527777423, 32.789745037944385], [-96.79196370964748, 32.789857338424824], [-96.79197565959772, 32.78996787546474], [-96.79198762480755, 32.790072571050665], [-96.79200057496959, 32.79018115317864], [-96.79201453559577, 32.79028884943758], [-96.79202947008073, 32.79040334715573], [-96.79204538209187, 32.790510753230876], [-96.79206132919029, 32.79061540606432], [-96.79208023953815, 32.79073284927734], [-96.79209818351632, 32.79083652559559], [-96.7919438164837, 32.79085547440442], [-96.79192576046184, 32.79075115072266], [-96.79190667080971, 32.79063259393568], [-96.79189061790812, 32.79052724676913], [-96.79187452991926, 32.79041865284427], [-96.79185946725748, 32.79030317243724], [-96.7918454250304, 32.790194846821365], [-96.79183237519246, 32.79008542894933], [-96.79182034040228, 32.78998012453526], [-96.79180829035253, 32.78986866157517], [-96.79179722225771, 32.78975496205561], [-96.79178817268622, 32.78964536168991], [-96.79178011569593, 32.78953860656838], [-96.79161108479511, 32.78647204596538], [-96.7917669152049, 32.78646595403461], [-96.79193588430408, 32.78953139343162]]]}}, {"type": "Feature", "properties": {"k": "deck", "c": "motorway_link", "b": 0.0, "h": 0.57, "lk": 1}, "geometry": {"type": "Polygon", "coordinates": [[[-96.79262842155924, 32.79356081351921], [-96.79270557844075, 32.7935511864808], [-96.79272457844075, 32.793659186480795], [-96.79264742155925, 32.793668813519204], [-96.79262842155924, 32.79356081351921]]]}}, {"type": "Feature", "properties": {"k": "deck", "c": "motorway_link", "b": 0.2, "h": 1.7, "lk": 1}, "geometry": {"type": "Polygon", "coordinates": [[[-96.79261423078421, 32.79345156434299], [-96.79269176921579, 32.79344443565701], [-96.79270576921579, 32.79355243565701], [-96.7926282307842, 32.79355956434299], [-96.79261423078421, 32.79345156434299]]]}}, {"type": "Feature", "properties": {"k": "deck", "c": "motorway_link", "b": 1.33, "h": 2.83, "lk": 1}, "geometry": {"type": "Polygon", "coordinates": [[[-96.79260314053562, 32.79334178132148], [-96.79268085946438, 32.793336218678526], [-96.79269185946438, 32.79344521867852], [-96.79261414053562, 32.793450781321475], [-96.79260314053562, 32.79334178132148]]]}}, {"type": "Feature", "properties": {"k": "deck", "c": "motorway_link", "b": 3.75, "h": 5.25, "lk": 1}, "geometry": {"type": "Polygon", "coordinates": [[[-96.79257309883775, 32.79298633154429], [-96.79265090116226, 32.7929816684557], [-96.79268090116226, 32.79333666845571], [-96.79260309883774, 32.7933413315443], [-96.79257309883775, 32.79298633154429]]]}}, {"type": "Feature", "properties": {"k": "deck", "c": "motorway_link", "b": 1.17, "h": 2.67, "lk": 1}, "geometry": {"type": "Polygon", "coordinates": [[[-96.79238825756748, 32.79132107085282], [-96.7924583091553, 32.79210364716225], [-96.79241569084472, 32.79210635283775], [-96.79234574243252, 32.79132492914718], [-96.79232683782159, 32.791211501481605], [-96.79236916217842, 32.7912064985184], [-96.79238825756748, 32.79132107085282]]]}}, {"type": "Feature", "properties": {"k": "deck", "c": "motorway_link", "b": 26.9, "h": 28.4, "lk": 1}, "geometry": {"type": "Polygon", "coordinates": [[[-96.81167918684466, 32.77577610786411], [-96.81161294187181, 32.77550610941419], [-96.8115468277195, 32.775120443525715], [-96.81142671634355, 32.77434072051014], [-96.81136863780074, 32.77355766153638], [-96.81136561876114, 32.77332922087384], [-96.81138577464966, 32.77315588023261], [-96.81140893675821, 32.773015900533125], [-96.81144910431509, 32.772855230305616], [-96.81148642064863, 32.77271100771923], [-96.81156808881552, 32.772520448663144], [-96.8116469213049, 32.772362783684386], [-96.81176818879247, 32.772195030326586], [-96.81189100264982, 32.77205208305], [-96.81201566059327, 32.77192139327056], [-96.81213979922687, 32.77180331018008], [-96.81228199001644, 32.77169540653125], [-96.81243480472685, 32.771587833018], [-96.81263379300223, 32.77146460170025], [-96.81290350078422, 32.77135045571012], [-96.81314523923247, 32.771275919688584], [-96.81335130327108, 32.77122364978611], [-96.81503777549949, 32.77086554951459], [-96.81504822450052, 32.77090045048541], [-96.81336269672892, 32.7712583502139], [-96.81315876076754, 32.771310080311416], [-96.81292049921578, 32.771383544289876], [-96.81265620699777, 32.77149539829974], [-96.81246119527316, 32.771616166982], [-96.81231000998356, 32.77172259346875], [-96.81217020077314, 32.77182868981992], [-96.81204833940673, 32.771944606729434], [-96.81192499735019, 32.772073916950006], [-96.81180381120753, 32.77221496967341], [-96.8116850786951, 32.77237921631561], [-96.81160791118448, 32.77253355133685], [-96.81152757935138, 32.772720992280775], [-96.81149089568491, 32.77286276969438], [-96.81145106324179, 32.77302209946687], [-96.81142822535034, 32.7731601197674], [-96.81140838123885, 32.77333077912616], [-96.81141136219927, 32.773556338463614], [-96.81146928365645, 32.774337279489856], [-96.81158917228049, 32.77511555647428], [-96.81165505812818, 32.77549989058581], [-96.81172081315535, 32.775767892135896], [-96.81178766966002, 32.775982431665796], [-96.81174633033999, 32.775991568334206], [-96.81167918684466, 32.77577610786411]]]}}, {"type": "Feature", "properties": {"k": "pier", "b": 0.0, "h": 26.9}, "geometry": {"type": "Polygon", "coordinates": [[[-96.811683, 32.775645], [-96.811659, 32.775645], [-96.811659, 32.775665], [-96.811683, 32.775665], [-96.811683, 32.775645]]]}}, {"type": "Feature", "properties": {"k": "pier", "b": 0.0, "h": 26.9}, "geometry": {"type": "Polygon", "coordinates": [[[-96.811614, 32.775308], [-96.811591, 32.775308], [-96.811591, 32.775328], [-96.811614, 32.775328], [-96.811614, 32.775308]]]}}, {"type": "Feature", "properties": {"k": "pier", "b": 0.0, "h": 26.9}, "geometry": {"type": "Polygon", "coordinates": [[[-96.811558, 32.774969], [-96.811535, 32.774969], [-96.811535, 32.774989], [-96.811558, 32.774989], [-96.811558, 32.774969]]]}}, {"type": "Feature", "properties": {"k": "pier", "b": 0.0, "h": 26.9}, "geometry": {"type": "Polygon", "coordinates": [[[-96.811506, 32.77463], [-96.811483, 32.77463], [-96.811483, 32.77465], [-96.811506, 32.77465], [-96.811506, 32.77463]]]}}, {"type": "Feature", "properties": {"k": "pier", "b": 0.0, "h": 26.9}, "geometry": {"type": "Polygon", "coordinates": [[[-96.811457, 32.774291], [-96.811433, 32.774291], [-96.811433, 32.774311], [-96.811457, 32.774311], [-96.811457, 32.774291]]]}}, {"type": "Feature", "properties": {"k": "pier", "b": 0.0, "h": 26.9}, "geometry": {"type": "Polygon", "coordinates": [[[-96.811432, 32.77395], [-96.811408, 32.77395], [-96.811408, 32.77397], [-96.811432, 32.77397], [-96.811432, 32.77395]]]}}, {"type": "Feature", "properties": {"k": "pier", "b": 0.0, "h": 26.9}, "geometry": {"type": "Polygon", "coordinates": [[[-96.811406, 32.773608], [-96.811383, 32.773608], [-96.811383, 32.773628], [-96.811406, 32.773628], [-96.811406, 32.773608]]]}}, {"type": "Feature", "properties": {"k": "pier", "b": 0.0, "h": 26.9}, "geometry": {"type": "Polygon", "coordinates": [[[-96.811405, 32.773267], [-96.811381, 32.773267], [-96.811381, 32.773287], [-96.811405, 32.773287], [-96.811405, 32.773267]]]}}, {"type": "Feature", "properties": {"k": "pier", "b": 0.0, "h": 26.9}, "geometry": {"type": "Polygon", "coordinates": [[[-96.811462, 32.772929], [-96.811438, 32.772929], [-96.811438, 32.772948], [-96.811462, 32.772948], [-96.811462, 32.772929]]]}}, {"type": "Feature", "properties": {"k": "pier", "b": 0.0, "h": 26.9}, "geometry": {"type": "Polygon", "coordinates": [[[-96.811565, 32.772599], [-96.811541, 32.772599], [-96.811541, 32.772618], [-96.811565, 32.772618], [-96.811565, 32.772599]]]}}, {"type": "Feature", "properties": {"k": "pier", "b": 0.0, "h": 26.9}, "geometry": {"type": "Polygon", "coordinates": [[[-96.811731, 32.772288], [-96.811707, 32.772288], [-96.811707, 32.772307], [-96.811731, 32.772307], [-96.811731, 32.772288]]]}}, {"type": "Feature", "properties": {"k": "pier", "b": 0.0, "h": 26.9}, "geometry": {"type": "Polygon", "coordinates": [[[-96.811963, 32.772008], [-96.81194, 32.772008], [-96.81194, 32.772027], [-96.811963, 32.772027], [-96.811963, 32.772008]]]}}, {"type": "Feature", "properties": {"k": "pier", "b": 0.0, "h": 26.9}, "geometry": {"type": "Polygon", "coordinates": [[[-96.812235, 32.771754], [-96.812211, 32.771754], [-96.812211, 32.771774], [-96.812235, 32.771774], [-96.812235, 32.771754]]]}}, {"type": "Feature", "properties": {"k": "pier", "b": 0.0, "h": 26.9}, "geometry": {"type": "Polygon", "coordinates": [[[-96.812548, 32.771537], [-96.812525, 32.771537], [-96.812525, 32.771557], [-96.812548, 32.771557], [-96.812548, 32.771537]]]}}, {"type": "Feature", "properties": {"k": "pier", "b": 0.0, "h": 26.9}, "geometry": {"type": "Polygon", "coordinates": [[[-96.812899, 32.771367], [-96.812876, 32.771367], [-96.812876, 32.771387], [-96.812899, 32.771387], [-96.812899, 32.771367]]]}}, {"type": "Feature", "properties": {"k": "pier", "b": 0.0, "h": 26.9}, "geometry": {"type": "Polygon", "coordinates": [[[-96.813282, 32.771253], [-96.813258, 32.771253], [-96.813258, 32.771273], [-96.813282, 32.771273], [-96.813282, 32.771253]]]}}, {"type": "Feature", "properties": {"k": "pier", "b": 0.0, "h": 26.9}, "geometry": {"type": "Polygon", "coordinates": [[[-96.813674, 32.771166], [-96.813651, 32.771166], [-96.813651, 32.771186], [-96.813674, 32.771186], [-96.813674, 32.771166]]]}}, {"type": "Feature", "properties": {"k": "pier", "b": 0.0, "h": 26.9}, "geometry": {"type": "Polygon", "coordinates": [[[-96.814068, 32.771083], [-96.814044, 32.771083], [-96.814044, 32.771102], [-96.814068, 32.771102], [-96.814068, 32.771083]]]}}, {"type": "Feature", "properties": {"k": "pier", "b": 0.0, "h": 26.9}, "geometry": {"type": "Polygon", "coordinates": [[[-96.814462, 32.770999], [-96.814438, 32.770999], [-96.814438, 32.771019], [-96.814462, 32.771019], [-96.814462, 32.770999]]]}}, {"type": "Feature", "properties": {"k": "pier", "b": 0.0, "h": 26.9}, "geometry": {"type": "Polygon", "coordinates": [[[-96.814855, 32.770915], [-96.814832, 32.770915], [-96.814832, 32.770935], [-96.814855, 32.770935], [-96.814855, 32.770915]]]}}, {"type": "Feature", "properties": {"k": "deck", "c": "motorway", "b": 5.6, "h": 7.1, "lk": 0}, "geometry": {"type": "Polygon", "coordinates": [[[-96.81493291442357, 32.795054762565066], [-96.81470908557642, 32.795115237434935], [-96.81461308557643, 32.79486323743493], [-96.81483691442357, 32.79480276256506], [-96.81493291442357, 32.795054762565066]]]}}, {"type": "Feature", "properties": {"k": "deck", "c": "motorway", "b": 5.6, "h": 7.1, "lk": 0}, "geometry": {"type": "Polygon", "coordinates": [[[-96.8114684312284, 32.77790447688003], [-96.81156047296945, 32.77847773685414], [-96.81132752703054, 32.77850426314586], [-96.8112355687716, 32.77793152311997], [-96.8111446121484, 32.77738678290409], [-96.8113773878516, 32.777359217095906], [-96.8114684312284, 32.77790447688003]]]}}, {"type": "Feature", "properties": {"k": "deck", "c": "motorway", "b": 5.6, "h": 7.1, "lk": 0}, "geometry": {"type": "Polygon", "coordinates": [[[-96.79805796273159, 32.79245961008227], [-96.79815803726841, 32.79256038991773], [-96.79783003726841, 32.79279138991773], [-96.7977299627316, 32.79269061008227], [-96.79805796273159, 32.79245961008227]]]}}, {"type": "Feature", "properties": {"k": "deck", "c": "motorway", "b": 5.6, "h": 7.1, "lk": 0}, "geometry": {"type": "Polygon", "coordinates": [[[-96.80684747649566, 32.78500540636661], [-96.80646878390634, 32.78535095079824], [-96.8049951563939, 32.786548273152086], [-96.8048868436061, 32.78645372684792], [-96.80635721609367, 32.78525904920176], [-96.80673252350435, 32.7849165936334], [-96.80690236575401, 32.78475973932048], [-96.807017634246, 32.784848260679524], [-96.80684747649566, 32.78500540636661]]]}}, {"type": "Feature", "properties": {"k": "deck", "c": "motorway", "b": 5.6, "h": 7.1, "lk": 0}, "geometry": {"type": "Polygon", "coordinates": [[[-96.80977159433375, 32.78264370252863], [-96.80954439375635, 32.78274940018855], [-96.80925986476917, 32.782906924887335], [-96.80891112702648, 32.78314767281767], [-96.80845919936493, 32.7834848727064], [-96.80833342581138, 32.78358070017578], [-96.80825457418862, 32.783507299824215], [-96.80838080063506, 32.7834111272936], [-96.80883487297353, 32.78307232718233], [-96.80919013523082, 32.78282707511267], [-96.80948360624363, 32.782664599811454], [-96.80971640566624, 32.78255629747137], [-96.8099842412035, 32.78244093759578], [-96.81003775879651, 32.78252906240422], [-96.80977159433375, 32.78264370252863]]]}}, {"type": "Feature", "properties": {"k": "deck", "c": "motorway_link", "b": 2.05, "h": 3.55, "lk": 1}, "geometry": {"type": "Polygon", "coordinates": [[[-96.81080759514799, 32.774700282425044], [-96.810730404852, 32.77470971757495], [-96.810644404852, 32.77421071757495], [-96.810721595148, 32.77420128242505], [-96.81080759514799, 32.774700282425044]]]}}, {"type": "Feature", "properties": {"k": "deck", "c": "motorway", "b": 5.6, "h": 7.1, "lk": 0}, "geometry": {"type": "Polygon", "coordinates": [[[-96.77598719518647, 32.78040090145594], [-96.77527816919995, 32.78046390376504], [-96.77477205540525, 32.78050591321045], [-96.77395714241786, 32.78057090627079], [-96.77337971089376, 32.78062285512763], [-96.7731254514767, 32.78065476219173], [-96.77287344034441, 32.78069261366615], [-96.77264336451739, 32.780740421630206], [-96.77246518408907, 32.78078123390708], [-96.77225207558092, 32.7808409839561], [-96.77207614887332, 32.78089565044716], [-96.77190811319458, 32.78096027955437], [-96.77172067462942, 32.78103704960499], [-96.77155543514915, 32.781110710578126], [-96.7713872542536, 32.78119430344929], [-96.7712490059829, 32.78126989243183], [-96.77109064929081, 32.781364508065465], [-96.77093032800138, 32.78146707385932], [-96.77082576868898, 32.781540763279494], [-96.77076323390955, 32.78158543097908], [-96.77063470982172, 32.78168705467643], [-96.77050524455606, 32.781791622775614], [-96.77037495197476, 32.78190998015864], [-96.77020960212697, 32.78207234175617], [-96.77008832222772, 32.782205550825836], [-96.7699659846234, 32.782356732255565], [-96.76979059254504, 32.78260088600101], [-96.76966793355685, 32.782795345372534], [-96.76960802036672, 32.78289320358307], [-96.76951813060883, 32.78304202107114], [-96.76934121965988, 32.78334786711849], [-96.76896920031058, 32.78399390071968], [-96.76872707076465, 32.78440812233957], [-96.76861590077291, 32.784588398001844], [-96.76850367046633, 32.7847647599122], [-96.76836932422796, 32.784960263766536], [-96.76820201612566, 32.785186680719356], [-96.76805564563165, 32.78537515779384], [-96.76788828596501, 32.78557258207123], [-96.76780115940194, 32.785671726091294], [-96.76770185156154, 32.78578407435518], [-96.76756852626231, 32.78592140943785], [-96.76740550833846, 32.786088427801545], [-96.76737249166153, 32.78606557219845], [-96.76753547373768, 32.785898590562155], [-96.76766814843846, 32.78576192564482], [-96.76776684059807, 32.7856502739087], [-96.76785371403498, 32.785551417928765], [-96.76802035436836, 32.78535484220616], [-96.76816598387435, 32.78516731928064], [-96.76833267577203, 32.78494173623346], [-96.76846632953367, 32.7847472400878], [-96.76857809922708, 32.78457160199815], [-96.76868892923535, 32.784391877660426], [-96.76893079968943, 32.78397809928032], [-96.76930278034013, 32.78333213288151], [-96.76947986939116, 32.78302597892886], [-96.76956997963327, 32.78287679641693], [-96.76963006644316, 32.782778654627464], [-96.76975340745497, 32.78258311399899], [-96.7699300153766, 32.78233726774444], [-96.77005367777228, 32.78218444917417], [-96.77017639787304, 32.78204965824383], [-96.77034304802524, 32.78188601984136], [-96.77047475544393, 32.781766377224386], [-96.77060529017827, 32.78166094532357], [-96.77073476609044, 32.781558569020916], [-96.77079823131103, 32.7815132367205], [-96.77090367199861, 32.78143892614068], [-96.7710653507092, 32.78133549193454], [-96.7712249940171, 32.78124010756817], [-96.77136474574641, 32.78116369655071], [-96.77153456485085, 32.781079289421875], [-96.77170132537057, 32.781004950395015], [-96.77188988680543, 32.780927720445625], [-96.77205985112668, 32.78086234955284], [-96.77223792441907, 32.78080701604391], [-96.77245281591092, 32.78074676609292], [-96.77263263548261, 32.7807055783698], [-96.77286455965559, 32.78065738633386], [-96.7731185485233, 32.78061923780827], [-96.77337428910623, 32.78058714487237], [-96.77395285758215, 32.780535093729206], [-96.77476794459476, 32.78047008678955], [-96.77527383080006, 32.78042809623496], [-96.77598280481354, 32.78036509854406], [-96.77693485194446, 32.78028409453397], [-96.77693914805555, 32.78031990546603], [-96.77598719518647, 32.78040090145594]]]}}, {"type": "Feature", "properties": {"k": "deck", "c": "motorway_link", "b": 5.6, "h": 7.1, "lk": 1}, "geometry": {"type": "Polygon", "coordinates": [[[-96.809872585115, 32.782101850654584], [-96.80962200359001, 32.78227153578175], [-96.8093600037646, 32.78248986896959], [-96.80899240822728, 32.782822597721534], [-96.8087989905729, 32.783021997365225], [-96.80858041703746, 32.78323957284798], [-96.80848718914758, 32.783342614199945], [-96.80832720061392, 32.78356123207205], [-96.80826079938609, 32.783526767927945], [-96.8084228108524, 32.783305385800055], [-96.80851958296253, 32.78319842715202], [-96.8087390094271, 32.78298000263477], [-96.80893359177273, 32.782779402278464], [-96.8093039962354, 32.7824441310304], [-96.80956999640999, 32.78222246421824], [-96.80982741488499, 32.782048149345414], [-96.81007243551625, 32.78192009329533], [-96.81011356448374, 32.78197590670467], [-96.809872585115, 32.782101850654584]]]}}, {"type": "Feature", "properties": {"k": "deck", "c": "motorway_link", "b": 5.6, "h": 7.1, "lk": 1}, "geometry": {"type": "Polygon", "coordinates": [[[-96.80335563338893, 32.7876755858373], [-96.80361783763307, 32.787926049592876], [-96.80368467511067, 32.78795011108482], [-96.80375581437355, 32.78795186760983], [-96.80385671735195, 32.787905223780186], [-96.80387728264805, 32.78793677621981], [-96.80376618562644, 32.787988132390176], [-96.80367532488933, 32.78798588891518], [-96.80359216236694, 32.78795595040712], [-96.80331836661107, 32.78769441416271], [-96.80328498635386, 32.78761930858401], [-96.80332501364613, 32.78760669141599], [-96.80335563338893, 32.7876755858373]]]}}, {"type": "Feature", "properties": {"k": "deck", "c": "motorway_link", "b": 5.6, "h": 7.1, "lk": 1}, "geometry": {"type": "Polygon", "coordinates": [[[-96.80385062697961, 32.78790941904639], [-96.80410649875473, 32.78763455678797], [-96.80422353592195, 32.78752054644405], [-96.80451426435721, 32.787288966207676], [-96.80501699269615, 32.78688318548082], [-96.80513383853935, 32.78678331723878], [-96.80547969337962, 32.786492439323965], [-96.80610536891427, 32.785936727507256], [-96.80626238804886, 32.78579246617734], [-96.80633093326182, 32.78563481218757], [-96.8063710667382, 32.78564718781243], [-96.80629961195113, 32.78581153382265], [-96.80613663108574, 32.78596127249275], [-96.80551030662036, 32.78651756067603], [-96.80516416146065, 32.786808682761226], [-96.80504700730384, 32.78690881451918], [-96.8045437356428, 32.78731503379232], [-96.80425446407804, 32.78754545355596], [-96.80413950124527, 32.787657443212034], [-96.80388337302038, 32.7879325809536], [-96.80380389132492, 32.78800703216202], [-96.80377210867508, 32.78798296783798], [-96.80385062697961, 32.78790941904639]]]}}, {"type": "Feature", "properties": {"k": "deck", "c": "motorway_link", "b": 5.6, "h": 7.1, "lk": 1}, "geometry": {"type": "Polygon", "coordinates": [[[-96.79339067734333, 32.79625224732614], [-96.7934588446791, 32.796101668733655], [-96.7935399693466, 32.79594246157372], [-96.79366086068408, 32.79576061662068], [-96.79376700087616, 32.795631003116895], [-96.79390537323496, 32.79549364820189], [-96.79410979118515, 32.79532363723343], [-96.79480303752379, 32.7948387655168], [-96.7954950449295, 32.794351760304984], [-96.79596309796047, 32.79402472325129], [-96.79601290203952, 32.79407527674871], [-96.7955449550705, 32.79440223969501], [-96.7948529624762, 32.79488923448319], [-96.79416220881484, 32.795372362766564], [-96.79396262676502, 32.79553835179811], [-96.79382899912383, 32.7956709968831], [-96.79372713931592, 32.795795383379314], [-96.79361003065341, 32.79597153842628], [-96.79353115532089, 32.79612633126635], [-96.79346532265669, 32.79627175267386], [-96.7934179048996, 32.796436726953694], [-96.7933420951004, 32.79642127304631], [-96.79339067734333, 32.79625224732614]]]}}, {"type": "Feature", "properties": {"k": "deck", "c": "motorway", "b": 5.6, "h": 7.1, "lk": 0}, "geometry": {"type": "Polygon", "coordinates": [[[-96.82025661158849, 32.78062802604321], [-96.81973098217316, 32.780797228655004], [-96.81968901782685, 32.780704771345], [-96.8202133884115, 32.780535973956795], [-96.82155776467816, 32.78007318866946], [-96.82160223532183, 32.780164811330536], [-96.82025661158849, 32.78062802604321]]]}}, {"type": "Feature", "properties": {"k": "deck", "c": "motorway_link", "b": 19.8, "h": 21.3, "lk": 1}, "geometry": {"type": "Polygon", "coordinates": [[[-96.81255887578651, 32.784466248609945], [-96.81263027138574, 32.78412938205015], [-96.81273203001595, 32.78388757936453], [-96.81316251843577, 32.783002575264206], [-96.81322230380198, 32.78290124413507], [-96.81331741383663, 32.782771732598505], [-96.81343170922393, 32.78264732257516], [-96.81358418338718, 32.78250999485198], [-96.81375206291726, 32.78238835758767], [-96.81377993708274, 32.782415642412325], [-96.81361381661281, 32.78253600514802], [-96.81346429077605, 32.782670677424846], [-96.81335258616336, 32.78279226740149], [-96.81325969619803, 32.782918755864934], [-96.81320148156422, 32.78301742473579], [-96.81277196998406, 32.78390042063546], [-96.81267172861426, 32.78413861794985], [-96.81260112421349, 32.78447175139006], [-96.8125591885764, 32.784741337628525], [-96.8125168114236, 32.78473666237148], [-96.81255887578651, 32.784466248609945]]]}}, {"type": "Feature", "properties": {"k": "pier", "b": 0.0, "h": 19.8}, "geometry": {"type": "Polygon", "coordinates": [[[-96.812606, 32.784391], [-96.812583, 32.784391], [-96.812583, 32.78441], [-96.812606, 32.78441], [-96.812606, 32.784391]]]}}, {"type": "Feature", "properties": {"k": "pier", "b": 0.0, "h": 19.8}, "geometry": {"type": "Polygon", "coordinates": [[[-96.812691, 32.784057], [-96.812668, 32.784057], [-96.812668, 32.784077], [-96.812691, 32.784077], [-96.812691, 32.784057]]]}}, {"type": "Feature", "properties": {"k": "pier", "b": 0.0, "h": 19.8}, "geometry": {"type": "Polygon", "coordinates": [[[-96.812835, 32.783737], [-96.812812, 32.783737], [-96.812812, 32.783757], [-96.812835, 32.783757], [-96.812835, 32.783737]]]}}, {"type": "Feature", "properties": {"k": "pier", "b": 0.0, "h": 19.8}, "geometry": {"type": "Polygon", "coordinates": [[[-96.812989, 32.783421], [-96.812966, 32.783421], [-96.812966, 32.783441], [-96.812989, 32.783441], [-96.812989, 32.783421]]]}}, {"type": "Feature", "properties": {"k": "pier", "b": 0.0, "h": 19.8}, "geometry": {"type": "Polygon", "coordinates": [[[-96.813143, 32.783105], [-96.813119, 32.783105], [-96.813119, 32.783124], [-96.813143, 32.783124], [-96.813143, 32.783105]]]}}, {"type": "Feature", "properties": {"k": "pier", "b": 0.0, "h": 19.8}, "geometry": {"type": "Polygon", "coordinates": [[[-96.813326, 32.7828], [-96.813303, 32.7828], [-96.813303, 32.78282], [-96.813326, 32.78282], [-96.813326, 32.7828]]]}}, {"type": "Feature", "properties": {"k": "pier", "b": 0.0, "h": 19.8}, "geometry": {"type": "Polygon", "coordinates": [[[-96.813584, 32.782537], [-96.813561, 32.782537], [-96.813561, 32.782557], [-96.813584, 32.782557], [-96.813584, 32.782537]]]}}, {"type": "Feature", "properties": {"k": "deck", "c": "motorway_link", "b": 12.13, "h": 13.63, "lk": 1}, "geometry": {"type": "Polygon", "coordinates": [[[-96.8101295932409, 32.78064414090068], [-96.8101326776828, 32.78053207284449], [-96.81015537110665, 32.78043304699503], [-96.81019503671581, 32.78034557924147], [-96.81023496328419, 32.78035842075853], [-96.81019662889335, 32.780442953004965], [-96.81017532231719, 32.78053592715552], [-96.81017240675911, 32.78064185909932], [-96.81018913101106, 32.780735318154306], [-96.81014686898895, 32.78074068184569], [-96.8101295932409, 32.78064414090068]]]}}, {"type": "Feature", "properties": {"k": "pier", "b": 0.0, "h": 12.13}, "geometry": {"type": "Polygon", "coordinates": [[[-96.810204, 32.780392], [-96.810181, 32.780392], [-96.810181, 32.780411], [-96.810204, 32.780411], [-96.810204, 32.780392]]]}}, {"type": "Feature", "properties": {"k": "deck", "c": "motorway_link", "b": 10.86, "h": 12.36, "lk": 1}, "geometry": {"type": "Polygon", "coordinates": [[[-96.81026288330041, 32.78025208525979], [-96.81034680421493, 32.78017541676998], [-96.81044752058064, 32.78011519461316], [-96.81053568752081, 32.78008370642025], [-96.81064585132937, 32.78006534578548], [-96.81065414867062, 32.780100654214515], [-96.81054831247918, 32.780118293579754], [-96.81046847941936, 32.780146805386835], [-96.81037519578507, 32.78020258323002], [-96.8102971166996, 32.78027391474021], [-96.81023320225063, 32.78036142837033], [-96.81019679774937, 32.780342571629674], [-96.81026288330041, 32.78025208525979]]]}}, {"type": "Feature", "properties": {"k": "pier", "b": 0.0, "h": 10.86}, "geometry": {"type": "Polygon", "coordinates": [[[-96.81051, 32.780107], [-96.810486, 32.780107], [-96.810486, 32.780127], [-96.81051, 32.780127], [-96.81051, 32.780107]]]}}, {"type": "Feature", "properties": {"k": "deck", "c": "motorway_link", "b": 9.57, "h": 11.07, "lk": 1}, "geometry": {"type": "Polygon", "coordinates": [[[-96.81076607446295, 32.78007016001097], [-96.81086898503249, 32.78009956303084], [-96.81095680708152, 32.78014347405536], [-96.81103021586485, 32.780200103688216], [-96.81109058806518, 32.780273778237785], [-96.8110554119348, 32.78029422176222], [-96.81099778413515, 32.78022389631178], [-96.81093119291849, 32.78017252594464], [-96.81085101496753, 32.78013243696916], [-96.81075792553705, 32.78010583998903], [-96.81064886878458, 32.780100971384], [-96.81065113121541, 32.780065028615994], [-96.81076607446295, 32.78007016001097]]]}}, {"type": "Feature", "properties": {"k": "pier", "b": 0.0, "h": 9.57}, "geometry": {"type": "Polygon", "coordinates": [[[-96.811024, 32.780201], [-96.811001, 32.780201], [-96.811001, 32.780221], [-96.811024, 32.780221], [-96.811024, 32.780201]]]}}, {"type": "Feature", "properties": {"k": "deck", "c": "motorway_link", "b": 8.27, "h": 9.77, "lk": 1}, "geometry": {"type": "Polygon", "coordinates": [[[-96.81112994031756, 32.780358723220864], [-96.81114238825441, 32.780454157403454], [-96.81113236691105, 32.780984286466776], [-96.81108963308894, 32.78098371353322], [-96.81109961174559, 32.78045584259655], [-96.81108805968245, 32.78036727677914], [-96.81105304910588, 32.78029044801391], [-96.8110929508941, 32.780277551986096], [-96.81112994031756, 32.780358723220864]]]}}, {"type": "Feature", "properties": {"k": "pier", "b": 0.0, "h": 8.27}, "geometry": {"type": "Polygon", "coordinates": [[[-96.81113, 32.78061], [-96.811106, 32.78061], [-96.811106, 32.78063], [-96.81113, 32.78063], [-96.81113, 32.78061]]]}}, {"type": "Feature", "properties": {"k": "pier", "b": 0.0, "h": 8.27}, "geometry": {"type": "Polygon", "coordinates": [[[-96.811123, 32.780952], [-96.8111, 32.780952], [-96.8111, 32.780972], [-96.811123, 32.780972], [-96.811123, 32.780952]]]}}, {"type": "Feature", "properties": {"k": "deck", "c": "motorway_link", "b": 5.71, "h": 7.21, "lk": 1}, "geometry": {"type": "Polygon", "coordinates": [[[-96.81113736660528, 32.781331681403735], [-96.81115336381404, 32.78190958057036], [-96.81111063618596, 32.78191041942965], [-96.81109463339472, 32.78133231859626], [-96.81108963194568, 32.78098421774286], [-96.81113236805432, 32.78098378225713], [-96.81113736660528, 32.781331681403735]]]}}, {"type": "Feature", "properties": {"k": "deck", "c": "motorway_link", "b": 3.19, "h": 4.69, "lk": 1}, "geometry": {"type": "Polygon", "coordinates": [[[-96.8111663673421, 32.78265973732376], [-96.8111236326579, 32.78266026267624], [-96.8111106326579, 32.78191026267624], [-96.8111533673421, 32.781909737323765], [-96.8111663673421, 32.78265973732376]]]}}, {"type": "Feature", "properties": {"k": "deck", "c": "motorway_link", "b": 1.48, "h": 2.98, "lk": 1}, "geometry": {"type": "Polygon", "coordinates": [[[-96.81122622945365, 32.78309694214988], [-96.81118377054635, 32.78310105785012], [-96.81112377054635, 32.78266205785012], [-96.81116622945365, 32.78265794214988], [-96.81122622945365, 32.78309694214988]]]}}, {"type": "Feature", "properties": {"k": "deck", "c": "motorway_link", "b": 0.0, "h": 1.23, "lk": 1}, "geometry": {"type": "Polygon", "coordinates": [[[-96.81141590883435, 32.78385328291571], [-96.81137409116566, 32.78386071708429], [-96.81118409116566, 32.78310271708429], [-96.81122590883434, 32.78309528291571], [-96.81141590883435, 32.78385328291571]]]}}, {"type": "Feature", "properties": {"k": "deck", "c": "motorway_link", "b": 0.0, "h": 0.06, "lk": 1}, "geometry": {"type": "Polygon", "coordinates": [[[-96.81142407279894, 32.783894010900234], [-96.81138192720105, 32.78389998909977], [-96.81137392720106, 32.78385998909977], [-96.81141607279895, 32.78385401090023], [-96.81142407279894, 32.783894010900234]]]}}, {"type": "Feature", "properties": {"k": "deck", "c": "motorway_link", "b": 5.6, "h": 7.1, "lk": 1}, "geometry": {"type": "Polygon", "coordinates": [[[-96.8185448669413, 32.78104452557291], [-96.8182023579409, 32.78110761933613], [-96.81779984911293, 32.7811747041408], [-96.81739712147547, 32.781231807313276], [-96.81565813007718, 32.78141780639325], [-96.81526609812992, 32.781473668451895], [-96.81485965098386, 32.78154956521627], [-96.81453614381421, 32.781610660997536], [-96.81410546787961, 32.78167275845787], [-96.81344984102721, 32.781759841719186], [-96.81312647233997, 32.78178996923663], [-96.81286667532987, 32.781796011027566], [-96.81259931779189, 32.781782944681716], [-96.81239596952558, 32.78176583121376], [-96.8121980749431, 32.7817346904419], [-96.8122059250569, 32.7816993095581], [-96.81240203047442, 32.78173016878624], [-96.81260268220811, 32.781747055318284], [-96.81286732467012, 32.78175998897244], [-96.81312352766003, 32.781754030763366], [-96.81344415897279, 32.78172415828082], [-96.8140985321204, 32.78163724154213], [-96.81452785618579, 32.781575339002465], [-96.81485034901613, 32.78151443478373], [-96.81525790187008, 32.7814383315481], [-96.81565186992283, 32.781382193606746], [-96.81739087852452, 32.78119619268672], [-96.81779215088707, 32.7811392958592], [-96.81819364205909, 32.781072380663865], [-96.8185351330587, 32.781009474427094], [-96.81882083447786, 32.78094953706643], [-96.81883116552214, 32.78098446293357], [-96.8185448669413, 32.78104452557291]]]}}, {"type": "Feature", "properties": {"k": "deck", "c": "motorway_link", "b": 5.6, "h": 7.1, "lk": 1}, "geometry": {"type": "Polygon", "coordinates": [[[-96.81273698504867, 32.782158469863326], [-96.81345430012833, 32.78205227517276], [-96.81346169987167, 32.782087724827235], [-96.81274701495133, 32.782193530136674], [-96.81205829102485, 32.78237219909731], [-96.81204570897513, 32.782337800902695], [-96.81273698504867, 32.782158469863326]]]}}, {"type": "Feature", "properties": {"k": "deck", "c": "motorway_link", "b": 5.6, "h": 7.1, "lk": 1}, "geometry": {"type": "Polygon", "coordinates": [[[-96.8125091211635, 32.782119803626436], [-96.8125028788365, 32.78208419637357], [-96.8134438788365, 32.781967196373564], [-96.8134501211635, 32.78200280362643], [-96.8125091211635, 32.782119803626436]]]}}, {"type": "Feature", "properties": {"k": "deck", "c": "motorway_link", "b": 5.6, "h": 7.1, "lk": 1}, "geometry": {"type": "Polygon", "coordinates": [[[-96.81387873697004, 32.78231669238017], [-96.81403828651081, 32.78223994703144], [-96.8141980924041, 32.78217926124918], [-96.81436087380838, 32.782131741211906], [-96.81448956606378, 32.78210438144107], [-96.81462845114164, 32.782084253168925], [-96.8148016007372, 32.78206023241578], [-96.81578175681847, 32.78193021171112], [-96.81668635587371, 32.78181626221687], [-96.81684240746895, 32.78179041927753], [-96.81703647810868, 32.78175060991554], [-96.81759401897637, 32.781613722641566], [-96.81760598102363, 32.78164827735843], [-96.81704752189133, 32.78178539008446], [-96.81685159253104, 32.78182558072247], [-96.81669364412627, 32.781851737783136], [-96.81578824318154, 32.78196578828888], [-96.81480839926282, 32.78209576758422], [-96.81463554885836, 32.78211974683108], [-96.81449843393621, 32.78213961855893], [-96.81437312619163, 32.78216625878809], [-96.8142139075959, 32.782212738750815], [-96.81405771348919, 32.78227205296855], [-96.81390126302996, 32.78234730761982], [-96.81377789859071, 32.782416948835525], [-96.81375410140929, 32.78238705116447], [-96.81387873697004, 32.78231669238017]]]}}, {"type": "Feature", "properties": {"k": "deck", "c": "motorway_link", "b": 5.6, "h": 7.1, "lk": 1}, "geometry": {"type": "Polygon", "coordinates": [[[-96.81859031461676, 32.78118491269479], [-96.81828557543442, 32.78127312666862], [-96.81790863529771, 32.78136936670352], [-96.81753306200407, 32.781446484419824], [-96.81752293799592, 32.78141151558018], [-96.81789736470229, 32.781334633296474], [-96.81827242456559, 32.781238873331375], [-96.81857568538325, 32.78115108730521], [-96.81886832205478, 32.78105620510796], [-96.81888367794522, 32.78108979489204], [-96.81859031461676, 32.78118491269479]]]}}, {"type": "Feature", "properties": {"k": "deck", "c": "motorway_link", "b": 5.6, "h": 7.1, "lk": 1}, "geometry": {"type": "Polygon", "coordinates": [[[-96.81717244576782, 32.78154377388327], [-96.81754883241143, 32.781475884515196], [-96.81756516758855, 32.78154011548481], [-96.81718755423216, 32.78160822611673], [-96.81675993696832, 32.78167332007961], [-96.81674606303169, 32.78160867992039], [-96.81717244576782, 32.78154377388327]]]}}, {"type": "Feature", "properties": {"k": "deck", "c": "motorway_link", "b": 5.6, "h": 7.1, "lk": 1}, "geometry": {"type": "Polygon", "coordinates": [[[-96.80879521795846, 32.7833969327197], [-96.80888704329028, 32.783322647058], [-96.80908175088528, 32.783205822500996], [-96.80918751682238, 32.78316064093564], [-96.8093846061903, 32.78307835104491], [-96.80957409204862, 32.78303021139442], [-96.80968311243544, 32.78300964151011], [-96.80980982828207, 32.78299521856822], [-96.80993952515097, 32.782992130547534], [-96.81002607613384, 32.78299615617464], [-96.81008843241504, 32.78299615617464], [-96.81031692009576, 32.783010310278755], [-96.8104780880869, 32.78302776158989], [-96.81065904692066, 32.78307300129834], [-96.81070392461194, 32.78308865630692], [-96.81067407538805, 32.783149343693076], [-96.81063295307935, 32.78313499870166], [-96.8104619119131, 32.783092238410106], [-96.81030907990423, 32.783075689721244], [-96.81008556758495, 32.78306184382536], [-96.81002392386615, 32.78306184382536], [-96.80993847484903, 32.78305786945247], [-96.80981617171794, 32.783060781431786], [-96.80969688756457, 32.78307435848989], [-96.80959390795138, 32.78309378860558], [-96.80941339380969, 32.7831396489551], [-96.80922248317763, 32.783219359064354], [-96.80912224911471, 32.783262177499005], [-96.80893695670973, 32.78337335294199], [-96.80885078204155, 32.7834430672803], [-96.80839250564316, 32.78385641462002], [-96.80833549435684, 32.78381158537998], [-96.80879521795846, 32.7833969327197]]]}}, {"type": "Feature", "properties": {"k": "deck", "c": "motorway", "b": 19.8, "h": 21.3, "lk": 0}, "geometry": {"type": "Polygon", "coordinates": [[[-96.81751088642433, 32.78137318352983], [-96.8169164647693, 32.78145938970577], [-96.81250656995407, 32.78206837518025], [-96.81207288762488, 32.78213332760283], [-96.81103019532799, 32.782292280695074], [-96.81068949348756, 32.782348068130936], [-96.81044622520977, 32.78239970058172], [-96.8102281543079, 32.78245322707582], [-96.81002436921608, 32.7825158537138], [-96.80999763078393, 32.782454146286206], [-96.8102038456921, 32.782390772924174], [-96.81042577479022, 32.782336299418276], [-96.81067250651245, 32.78228393186907], [-96.81101580467202, 32.78222771930493], [-96.81205911237512, 32.782068672397166], [-96.81249343004593, 32.782003624819744], [-96.81690353523068, 32.78139461029423], [-96.81749511357567, 32.781308816470165], [-96.81823786285564, 32.78115807031254], [-96.81825613714436, 32.78122192968746], [-96.81751088642433, 32.78137318352983]]]}}, {"type": "Feature", "properties": {"k": "pier", "b": 0.0, "h": 19.8}, "geometry": {"type": "Polygon", "coordinates": [[[-96.817864, 32.78126], [-96.817841, 32.78126], [-96.817841, 32.78128], [-96.817864, 32.78128], [-96.817864, 32.78126]]]}}, {"type": "Feature", "properties": {"k": "pier", "b": 0.0, "h": 19.8}, "geometry": {"type": "Polygon", "coordinates": [[[-96.817469, 32.781338], [-96.817445, 32.781338], [-96.817445, 32.781358], [-96.817469, 32.781358], [-96.817469, 32.781338]]]}}, {"type": "Feature", "properties": {"k": "pier", "b": 0.0, "h": 19.8}, "geometry": {"type": "Polygon", "coordinates": [[[-96.817069, 32.781396], [-96.817045, 32.781396], [-96.817045, 32.781416], [-96.817069, 32.781416], [-96.817069, 32.781396]]]}}, {"type": "Feature", "properties": {"k": "pier", "b": 0.0, "h": 19.8}, "geometry": {"type": "Polygon", "coordinates": [[[-96.816668, 32.781452], [-96.816645, 32.781452], [-96.816645, 32.781472], [-96.816668, 32.781472], [-96.816668, 32.781452]]]}}, {"type": "Feature", "properties": {"k": "pier", "b": 0.0, "h": 19.8}, "geometry": {"type": "Polygon", "coordinates": [[[-96.816267, 32.781507], [-96.816244, 32.781507], [-96.816244, 32.781527], [-96.816267, 32.781527], [-96.816267, 32.781507]]]}}, {"type": "Feature", "properties": {"k": "pier", "b": 0.0, "h": 19.8}, "geometry": {"type": "Polygon", "coordinates": [[[-96.815867, 32.781563], [-96.815843, 32.781563], [-96.815843, 32.781583], [-96.815867, 32.781583], [-96.815867, 32.781563]]]}}, {"type": "Feature", "properties": {"k": "pier", "b": 0.0, "h": 19.8}, "geometry": {"type": "Polygon", "coordinates": [[[-96.815466, 32.781618], [-96.815443, 32.781618], [-96.815443, 32.781638], [-96.815466, 32.781638], [-96.815466, 32.781618]]]}}, {"type": "Feature", "properties": {"k": "pier", "b": 0.0, "h": 19.8}, "geometry": {"type": "Polygon", "coordinates": [[[-96.815065, 32.781673], [-96.815042, 32.781673], [-96.815042, 32.781693], [-96.815065, 32.781693], [-96.815065, 32.781673]]]}}, {"type": "Feature", "properties": {"k": "pier", "b": 0.0, "h": 19.8}, "geometry": {"type": "Polygon", "coordinates": [[[-96.814665, 32.781729], [-96.814641, 32.781729], [-96.814641, 32.781749], [-96.814665, 32.781749], [-96.814665, 32.781729]]]}}, {"type": "Feature", "properties": {"k": "pier", "b": 0.0, "h": 19.8}, "geometry": {"type": "Polygon", "coordinates": [[[-96.814264, 32.781784], [-96.814241, 32.781784], [-96.814241, 32.781804], [-96.814264, 32.781804], [-96.814264, 32.781784]]]}}, {"type": "Feature", "properties": {"k": "pier", "b": 0.0, "h": 19.8}, "geometry": {"type": "Polygon", "coordinates": [[[-96.813863, 32.781839], [-96.81384, 32.781839], [-96.81384, 32.781859], [-96.813863, 32.781859], [-96.813863, 32.781839]]]}}, {"type": "Feature", "properties": {"k": "pier", "b": 0.0, "h": 19.8}, "geometry": {"type": "Polygon", "coordinates": [[[-96.813463, 32.781895], [-96.813439, 32.781895], [-96.813439, 32.781915], [-96.813463, 32.781915], [-96.813463, 32.781895]]]}}, {"type": "Feature", "properties": {"k": "pier", "b": 0.0, "h": 19.8}, "geometry": {"type": "Polygon", "coordinates": [[[-96.813062, 32.78195], [-96.813039, 32.78195], [-96.813039, 32.78197], [-96.813062, 32.78197], [-96.813062, 32.78195]]]}}, {"type": "Feature", "properties": {"k": "pier", "b": 0.0, "h": 19.8}, "geometry": {"type": "Polygon", "coordinates": [[[-96.812661, 32.782005], [-96.812638, 32.782005], [-96.812638, 32.782025], [-96.812661, 32.782025], [-96.812661, 32.782005]]]}}, {"type": "Feature", "properties": {"k": "pier", "b": 0.0, "h": 19.8}, "geometry": {"type": "Polygon", "coordinates": [[[-96.812261, 32.782064], [-96.812238, 32.782064], [-96.812238, 32.782083], [-96.812261, 32.782083], [-96.812261, 32.782064]]]}}, {"type": "Feature", "properties": {"k": "pier", "b": 0.0, "h": 19.8}, "geometry": {"type": "Polygon", "coordinates": [[[-96.811862, 32.782124], [-96.811838, 32.782124], [-96.811838, 32.782144], [-96.811862, 32.782144], [-96.811862, 32.782124]]]}}, {"type": "Feature", "properties": {"k": "pier", "b": 0.0, "h": 19.8}, "geometry": {"type": "Polygon", "coordinates": [[[-96.811462, 32.782185], [-96.811439, 32.782185], [-96.811439, 32.782205], [-96.811462, 32.782205], [-96.811462, 32.782185]]]}}, {"type": "Feature", "properties": {"k": "pier", "b": 0.0, "h": 19.8}, "geometry": {"type": "Polygon", "coordinates": [[[-96.811063, 32.782246], [-96.811039, 32.782246], [-96.811039, 32.782266], [-96.811063, 32.782266], [-96.811063, 32.782246]]]}}, {"type": "Feature", "properties": {"k": "pier", "b": 0.0, "h": 19.8}, "geometry": {"type": "Polygon", "coordinates": [[[-96.810664, 32.782312], [-96.810641, 32.782312], [-96.810641, 32.782332], [-96.810664, 32.782332], [-96.810664, 32.782312]]]}}, {"type": "Feature", "properties": {"k": "pier", "b": 0.0, "h": 19.8}, "geometry": {"type": "Polygon", "coordinates": [[[-96.810272, 32.782401], [-96.810249, 32.782401], [-96.810249, 32.782421], [-96.810272, 32.782421], [-96.810272, 32.782401]]]}}, {"type": "Feature", "properties": {"k": "deck", "c": "motorway_link", "b": 2.05, "h": 3.55, "lk": 1}, "geometry": {"type": "Polygon", "coordinates": [[[-96.7997880414749, 32.79140668980725], [-96.7998139585251, 32.791435310192746], [-96.79958195852511, 32.791584310192746], [-96.7995560414749, 32.791555689807254], [-96.7997880414749, 32.79140668980725]]]}}, {"type": "Feature", "properties": {"k": "deck", "c": "motorway_link", "b": 5.6, "h": 7.1, "lk": 1}, "geometry": {"type": "Polygon", "coordinates": [[[-96.78082107208701, 32.778077308599244], [-96.78090700874728, 32.77817904970277], [-96.78097793068663, 32.778251941696006], [-96.78106561243212, 32.77833863825333], [-96.78115379394092, 32.778412122844], [-96.78125184798044, 32.77848664391404], [-96.78135287163491, 32.77855075507939], [-96.78146915769953, 32.77860988358682], [-96.78142884230046, 32.778666116413184], [-96.78130912836508, 32.77860524492062], [-96.78120215201956, 32.778537356085955], [-96.78110020605908, 32.778459877155996], [-96.78100838756788, 32.77838336174666], [-96.78091806931336, 32.77829405830399], [-96.78084499125274, 32.77821895029723], [-96.78075692791299, 32.77811469140075], [-96.78055764605608, 32.77786533872552], [-96.78062235394393, 32.777828661274484], [-96.78082107208701, 32.778077308599244]]]}}, {"type": "Feature", "properties": {"k": "deck", "c": "motorway", "b": 5.6, "h": 7.1, "lk": 0}, "geometry": {"type": "Polygon", "coordinates": [[[-96.81463037295867, 32.79406604371507], [-96.81436562704133, 32.79412395628493], [-96.81420462704132, 32.79360195628493], [-96.81446937295867, 32.79354404371507], [-96.81463037295867, 32.79406604371507]]]}}, {"type": "Feature", "properties": {"k": "deck", "c": "motorway", "b": 5.6, "h": 7.1, "lk": 0}, "geometry": {"type": "Polygon", "coordinates": [[[-96.81492146676834, 32.794930062649975], [-96.81481337229711, 32.794555735499564], [-96.81467653005896, 32.794140214542914], [-96.81460028863424, 32.79388942038262], [-96.81478971136576, 32.79384857961738], [-96.81486546994103, 32.79409778545709], [-96.8150026277029, 32.79451426450044], [-96.81511053323166, 32.79488793735002], [-96.81521499301849, 32.79519534757981], [-96.81502700698152, 32.79524065242018], [-96.81492146676834, 32.794930062649975]]]}}, {"type": "Feature", "properties": {"k": "deck", "c": "motorway_link", "b": 5.6, "h": 7.1, "lk": 1}, "geometry": {"type": "Polygon", "coordinates": [[[-96.81247380032744, 32.78587745987449], [-96.81244959657612, 32.7856344138716], [-96.81246666322693, 32.7852539279506], [-96.81251670118147, 32.784737536259776], [-96.81255929881854, 32.78474046374023], [-96.81250933677308, 32.7852560720494], [-96.81249240342389, 32.785633586128405], [-96.81251619967256, 32.7858725401255], [-96.81260398437979, 32.786256598219616], [-96.81256201562022, 32.78626340178038], [-96.81247380032744, 32.78587745987449]]]}}, {"type": "Feature", "properties": {"k": "deck", "c": "motorway_link", "b": 12.7, "h": 14.2, "lk": 1}, "geometry": {"type": "Polygon", "coordinates": [[[-96.81184200827353, 32.781653278059174], [-96.81138963829501, 32.78153418065333], [-96.81095024385355, 32.78141907732584], [-96.8107612683741, 32.781362485738406], [-96.81059409055563, 32.78128603246776], [-96.81046672827782, 32.78119942611886], [-96.81035561152491, 32.78110665892147], [-96.81028778972738, 32.781025478285045], [-96.81023172055757, 32.78093780649225], [-96.81018288718528, 32.78084115710958], [-96.810147553535, 32.78074323242167], [-96.810188446465, 32.78073276757833], [-96.81022311281473, 32.78082884289043], [-96.81027027944242, 32.78092219350775], [-96.81032421027261, 32.78100652171496], [-96.81038838847509, 32.78108334107853], [-96.81049527172217, 32.781172573881136], [-96.81061790944439, 32.78125596753223], [-96.81077873162592, 32.78132951426159], [-96.81096375614645, 32.78138492267416], [-96.81140236170499, 32.78149981934667], [-96.81185399172647, 32.78161872194082], [-96.81220760297444, 32.78169963298909], [-96.81219639702556, 32.78173436701091], [-96.81184200827353, 32.781653278059174]]]}}, {"type": "Feature", "properties": {"k": "pier", "b": 0.0, "h": 12.7}, "geometry": {"type": "Polygon", "coordinates": [[[-96.811822, 32.781616], [-96.811799, 32.781616], [-96.811799, 32.781636], [-96.811822, 32.781636], [-96.811822, 32.781616]]]}}, {"type": "Feature", "properties": {"k": "pier", "b": 0.0, "h": 12.7}, "geometry": {"type": "Polygon", "coordinates": [[[-96.811435, 32.781514], [-96.811411, 32.781514], [-96.811411, 32.781534], [-96.811435, 32.781534], [-96.811435, 32.781514]]]}}, {"type": "Feature", "properties": {"k": "pier", "b": 0.0, "h": 12.7}, "geometry": {"type": "Polygon", "coordinates": [[[-96.811047, 32.781413], [-96.811024, 32.781413], [-96.811024, 32.781432], [-96.811047, 32.781432], [-96.811047, 32.781413]]]}}, {"type": "Feature", "properties": {"k": "pier", "b": 0.0, "h": 12.7}, "geometry": {"type": "Polygon", "coordinates": [[[-96.810671, 32.781286], [-96.810648, 32.781286], [-96.810648, 32.781305], [-96.810671, 32.781305], [-96.810671, 32.781286]]]}}, {"type": "Feature", "properties": {"k": "pier", "b": 0.0, "h": 12.7}, "geometry": {"type": "Polygon", "coordinates": [[[-96.810366, 32.781064], [-96.810343, 32.781064], [-96.810343, 32.781084], [-96.810366, 32.781084], [-96.810366, 32.781064]]]}}, {"type": "Feature", "properties": {"k": "pier", "b": 0.0, "h": 12.7}, "geometry": {"type": "Polygon", "coordinates": [[[-96.81019, 32.780758], [-96.810167, 32.780758], [-96.810167, 32.780778], [-96.81019, 32.780778], [-96.81019, 32.780758]]]}}, {"type": "Feature", "properties": {"k": "deck", "c": "motorway_link", "b": 4.46, "h": 5.96, "lk": 1}, "geometry": {"type": "Polygon", "coordinates": [[[-96.81211880672394, 32.782990892779566], [-96.81209667416076, 32.78270015138128], [-96.81213932583924, 32.782697848618724], [-96.81216119327605, 32.78298510722044], [-96.81223066592851, 32.783207419708305], [-96.81218933407148, 32.78321658029169], [-96.81211880672394, 32.782990892779566]]]}}, {"type": "Feature", "properties": {"k": "deck", "c": "motorway_link", "b": 2.63, "h": 4.13, "lk": 1}, "geometry": {"type": "Polygon", "coordinates": [[[-96.81207966245844, 32.78243898569144], [-96.81212233754155, 32.782437014308556], [-96.81213933754155, 32.78269801430856], [-96.81209666245844, 32.782699985691444], [-96.81207966245844, 32.78243898569144]]]}}, {"type": "Feature", "properties": {"k": "deck", "c": "motorway_link", "b": 1.02, "h": 2.52, "lk": 1}, "geometry": {"type": "Polygon", "coordinates": [[[-96.81203969134828, 32.78199435845152], [-96.81208230865172, 32.78199164154848], [-96.81212230865172, 32.78243664154848], [-96.81207969134827, 32.78243935845152], [-96.81203969134828, 32.78199435845152]]]}}, {"type": "Feature", "properties": {"k": "deck", "c": "motorway_link", "b": 0.0, "h": 0.75, "lk": 1}, "geometry": {"type": "Polygon", "coordinates": [[[-96.81204563290142, 32.78166372363115], [-96.81208836709858, 32.78166427636885], [-96.81208236709858, 32.78199327636885], [-96.81203963290142, 32.78199272363115], [-96.81204563290142, 32.78166372363115]]]}}, {"type": "Feature", "properties": {"k": "deck", "c": "motorway_link", "b": 5.6, "h": 7.1, "lk": 1}, "geometry": {"type": "Polygon", "coordinates": [[[-96.78537749453238, 32.78205293214034], [-96.78530850546761, 32.78213306785967], [-96.78353150546761, 32.781048067859665], [-96.78360049453238, 32.780967932140335], [-96.78537749453238, 32.78205293214034]]]}}, {"type": "Feature", "properties": {"k": "deck", "c": "motorway_link", "b": 5.6, "h": 7.1, "lk": 1}, "geometry": {"type": "Polygon", "coordinates": [[[-96.78474512509445, 32.78097063818828], [-96.78442914655969, 32.780804068034165], [-96.78419291358753, 32.78066009772496], [-96.78401336446646, 32.78053400985903], [-96.78408863553355, 32.78045799014097], [-96.78426508641246, 32.78058190227503], [-96.78449485344032, 32.780721931965836], [-96.78480487490555, 32.78088536181173], [-96.78522052831241, 32.7810797321099], [-96.78516347168758, 32.7811662678901], [-96.78474512509445, 32.78097063818828]]]}}, {"type": "Feature", "properties": {"k": "deck", "c": "motorway_link", "b": 5.6, "h": 7.1, "lk": 1}, "geometry": {"type": "Polygon", "coordinates": [[[-96.7838510337149, 32.78026774408156], [-96.7838869662851, 32.780248255918444], [-96.7840689662851, 32.78048625591844], [-96.7840330337149, 32.78050574408156], [-96.7838510337149, 32.78026774408156]]]}}, {"type": "Feature", "properties": {"k": "deck", "c": "motorway_link", "b": 0.0, "h": 0.68, "lk": 1}, "geometry": {"type": "Polygon", "coordinates": [[[-96.7829201875232, 32.777355782826355], [-96.78289581247681, 32.777326217173645], [-96.7831968124768, 32.77715021717364], [-96.7832211875232, 32.77717978282635], [-96.7829201875232, 32.777355782826355]]]}}, {"type": "Feature", "properties": {"k": "deck", "c": "motorway_link", "b": 0.62, "h": 2.12, "lk": 1}, "geometry": {"type": "Polygon", "coordinates": [[[-96.78272425861664, 32.777441667040186], [-96.78254555007962, 32.777490130372264], [-96.78253244992038, 32.77745586962774], [-96.78270774138335, 32.777408332959816], [-96.78289814856075, 32.77732502981971], [-96.78291785143927, 32.77735697018029], [-96.78272425861664, 32.777441667040186]]]}}, {"type": "Feature", "properties": {"k": "deck", "c": "motorway_link", "b": 2.06, "h": 3.56, "lk": 1}, "geometry": {"type": "Polygon", "coordinates": [[[-96.78233164074896, 32.777522886445084], [-96.78217446050787, 32.77753195453591], [-96.78217153949213, 32.77749604546408], [-96.78232635925104, 32.77748711355491], [-96.78253519514645, 32.777455290942285], [-96.78254280485355, 32.777490709057716], [-96.78233164074896, 32.777522886445084]]]}}, {"type": "Feature", "properties": {"k": "deck", "c": "motorway_link", "b": 3.33, "h": 4.83, "lk": 1}, "geometry": {"type": "Polygon", "coordinates": [[[-96.78201635208413, 32.777528969473686], [-96.78182620480071, 32.77750784199775], [-96.7818317951993, 32.77747215800225], [-96.78201964791586, 32.77749303052631], [-96.78217349099556, 32.7774960081343], [-96.78217250900444, 32.77753199186569], [-96.78201635208413, 32.777528969473686]]]}}, {"type": "Feature", "properties": {"k": "deck", "c": "motorway_link", "b": 4.81, "h": 6.31, "lk": 1}, "geometry": {"type": "Polygon", "coordinates": [[[-96.78160485786582, 32.77745399378762], [-96.78141171584646, 32.77738558932243], [-96.78142828415353, 32.77735241067757], [-96.78161914213418, 32.77742000621238], [-96.78183495226519, 32.77747271559922], [-96.78182304773482, 32.777507284400784], [-96.78160485786582, 32.77745399378762]]]}}, {"type": "Feature", "properties": {"k": "deck", "c": "secondary", "b": 5.6, "h": 7.1, "lk": 0}, "geometry": {"type": "Polygon", "coordinates": [[[-96.80566211565565, 32.80276604445014], [-96.80561488323761, 32.80288364353181], [-96.80558444768255, 32.80298967707846], [-96.80547955231745, 32.802968322921544], [-96.8055111167624, 32.8028583564682], [-96.80556188434434, 32.80273195554986], [-96.80564121500421, 32.802590584245735], [-96.80573878499578, 32.80262941575427], [-96.80566211565565, 32.80276604445014]]]}}, {"type": "Feature", "properties": {"k": "deck", "c": "secondary", "b": 5.6, "h": 7.1, "lk": 0}, "geometry": {"type": "Polygon", "coordinates": [[[-96.80566749923652, 32.80286477601775], [-96.80575119185426, 32.80266209871459], [-96.80581880814574, 32.80268190128541], [-96.80573650076347, 32.80288122398225], [-96.8056869547395, 32.80307048979382], [-96.80561704526049, 32.80305751020618], [-96.80566749923652, 32.80286477601775]]]}}, {"type": "Feature", "properties": {"k": "deck", "c": "residential", "b": 5.6, "h": 7.1, "lk": 0}, "geometry": {"type": "Polygon", "coordinates": [[[-96.80780490075462, 32.80249742928824], [-96.8077450992454, 32.80253057071177], [-96.80740909924539, 32.802100570711765], [-96.80746890075461, 32.802067429288236], [-96.80780490075462, 32.80249742928824]]]}}, {"type": "Feature", "properties": {"k": "deck", "c": "motorway", "b": 5.6, "h": 7.1, "lk": 0}, "geometry": {"type": "Polygon", "coordinates": [[[-96.81975999528173, 32.780863778525564], [-96.8202831815705, 32.780696039410074], [-96.82354028363532, 32.7795463563608], [-96.82358571636466, 32.779637643639205], [-96.8203268184295, 32.78078796058992], [-96.81980200471828, 32.78095622147443], [-96.81923110078769, 32.78114119034862], [-96.8191888992123, 32.78104880965138], [-96.81975999528173, 32.780863778525564]]]}}, {"type": "Feature", "properties": {"k": "deck", "c": "motorway", "b": 5.6, "h": 7.1, "lk": 0}, "geometry": {"type": "Polygon", "coordinates": [[[-96.8045523164528, 32.78691014273214], [-96.80444368354719, 32.786815857267854], [-96.8048866835472, 32.78645385726786], [-96.8049953164528, 32.786548142732144], [-96.8045523164528, 32.78691014273214]]]}}, {"type": "Feature", "properties": {"k": "deck", "c": "motorway", "b": 5.6, "h": 7.1, "lk": 0}, "geometry": {"type": "Polygon", "coordinates": [[[-96.8073414551754, 32.78471971524559], [-96.80794797478129, 32.78415110311508], [-96.80806402521873, 32.784238896884915], [-96.80745454482461, 32.78481028475441], [-96.80640597328227, 32.785687599626506], [-96.80629602671775, 32.78559440037349], [-96.8073414551754, 32.78471971524559]]]}}, {"type": "Feature", "properties": {"k": "deck", "c": "motorway_link", "b": 0.0, "h": 0.89, "lk": 1}, "geometry": {"type": "Polygon", "coordinates": [[[-96.81748862949996, 32.798141250732144], [-96.81744337050003, 32.79819474926785], [-96.81726337050003, 32.79808674926785], [-96.81730862949996, 32.798033250732146], [-96.81748862949996, 32.798141250732144]]]}}, {"type": "Feature", "properties": {"k": "deck", "c": "motorway_link", "b": 2.94, "h": 4.44, "lk": 1}, "geometry": {"type": "Polygon", "coordinates": [[[-96.81802024754153, 32.79847362929977], [-96.81797375245849, 32.79852637070022], [-96.81744275245848, 32.79819437070022], [-96.81748924754152, 32.79814162929977], [-96.81802024754153, 32.79847362929977]]]}}, {"type": "Feature", "properties": {"k": "deck", "c": "residential", "b": 5.6, "h": 7.1, "lk": 0}, "geometry": {"type": "Polygon", "coordinates": [[[-96.78111261189538, 32.76951262267928], [-96.78105138810461, 32.76948137732072], [-96.78118738810461, 32.769292377320724], [-96.78124861189538, 32.76932362267928], [-96.78111261189538, 32.76951262267928]]]}}, {"type": "Feature", "properties": {"k": "deck", "c": "secondary", "b": 5.6, "h": 7.1, "lk": 0}, "geometry": {"type": "Polygon", "coordinates": [[[-96.79104488104464, 32.77386830867071], [-96.79103605272937, 32.77385359481193], [-96.79109994727062, 32.77382640518807], [-96.79110911895536, 32.77384169132929], [-96.79113828337489, 32.77389298048088], [-96.7910737166251, 32.77391901951911], [-96.79104488104464, 32.77386830867071]]]}}, {"type": "Feature", "properties": {"k": "deck", "c": "secondary", "b": 5.6, "h": 7.1, "lk": 0}, "geometry": {"type": "Polygon", "coordinates": [[[-96.7925025114068, 32.774044375338384], [-96.79255579894229, 32.774020586260036], [-96.79264112892393, 32.77398344262097], [-96.79270687107608, 32.77409055737903], [-96.79262220105772, 32.77412741373996], [-96.79256348859322, 32.774153624661615], [-96.79241930734034, 32.774203730203396], [-96.79236469265967, 32.7740922697966], [-96.7925025114068, 32.774044375338384]]]}}, {"type": "Feature", "properties": {"k": "deck", "c": "secondary", "b": 5.6, "h": 7.1, "lk": 0}, "geometry": {"type": "Polygon", "coordinates": [[[-96.79278901679855, 32.77404970562121], [-96.79330790300078, 32.77449160870673], [-96.79320609699921, 32.77457639129327], [-96.79268698320145, 32.7741342943788], [-96.79262286992518, 32.774079197031995], [-96.79272513007483, 32.773994802968005], [-96.79278901679855, 32.77404970562121]]]}}, {"type": "Feature", "properties": {"k": "deck", "c": "motorway_link", "b": 4.93, "h": 6.43, "lk": 1}, "geometry": {"type": "Polygon", "coordinates": [[[-96.8049790800987, 32.76945853252098], [-96.8053285713239, 32.769516781058506], [-96.80531342867611, 32.76958121894149], [-96.8049669199013, 32.769523467479026], [-96.80464642957382, 32.769491617508585], [-96.80465557042619, 32.76942638249141], [-96.8049790800987, 32.76945853252098]]]}}, {"type": "Feature", "properties": {"k": "deck", "c": "motorway_link", "b": 3.44, "h": 4.94, "lk": 1}, "geometry": {"type": "Polygon", "coordinates": [[[-96.80566656960251, 32.76960616457932], [-96.80613936299673, 32.7697768118766], [-96.80610863700326, 32.7698371881234], [-96.8056394303975, 32.769667835420684], [-96.8053092915526, 32.7695803287389], [-96.80533270844741, 32.7695176712611], [-96.80566656960251, 32.76960616457932]]]}}, {"type": "Feature", "properties": {"k": "deck", "c": "motorway_link", "b": 1.25, "h": 2.75, "lk": 1}, "geometry": {"type": "Polygon", "coordinates": [[[-96.80728765534248, 32.770267714484284], [-96.80725234465753, 32.770326285515715], [-96.80610634465752, 32.769836285515716], [-96.80614165534247, 32.769777714484285], [-96.80728765534248, 32.770267714484284]]]}}, {"type": "Feature", "properties": {"k": "deck", "c": "motorway_link", "b": 0.0, "h": 0.63, "lk": 1}, "geometry": {"type": "Polygon", "coordinates": [[[-96.80775172736544, 32.77049266673051], [-96.80792699377544, 32.77058080069668], [-96.80788700622456, 32.77063719930332], [-96.80771227263456, 32.77054933326949], [-96.80725054154193, 32.770325463648824], [-96.80728945845807, 32.770268536351175], [-96.80775172736544, 32.77049266673051]]]}}, {"type": "Feature", "properties": {"k": "deck", "c": "motorway_link", "b": 2.75, "h": 4.25, "lk": 1}, "geometry": {"type": "Polygon", "coordinates": [[[-96.81433569306256, 32.78191558849856], [-96.81434830693743, 32.781980411501436], [-96.81346430693743, 32.782102411501434], [-96.81345169306256, 32.78203758849856], [-96.81433569306256, 32.78191558849856]]]}}, {"type": "Feature", "properties": {"k": "deck", "c": "motorway_link", "b": 0.0, "h": 0.85, "lk": 1}, "geometry": {"type": "Polygon", "coordinates": [[[-96.81436995187228, 32.78190969087263], [-96.81455168805613, 32.78188458918978], [-96.81456431194388, 32.78194941081022], [-96.8143840481277, 32.78197430912737], [-96.81434977915539, 32.78198018380834], [-96.8143342208446, 32.78191581619166], [-96.81436995187228, 32.78190969087263]]]}}, {"type": "Feature", "properties": {"k": "deck", "c": "motorway_link", "b": 5.6, "h": 7.1, "lk": 1}, "geometry": {"type": "Polygon", "coordinates": [[[-96.81836852880475, 32.79868119051721], [-96.81832347119526, 32.79873480948279], [-96.81797447119526, 32.79852680948279], [-96.81801952880475, 32.79847319051721], [-96.81836852880475, 32.79868119051721]]]}}, {"type": "Feature", "properties": {"k": "deck", "c": "motorway_link", "b": 0.0, "h": 0.91, "lk": 1}, "geometry": {"type": "Polygon", "coordinates": [[[-96.79327600324166, 32.79703339323802], [-96.79335399675836, 32.79703260676198], [-96.79335699675835, 32.79724360676198], [-96.79327900324165, 32.79724439323802], [-96.79327600324166, 32.79703339323802]]]}}, {"type": "Feature", "properties": {"k": "deck", "c": "motorway_link", "b": 1.27, "h": 2.77, "lk": 1}, "geometry": {"type": "Polygon", "coordinates": [[[-96.79328000510151, 32.79681449254273], [-96.79335799489849, 32.796815507457275], [-96.7933539948985, 32.79703350745727], [-96.79327600510152, 32.797032492542726], [-96.79328000510151, 32.79681449254273]]]}}, {"type": "Feature", "properties": {"k": "deck", "c": "motorway_link", "b": 3.17, "h": 4.67, "lk": 1}, "geometry": {"type": "Polygon", "coordinates": [[[-96.79330416548594, 32.796592981625004], [-96.79338183451405, 32.796599018375], [-96.79335783451405, 32.796818018375], [-96.79328016548594, 32.796811981625005], [-96.79330416548594, 32.796592981625004]]]}}, {"type": "Feature", "properties": {"k": "deck", "c": "motorway_link", "b": 4.86, "h": 6.36, "lk": 1}, "geometry": {"type": "Polygon", "coordinates": [[[-96.79334166209209, 32.796422975765694], [-96.79341833790791, 32.79643502423431], [-96.7933813379079, 32.79660202423431], [-96.79330466209208, 32.79658997576569], [-96.79334166209209, 32.796422975765694]]]}}, {"type": "Feature", "properties": {"k": "deck", "c": "tertiary", "b": 5.6, "h": 7.1, "lk": 0}, "geometry": {"type": "Polygon", "coordinates": [[[-96.7931621536361, 32.79887455364796], [-96.7931118463639, 32.798917446352036], [-96.7927788463639, 32.79864044635204], [-96.7928291536361, 32.798597553647966], [-96.7931621536361, 32.79887455364796]]]}}, {"type": "Feature", "properties": {"k": "deck", "c": "secondary_link", "b": 2.05, "h": 3.55, "lk": 1}, "geometry": {"type": "Polygon", "coordinates": [[[-96.79275281527433, 32.79918607251151], [-96.79271118472568, 32.79917792748849], [-96.79273518472567, 32.79909092748849], [-96.79277681527432, 32.79909907251151], [-96.79275281527433, 32.79918607251151]]]}}, {"type": "Feature", "properties": {"k": "deck", "c": "secondary_link", "b": 2.05, "h": 3.55, "lk": 1}, "geometry": {"type": "Polygon", "coordinates": [[[-96.79339445059114, 32.79842265507271], [-96.79342554940885, 32.79844734492728], [-96.79335054940886, 32.798514344927284], [-96.79331945059114, 32.798489655072714], [-96.79339445059114, 32.79842265507271]]]}}, {"type": "Feature", "properties": {"k": "deck", "c": "secondary_link", "b": 2.05, "h": 3.55, "lk": 1}, "geometry": {"type": "Polygon", "coordinates": [[[-96.7927466948071, 32.798241015908374], [-96.7927073051929, 32.79825498409163], [-96.7926413051929, 32.79812298409163], [-96.79268069480709, 32.79810901590837], [-96.7927466948071, 32.798241015908374]]]}}, {"type": "Feature", "properties": {"k": "deck", "c": "secondary_link", "b": 2.05, "h": 3.55, "lk": 1}, "geometry": {"type": "Polygon", "coordinates": [[[-96.7933575837769, 32.799298128915105], [-96.7933944162231, 32.7992798710849], [-96.7934594162231, 32.7993728710849], [-96.7934225837769, 32.799391128915104], [-96.7933575837769, 32.799298128915105]]]}}, {"type": "Feature", "properties": {"k": "deck", "c": "residential", "b": 5.6, "h": 7.1, "lk": 0}, "geometry": {"type": "Polygon", "coordinates": [[[-96.80958079609306, 32.80134210189661], [-96.80952920390695, 32.801383898103396], [-96.80925620390694, 32.801144898103395], [-96.80930779609305, 32.80110310189661], [-96.80958079609306, 32.80134210189661]]]}}, {"type": "Feature", "properties": {"k": "deck", "c": "secondary", "b": 5.6, "h": 7.1, "lk": 0}, "geometry": {"type": "Polygon", "coordinates": [[[-96.8193480447636, 32.79841879577822], [-96.8194079552364, 32.79834320422178], [-96.8198829552364, 32.79861020422178], [-96.8198230447636, 32.79868579577822], [-96.8193480447636, 32.79841879577822]]]}}, {"type": "Feature", "properties": {"k": "deck", "c": "secondary", "b": 5.6, "h": 7.1, "lk": 0}, "geometry": {"type": "Polygon", "coordinates": [[[-96.8189187342894, 32.79822281297208], [-96.8190412657106, 32.79828518702792], [-96.8186852657106, 32.79878118702792], [-96.8185627342894, 32.798718812972076], [-96.8189187342894, 32.79822281297208]]]}}, {"type": "Feature", "properties": {"k": "deck", "c": "secondary", "b": 5.6, "h": 7.1, "lk": 0}, "geometry": {"type": "Polygon", "coordinates": [[[-96.81852494645206, 32.79869682610932], [-96.81843305354793, 32.79864917389068], [-96.81879205354794, 32.79815817389068], [-96.81888394645206, 32.79820582610932], [-96.81852494645206, 32.79869682610932]]]}}, {"type": "Feature", "properties": {"k": "deck", "c": "motorway_link", "b": 2.99, "h": 4.49, "lk": 1}, "geometry": {"type": "Polygon", "coordinates": [[[-96.81817272692315, 32.79900979989831], [-96.81813927307685, 32.7990322001017], [-96.81798727307685, 32.79887120010169], [-96.81802072692315, 32.7988487998983], [-96.81817272692315, 32.79900979989831]]]}}, {"type": "Feature", "properties": {"k": "deck", "c": "motorway_link", "b": 0.0, "h": 0.94, "lk": 1}, "geometry": {"type": "Polygon", "coordinates": [[[-96.81822681667337, 32.799067895626834], [-96.81819318332661, 32.799090104373164], [-96.81813918332662, 32.79903210437317], [-96.81817281667338, 32.79900989562684], [-96.81822681667337, 32.799067895626834]]]}}, {"type": "Feature", "properties": {"k": "deck", "c": "motorway_link", "b": 5.6, "h": 7.1, "lk": 1}, "geometry": {"type": "Polygon", "coordinates": [[[-96.78864612355719, 32.78324207289821], [-96.7886498764428, 32.783277927101786], [-96.78842087644281, 32.783294927101785], [-96.7884171235572, 32.78325907289821], [-96.78864612355719, 32.78324207289821]]]}}, {"type": "Feature", "properties": {"k": "deck", "c": "motorway_link", "b": 5.6, "h": 7.1, "lk": 1}, "geometry": {"type": "Polygon", "coordinates": [[[-96.81802058172272, 32.798848647800746], [-96.81798741827728, 32.79887135219925], [-96.81768141827727, 32.798554352199254], [-96.81771458172271, 32.79853164780075], [-96.81802058172272, 32.798848647800746]]]}}, {"type": "Feature", "properties": {"k": "deck", "c": "motorway_link", "b": 4.93, "h": 6.43, "lk": 1}, "geometry": {"type": "Polygon", "coordinates": [[[-96.81838362949998, 32.79869025073216], [-96.81833837050002, 32.79874374926785], [-96.81832337050002, 32.798734749267844], [-96.81836862949999, 32.79868125073215], [-96.81838362949998, 32.79869025073216]]]}}, {"type": "Feature", "properties": {"k": "deck", "c": "motorway_link", "b": 1.38, "h": 2.88, "lk": 1}, "geometry": {"type": "Polygon", "coordinates": [[[-96.81844855750312, 32.79872408964788], [-96.81840744249688, 32.798779910352124], [-96.81834044249688, 32.79874491035213], [-96.81838155750312, 32.79868908964788], [-96.81844855750312, 32.79872408964788]]]}}, {"type": "Feature", "properties": {"k": "deck", "c": "motorway_link", "b": 0.0, "h": 0.7, "lk": 1}, "geometry": {"type": "Polygon", "coordinates": [[[-96.8107908600049, 32.77233235596851], [-96.8107511399951, 32.772345644031496], [-96.8105011399951, 32.77181564403149], [-96.81054086000489, 32.771802355968504], [-96.8107908600049, 32.77233235596851]]]}}, {"type": "Feature", "properties": {"k": "deck", "c": "motorway_link", "b": 0.75, "h": 2.25, "lk": 1}, "geometry": {"type": "Polygon", "coordinates": [[[-96.81085206510376, 32.772584928659995], [-96.81094015256606, 32.77310144150706], [-96.81089784743394, 32.773106558492934], [-96.81080993489623, 32.77259107134], [-96.81075005724806, 32.7723425791001], [-96.81079194275195, 32.77233542089991], [-96.81085206510376, 32.772584928659995]]]}}, {"type": "Feature", "properties": {"k": "deck", "c": "motorway_link", "b": 2.47, "h": 3.97, "lk": 1}, "geometry": {"type": "Polygon", "coordinates": [[[-96.81099329338312, 32.77362948120865], [-96.8109507066169, 32.77363251879135], [-96.81089770661688, 32.77310551879135], [-96.81094029338311, 32.773102481208646], [-96.81099329338312, 32.77362948120865]]]}}, {"type": "Feature", "properties": {"k": "deck", "c": "motorway_link", "b": 4.25, "h": 5.75, "lk": 1}, "geometry": {"type": "Polygon", "coordinates": [[[-96.81101233788416, 32.774002991171194], [-96.81106431833975, 32.774633754007134], [-96.81102168166025, 32.77463624599287], [-96.81096966211584, 32.7740050088288], [-96.81095065001716, 32.77363177131272], [-96.81099334998285, 32.77363022868728], [-96.81101233788416, 32.774002991171194]]]}}, {"type": "Feature", "properties": {"k": "deck", "c": "motorway_link", "b": 4.88, "h": 6.38, "lk": 1}, "geometry": {"type": "Polygon", "coordinates": [[[-96.81149094177768, 32.77405706109078], [-96.81153305822231, 32.77405093890922], [-96.81165705822231, 32.77465593890922], [-96.81161494177768, 32.77466206109078], [-96.81149094177768, 32.77405706109078]]]}}, {"type": "Feature", "properties": {"k": "deck", "c": "motorway_link", "b": 2.7, "h": 4.2, "lk": 1}, "geometry": {"type": "Polygon", "coordinates": [[[-96.81111633073662, 32.772855569606804], [-96.81115766926338, 32.7728464303932], [-96.81153266926337, 32.7740494303932], [-96.81149133073662, 32.7740585696068], [-96.81111633073662, 32.772855569606804]]]}}, {"type": "Feature", "properties": {"k": "deck", "c": "motorway_link", "b": 0.6, "h": 2.1, "lk": 1}, "geometry": {"type": "Polygon", "coordinates": [[[-96.81105771666762, 32.77269867209585], [-96.81100413512314, 32.77256967948878], [-96.8108435159199, 32.77226939141316], [-96.8108824840801, 32.772254608586834], [-96.81104386487686, 32.772556320511214], [-96.81109828333237, 32.772687327904144], [-96.81115738536556, 32.772845601145534], [-96.81111661463444, 32.77285639885447], [-96.81105771666762, 32.77269867209585]]]}}, {"type": "Feature", "properties": {"k": "deck", "c": "motorway_link", "b": 0.0, "h": 0.63, "lk": 1}, "geometry": {"type": "Polygon", "coordinates": [[[-96.81050296669115, 32.77181865587237], [-96.81053903330884, 32.77179934412762], [-96.81088103330885, 32.77225234412762], [-96.81084496669115, 32.77227165587237], [-96.81050296669115, 32.77181865587237]]]}}, {"type": "Feature", "properties": {"k": "deck", "c": "secondary", "b": 5.6, "h": 7.1, "lk": 0}, "geometry": {"type": "Polygon", "coordinates": [[[-96.81963442678797, 32.76953529708604], [-96.81611400837107, 32.7702493819581], [-96.81570471828192, 32.77032461910684], [-96.81521812500641, 32.77039183920882], [-96.81487543912507, 32.770428017190426], [-96.81443573319721, 32.77045311456074], [-96.81394591898363, 32.770465159172545], [-96.81274779342209, 32.77043112720171], [-96.8127502065779, 32.77037087279829], [-96.81394608101637, 32.77040484082745], [-96.8144322668028, 32.770392885439264], [-96.81486856087491, 32.770367982809574], [-96.81520787499359, 32.77033216079118], [-96.81569128171807, 32.77026538089316], [-96.81609799162894, 32.7701906180419], [-96.81961757321203, 32.76947670291396], [-96.82334152806533, 32.768712712176075], [-96.82335847193468, 32.76877128782393], [-96.81963442678797, 32.76953529708604]]]}}, {"type": "Feature", "properties": {"k": "deck", "c": "motorway_link", "b": 26.9, "h": 28.4, "lk": 1}, "geometry": {"type": "Polygon", "coordinates": [[[-96.81232350101027, 32.770753397586795], [-96.81206143752821, 32.77081891345731], [-96.81179585167213, 32.770919003649325], [-96.81148175334205, 32.77107605281438], [-96.81122691865238, 32.77123173003724], [-96.81098113838581, 32.771438859374804], [-96.8107606209938, 32.77168321648487], [-96.81060966098141, 32.77188780702798], [-96.81050553145123, 32.77206234795475], [-96.81039333178839, 32.772302633958354], [-96.81031497701555, 32.77254960026769], [-96.81028526939674, 32.77272586547264], [-96.8102743803946, 32.77286346286332], [-96.81027934710983, 32.77313961223013], [-96.81041310741571, 32.77394516869918], [-96.81057803587481, 32.774721831806524], [-96.8105359641252, 32.77472816819347], [-96.81037089258427, 32.773950831300816], [-96.81023665289018, 32.77314238776987], [-96.8102316196054, 32.77286253713668], [-96.81024273060326, 32.772722134527356], [-96.81027302298445, 32.77254239973231], [-96.8103526682116, 32.77229136604165], [-96.81046646854877, 32.77204765204525], [-96.81057233901859, 32.77187019297202], [-96.8107253790062, 32.77166278351513], [-96.81094886161418, 32.7714151406252], [-96.81119908134761, 32.77120426996275], [-96.81145824665795, 32.77104594718563], [-96.81177614832787, 32.77088699635067], [-96.81204656247179, 32.770785086542695], [-96.81231249898974, 32.770718602413204], [-96.81249408820332, 32.770682485221556], [-96.81250391179668, 32.77071751477844], [-96.81232350101027, 32.770753397586795]]]}}, {"type": "Feature", "properties": {"k": "pier", "b": 0.0, "h": 26.9}, "geometry": {"type": "Polygon", "coordinates": [[[-96.812119, 32.770779], [-96.812095, 32.770779], [-96.812095, 32.770799], [-96.812119, 32.770799], [-96.812119, 32.770779]]]}}, {"type": "Feature", "properties": {"k": "pier", "b": 0.0, "h": 26.9}, "geometry": {"type": "Polygon", "coordinates": [[[-96.811749, 32.770918], [-96.811725, 32.770918], [-96.811725, 32.770937], [-96.811749, 32.770937], [-96.811749, 32.770918]]]}}, {"type": "Feature", "properties": {"k": "pier", "b": 0.0, "h": 26.9}, "geometry": {"type": "Polygon", "coordinates": [[[-96.811404, 32.771098], [-96.811381, 32.771098], [-96.811381, 32.771118], [-96.811404, 32.771118], [-96.811404, 32.771098]]]}}, {"type": "Feature", "properties": {"k": "pier", "b": 0.0, "h": 26.9}, "geometry": {"type": "Polygon", "coordinates": [[[-96.811095, 32.771318], [-96.811071, 32.771318], [-96.811071, 32.771338], [-96.811095, 32.771338], [-96.811095, 32.771318]]]}}, {"type": "Feature", "properties": {"k": "pier", "b": 0.0, "h": 26.9}, "geometry": {"type": "Polygon", "coordinates": [[[-96.810832, 32.771578], [-96.810808, 32.771578], [-96.810808, 32.771597], [-96.810832, 32.771597], [-96.810832, 32.771578]]]}}, {"type": "Feature", "properties": {"k": "pier", "b": 0.0, "h": 26.9}, "geometry": {"type": "Polygon", "coordinates": [[[-96.810608, 32.771862], [-96.810584, 32.771862], [-96.810584, 32.771882], [-96.810608, 32.771882], [-96.810608, 32.771862]]]}}, {"type": "Feature", "properties": {"k": "pier", "b": 0.0, "h": 26.9}, "geometry": {"type": "Polygon", "coordinates": [[[-96.810438, 32.772173], [-96.810415, 32.772173], [-96.810415, 32.772192], [-96.810438, 32.772192], [-96.810438, 32.772173]]]}}, {"type": "Feature", "properties": {"k": "pier", "b": 0.0, "h": 26.9}, "geometry": {"type": "Polygon", "coordinates": [[[-96.810318, 32.772499], [-96.810294, 32.772499], [-96.810294, 32.772518], [-96.810318, 32.772518], [-96.810318, 32.772499]]]}}, {"type": "Feature", "properties": {"k": "pier", "b": 0.0, "h": 26.9}, "geometry": {"type": "Polygon", "coordinates": [[[-96.810266, 32.772837], [-96.810243, 32.772837], [-96.810243, 32.772857], [-96.810266, 32.772857], [-96.810266, 32.772837]]]}}, {"type": "Feature", "properties": {"k": "pier", "b": 0.0, "h": 26.9}, "geometry": {"type": "Polygon", "coordinates": [[[-96.810278, 32.773178], [-96.810254, 32.773178], [-96.810254, 32.773198], [-96.810278, 32.773198], [-96.810278, 32.773178]]]}}, {"type": "Feature", "properties": {"k": "pier", "b": 0.0, "h": 26.9}, "geometry": {"type": "Polygon", "coordinates": [[[-96.810334, 32.773517], [-96.81031, 32.773517], [-96.81031, 32.773537], [-96.810334, 32.773537], [-96.810334, 32.773517]]]}}, {"type": "Feature", "properties": {"k": "pier", "b": 0.0, "h": 26.9}, "geometry": {"type": "Polygon", "coordinates": [[[-96.81039, 32.773856], [-96.810367, 32.773856], [-96.810367, 32.773876], [-96.81039, 32.773876], [-96.81039, 32.773856]]]}}, {"type": "Feature", "properties": {"k": "pier", "b": 0.0, "h": 26.9}, "geometry": {"type": "Polygon", "coordinates": [[[-96.810458, 32.774193], [-96.810434, 32.774193], [-96.810434, 32.774213], [-96.810458, 32.774213], [-96.810458, 32.774193]]]}}, {"type": "Feature", "properties": {"k": "pier", "b": 0.0, "h": 26.9}, "geometry": {"type": "Polygon", "coordinates": [[[-96.810529, 32.774529], [-96.810506, 32.774529], [-96.810506, 32.774549], [-96.810529, 32.774549], [-96.810529, 32.774529]]]}}, {"type": "Feature", "properties": {"k": "deck", "c": "motorway_link", "b": 12.7, "h": 14.2, "lk": 1}, "geometry": {"type": "Polygon", "coordinates": [[[-96.80622298352667, 32.767288570927555], [-96.80618257934701, 32.767001701252155], [-96.80619664778011, 32.76670827393348], [-96.80623935221989, 32.766709726066516], [-96.80622542065298, 32.767000298747845], [-96.80626501647335, 32.76728142907245], [-96.806333536767, 32.76748202471471], [-96.806292463233, 32.767491975285296], [-96.80622298352667, 32.767288570927555]]]}}, {"type": "Feature", "properties": {"k": "pier", "b": 0.0, "h": 12.7}, "geometry": {"type": "Polygon", "coordinates": [[[-96.806237, 32.767144], [-96.806214, 32.767144], [-96.806214, 32.767164], [-96.806237, 32.767164], [-96.806237, 32.767144]]]}}, {"type": "Feature", "properties": {"k": "pier", "b": 0.0, "h": 12.7}, "geometry": {"type": "Polygon", "coordinates": [[[-96.806225, 32.766804], [-96.806201, 32.766804], [-96.806201, 32.766823], [-96.806225, 32.766823], [-96.806225, 32.766804]]]}}, {"type": "Feature", "properties": {"k": "deck", "c": "motorway_link", "b": 19.8, "h": 21.3, "lk": 1}, "geometry": {"type": "Polygon", "coordinates": [[[-96.80384655477621, 32.76969411236573], [-96.80429281262072, 32.76966295472343], [-96.80480384401058, 32.769691066469825], [-96.8051446567106, 32.76972204944256], [-96.80546578754564, 32.76973493432174], [-96.80572576874772, 32.76969948233964], [-96.80598623920505, 32.7696237984709], [-96.80624011330451, 32.76947537976661], [-96.8063851296041, 32.769275492434744], [-96.80652379452408, 32.76902391465136], [-96.80655307892816, 32.76892825226467], [-96.80657271567352, 32.76883006853787], [-96.80658259420083, 32.76865620645709], [-96.80657368379386, 32.768550271618494], [-96.80661631620615, 32.768547728381506], [-96.80662540579915, 32.76865579354291], [-96.80661528432648, 32.76883393146213], [-96.80659492107183, 32.76893574773533], [-96.80656420547592, 32.76903608534864], [-96.8064228703959, 32.769292507565254], [-96.8062718866955, 32.769500620233394], [-96.80600576079493, 32.7696562015291], [-96.80573623125227, 32.76973451766036], [-96.80546821245434, 32.76977106567826], [-96.8051413432894, 32.76975795055744], [-96.80480015598941, 32.76972693353017], [-96.80429318737929, 32.76969904527657], [-96.80385144522378, 32.76972988763427], [-96.8033291198656, 32.769794803787775], [-96.8033228801344, 32.76975919621222], [-96.80384655477621, 32.76969411236573]]]}}, {"type": "Feature", "properties": {"k": "pier", "b": 0.0, "h": 19.8}, "geometry": {"type": "Polygon", "coordinates": [[[-96.803739, 32.769717], [-96.803716, 32.769717], [-96.803716, 32.769737], [-96.803739, 32.769737], [-96.803739, 32.769717]]]}}, {"type": "Feature", "properties": {"k": "pier", "b": 0.0, "h": 19.8}, "geometry": {"type": "Polygon", "coordinates": [[[-96.804143, 32.769682], [-96.80412, 32.769682], [-96.80412, 32.769702], [-96.804143, 32.769702], [-96.804143, 32.769682]]]}}, {"type": "Feature", "properties": {"k": "pier", "b": 0.0, "h": 19.8}, "geometry": {"type": "Polygon", "coordinates": [[[-96.804548, 32.769684], [-96.804525, 32.769684], [-96.804525, 32.769704], [-96.804548, 32.769704], [-96.804548, 32.769684]]]}}, {"type": "Feature", "properties": {"k": "pier", "b": 0.0, "h": 19.8}, "geometry": {"type": "Polygon", "coordinates": [[[-96.804953, 32.769712], [-96.804929, 32.769712], [-96.804929, 32.769732], [-96.804953, 32.769732], [-96.804953, 32.769712]]]}}, {"type": "Feature", "properties": {"k": "pier", "b": 0.0, "h": 19.8}, "geometry": {"type": "Polygon", "coordinates": [[[-96.805357, 32.769738], [-96.805334, 32.769738], [-96.805334, 32.769758], [-96.805357, 32.769758], [-96.805357, 32.769738]]]}}, {"type": "Feature", "properties": {"k": "pier", "b": 0.0, "h": 19.8}, "geometry": {"type": "Polygon", "coordinates": [[[-96.805759, 32.769702], [-96.805735, 32.769702], [-96.805735, 32.769722], [-96.805759, 32.769722], [-96.805759, 32.769702]]]}}, {"type": "Feature", "properties": {"k": "pier", "b": 0.0, "h": 19.8}, "geometry": {"type": "Polygon", "coordinates": [[[-96.806125, 32.769562], [-96.806102, 32.769562], [-96.806102, 32.769581], [-96.806125, 32.769581], [-96.806125, 32.769562]]]}}, {"type": "Feature", "properties": {"k": "pier", "b": 0.0, "h": 19.8}, "geometry": {"type": "Polygon", "coordinates": [[[-96.806389, 32.769311], [-96.806365, 32.769311], [-96.806365, 32.769331], [-96.806389, 32.769331], [-96.806389, 32.769311]]]}}, {"type": "Feature", "properties": {"k": "pier", "b": 0.0, "h": 19.8}, "geometry": {"type": "Polygon", "coordinates": [[[-96.806561, 32.769002], [-96.806538, 32.769002], [-96.806538, 32.769022], [-96.806561, 32.769022], [-96.806561, 32.769002]]]}}, {"type": "Feature", "properties": {"k": "pier", "b": 0.0, "h": 19.8}, "geometry": {"type": "Polygon", "coordinates": [[[-96.806615, 32.768664], [-96.806591, 32.768664], [-96.806591, 32.768684], [-96.806615, 32.768684], [-96.806615, 32.768664]]]}}, {"type": "Feature", "properties": {"k": "deck", "c": "motorway_link", "b": 5.6, "h": 7.1, "lk": 1}, "geometry": {"type": "Polygon", "coordinates": [[[-96.80665142358899, 32.76800844286197], [-96.80651024716482, 32.76785609420279], [-96.80638989217235, 32.76768112433979], [-96.80629340170364, 32.76749417405666], [-96.80633259829636, 32.76747982594335], [-96.80642810782766, 32.767664875660216], [-96.80654575283518, 32.767835905797206], [-96.80668257641102, 32.767983557138024], [-96.80691601795554, 32.768154416481266], [-96.80688798204444, 32.76818158351874], [-96.80665142358899, 32.76800844286197]]]}}, {"type": "Feature", "properties": {"k": "deck", "c": "motorway_link", "b": 4.52, "h": 6.02, "lk": 1}, "geometry": {"type": "Polygon", "coordinates": [[[-96.80496239348228, 32.76955338784138], [-96.80495360651771, 32.76958861215862], [-96.80456360651772, 32.769519612158625], [-96.80457239348229, 32.76948438784138], [-96.80496239348228, 32.76955338784138]]]}}, {"type": "Feature", "properties": {"k": "deck", "c": "motorway_link", "b": 2.24, "h": 3.74, "lk": 1}, "geometry": {"type": "Polygon", "coordinates": [[[-96.8053858952446, 32.76965570174478], [-96.8053741047554, 32.76969029825521], [-96.8049521047554, 32.769588298255215], [-96.8049638952446, 32.76955370174478], [-96.8053858952446, 32.76965570174478]]]}}, {"type": "Feature", "properties": {"k": "deck", "c": "motorway_link", "b": 0.0, "h": 1.28, "lk": 1}, "geometry": {"type": "Polygon", "coordinates": [[[-96.80582398891471, 32.76980430829304], [-96.80580801108528, 32.76983769170696], [-96.80537201108528, 32.76968969170696], [-96.80538798891472, 32.76965630829304], [-96.80582398891471, 32.76980430829304]]]}}, {"type": "Feature", "properties": {"k": "deck", "c": "motorway_link", "b": 2.05, "h": 3.55, "lk": 1}, "geometry": {"type": "Polygon", "coordinates": [[[-96.80335714707884, 32.76951673020469], [-96.80339685292115, 32.76957326979531], [-96.80313785292115, 32.76970226979531], [-96.80309814707884, 32.769645730204694], [-96.80335714707884, 32.76951673020469]]]}}, {"type": "Feature", "properties": {"k": "deck", "c": "motorway_link", "b": 5.6, "h": 7.1, "lk": 1}, "geometry": {"type": "Polygon", "coordinates": [[[-96.81337182641512, 32.77059781288376], [-96.81300508800248, 32.770617744319225], [-96.81264030737444, 32.77064672688968], [-96.81237247767491, 32.77066384382536], [-96.81209889828432, 32.77066384382536], [-96.81184423065453, 32.77065171679538], [-96.81161664502342, 32.77062530060604], [-96.81135839836315, 32.770571625809986], [-96.81101144243968, 32.77047856474597], [-96.81067899433314, 32.77034173397041], [-96.81029622233137, 32.770138794483906], [-96.81033777766862, 32.770083205516094], [-96.81071700566686, 32.77028426602959], [-96.81104055756032, 32.77041743525403], [-96.81137960163684, 32.77050837419001], [-96.81163135497657, 32.770560699393954], [-96.81185176934547, 32.77058628320463], [-96.81210110171568, 32.77059815617464], [-96.81236952232508, 32.77059815617464], [-96.81263369262555, 32.770581273110324], [-96.81299891199751, 32.77055225568077], [-96.81336817358489, 32.77053218711624], [-96.8135718598714, 32.77052717021263], [-96.81357414012861, 32.770592829787375], [-96.81337182641512, 32.77059781288376]]]}}, {"type": "Feature", "properties": {"k": "deck", "c": "motorway_link", "b": 5.6, "h": 7.1, "lk": 1}, "geometry": {"type": "Polygon", "coordinates": [[[-96.81337341754303, 32.77069072244587], [-96.81263109089298, 32.77075666263282], [-96.81262290910703, 32.77069133736718], [-96.81336658245698, 32.770625277554124], [-96.81358625786652, 32.77061223746132], [-96.81359174213347, 32.77067776253868], [-96.81337341754303, 32.77069072244587]]]}}, {"type": "Feature", "properties": {"k": "deck", "c": "motorway_link", "b": 5.6, "h": 7.1, "lk": 1}, "geometry": {"type": "Polygon", "coordinates": [[[-96.80369473196629, 32.7685450928472], [-96.80344428646691, 32.76863053895874], [-96.80326643915706, 32.76871847457306], [-96.80311347183968, 32.76879098505468], [-96.80291063752655, 32.76890575959283], [-96.80270849068664, 32.76903421743692], [-96.80266150931335, 32.76898178256308], [-96.80286536247344, 32.76885224040716], [-96.80307252816033, 32.76873501494532], [-96.80322756084294, 32.768661525426936], [-96.80340971353309, 32.768571461041255], [-96.8036692680337, 32.76848290715281], [-96.80402325059254, 32.768397428409905], [-96.80404474940747, 32.76846057159009], [-96.80369473196629, 32.7685450928472]]]}}, {"type": "Feature", "properties": {"k": "deck", "c": "motorway_link", "b": 5.6, "h": 7.1, "lk": 1}, "geometry": {"type": "Polygon", "coordinates": [[[-96.809451008154, 32.771462392931475], [-96.80967727266795, 32.77164038768245], [-96.80991980924769, 32.771867828624444], [-96.81003516478107, 32.77200848142393], [-96.81013594191225, 32.772160654892005], [-96.81022919346327, 32.772321087667954], [-96.81019080653672, 32.772336912332044], [-96.81009805808776, 32.77217734510799], [-96.80999883521893, 32.772027518576074], [-96.80988619075232, 32.77189017137555], [-96.80964672733205, 32.77166561231755], [-96.809422991846, 32.771489607068524], [-96.80920060951355, 32.77133902530978], [-96.80922739048644, 32.771310974690216], [-96.809451008154, 32.771462392931475]]]}}, {"type": "Feature", "properties": {"k": "deck", "c": "motorway", "b": 5.6, "h": 7.1, "lk": 0}, "geometry": {"type": "Polygon", "coordinates": [[[-96.81587565332403, 32.77083725936616], [-96.81592434667597, 32.770996740633834], [-96.81551334667597, 32.771085740633836], [-96.81546465332403, 32.77092625936616], [-96.81587565332403, 32.77083725936616]]]}}, {"type": "Feature", "properties": {"k": "deck", "c": "motorway", "b": 5.6, "h": 7.1, "lk": 0}, "geometry": {"type": "Polygon", "coordinates": [[[-96.82232966121896, 32.769195092351], [-96.82130199928277, 32.76940302394899], [-96.81972894009648, 32.769726036102305], [-96.81744272055785, 32.77018608027893], [-96.81739727944215, 32.770025919721064], [-96.81968305990351, 32.7695659638977], [-96.82125600071724, 32.76924297605101], [-96.82228433878103, 32.769034907649], [-96.82328951676492, 32.76883487222932], [-96.82333448323509, 32.76899512777068], [-96.82232966121896, 32.769195092351]]]}}, {"type": "Feature", "properties": {"k": "deck", "c": "service", "b": 5.6, "h": 7.1, "lk": 0}, "geometry": {"type": "Polygon", "coordinates": [[[-96.7945905820282, 32.78685092044847], [-96.79457811485868, 32.78680639484306], [-96.79455689355483, 32.78678027631522], [-96.79452413372022, 32.78676307740206], [-96.79448749788102, 32.78675737849373], [-96.79444977415248, 32.78676475922323], [-96.79441868159225, 32.78678276017915], [-96.79439829995124, 32.786809663945284], [-96.79439178521321, 32.78684060895097], [-96.79439996939968, 32.78687170885954], [-96.79442131200123, 32.786897976676855], [-96.79445322381919, 32.786915978215184], [-96.79449388153192, 32.78692230274828], [-96.79448611846807, 32.78695769725172], [-96.7944367761808, 32.78695002178481], [-96.79439068799876, 32.78692402332315], [-96.79436003060033, 32.786886291140455], [-96.7943482147868, 32.78684139104904], [-96.79435770004875, 32.786796336054714], [-96.79438731840776, 32.786757239820844], [-96.79443222584753, 32.786731240776774], [-96.79448650211899, 32.78672062150626], [-96.79453986627979, 32.786728922597945], [-96.79458710644518, 32.786753723684775], [-96.7946178851413, 32.78679160515694], [-96.7946334179718, 32.78684707955152], [-96.79463036558403, 32.78697934968811], [-96.79458763441596, 32.786978650311895], [-96.7945905820282, 32.78685092044847]]]}}, {"type": "Feature", "properties": {"k": "deck", "c": "service", "b": 5.6, "h": 7.1, "lk": 0}, "geometry": {"type": "Polygon", "coordinates": [[[-96.79568755739763, 32.78789453116807], [-96.7956891640809, 32.78792023810032], [-96.79570052793613, 32.78794540092263], [-96.79572135962411, 32.78796463017308], [-96.79574962051647, 32.78797754943816], [-96.79578130660065, 32.787980799292946], [-96.79581192007397, 32.787975965586625], [-96.79583834791741, 32.787961550399295], [-96.79585783898133, 32.78794043508005], [-96.79586745649443, 32.78791558983788], [-96.79586583588903, 32.78788884984895], [-96.79585454807804, 32.78786466168251], [-96.79583282255831, 32.787844545460544], [-96.79580363399039, 32.78783203607429], [-96.79576773205086, 32.7878250308178], [-96.7956273548434, 32.787826994135386], [-96.79562664515659, 32.78779100586462], [-96.79577226794915, 32.7877889691822], [-96.79581836600961, 32.78779796392571], [-96.79585917744168, 32.787815454539455], [-96.79589145192196, 32.78784533831749], [-96.79590816411095, 32.78788115015106], [-96.79591054350557, 32.787920410162116], [-96.79589616101867, 32.78795756491994], [-96.79586765208258, 32.78798844960071], [-96.79582807992604, 32.788010034413375], [-96.79578269339936, 32.78801720070705], [-96.79573637948353, 32.788012450561844], [-96.7956946403759, 32.78799336982692], [-96.79566347206386, 32.78796459907736], [-96.79564683591911, 32.787927761899674], [-96.79564444260237, 32.78788946883193], [-96.7956587809718, 32.78785417438413], [-96.79569921902821, 32.787865825615874], [-96.79568755739763, 32.78789453116807]]]}}, {"type": "Feature", "properties": {"k": "deck", "c": "tertiary", "b": 5.6, "h": 7.1, "lk": 0}, "geometry": {"type": "Polygon", "coordinates": [[[-96.77525446487553, 32.77500404007948], [-96.77510911327275, 32.77483280394469], [-96.77495635274997, 32.7746610731609], [-96.77501364725003, 32.774624926839095], [-96.77516688672725, 32.7747971960553], [-96.77531353512447, 32.774969959920526], [-96.77538092764225, 32.77505646374931], [-96.77532107235776, 32.77508953625069], [-96.77525446487553, 32.77500404007948]]]}}, {"type": "Feature", "properties": {"k": "deck", "c": "secondary", "b": 5.6, "h": 7.1, "lk": 0}, "geometry": {"type": "Polygon", "coordinates": [[[-96.81096881068237, 32.80110929744071], [-96.81086318931764, 32.80119070255929], [-96.81048718931764, 32.80084470255929], [-96.81059281068237, 32.80076329744071], [-96.81096881068237, 32.80110929744071]]]}}, {"type": "Feature", "properties": {"k": "deck", "c": "secondary", "b": 5.6, "h": 7.1, "lk": 0}, "geometry": {"type": "Polygon", "coordinates": [[[-96.81489900214083, 32.77136182314054], [-96.8163201141703, 32.77104379806991], [-96.81985120614922, 32.77030977894996], [-96.82054388958912, 32.77015806730318], [-96.82198618896511, 32.76975826151635], [-96.82272050083938, 32.769569925046554], [-96.82337744388771, 32.76943372953654], [-96.82339455611229, 32.769492270463466], [-96.82273949916063, 32.769628074953445], [-96.82200781103488, 32.76981573848365], [-96.82056411041088, 32.77021593269682], [-96.81986879385079, 32.77036822105004], [-96.8163378858297, 32.77110220193009], [-96.81491699785917, 32.771420176859465], [-96.81352680263046, 32.77171721857379], [-96.81350919736954, 32.771658781426204], [-96.81489900214083, 32.77136182314054]]]}}, {"type": "Feature", "properties": {"k": "deck", "c": "motorway_link", "b": 4.18, "h": 5.68, "lk": 1}, "geometry": {"type": "Polygon", "coordinates": [[[-96.80990413605258, 32.76989996836642], [-96.80897315726561, 32.76937798026029], [-96.8089968427344, 32.76934801973971], [-96.80992786394742, 32.76987003163359], [-96.8103288851267, 32.77009604357004], [-96.8103051148733, 32.77012595642996], [-96.80990413605258, 32.76989996836642]]]}}, {"type": "Feature", "properties": {"k": "deck", "c": "motorway_link", "b": 0.95, "h": 2.45, "lk": 1}, "geometry": {"type": "Polygon", "coordinates": [[[-96.80784922539533, 32.76875301830158], [-96.80787277460468, 32.76872298169842], [-96.80899677460468, 32.76934798169842], [-96.80897322539533, 32.76937801830158], [-96.80784922539533, 32.76875301830158]]]}}, {"type": "Feature", "properties": {"k": "deck", "c": "motorway_link", "b": 0.0, "h": 0.53, "lk": 1}, "geometry": {"type": "Polygon", "coordinates": [[[-96.80742268436923, 32.76849970733315], [-96.80744731563077, 32.76847029266685], [-96.80787331563077, 32.76872329266685], [-96.80784868436923, 32.76875270733315], [-96.80742268436923, 32.76849970733315]]]}}, {"type": "Feature", "properties": {"k": "deck", "c": "motorway_link", "b": 0.86, "h": 2.36, "lk": 1}, "geometry": {"type": "Polygon", "coordinates": [[[-96.80705411309708, 32.7683071839831], [-96.80709788690291, 32.7682528160169], [-96.80745688690291, 32.7684578160169], [-96.80741311309708, 32.7685121839831], [-96.80705411309708, 32.7683071839831]]]}}, {"type": "Feature", "properties": {"k": "deck", "c": "motorway_link", "b": 4.41, "h": 5.91, "lk": 1}, "geometry": {"type": "Polygon", "coordinates": [[[-96.80687831728108, 32.7681940946201], [-96.80692568271891, 32.768141905379906], [-96.80709968271891, 32.7682539053799], [-96.80705231728108, 32.768306094620094], [-96.80687831728108, 32.7681940946201]]]}}, {"type": "Feature", "properties": {"k": "deck", "c": "motorway_link", "b": 19.8, "h": 21.3, "lk": 1}, "geometry": {"type": "Polygon", "coordinates": [[[-96.80646750278808, 32.76825309020003], [-96.80639746479727, 32.76804998002673], [-96.8062190266103, 32.767523687621264], [-96.80618148204982, 32.76728827308], [-96.80621578534748, 32.76700981101666], [-96.80623899875748, 32.766871539835314], [-96.8062704230611, 32.76676611636519], [-96.80632860667407, 32.766609622509556], [-96.80636939332592, 32.76662037749045], [-96.80631157693891, 32.76677588363481], [-96.80628100124251, 32.76687846016468], [-96.80625821465252, 32.76701418898334], [-96.80622451795017, 32.76728772692], [-96.80626097338971, 32.76751631237873], [-96.80643853520272, 32.76804001997327], [-96.80650849721192, 32.76824290979997], [-96.80661547191659, 32.76854383864207], [-96.80657452808342, 32.76855416135793], [-96.80646750278808, 32.76825309020003]]]}}, {"type": "Feature", "properties": {"k": "pier", "b": 0.0, "h": 19.8}, "geometry": {"type": "Polygon", "coordinates": [[[-96.806491, 32.768211], [-96.806467, 32.768211], [-96.806467, 32.768231], [-96.806491, 32.768231], [-96.806491, 32.768211]]]}}, {"type": "Feature", "properties": {"k": "pier", "b": 0.0, "h": 19.8}, "geometry": {"type": "Polygon", "coordinates": [[[-96.806378, 32.767883], [-96.806355, 32.767883], [-96.806355, 32.767903], [-96.806378, 32.767903], [-96.806378, 32.767883]]]}}, {"type": "Feature", "properties": {"k": "pier", "b": 0.0, "h": 19.8}, "geometry": {"type": "Polygon", "coordinates": [[[-96.806267, 32.767554], [-96.806243, 32.767554], [-96.806243, 32.767574], [-96.806267, 32.767574], [-96.806267, 32.767554]]]}}, {"type": "Feature", "properties": {"k": "pier", "b": 0.0, "h": 19.8}, "geometry": {"type": "Polygon", "coordinates": [[[-96.806222, 32.767216], [-96.806199, 32.767216], [-96.806199, 32.767236], [-96.806222, 32.767236], [-96.806222, 32.767216]]]}}, {"type": "Feature", "properties": {"k": "pier", "b": 0.0, "h": 19.8}, "geometry": {"type": "Polygon", "coordinates": [[[-96.80627, 32.766877], [-96.806246, 32.766877], [-96.806246, 32.766897], [-96.80627, 32.766897], [-96.80627, 32.766877]]]}}, {"type": "Feature", "properties": {"k": "deck", "c": "motorway_link", "b": 5.6, "h": 7.1, "lk": 1}, "geometry": {"type": "Polygon", "coordinates": [[[-96.81297695875968, 32.771001994484386], [-96.81253879276713, 32.771002999452264], [-96.81217865398632, 32.77096779035357], [-96.81176383075713, 32.77089748133168], [-96.81147495954595, 32.770825011898914], [-96.81123650621022, 32.77074452132145], [-96.81102697562415, 32.770662313148925], [-96.81104502437586, 32.77062968685107], [-96.81125349378978, 32.77071147867855], [-96.81148904045405, 32.77079098810109], [-96.81177416924287, 32.77086251866832], [-96.81218534601369, 32.770932209646425], [-96.81254120723287, 32.77096700054774], [-96.81297504124034, 32.77096600551561], [-96.81336914407896, 32.77093707138316], [-96.81337285592105, 32.77097292861684], [-96.81297695875968, 32.771001994484386]]]}}, {"type": "Feature", "properties": {"k": "deck", "c": "motorway_link", "b": 12.7, "h": 14.2, "lk": 1}, "geometry": {"type": "Polygon", "coordinates": [[[-96.80645497156759, 32.76803931658849], [-96.80625400155824, 32.76778223820091], [-96.8061449246362, 32.76759186810109], [-96.80606825172062, 32.767303577938556], [-96.80605295911597, 32.76708336443164], [-96.80606212655462, 32.76687047613395], [-96.80609961805888, 32.766695178019475], [-96.80617638194113, 32.76670682198052], [-96.80613987344537, 32.76687752386605], [-96.80613104088404, 32.76708263556836], [-96.80614574827938, 32.76729442206145], [-96.80621907536381, 32.76757013189891], [-96.80632199844175, 32.767749761799095], [-96.8065150284324, 32.7679966834115], [-96.80674764840221, 32.7681800194894], [-96.80669435159778, 32.768227980510595], [-96.80645497156759, 32.76803931658849]]]}}, {"type": "Feature", "properties": {"k": "pier", "b": 0.0, "h": 12.7}, "geometry": {"type": "Polygon", "coordinates": [[[-96.806451, 32.76795], [-96.806428, 32.76795], [-96.806428, 32.76797], [-96.806451, 32.76797], [-96.806451, 32.76795]]]}}, {"type": "Feature", "properties": {"k": "pier", "b": 0.0, "h": 12.7}, "geometry": {"type": "Polygon", "coordinates": [[[-96.806243, 32.767657], [-96.80622, 32.767657], [-96.80622, 32.767677], [-96.806243, 32.767677], [-96.806243, 32.767657]]]}}, {"type": "Feature", "properties": {"k": "pier", "b": 0.0, "h": 12.7}, "geometry": {"type": "Polygon", "coordinates": [[[-96.80613, 32.767331], [-96.806106, 32.767331], [-96.806106, 32.76735], [-96.80613, 32.76735], [-96.80613, 32.767331]]]}}, {"type": "Feature", "properties": {"k": "pier", "b": 0.0, "h": 12.7}, "geometry": {"type": "Polygon", "coordinates": [[[-96.806107, 32.76699], [-96.806084, 32.76699], [-96.806084, 32.76701], [-96.806107, 32.76701], [-96.806107, 32.76699]]]}}, {"type": "Feature", "properties": {"k": "deck", "c": "motorway_link", "b": 0.0, "h": 1.23, "lk": 1}, "geometry": {"type": "Polygon", "coordinates": [[[-96.8052666164774, 32.768262732986514], [-96.80493828339252, 32.76830054103871], [-96.8049277166075, 32.768235458961286], [-96.8052593835226, 32.76819726701349], [-96.80547606387341, 32.768188196673215], [-96.80547993612657, 32.76825380332678], [-96.8052666164774, 32.768262732986514]]]}}, {"type": "Feature", "properties": {"k": "deck", "c": "motorway_link", "b": 3.38, "h": 4.88, "lk": 1}, "geometry": {"type": "Polygon", "coordinates": [[[-96.80404211199317, 32.76846112547694], [-96.80402588800683, 32.768396874523056], [-96.80492488800684, 32.76823587452306], [-96.80494111199317, 32.76830012547694], [-96.80404211199317, 32.76846112547694]]]}}, {"type": "Feature", "properties": {"k": "deck", "c": "motorway_link", "b": 5.6, "h": 7.1, "lk": 1}, "geometry": {"type": "Polygon", "coordinates": [[[-96.80465074832581, 32.76942615685853], [-96.8046512516742, 32.769491843141466], [-96.80428325167419, 32.76949384314147], [-96.8042827483258, 32.76942815685853], [-96.80465074832581, 32.76942615685853]]]}}, {"type": "Feature", "properties": {"k": "deck", "c": "motorway_link", "b": 5.6, "h": 7.1, "lk": 1}, "geometry": {"type": "Polygon", "coordinates": [[[-96.80457159828813, 32.769484260346516], [-96.80456440171187, 32.76951973965349], [-96.80427940171187, 32.769478739653486], [-96.80428659828813, 32.76944326034651], [-96.80457159828813, 32.769484260346516]]]}}, {"type": "Feature", "properties": {"k": "deck", "c": "motorway_link", "b": 5.6, "h": 7.1, "lk": 1}, "geometry": {"type": "Polygon", "coordinates": [[[-96.80369093303945, 32.76950904433316], [-96.80399177659189, 32.76945553860069], [-96.80427864032848, 32.769428362036166], [-96.80428735967152, 32.76949363796383], [-96.80400422340813, 32.76952046139932], [-96.80370906696056, 32.76957295566683], [-96.80342106283614, 32.76963773168098], [-96.80340093716386, 32.769574268319026], [-96.80369093303945, 32.76950904433316]]]}}, {"type": "Feature", "properties": {"k": "deck", "c": "motorway_link", "b": 4.42, "h": 5.92, "lk": 1}, "geometry": {"type": "Polygon", "coordinates": [[[-96.8113281594979, 32.778869482487764], [-96.8112858405021, 32.778874517512236], [-96.81120884050209, 32.77841551751224], [-96.8112511594979, 32.778410482487764], [-96.8113281594979, 32.778869482487764]]]}}, {"type": "Feature", "properties": {"k": "deck", "c": "motorway_link", "b": 2.14, "h": 3.64, "lk": 1}, "geometry": {"type": "Polygon", "coordinates": [[[-96.81141109526104, 32.779301125466056], [-96.81136890473897, 32.77930687453395], [-96.81128590473897, 32.77887487453395], [-96.81132809526103, 32.77886912546605], [-96.81141109526104, 32.779301125466056]]]}}, {"type": "Feature", "properties": {"k": "deck", "c": "motorway_link", "b": 0.0, "h": 1.26, "lk": 1}, "geometry": {"type": "Polygon", "coordinates": [[[-96.81144134206075, 32.77980008632991], [-96.81139865793925, 32.77980191367009], [-96.81136865793925, 32.779304913670096], [-96.81141134206075, 32.77930308632991], [-96.81144134206075, 32.77980008632991]]]}}, {"type": "Feature", "properties": {"k": "deck", "c": "motorway_link", "b": 5.6, "h": 7.1, "lk": 1}, "geometry": {"type": "Polygon", "coordinates": [[[-96.81077076628448, 32.77582257912289], [-96.81087431241295, 32.776089409530854], [-96.81083368758706, 32.77610059046914], [-96.81072923371552, 32.77583142087711], [-96.8106499730946, 32.77546321014449], [-96.8106920269054, 32.77545678985552], [-96.81077076628448, 32.77582257912289]]]}}, {"type": "Feature", "properties": {"k": "deck", "c": "motorway_link", "b": 0.03, "h": 1.53, "lk": 1}, "geometry": {"type": "Polygon", "coordinates": [[[-96.81035192761195, 32.773220358633225], [-96.81031007238806, 32.77322764136677], [-96.81003407238806, 32.77210264136677], [-96.81007592761195, 32.77209535863322], [-96.81035192761195, 32.773220358633225]]]}}, {"type": "Feature", "properties": {"k": "deck", "c": "motorway_link", "b": 3.58, "h": 5.08, "lk": 1}, "geometry": {"type": "Polygon", "coordinates": [[[-96.81065506695903, 32.77472098184588], [-96.81061293304096, 32.77472701815412], [-96.81030993304097, 32.77322701815412], [-96.81035206695904, 32.77322098184588], [-96.81065506695903, 32.77472098184588]]]}}, {"type": "Feature", "properties": {"k": "deck", "c": "motorway_link", "b": 13.5, "h": 15.0, "lk": 1}, "geometry": {"type": "Polygon", "coordinates": [[[-96.80541367510827, 32.76940082170264], [-96.80568743187395, 32.769529822192936], [-96.80631637459108, 32.76975544291369], [-96.80629962540893, 32.769788557086315], [-96.80566856812605, 32.76956217780706], [-96.80538632489174, 32.769429178297365], [-96.805202886085, 32.76925182033506], [-96.80523511391499, 32.76922817966495], [-96.80541367510827, 32.76940082170264]]]}}, {"type": "Feature", "properties": {"k": "pier", "b": 0.0, "h": 13.5}, "geometry": {"type": "Polygon", "coordinates": [[[-96.805526, 32.769459], [-96.805502, 32.769459], [-96.805502, 32.769479], [-96.805526, 32.769479], [-96.805526, 32.769459]]]}}, {"type": "Feature", "properties": {"k": "pier", "b": 0.0, "h": 13.5}, "geometry": {"type": "Polygon", "coordinates": [[[-96.80589, 32.769608], [-96.805867, 32.769608], [-96.805867, 32.769628], [-96.80589, 32.769628], [-96.80589, 32.769608]]]}}, {"type": "Feature", "properties": {"k": "pier", "b": 0.0, "h": 13.5}, "geometry": {"type": "Polygon", "coordinates": [[[-96.806264, 32.769742], [-96.80624, 32.769742], [-96.80624, 32.769762], [-96.806264, 32.769762], [-96.806264, 32.769742]]]}}, {"type": "Feature", "properties": {"k": "deck", "c": "motorway_link", "b": 15.65, "h": 17.15, "lk": 1}, "geometry": {"type": "Polygon", "coordinates": [[[-96.80685574447895, 32.76996096002622], [-96.8076306349758, 32.77033539031797], [-96.8076093650242, 32.77036660968203], [-96.80683625552103, 32.76999303997378], [-96.80629919089782, 32.76978839639058], [-96.80631680910219, 32.769755603609426], [-96.80685574447895, 32.76996096002622]]]}}, {"type": "Feature", "properties": {"k": "pier", "b": 0.0, "h": 15.65}, "geometry": {"type": "Polygon", "coordinates": [[[-96.80669, 32.769903], [-96.806666, 32.769903], [-96.806666, 32.769923], [-96.80669, 32.769923], [-96.80669, 32.769903]]]}}, {"type": "Feature", "properties": {"k": "pier", "b": 0.0, "h": 15.65}, "geometry": {"type": "Polygon", "coordinates": [[[-96.80705, 32.77006], [-96.807026, 32.77006], [-96.807026, 32.77008], [-96.80705, 32.77008], [-96.80705, 32.77006]]]}}, {"type": "Feature", "properties": {"k": "pier", "b": 0.0, "h": 15.65}, "geometry": {"type": "Polygon", "coordinates": [[[-96.807402, 32.77023], [-96.807379, 32.77023], [-96.807379, 32.77025], [-96.807402, 32.77025], [-96.807402, 32.77023]]]}}, {"type": "Feature", "properties": {"k": "deck", "c": "motorway_link", "b": 17.91, "h": 19.41, "lk": 1}, "geometry": {"type": "Polygon", "coordinates": [[[-96.80819918114048, 32.77060665059191], [-96.808916801554, 32.77100699670824], [-96.80889319844599, 32.77103700329177], [-96.80817681885952, 32.7706373494081], [-96.80760946636043, 32.770366658338986], [-96.80763053363957, 32.77033534166101], [-96.80819918114048, 32.77060665059191]]]}}, {"type": "Feature", "properties": {"k": "pier", "b": 0.0, "h": 17.91}, "geometry": {"type": "Polygon", "coordinates": [[[-96.807985, 32.77051], [-96.807962, 32.77051], [-96.807962, 32.770529], [-96.807985, 32.770529], [-96.807985, 32.77051]]]}}, {"type": "Feature", "properties": {"k": "pier", "b": 0.0, "h": 17.91}, "geometry": {"type": "Polygon", "coordinates": [[[-96.808332, 32.770686], [-96.808309, 32.770686], [-96.808309, 32.770706], [-96.808332, 32.770706], [-96.808332, 32.770686]]]}}, {"type": "Feature", "properties": {"k": "pier", "b": 0.0, "h": 17.91}, "geometry": {"type": "Polygon", "coordinates": [[[-96.808671, 32.770875], [-96.808647, 32.770875], [-96.808647, 32.770895], [-96.808671, 32.770895], [-96.808671, 32.770875]]]}}, {"type": "Feature", "properties": {"k": "deck", "c": "motorway_link", "b": 19.45, "h": 20.95, "lk": 1}, "geometry": {"type": "Polygon", "coordinates": [[[-96.80930406727006, 32.77123014737121], [-96.80927993272994, 32.77125985262879], [-96.80889293272993, 32.77103685262879], [-96.80891706727006, 32.771007147371215], [-96.80930406727006, 32.77123014737121]]]}}, {"type": "Feature", "properties": {"k": "pier", "b": 0.0, "h": 19.45}, "geometry": {"type": "Polygon", "coordinates": [[[-96.809252, 32.771205], [-96.809228, 32.771205], [-96.809228, 32.771225], [-96.809252, 32.771225], [-96.809252, 32.771205]]]}}, {"type": "Feature", "properties": {"k": "deck", "c": "motorway_link", "b": 5.6, "h": 7.1, "lk": 1}, "geometry": {"type": "Polygon", "coordinates": [[[-96.81161584807357, 32.7746649882454], [-96.81165615192641, 32.7746530117546], [-96.81183715192643, 32.775085011754605], [-96.81179684807358, 32.7750969882454], [-96.81161584807357, 32.7746649882454]]]}}, {"type": "Feature", "properties": {"k": "deck", "c": "motorway_link", "b": 6.38, "h": 7.88, "lk": 1}, "geometry": {"type": "Polygon", "coordinates": [[[-96.80454301364614, 32.76520730858401], [-96.80450298635387, 32.765194691415985], [-96.80462698635387, 32.764915691415986], [-96.80466701364614, 32.76492830858401], [-96.80454301364614, 32.76520730858401]]]}}, {"type": "Feature", "properties": {"k": "deck", "c": "motorway_link", "b": 7.93, "h": 9.43, "lk": 1}, "geometry": {"type": "Polygon", "coordinates": [[[-96.8044179291288, 32.76547949557521], [-96.80437807087121, 32.76546650442479], [-96.8045030708712, 32.76519450442479], [-96.8045429291288, 32.765207495575204], [-96.8044179291288, 32.76547949557521]]]}}, {"type": "Feature", "properties": {"k": "deck", "c": "motorway_link", "b": 9.36, "h": 10.86, "lk": 1}, "geometry": {"type": "Polygon", "coordinates": [[[-96.80433449773112, 32.76571808817487], [-96.80429350226889, 32.765707911825125], [-96.80437750226889, 32.76546791182513], [-96.80441849773112, 32.76547808817487], [-96.80433449773112, 32.76571808817487]]]}}, {"type": "Feature", "properties": {"k": "deck", "c": "motorway_link", "b": 10.65, "h": 12.15, "lk": 1}, "geometry": {"type": "Polygon", "coordinates": [[[-96.80426063800297, 32.765949668739026], [-96.80421936199701, 32.76594033126098], [-96.80429336199703, 32.765708331260974], [-96.80433463800298, 32.76571766873902], [-96.80426063800297, 32.765949668739026]]]}}, {"type": "Feature", "properties": {"k": "deck", "c": "motorway_link", "b": 11.99, "h": 13.49, "lk": 1}, "geometry": {"type": "Polygon", "coordinates": [[[-96.8041817122638, 32.76621142936594], [-96.80414028773619, 32.766202570634064], [-96.80421928773619, 32.765940570634065], [-96.8042607122638, 32.76594942936594], [-96.8041817122638, 32.76621142936594]]]}}, {"type": "Feature", "properties": {"k": "deck", "c": "motorway_link", "b": 12.7, "h": 14.2, "lk": 1}, "geometry": {"type": "Polygon", "coordinates": [[[-96.80669020830713, 32.76586321292204], [-96.80697901609905, 32.76526461130491], [-96.80714585135824, 32.76486700392072], [-96.80718614864175, 32.76487899607928], [-96.80701898390096, 32.76527738869509], [-96.80672979169286, 32.76587678707796], [-96.80636878558914, 32.76662179967426], [-96.80632921441085, 32.76660820032574], [-96.80669020830713, 32.76586321292204]]]}}, {"type": "Feature", "properties": {"k": "pier", "b": 0.0, "h": 12.7}, "geometry": {"type": "Polygon", "coordinates": [[[-96.806514, 32.766289], [-96.806491, 32.766289], [-96.806491, 32.766308], [-96.806514, 32.766308], [-96.806514, 32.766289]]]}}, {"type": "Feature", "properties": {"k": "pier", "b": 0.0, "h": 12.7}, "geometry": {"type": "Polygon", "coordinates": [[[-96.806668, 32.765972], [-96.806644, 32.765972], [-96.806644, 32.765992], [-96.806668, 32.765992], [-96.806668, 32.765972]]]}}, {"type": "Feature", "properties": {"k": "pier", "b": 0.0, "h": 12.7}, "geometry": {"type": "Polygon", "coordinates": [[[-96.806821, 32.765655], [-96.806797, 32.765655], [-96.806797, 32.765675], [-96.806821, 32.765675], [-96.806821, 32.765655]]]}}, {"type": "Feature", "properties": {"k": "pier", "b": 0.0, "h": 12.7}, "geometry": {"type": "Polygon", "coordinates": [[[-96.806973, 32.765338], [-96.80695, 32.765338], [-96.80695, 32.765358], [-96.806973, 32.765358], [-96.806973, 32.765338]]]}}, {"type": "Feature", "properties": {"k": "pier", "b": 0.0, "h": 12.7}, "geometry": {"type": "Polygon", "coordinates": [[[-96.807113, 32.765017], [-96.80709, 32.765017], [-96.80709, 32.765037], [-96.807113, 32.765037], [-96.807113, 32.765017]]]}}, {"type": "Feature", "properties": {"k": "deck", "c": "motorway_link", "b": 2.05, "h": 3.55, "lk": 1}, "geometry": {"type": "Polygon", "coordinates": [[[-96.81062782567496, 32.77362396537642], [-96.81058617432505, 32.77363203462358], [-96.81047117432504, 32.77321103462358], [-96.81051282567495, 32.77320296537642], [-96.81062782567496, 32.77362396537642]]]}}, {"type": "Feature", "properties": {"k": "deck", "c": "motorway_link", "b": 5.6, "h": 7.1, "lk": 1}, "geometry": {"type": "Polygon", "coordinates": [[[-96.81551589570793, 32.77077933556728], [-96.81584435212214, 32.77073026738345], [-96.81616743683996, 32.77068425531837], [-96.81617456316003, 32.77071974468163], [-96.81585164787786, 32.770765732616546], [-96.81552410429208, 32.77081466443272], [-96.815047473544, 32.77090059785899], [-96.81503852645601, 32.770865402141006], [-96.81551589570793, 32.77077933556728]]]}}, {"type": "Feature", "properties": {"k": "deck", "c": "motorway_link", "b": 5.6, "h": 7.1, "lk": 1}, "geometry": {"type": "Polygon", "coordinates": [[[-96.81606091352023, 32.77099752045351], [-96.818120412153, 32.770580229891955], [-96.81837932073881, 32.770437928989836], [-96.8184026792612, 32.77046807101017], [-96.818137587847, 32.77061377010805], [-96.81607108647978, 32.771032479546484], [-96.81550017403869, 32.77115246114531], [-96.81548982596131, 32.77111753885469], [-96.81606091352023, 32.77099752045351]]]}}, {"type": "Feature", "properties": {"k": "deck", "c": "service", "b": 5.6, "h": 7.1, "lk": 0}, "geometry": {"type": "Polygon", "coordinates": [[[-96.80756409678123, 32.77072779674995], [-96.80752990321876, 32.77070620325004], [-96.80759490321877, 32.77063320325004], [-96.80762909678124, 32.77065479674995], [-96.80756409678123, 32.77072779674995]]]}}, {"type": "Feature", "properties": {"k": "deck", "c": "secondary_link", "b": 5.6, "h": 7.1, "lk": 1}, "geometry": {"type": "Polygon", "coordinates": [[[-96.80800582025772, 32.770899049940226], [-96.80796623423814, 32.77084057059311], [-96.80788496534103, 32.77078103640105], [-96.80760230068547, 32.770660036092345], [-96.80727858431568, 32.77052087753094], [-96.80720021125244, 32.77051905490157], [-96.80714293763141, 32.77053050962577], [-96.80701793763141, 32.77055550962577], [-96.80700806236858, 32.77052049037423], [-96.80713306236858, 32.77049549037423], [-96.80719578874756, 32.770482945098436], [-96.80728941568431, 32.770485122469054], [-96.80762169931454, 32.77062796390765], [-96.80790903465896, 32.77075096359896], [-96.80799976576185, 32.77081742940689], [-96.80804817974227, 32.77088895005977], [-96.80805135750401, 32.77096839410317], [-96.80800864249599, 32.77096960589683], [-96.80800582025772, 32.770899049940226]]]}}, {"type": "Feature", "properties": {"k": "deck", "c": "motorway_link", "b": 5.6, "h": 7.1, "lk": 1}, "geometry": {"type": "Polygon", "coordinates": [[[-96.80484562826719, 32.76427203504679], [-96.80461335858948, 32.76459661703231], [-96.80445553580124, 32.764873551358825], [-96.80433187651829, 32.76511787816789], [-96.8042601234817, 32.765092121832105], [-96.80438446419875, 32.76484644864117], [-96.80454464141053, 32.76456538296769], [-96.8047803717328, 32.764235964953215], [-96.80502924271482, 32.7639419359301], [-96.80509275728517, 32.763980064069905], [-96.80484562826719, 32.76427203504679]]]}}, {"type": "Feature", "properties": {"k": "deck", "c": "motorway_link", "b": 2.05, "h": 3.55, "lk": 1}, "geometry": {"type": "Polygon", "coordinates": [[[-96.80340063875441, 32.76957433650375], [-96.80342136124558, 32.769637663496255], [-96.80312836124558, 32.769705663496254], [-96.80310763875441, 32.76964233650375], [-96.80340063875441, 32.76957433650375]]]}}, {"type": "Feature", "properties": {"k": "deck", "c": "motorway", "b": 5.6, "h": 7.1, "lk": 0}, "geometry": {"type": "Polygon", "coordinates": [[[-96.81207233175031, 32.777122319015945], [-96.81226766824967, 32.77712968098406], [-96.81225666824967, 32.77733668098406], [-96.81206133175031, 32.77732931901594], [-96.81207233175031, 32.777122319015945]]]}}, {"type": "Feature", "properties": {"k": "deck", "c": "motorway_link", "b": 12.7, "h": 14.2, "lk": 1}, "geometry": {"type": "Polygon", "coordinates": [[[-96.8117469160677, 32.77599314812173], [-96.8117870839323, 32.77598085187827], [-96.8119890839323, 32.77644885187827], [-96.8119489160677, 32.776461148121726], [-96.8117469160677, 32.77599314812173]]]}}, {"type": "Feature", "properties": {"k": "pier", "b": 0.0, "h": 12.7}, "geometry": {"type": "Polygon", "coordinates": [[[-96.811842, 32.776124], [-96.811819, 32.776124], [-96.811819, 32.776144], [-96.811842, 32.776144], [-96.811842, 32.776124]]]}}, {"type": "Feature", "properties": {"k": "deck", "c": "motorway_link", "b": 5.6, "h": 7.1, "lk": 1}, "geometry": {"type": "Polygon", "coordinates": [[[-96.81097971759775, 32.77669705775851], [-96.81090228240225, 32.776704942241494], [-96.81081528240226, 32.77609894224149], [-96.81089271759775, 32.77609105775851], [-96.81097971759775, 32.77669705775851]]]}}, {"type": "Feature", "properties": {"k": "deck", "c": "motorway_link", "b": 4.39, "h": 5.89, "lk": 1}, "geometry": {"type": "Polygon", "coordinates": [[[-96.81055809987326, 32.77611613988834], [-96.81044083750324, 32.77636269153814], [-96.81040116249677, 32.77634930846186], [-96.81051790012673, 32.77610386011167], [-96.81057068154064, 32.775967425136095], [-96.81061131845937, 32.775978574863906], [-96.81055809987326, 32.77611613988834]]]}}, {"type": "Feature", "properties": {"k": "deck", "c": "motorway_link", "b": 1.77, "h": 3.27, "lk": 1}, "geometry": {"type": "Polygon", "coordinates": [[[-96.81030011444109, 32.77669307697264], [-96.81025988555892, 32.776680923027364], [-96.81040088555892, 32.77634992302736], [-96.81044111444109, 32.77636207697264], [-96.81030011444109, 32.77669307697264]]]}}, {"type": "Feature", "properties": {"k": "deck", "c": "motorway_link", "b": 0.0, "h": 1.06, "lk": 1}, "geometry": {"type": "Polygon", "coordinates": [[[-96.8101670597313, 32.776998203904526], [-96.8101269402687, 32.776985796095474], [-96.81025994026871, 32.77668079609548], [-96.8103000597313, 32.77669320390453], [-96.8101670597313, 32.776998203904526]]]}}, {"type": "Feature", "properties": {"k": "deck", "c": "motorway_link", "b": 5.6, "h": 7.1, "lk": 1}, "geometry": {"type": "Polygon", "coordinates": [[[-96.81086531938733, 32.77580227791477], [-96.81087536067524, 32.77609447939278], [-96.81083263932477, 32.776095520607214], [-96.81082268061267, 32.77580572208523], [-96.81061291125926, 32.774726908267695], [-96.81065508874073, 32.7747210917323], [-96.81086531938733, 32.77580227791477]]]}}, {"type": "Feature", "properties": {"k": "deck", "c": "motorway_link", "b": 5.6, "h": 7.1, "lk": 1}, "geometry": {"type": "Polygon", "coordinates": [[[-96.81068032499917, 32.77560916402364], [-96.8106692250116, 32.77576153658026], [-96.81061185146996, 32.77597693899973], [-96.81057014853005, 32.77596906100027], [-96.8106267749884, 32.77575646341974], [-96.81063767500083, 32.775606835976355], [-96.81064968002684, 32.77545877398897], [-96.81069231997316, 32.77546122601103], [-96.81068032499917, 32.77560916402364]]]}}, {"type": "Feature", "properties": {"k": "deck", "c": "motorway_link", "b": 2.9, "h": 4.4, "lk": 1}, "geometry": {"type": "Polygon", "coordinates": [[[-96.81068471785805, 32.770483284057626], [-96.81070728214193, 32.770452715942376], [-96.81104728214194, 32.770630715942374], [-96.81102471785806, 32.770661284057624], [-96.81068471785805, 32.770483284057626]]]}}, {"type": "Feature", "properties": {"k": "deck", "c": "motorway_link", "b": 0.0, "h": 0.85, "lk": 1}, "geometry": {"type": "Polygon", "coordinates": [[[-96.8105695490636, 32.770453157034325], [-96.8105824509364, 32.77041884296567], [-96.81070245093639, 32.77045084296567], [-96.8106895490636, 32.77048515703433], [-96.8105695490636, 32.770453157034325]]]}}, {"type": "Feature", "properties": {"k": "deck", "c": "service", "b": 5.6, "h": 7.1, "lk": 0}, "geometry": {"type": "Polygon", "coordinates": [[[-96.80627937681096, 32.77234782123402], [-96.80631462318904, 32.77236817876597], [-96.80617862318904, 32.77253517876598], [-96.80614337681097, 32.772514821234026], [-96.80627937681096, 32.77234782123402]]]}}, {"type": "Feature", "properties": {"k": "deck", "c": "secondary_link", "b": 5.6, "h": 7.1, "lk": 1}, "geometry": {"type": "Polygon", "coordinates": [[[-96.80577902590024, 32.772193548200484], [-96.80579614261376, 32.77223498866479], [-96.80581850768428, 32.77228717382933], [-96.80589570551749, 32.77235307441867], [-96.80617291160921, 32.77251005851362], [-96.80647978464808, 32.77268329329362], [-96.80653976138275, 32.77269582574564], [-96.80659172244424, 32.77269230296181], [-96.80667544692254, 32.7726615077514], [-96.80669255307747, 32.7726944922486], [-96.80660227755575, 32.772727697038185], [-96.80653623861726, 32.77273217425436], [-96.80646221535193, 32.77271670670638], [-96.8061490883908, 32.772539941486386], [-96.80586829448251, 32.77238092558134], [-96.80578149231573, 32.77230682617067], [-96.80575585738623, 32.77224701133521], [-96.80573497409976, 32.77219645179952], [-96.80575397007625, 32.7721078039092], [-96.80579602992374, 32.772114196090804], [-96.80577902590024, 32.772193548200484]]]}}, {"type": "Feature", "properties": {"k": "deck", "c": "motorway_link", "b": 5.6, "h": 7.1, "lk": 1}, "geometry": {"type": "Polygon", "coordinates": [[[-96.79447409689237, 32.79438297519149], [-96.79445990310762, 32.794349024808504], [-96.79463190310763, 32.794298024808505], [-96.79464609689238, 32.79433197519149], [-96.79447409689237, 32.79438297519149]]]}}, {"type": "Feature", "properties": {"k": "deck", "c": "motorway_link", "b": 5.6, "h": 7.1, "lk": 1}, "geometry": {"type": "Polygon", "coordinates": [[[-96.79283184337773, 32.79589507563076], [-96.79279815662228, 32.79587292436924], [-96.79293815662228, 32.79572192436924], [-96.79297184337773, 32.79574407563076], [-96.79283184337773, 32.79589507563076]]]}}, {"type": "Feature", "properties": {"k": "deck", "c": "motorway_link", "b": 5.6, "h": 7.1, "lk": 1}, "geometry": {"type": "Polygon", "coordinates": [[[-96.79630349401525, 32.79387932848941], [-96.79632450598474, 32.79391067151059], [-96.79599850598474, 32.79406567151059], [-96.79597749401525, 32.79403432848941], [-96.79630349401525, 32.79387932848941]]]}}, {"type": "Feature", "properties": {"k": "deck", "c": "motorway_link", "b": 5.6, "h": 7.1, "lk": 1}, "geometry": {"type": "Polygon", "coordinates": [[[-96.79665348066766, 32.79323635159888], [-96.79661851933236, 32.793215648401116], [-96.79679051933235, 32.79300964840112], [-96.79682548066765, 32.79303035159888], [-96.79665348066766, 32.79323635159888]]]}}, {"type": "Feature", "properties": {"k": "deck", "c": "motorway_link", "b": 5.6, "h": 7.1, "lk": 1}, "geometry": {"type": "Polygon", "coordinates": [[[-96.79761793890367, 32.792776230187265], [-96.79776172193245, 32.79271198670633], [-96.79779827806756, 32.79277001329367], [-96.79766006109634, 32.79283176981273], [-96.79690657102893, 32.79331316624468], [-96.79685942897106, 32.79326083375532], [-96.79761793890367, 32.792776230187265]]]}}, {"type": "Feature", "properties": {"k": "deck", "c": "motorway_link", "b": 5.6, "h": 7.1, "lk": 1}, "geometry": {"type": "Polygon", "coordinates": [[[-96.79766351883198, 32.79283192107097], [-96.79774727698926, 32.792723131740274], [-96.79781272301075, 32.792758868259725], [-96.79772248116801, 32.79287607892903], [-96.79699189420889, 32.79338628221866], [-96.7969421057911, 32.79333571778133], [-96.79766351883198, 32.79283192107097]]]}}, {"type": "Feature", "properties": {"k": "deck", "c": "motorway_link", "b": 5.6, "h": 7.1, "lk": 1}, "geometry": {"type": "Polygon", "coordinates": [[[-96.79665600057493, 32.79325419704119], [-96.79630948297968, 32.79342545284693], [-96.79595882751154, 32.79359276559888], [-96.79578324285282, 32.793672029530526], [-96.79560766373528, 32.79374928434225], [-96.79551799865185, 32.7937865608376], [-96.79542727662545, 32.793822849648166], [-96.79533489281745, 32.79385736667533], [-96.7952400128842, 32.79388797310541], [-96.79515446255891, 32.79391139759924], [-96.79506708689527, 32.7939327335171], [-96.79497852421623, 32.79395105683001], [-96.79488873591276, 32.79396636165446], [-96.79479867963865, 32.79397761868873], [-96.79470733020996, 32.79398480347525], [-96.79461499422062, 32.79398685538612], [-96.7945240649489, 32.7939848120317], [-96.79442398005366, 32.79397868438506], [-96.79432460600636, 32.793967415163195], [-96.79422625546097, 32.79395102340564], [-96.7941288331046, 32.79392948793738], [-96.79403447167965, 32.79390282057816], [-96.79394114932678, 32.79387102944696], [-96.79385104012127, 32.79383416659016], [-96.79376307811238, 32.79379325402789], [-96.79365055892485, 32.79373290282731], [-96.79354492117521, 32.793664187009576], [-96.79343150495356, 32.793577336749756], [-96.79332707169365, 32.79348211818925], [-96.79323390376295, 32.793378712024406], [-96.79315203195125, 32.793269208476254], [-96.79308237454575, 32.79315345425828], [-96.79302613265622, 32.79303278984075], [-96.7929813270858, 32.792908556213675], [-96.79293479751499, 32.792742668178626], [-96.79289946626061, 32.79257610655083], [-96.79276234169832, 32.79172833644682], [-96.79268132676923, 32.79120423986843], [-96.79275867323078, 32.79119576013158], [-96.79283965830167, 32.79171966355318], [-96.7929765337394, 32.79256589344917], [-96.79301120248502, 32.79272933182137], [-96.7930566729142, 32.79289144378633], [-96.79309986734378, 32.79301121015925], [-96.79315362545427, 32.79312654574172], [-96.79321996804876, 32.793236791523746], [-96.79329809623705, 32.79334128797559], [-96.79338692830635, 32.79343988181075], [-96.79348649504644, 32.793530663250245], [-96.7935950788248, 32.79361381299042], [-96.79369544107514, 32.79367909717269], [-96.79380292188763, 32.79373674597211], [-96.79388695987873, 32.79377583340984], [-96.79397285067323, 32.79381097055304], [-96.79406152832036, 32.79384117942184], [-96.7941511668954, 32.793866512062614], [-96.79424374453903, 32.793886976594365], [-96.79433739399364, 32.7939025848368], [-96.79443201994633, 32.79391331561494], [-96.79452793505111, 32.79391918796829], [-96.79461500577936, 32.793921144613876], [-96.79470266979003, 32.79391919652475], [-96.79478932036135, 32.79391238131127], [-96.79487526408724, 32.79390163834554], [-96.79496147578378, 32.793886943169994], [-96.79504691310473, 32.79386926648289], [-96.79513153744108, 32.793848602400764], [-96.7952139871158, 32.79382602689459], [-96.79530510718256, 32.79379663332467], [-96.79539472337456, 32.793763150351836], [-96.79548400134816, 32.793727439162396], [-96.79557233626473, 32.79369071565775], [-96.79574675714719, 32.79361397046948], [-96.79592117248846, 32.793535234401126], [-96.79627051702032, 32.793368547153065], [-96.79661599942509, 32.7931978029588], [-96.7967407401623, 32.79313393570135], [-96.7967812598377, 32.793190064298656], [-96.79665600057493, 32.79325419704119]]]}}, {"type": "Feature", "properties": {"k": "deck", "c": "motorway_link", "b": 12.7, "h": 14.2, "lk": 1}, "geometry": {"type": "Polygon", "coordinates": [[[-96.81062822291092, 32.773625894830346], [-96.81058577708909, 32.77363010516966], [-96.81052577708908, 32.773201105169655], [-96.81056822291092, 32.77319689483034], [-96.81062822291092, 32.773625894830346]]]}}, {"type": "Feature", "properties": {"k": "pier", "b": 0.0, "h": 12.7}, "geometry": {"type": "Polygon", "coordinates": [[[-96.810606, 32.773529], [-96.810583, 32.773529], [-96.810583, 32.773548], [-96.810606, 32.773548], [-96.810606, 32.773529]]]}}, {"type": "Feature", "properties": {"k": "deck", "c": "motorway_link", "b": 19.8, "h": 21.3, "lk": 1}, "geometry": {"type": "Polygon", "coordinates": [[[-96.81245553443217, 32.77079862294089], [-96.81243446556782, 32.77073537705911], [-96.81261646556783, 32.77069237705911], [-96.81263753443218, 32.77075562294089], [-96.81245553443217, 32.77079862294089]]]}}, {"type": "Feature", "properties": {"k": "deck", "c": "motorway_link", "b": 19.8, "h": 21.3, "lk": 1}, "geometry": {"type": "Polygon", "coordinates": [[[-96.81249435593438, 32.77071756650117], [-96.81250364406563, 32.77068243349883], [-96.81263164406563, 32.77070643349883], [-96.81262235593438, 32.77074156650117], [-96.81249435593438, 32.77071756650117]]]}}, {"type": "Feature", "properties": {"k": "deck", "c": "motorway_link", "b": 5.6, "h": 7.1, "lk": 1}, "geometry": {"type": "Polygon", "coordinates": [[[-96.81402996780379, 32.770872988669915], [-96.81337480064758, 32.77097270969826], [-96.81336719935243, 32.77093729030174], [-96.8140260321962, 32.77083701133008], [-96.81426889471163, 32.7708360036018], [-96.81426910528836, 32.7708719963982], [-96.81402996780379, 32.770872988669915]]]}}, {"type": "Feature", "properties": {"k": "deck", "c": "motorway", "b": 5.6, "h": 7.1, "lk": 0}, "geometry": {"type": "Polygon", "coordinates": [[[-96.81329353627483, 32.7711186225055], [-96.81327246372517, 32.771055377494505], [-96.81425846372517, 32.770822377494504], [-96.81427953627482, 32.770885622505496], [-96.81329353627483, 32.7711186225055]]]}}, {"type": "Feature", "properties": {"k": "deck", "c": "motorway_link", "b": 5.6, "h": 7.1, "lk": 1}, "geometry": {"type": "Polygon", "coordinates": [[[-96.81432466443373, 32.770565894981864], [-96.81370628363624, 32.77059082969144], [-96.81357370153822, 32.770592838511114], [-96.81357229846179, 32.77052716148889], [-96.81370371636376, 32.77052517030856], [-96.81432533556627, 32.77050010501814], [-96.81463753415963, 32.77051722558616], [-96.81463246584036, 32.77058277441384], [-96.81432466443373, 32.770565894981864]]]}}, {"type": "Feature", "properties": {"k": "deck", "c": "motorway_link", "b": 5.6, "h": 7.1, "lk": 1}, "geometry": {"type": "Polygon", "coordinates": [[[-96.81406410409976, 32.7706436679993], [-96.81359233068788, 32.77067772382946], [-96.8135856693121, 32.770612276170546], [-96.81405589590024, 32.7705783320007], [-96.81463012573893, 32.770517413704766], [-96.81463987426106, 32.770582586295234], [-96.81406410409976, 32.7706436679993]]]}}, {"type": "Feature", "properties": {"k": "deck", "c": "motorway_link", "b": 2.66, "h": 4.16, "lk": 1}, "geometry": {"type": "Polygon", "coordinates": [[[-96.81494237141602, 32.78181153081663], [-96.81493162858398, 32.78174646918337], [-96.81580262858398, 32.78164446918337], [-96.81581337141603, 32.781709530816634], [-96.81494237141602, 32.78181153081663]]]}}, {"type": "Feature", "properties": {"k": "deck", "c": "motorway_link", "b": 0.0, "h": 0.68, "lk": 1}, "geometry": {"type": "Polygon", "coordinates": [[[-96.81488727776247, 32.781817542480866], [-96.81476354498567, 32.78183251015548], [-96.81475245501433, 32.78176748984451], [-96.81487672223753, 32.78175245751913], [-96.8149319899665, 32.78174642831233], [-96.8149420100335, 32.78181157168767], [-96.81488727776247, 32.781817542480866]]]}}, {"type": "Feature", "properties": {"k": "deck", "c": "motorway_link", "b": 5.6, "h": 7.1, "lk": 1}, "geometry": {"type": "Polygon", "coordinates": [[[-96.81206594233021, 32.7821189965511], [-96.8120660576698, 32.782083003448896], [-96.8125060576698, 32.7820840034489], [-96.8125059423302, 32.7821199965511], [-96.81206594233021, 32.7821189965511]]]}}, {"type": "Feature", "properties": {"k": "deck", "c": "motorway_link", "b": 5.6, "h": 7.1, "lk": 1}, "geometry": {"type": "Polygon", "coordinates": [[[-96.81721086135158, 32.78152117241038], [-96.81674046026426, 32.781597399452245], [-96.8158135442034, 32.78170951025011], [-96.81580245579661, 32.781644489749894], [-96.81672753973574, 32.781532600547756], [-96.81719513864843, 32.78145682758962], [-96.81751964894801, 32.781396917995856], [-96.81753635105198, 32.78146108200415], [-96.81721086135158, 32.78152117241038]]]}}, {"type": "Feature", "properties": {"k": "deck", "c": "motorway", "b": 5.6, "h": 7.1, "lk": 0}, "geometry": {"type": "Polygon", "coordinates": [[[-96.81870674496945, 32.78124311136466], [-96.81873325503055, 32.78130488863535], [-96.81804325503055, 32.78151488863534], [-96.81801674496944, 32.781453111364655], [-96.81870674496945, 32.78124311136466]]]}}, {"type": "Feature", "properties": {"k": "deck", "c": "motorway", "b": 5.6, "h": 7.1, "lk": 0}, "geometry": {"type": "Polygon", "coordinates": [[[-96.81943229821852, 32.78092516742689], [-96.81936970178148, 32.780804832573104], [-96.81967870178148, 32.78069083257311], [-96.81974129821852, 32.7808111674269], [-96.81943229821852, 32.78092516742689]]]}}, {"type": "Feature", "properties": {"k": "deck", "c": "motorway", "b": 5.6, "h": 7.1, "lk": 0}, "geometry": {"type": "Polygon", "coordinates": [[[-96.81917202228935, 32.781002924182545], [-96.81911997771066, 32.78087907581745], [-96.81937497771065, 32.78080307581745], [-96.81942702228935, 32.780926924182545], [-96.81917202228935, 32.781002924182545]]]}}, {"type": "Feature", "properties": {"k": "deck", "c": "motorway", "b": 5.6, "h": 7.1, "lk": 0}, "geometry": {"type": "Polygon", "coordinates": [[[-96.81886972357599, 32.78105604673518], [-96.818844276424, 32.78099395326482], [-96.81913327642401, 32.78090995326482], [-96.819158723576, 32.78097204673518], [-96.81886972357599, 32.78105604673518]]]}}, {"type": "Feature", "properties": {"k": "deck", "c": "motorway_link", "b": 5.6, "h": 7.1, "lk": 1}, "geometry": {"type": "Polygon", "coordinates": [[[-96.81888672869388, 32.78108856413107], [-96.81886527130612, 32.78105743586893], [-96.81913527130612, 32.78092543586893], [-96.81915672869388, 32.78095656413107], [-96.81888672869388, 32.78108856413107]]]}}, {"type": "Feature", "properties": {"k": "deck", "c": "motorway_link", "b": 5.6, "h": 7.1, "lk": 1}, "geometry": {"type": "Polygon", "coordinates": [[[-96.81882805217397, 32.78098491344017], [-96.81882394782603, 32.78094908655982], [-96.81914394782603, 32.780923086559824], [-96.81914805217397, 32.78095891344017], [-96.81882805217397, 32.78098491344017]]]}}, {"type": "Feature", "properties": {"k": "deck", "c": "motorway_link", "b": 5.6, "h": 7.1, "lk": 1}, "geometry": {"type": "Polygon", "coordinates": [[[-96.81784468188198, 32.78154634476803], [-96.81801999303399, 32.78146809854765], [-96.818040006966, 32.78149990145235], [-96.81786131811802, 32.781579655231965], [-96.81760649723466, 32.78164814463934], [-96.81759350276533, 32.78161385536065], [-96.81784468188198, 32.78154634476803]]]}}, {"type": "Feature", "properties": {"k": "deck", "c": "motorway_link", "b": 5.6, "h": 7.1, "lk": 1}, "geometry": {"type": "Polygon", "coordinates": [[[-96.81869021415575, 32.78119293483869], [-96.81870378584425, 32.78122706516131], [-96.81785278584425, 32.78146706516131], [-96.81783921415575, 32.78143293483869], [-96.81869021415575, 32.78119293483869]]]}}, {"type": "Feature", "properties": {"k": "deck", "c": "motorway", "b": 5.6, "h": 7.1, "lk": 0}, "geometry": {"type": "Polygon", "coordinates": [[[-96.81857993849066, 32.7811362678254], [-96.81825869788638, 32.78122133153682], [-96.81823530211362, 32.781158668463185], [-96.81855606150934, 32.78107373217459], [-96.81884482190367, 32.78099379850142], [-96.81886917809632, 32.78105620149858], [-96.81857993849066, 32.7811362678254]]]}}, {"type": "Feature", "properties": {"k": "deck", "c": "motorway_link", "b": 12.7, "h": 14.2, "lk": 1}, "geometry": {"type": "Polygon", "coordinates": [[[-96.81243244827263, 32.78238400114353], [-96.81296971731685, 32.78238600962593], [-96.81312429914239, 32.78240648403991], [-96.81327109132161, 32.78245062434555], [-96.81338339810426, 32.782506262568155], [-96.81346841994961, 32.78256669978353], [-96.8135529807343, 32.782636997303314], [-96.81362081996694, 32.782709899165276], [-96.81358718003305, 32.78273210083473], [-96.81352101926569, 32.782661002696685], [-96.81343958005037, 32.782593300216476], [-96.81335860189574, 32.78253573743185], [-96.81325290867838, 32.782483375654444], [-96.81311370085761, 32.78244151596009], [-96.81296628268315, 32.78242199037407], [-96.81243355172737, 32.78241999885647], [-96.81137619730356, 32.7824699683472], [-96.81137380269644, 32.7824340316528], [-96.81243244827263, 32.78238400114353]]]}}, {"type": "Feature", "properties": {"k": "pier", "b": 0.0, "h": 12.7}, "geometry": {"type": "Polygon", "coordinates": [[[-96.811792, 32.782423], [-96.811769, 32.782423], [-96.811769, 32.782443], [-96.811792, 32.782443], [-96.811792, 32.782423]]]}}, {"type": "Feature", "properties": {"k": "pier", "b": 0.0, "h": 12.7}, "geometry": {"type": "Polygon", "coordinates": [[[-96.812198, 32.782404], [-96.812174, 32.782404], [-96.812174, 32.782424], [-96.812198, 32.782424], [-96.812198, 32.782404]]]}}, {"type": "Feature", "properties": {"k": "pier", "b": 0.0, "h": 12.7}, "geometry": {"type": "Polygon", "coordinates": [[[-96.812603, 32.782393], [-96.81258, 32.782393], [-96.81258, 32.782412], [-96.812603, 32.782412], [-96.812603, 32.782393]]]}}, {"type": "Feature", "properties": {"k": "pier", "b": 0.0, "h": 12.7}, "geometry": {"type": "Polygon", "coordinates": [[[-96.813009, 32.782398], [-96.812985, 32.782398], [-96.812985, 32.782418], [-96.813009, 32.782418], [-96.813009, 32.782398]]]}}, {"type": "Feature", "properties": {"k": "pier", "b": 0.0, "h": 12.7}, "geometry": {"type": "Polygon", "coordinates": [[[-96.813386, 32.782513], [-96.813363, 32.782513], [-96.813363, 32.782533], [-96.813386, 32.782533], [-96.813386, 32.782513]]]}}, {"type": "Feature", "properties": {"k": "deck", "c": "motorway_link", "b": 2.05, "h": 3.55, "lk": 1}, "geometry": {"type": "Polygon", "coordinates": [[[-96.81578037097822, 32.79930569680583], [-96.81582162902177, 32.79929630319417], [-96.81593462902178, 32.79964830319417], [-96.81589337097823, 32.79965769680583], [-96.81578037097822, 32.79930569680583]]]}}, {"type": "Feature", "properties": {"k": "deck", "c": "motorway_link", "b": 5.6, "h": 7.1, "lk": 1}, "geometry": {"type": "Polygon", "coordinates": [[[-96.78318012036223, 32.780729934648626], [-96.78358900483013, 32.78098147876982], [-96.78354299516985, 32.78103452123018], [-96.78313587963777, 32.78078406535138], [-96.7828507989751, 32.780628566808105], [-96.78289320102489, 32.78057343319189], [-96.78318012036223, 32.780729934648626]]]}}, {"type": "Feature", "properties": {"k": "deck", "c": "motorway_link", "b": 5.6, "h": 7.1, "lk": 1}, "geometry": {"type": "Polygon", "coordinates": [[[-96.78335633047587, 32.78082764847224], [-96.78358016480071, 32.780994524955496], [-96.78355183519928, 32.781021475044504], [-96.78332766952414, 32.780854351527765], [-96.78292350692145, 32.78054022514845], [-96.78295249307855, 32.78051377485155], [-96.78335633047587, 32.78082764847224]]]}}, {"type": "Feature", "properties": {"k": "deck", "c": "motorway_link", "b": 5.6, "h": 7.1, "lk": 1}, "geometry": {"type": "Polygon", "coordinates": [[[-96.78217624693782, 32.77902309747374], [-96.78202683598631, 32.778975557625536], [-96.78185446960403, 32.77894342152036], [-96.78168855368848, 32.77892682992881], [-96.78152472103717, 32.77892584298512], [-96.78152527896283, 32.778860157014876], [-96.78169344631151, 32.778861170071195], [-96.78186753039598, 32.77887857847964], [-96.78204916401369, 32.77891244237447], [-96.78220775306217, 32.77896290252626], [-96.78237363087466, 32.77903370403159], [-96.78233836912533, 32.77909229596841], [-96.78217624693782, 32.77902309747374]]]}}, {"type": "Feature", "properties": {"k": "deck", "c": "motorway_link", "b": 5.6, "h": 7.1, "lk": 1}, "geometry": {"type": "Polygon", "coordinates": [[[-96.78572149464868, 32.78146616558583], [-96.7857445053513, 32.78143583441416], [-96.78650650535131, 32.78184583441416], [-96.78648349464869, 32.781876165585835], [-96.78572149464868, 32.78146616558583]]]}}, {"type": "Feature", "properties": {"k": "deck", "c": "motorway_link", "b": 5.6, "h": 7.1, "lk": 1}, "geometry": {"type": "Polygon", "coordinates": [[[-96.7864512420824, 32.78193241582583], [-96.7864687579176, 32.78189958417418], [-96.7868387579176, 32.78203958417417], [-96.7868212420824, 32.78207241582582], [-96.7864512420824, 32.78193241582583]]]}}, {"type": "Feature", "properties": {"k": "deck", "c": "motorway_link", "b": 5.6, "h": 7.1, "lk": 1}, "geometry": {"type": "Polygon", "coordinates": [[[-96.78824868800375, 32.78254779708731], [-96.78799613974863, 32.78251547091065], [-96.78800786025138, 32.782450529089346], [-96.78825531199625, 32.78248220291268], [-96.7884417349332, 32.78248516200693], [-96.78844026506681, 32.78255083799308], [-96.78824868800375, 32.78254779708731]]]}}, {"type": "Feature", "properties": {"k": "deck", "c": "motorway_link", "b": 5.6, "h": 7.1, "lk": 1}, "geometry": {"type": "Polygon", "coordinates": [[[-96.78517451855143, 32.78115235940888], [-96.78520948144856, 32.78109364059112], [-96.78580148144857, 32.781343640591125], [-96.78576651855144, 32.78140235940888], [-96.78517451855143, 32.78115235940888]]]}}, {"type": "Feature", "properties": {"k": "deck", "c": "motorway_link", "b": 5.6, "h": 7.1, "lk": 1}, "geometry": {"type": "Polygon", "coordinates": [[[-96.78517951457793, 32.781137605446624], [-96.78520448542206, 32.78110839455338], [-96.78574548542205, 32.781436394553374], [-96.78572051457793, 32.78146560544662], [-96.78517951457793, 32.781137605446624]]]}}, {"type": "Feature", "properties": {"k": "deck", "c": "motorway_link", "b": 5.6, "h": 7.1, "lk": 1}, "geometry": {"type": "Polygon", "coordinates": [[[-96.79112720521935, 32.78418810049061], [-96.79120279478066, 32.78417189950939], [-96.79125779478065, 32.78435389950939], [-96.79118220521934, 32.78437010049061], [-96.79112720521935, 32.78418810049061]]]}}, {"type": "Feature", "properties": {"k": "deck", "c": "motorway_link", "b": 5.6, "h": 7.1, "lk": 1}, "geometry": {"type": "Polygon", "coordinates": [[[-96.78821568630403, 32.782558458257995], [-96.78799558925921, 32.782500167716435], [-96.7880084107408, 32.78246583228356], [-96.78822631369596, 32.78252354174201], [-96.78843918596216, 32.78255935202978], [-96.78843081403785, 32.78259464797023], [-96.78821568630403, 32.782558458257995]]]}}, {"type": "Feature", "properties": {"k": "deck", "c": "motorway_link", "b": 5.6, "h": 7.1, "lk": 1}, "geometry": {"type": "Polygon", "coordinates": [[[-96.7863470540753, 32.78250175153292], [-96.78632094592469, 32.78253024846708], [-96.7858669459247, 32.78223524846708], [-96.78589305407532, 32.78220675153292], [-96.7863470540753, 32.78250175153292]]]}}, {"type": "Feature", "properties": {"k": "deck", "c": "motorway_link", "b": 5.6, "h": 7.1, "lk": 1}, "geometry": {"type": "Polygon", "coordinates": [[[-96.78577327928505, 32.78233929715389], [-96.78572472071494, 32.78239070284611], [-96.78531872071494, 32.78211870284611], [-96.78536727928505, 32.782067297153894], [-96.78577327928505, 32.78233929715389]]]}}, {"type": "Feature", "properties": {"k": "deck", "c": "motorway_link", "b": 5.6, "h": 7.1, "lk": 1}, "geometry": {"type": "Polygon", "coordinates": [[[-96.79032952443573, 32.78396525010627], [-96.79029647556426, 32.784024749893725], [-96.78953747556426, 32.783725749893726], [-96.78957052443573, 32.78366625010627], [-96.79032952443573, 32.78396525010627]]]}}, {"type": "Feature", "properties": {"k": "deck", "c": "motorway_link", "b": 5.6, "h": 7.1, "lk": 1}, "geometry": {"type": "Polygon", "coordinates": [[[-96.78506146677401, 32.78171858166666], [-96.78503053322598, 32.78174341833334], [-96.78479053322599, 32.781531418333344], [-96.78482146677402, 32.78150658166666], [-96.78506146677401, 32.78171858166666]]]}}, {"type": "Feature", "properties": {"k": "deck", "c": "motorway_link", "b": 5.6, "h": 7.1, "lk": 1}, "geometry": {"type": "Polygon", "coordinates": [[[-96.78369467844398, 32.78008553958856], [-96.78372932155601, 32.78006446041143], [-96.78388632155601, 32.78024746041144], [-96.78385167844398, 32.78026853958857], [-96.78369467844398, 32.78008553958856]]]}}, {"type": "Feature", "properties": {"k": "deck", "c": "motorway_link", "b": 5.6, "h": 7.1, "lk": 1}, "geometry": {"type": "Polygon", "coordinates": [[[-96.78357364589826, 32.78015762401141], [-96.78363235410174, 32.78011437598859], [-96.78382035410174, 32.78029537598859], [-96.78376164589825, 32.78033862401141], [-96.78357364589826, 32.78015762401141]]]}}, {"type": "Feature", "properties": {"k": "deck", "c": "motorway_link", "b": 5.6, "h": 7.1, "lk": 1}, "geometry": {"type": "Polygon", "coordinates": [[[-96.78350118395457, 32.7804254009085], [-96.78352681604542, 32.7803965990915], [-96.78405281604543, 32.7807285990915], [-96.78402718395458, 32.7807574009085], [-96.78350118395457, 32.7804254009085]]]}}, {"type": "Feature", "properties": {"k": "deck", "c": "motorway_link", "b": 5.6, "h": 7.1, "lk": 1}, "geometry": {"type": "Polygon", "coordinates": [[[-96.78108718057625, 32.779983607545134], [-96.78110481942376, 32.78001639245487], [-96.78072481942375, 32.780161392454865], [-96.78070718057624, 32.78012860754513], [-96.78108718057625, 32.779983607545134]]]}}, {"type": "Feature", "properties": {"k": "deck", "c": "motorway_link", "b": 5.6, "h": 7.1, "lk": 1}, "geometry": {"type": "Polygon", "coordinates": [[[-96.78071045014191, 32.780112490434185], [-96.78072154985809, 32.78017750956581], [-96.77960654985809, 32.78031250956581], [-96.77959545014191, 32.780247490434185], [-96.78071045014191, 32.780112490434185]]]}}, {"type": "Feature", "properties": {"k": "deck", "c": "motorway_link", "b": 5.6, "h": 7.1, "lk": 1}, "geometry": {"type": "Polygon", "coordinates": [[[-96.78003153497204, 32.77618137030484], [-96.78006646502797, 32.776160629695156], [-96.78042646502797, 32.77659062969516], [-96.78039153497204, 32.77661137030484], [-96.78003153497204, 32.77618137030484]]]}}, {"type": "Feature", "properties": {"k": "deck", "c": "motorway_link", "b": 5.6, "h": 7.1, "lk": 1}, "geometry": {"type": "Polygon", "coordinates": [[[-96.78003287408005, 32.776182808718026], [-96.78006512591996, 32.77615919128197], [-96.78047812591996, 32.77655919128197], [-96.78044587408004, 32.776582808718025], [-96.78003287408005, 32.776182808718026]]]}}, {"type": "Feature", "properties": {"k": "deck", "c": "motorway_link", "b": 5.6, "h": 7.1, "lk": 1}, "geometry": {"type": "Polygon", "coordinates": [[[-96.7804973287087, 32.77790345169964], [-96.7804566712913, 32.77791454830036], [-96.7803146712913, 32.77754554830036], [-96.7803553287087, 32.777534451699644], [-96.7804973287087, 32.77790345169964]]]}}, {"type": "Feature", "properties": {"k": "deck", "c": "motorway_link", "b": 5.6, "h": 7.1, "lk": 1}, "geometry": {"type": "Polygon", "coordinates": [[[-96.78062195698645, 32.77782817409703], [-96.78055804301356, 32.77786582590297], [-96.78030304301355, 32.77755882590297], [-96.78036695698644, 32.77752117409703], [-96.78062195698645, 32.77782817409703]]]}}, {"type": "Feature", "properties": {"k": "deck", "c": "motorway_link", "b": 5.6, "h": 7.1, "lk": 1}, "geometry": {"type": "Polygon", "coordinates": [[[-96.77866135277549, 32.77468019343698], [-96.77872464722452, 32.774641806563025], [-96.77920864722452, 32.775207806563024], [-96.77914535277549, 32.77524619343698], [-96.77866135277549, 32.77468019343698]]]}}, {"type": "Feature", "properties": {"k": "deck", "c": "motorway_link", "b": 5.6, "h": 7.1, "lk": 1}, "geometry": {"type": "Polygon", "coordinates": [[[-96.77905724940274, 32.77580927143435], [-96.77898275059727, 32.77582872856565], [-96.77875775059726, 32.77521772856565], [-96.77883224940274, 32.77519827143435], [-96.77905724940274, 32.77580927143435]]]}}, {"type": "Feature", "properties": {"k": "deck", "c": "motorway", "b": 5.6, "h": 7.1, "lk": 0}, "geometry": {"type": "Polygon", "coordinates": [[[-96.77389368553058, 32.780588684825005], [-96.77475125722175, 32.78051663679494], [-96.77648308274931, 32.78037165139747], [-96.77707288139358, 32.780319669144085], [-96.77708911860641, 32.78045033085592], [-96.77649891725068, 32.780502348602525], [-96.7747667292835, 32.78064736433881], [-96.77391031446943, 32.78071931517499], [-96.77329988525842, 32.780778260057886], [-96.77328211474158, 32.78064773994211], [-96.77389368553058, 32.780588684825005]]]}}, {"type": "Feature", "properties": {"k": "deck", "c": "motorway", "b": 5.6, "h": 7.1, "lk": 0}, "geometry": {"type": "Polygon", "coordinates": [[[-96.77618414057854, 32.78028789398967], [-96.77444433094367, 32.78042695870459], [-96.77388088887986, 32.78047291319916], [-96.77343719941304, 32.78051270597645], [-96.77290703693764, 32.780577481466864], [-96.77287896306235, 32.780414518533135], [-96.77341280058697, 32.78034929402355], [-96.77386111112014, 32.78030908680084], [-96.77442566905633, 32.780263041295406], [-96.77616385942146, 32.78012410601033], [-96.77674795824079, 32.7800681922772], [-96.7767700417592, 32.7802318077228], [-96.77618414057854, 32.78028789398967]]]}}, {"type": "Feature", "properties": {"k": "deck", "c": "motorway", "b": 5.6, "h": 7.1, "lk": 0}, "geometry": {"type": "Polygon", "coordinates": [[[-96.77837326009681, 32.77407544450173], [-96.77840071188568, 32.77416956492074], [-96.77843214417975, 32.774268773098854], [-96.77846838744534, 32.77437260515707], [-96.77850551560554, 32.77446835672811], [-96.77854971419545, 32.77457246896209], [-96.77859680908959, 32.77467647018667], [-96.77865051463331, 32.77478485773856], [-96.7787054022029, 32.77488483152601], [-96.7787595054356, 32.77497926625944], [-96.77881311743997, 32.77506699499387], [-96.77888024906706, 32.77516769243451], [-96.77870975093295, 32.77524830756549], [-96.77864088256004, 32.77514500500613], [-96.7785844945644, 32.77505273374056], [-96.77852859779709, 32.774955168473994], [-96.77847148536668, 32.77485114226145], [-96.7784151909104, 32.77473752981333], [-96.77836628580455, 32.7746295310379], [-96.77832048439446, 32.774521643271896], [-96.77828161255465, 32.77442139484293], [-96.77824385582026, 32.77431322690114], [-96.77821128811432, 32.774210435079254], [-96.77818273990319, 32.77411255549826], [-96.7781574586327, 32.774014464168744], [-96.77834854136731, 32.77397953583126], [-96.77837326009681, 32.77407544450173]]]}}, {"type": "Feature", "properties": {"k": "deck", "c": "motorway", "b": 5.6, "h": 7.1, "lk": 0}, "geometry": {"type": "Polygon", "coordinates": [[[-96.77824433149746, 32.7720557152923], [-96.77823742519085, 32.77194324115596], [-96.77822753398429, 32.77183344876322], [-96.7782166190328, 32.771720330175036], [-96.77820576991586, 32.771626633255984], [-96.77819186426092, 32.77152333410502], [-96.778180005368, 32.77143636889021], [-96.77816226340306, 32.77132893143587], [-96.77814343383602, 32.77122586433213], [-96.77812164914317, 32.77111298001466], [-96.7780979712058, 32.77100346955428], [-96.77806821669684, 32.77087850061662], [-96.77804145603149, 32.77077046681947], [-96.77801181806016, 32.77065981839317], [-96.77798121835181, 32.770554200045034], [-96.77794843621973, 32.7704488998632], [-96.77791483457963, 32.77034117695817], [-96.77787836778867, 32.77023769011892], [-96.77783946370019, 32.77012995572007], [-96.77802653629982, 32.770082044279924], [-96.77806563221134, 32.77019030988109], [-96.77810316542036, 32.77029682304183], [-96.77813755785172, 32.770407081130614], [-96.77817078164819, 32.77051379995496], [-96.77820218193985, 32.770622181606825], [-96.77823254396851, 32.77073553318053], [-96.77825978330317, 32.770845499383384], [-96.7782900287942, 32.770972530445725], [-96.77831435085682, 32.77108501998534], [-96.77833656616397, 32.771200135667875], [-96.77835573659695, 32.77130506856414], [-96.778373994632, 32.77141563110979], [-96.77838613573908, 32.77150466589499], [-96.77840023008413, 32.77160936674401], [-96.77841138096719, 32.77170566982496], [-96.7784224660157, 32.771820551236786], [-96.77843257480914, 32.77193275884404], [-96.77843966850253, 32.7720482847077], [-96.77844469313492, 32.772157821693725], [-96.77824930686508, 32.77216417830627], [-96.77824433149746, 32.7720557152923]]]}}, {"type": "Feature", "properties": {"k": "deck", "c": "motorway", "b": 5.6, "h": 7.1, "lk": 0}, "geometry": {"type": "Polygon", "coordinates": [[[-96.77547424917287, 32.76360367025773], [-96.77577518594106, 32.764440494427056], [-96.7759361101784, 32.76487728878558], [-96.77608410766634, 32.76527628201318], [-96.7762401759212, 32.76569946708888], [-96.77703424694812, 32.76790066397833], [-96.77718432899198, 32.76831989315419], [-96.77733245682333, 32.76874526023746], [-96.77747552044578, 32.76916844843536], [-96.77736247955421, 32.76919555156464], [-96.77721954317667, 32.76877273976255], [-96.77707167100803, 32.768348106845814], [-96.77692175305188, 32.76792933602167], [-96.7761278240788, 32.765728532911126], [-96.77597189233366, 32.76530571798681], [-96.7758238898216, 32.76490671121443], [-96.77566281405893, 32.76446950557294], [-96.77536175634076, 32.763632345074186], [-96.7749387453253, 32.76245331440737], [-96.77505125467471, 32.762424685592634], [-96.77547424917287, 32.76360367025773]]]}}, {"type": "Feature", "properties": {"k": "deck", "c": "motorway_link", "b": 5.6, "h": 7.1, "lk": 1}, "geometry": {"type": "Polygon", "coordinates": [[[-96.81107829249032, 32.77478546568073], [-96.8111362766728, 32.775307323323034], [-96.8110937233272, 32.775310676676966], [-96.81103570750969, 32.77478853431928], [-96.81102169437995, 32.77463639176791], [-96.81106430562005, 32.774633608232094], [-96.81107829249032, 32.77478546568073]]]}}, {"type": "Feature", "properties": {"k": "deck", "c": "motorway_link", "b": 4.6, "h": 6.1, "lk": 1}, "geometry": {"type": "Polygon", "coordinates": [[[-96.81116822688995, 32.77553892347792], [-96.81112577311006, 32.77554307652208], [-96.81109377311006, 32.77531107652208], [-96.81113622688994, 32.77530692347792], [-96.81116822688995, 32.77553892347792]]]}}, {"type": "Feature", "properties": {"k": "deck", "c": "motorway_link", "b": 1.05, "h": 2.55, "lk": 1}, "geometry": {"type": "Polygon", "coordinates": [[[-96.81116836961851, 32.776135], [-96.8111256303815, 32.776135], [-96.8111256303815, 32.775541], [-96.81116836961851, 32.775541], [-96.81116836961851, 32.776135]]]}}, {"type": "Feature", "properties": {"k": "deck", "c": "motorway", "b": 12.7, "h": 14.2, "lk": 0}, "geometry": {"type": "Polygon", "coordinates": [[[-96.80419017952414, 32.76672442353131], [-96.80407582047584, 32.7667015764687], [-96.80421582047585, 32.766204576468695], [-96.80433017952414, 32.766227423531305], [-96.80419017952414, 32.76672442353131]]]}}, {"type": "Feature", "properties": {"k": "pier", "b": 0.0, "h": 12.7}, "geometry": {"type": "Polygon", "coordinates": [[[-96.804191, 32.766539], [-96.804168, 32.766539], [-96.804168, 32.766559], [-96.804191, 32.766559], [-96.804191, 32.766539]]]}}, {"type": "Feature", "properties": {"k": "deck", "c": "motorway_link", "b": 12.7, "h": 14.2, "lk": 1}, "geometry": {"type": "Polygon", "coordinates": [[[-96.80620029844262, 32.7664578924086], [-96.80627370155737, 32.7664801075914], [-96.80617470155738, 32.766712107591395], [-96.80610129844263, 32.7666898924086], [-96.80620029844262, 32.7664578924086]]]}}, {"type": "Feature", "properties": {"k": "deck", "c": "motorway_link", "b": 12.7, "h": 14.2, "lk": 1}, "geometry": {"type": "Polygon", "coordinates": [[[-96.80621567771784, 32.76646780280681], [-96.80625832228215, 32.76647019719319], [-96.80623932228215, 32.76671019719319], [-96.80619667771785, 32.766707802806806], [-96.80621567771784, 32.76646780280681]]]}}, {"type": "Feature", "properties": {"k": "deck", "c": "motorway_link", "b": 12.7, "h": 14.2, "lk": 1}, "geometry": {"type": "Polygon", "coordinates": [[[-96.8066551731925, 32.765591113410906], [-96.80703571336022, 32.76481804755836], [-96.80714428663978, 32.76485595244164], [-96.8067628268075, 32.76563088658909], [-96.80629032204857, 32.76648980413817], [-96.80618367795142, 32.766448195861834], [-96.8066551731925, 32.765591113410906]]]}}, {"type": "Feature", "properties": {"k": "pier", "b": 0.0, "h": 12.7}, "geometry": {"type": "Polygon", "coordinates": [[[-96.806419, 32.766149], [-96.806396, 32.766149], [-96.806396, 32.766169], [-96.806419, 32.766169], [-96.806419, 32.766149]]]}}, {"type": "Feature", "properties": {"k": "pier", "b": 0.0, "h": 12.7}, "geometry": {"type": "Polygon", "coordinates": [[[-96.80659, 32.765839], [-96.806567, 32.765839], [-96.806567, 32.765858], [-96.80659, 32.765858], [-96.80659, 32.765839]]]}}, {"type": "Feature", "properties": {"k": "pier", "b": 0.0, "h": 12.7}, "geometry": {"type": "Polygon", "coordinates": [[[-96.806757, 32.765527], [-96.806734, 32.765527], [-96.806734, 32.765547], [-96.806757, 32.765547], [-96.806757, 32.765527]]]}}, {"type": "Feature", "properties": {"k": "pier", "b": 0.0, "h": 12.7}, "geometry": {"type": "Polygon", "coordinates": [[[-96.806913, 32.765211], [-96.806889, 32.765211], [-96.806889, 32.765231], [-96.806913, 32.765231], [-96.806913, 32.765211]]]}}, {"type": "Feature", "properties": {"k": "pier", "b": 0.0, "h": 12.7}, "geometry": {"type": "Polygon", "coordinates": [[[-96.807068, 32.764895], [-96.807045, 32.764895], [-96.807045, 32.764915], [-96.807068, 32.764915], [-96.807068, 32.764895]]]}}, {"type": "Feature", "properties": {"k": "deck", "c": "motorway_link", "b": 5.6, "h": 7.1, "lk": 1}, "geometry": {"type": "Polygon", "coordinates": [[[-96.80669843562218, 32.7682307882565], [-96.80674356437781, 32.76817721174349], [-96.80720556437781, 32.76845321174349], [-96.80716043562218, 32.7685067882565], [-96.80669843562218, 32.7682307882565]]]}}, {"type": "Feature", "properties": {"k": "deck", "c": "motorway", "b": 5.6, "h": 7.1, "lk": 0}, "geometry": {"type": "Polygon", "coordinates": [[[-96.80627005614423, 32.76519962399541], [-96.80641394385577, 32.765250376004595], [-96.80632094385577, 32.76543737600459], [-96.80617705614422, 32.765386623995404], [-96.80627005614423, 32.76519962399541]]]}}, {"type": "Feature", "properties": {"k": "deck", "c": "motorway_link", "b": 5.6, "h": 7.1, "lk": 1}, "geometry": {"type": "Polygon", "coordinates": [[[-96.80572024373252, 32.766247008457746], [-96.80588260081778, 32.7658809486941], [-96.80621522219988, 32.765395582749804], [-96.8062827778001, 32.76542841725019], [-96.80595339918223, 32.765909051305904], [-96.80579375626748, 32.766268991542255], [-96.8056779588965, 32.7665584849697], [-96.80560404110349, 32.7665375150303], [-96.80572024373252, 32.766247008457746]]]}}, {"type": "Feature", "properties": {"k": "deck", "c": "motorway", "b": 5.6, "h": 7.1, "lk": 0}, "geometry": {"type": "Polygon", "coordinates": [[[-96.80578399929921, 32.766404914104555], [-96.8058187746117, 32.766254562018176], [-96.80588414225143, 32.766058459099014], [-96.80596723875779, 32.76587503876178], [-96.80619438870124, 32.765393721040176], [-96.80630361129874, 32.76543027895982], [-96.80607676124221, 32.76591096123822], [-96.80599585774858, 32.76608954090099], [-96.8059332253883, 32.76627743798183], [-96.80590000070079, 32.766421085895445], [-96.80587622599133, 32.76656769660388], [-96.80575977400868, 32.76655430339613], [-96.80578399929921, 32.766404914104555]]]}}, {"type": "Feature", "properties": {"k": "deck", "c": "motorway_link", "b": 9.15, "h": 10.65, "lk": 1}, "geometry": {"type": "Polygon", "coordinates": [[[-96.80332293078959, 32.769759189968845], [-96.8033290692104, 32.76979481003115], [-96.8029690692104, 32.76983881003115], [-96.80296293078959, 32.76980318996885], [-96.80332293078959, 32.769759189968845]]]}}, {"type": "Feature", "properties": {"k": "deck", "c": "motorway_link", "b": 12.7, "h": 14.2, "lk": 1}, "geometry": {"type": "Polygon", "coordinates": [[[-96.80410977472019, 32.766516058153634], [-96.80415398485538, 32.766709600301056], [-96.80411201514461, 32.76671639969895], [-96.8040662252798, 32.76651594184637], [-96.80414004117036, 32.766203488282265], [-96.80418195882963, 32.76621051171774], [-96.80410977472019, 32.766516058153634]]]}}, {"type": "Feature", "properties": {"k": "pier", "b": 0.0, "h": 12.7}, "geometry": {"type": "Polygon", "coordinates": [[[-96.804106, 32.766532], [-96.804082, 32.766532], [-96.804082, 32.766552], [-96.804106, 32.766552], [-96.804106, 32.766532]]]}}, {"type": "Feature", "properties": {"k": "deck", "c": "secondary_link", "b": 2.05, "h": 3.55, "lk": 1}, "geometry": {"type": "Polygon", "coordinates": [[[-96.79342900471303, 32.798962728470286], [-96.79341699528698, 32.798997271529714], [-96.79334399528697, 32.79897927152972], [-96.79335600471303, 32.79894472847029], [-96.79342900471303, 32.798962728470286]]]}}, {"type": "Feature", "properties": {"k": "deck", "c": "secondary_link", "b": 4.39, "h": 5.89, "lk": 1}, "geometry": {"type": "Polygon", "coordinates": [[[-96.79273936253703, 32.79867950976251], [-96.79270863746298, 32.798654490237496], [-96.79273963746297, 32.79862749023749], [-96.79277036253703, 32.798652509762505], [-96.79273936253703, 32.79867950976251]]]}}, {"type": "Feature", "properties": {"k": "deck", "c": "secondary_link", "b": 2.26, "h": 3.76, "lk": 1}, "geometry": {"type": "Polygon", "coordinates": [[[-96.79273440029243, 32.79869935871699], [-96.79269359970758, 32.79868864128301], [-96.79270359970758, 32.79866164128301], [-96.79274440029243, 32.79867235871699], [-96.79273440029243, 32.79869935871699]]]}}, {"type": "Feature", "properties": {"k": "deck", "c": "secondary_link", "b": 0.0, "h": 1.42, "lk": 1}, "geometry": {"type": "Polygon", "coordinates": [[[-96.79272389032865, 32.79874079016132], [-96.79268210967136, 32.79873320983869], [-96.79269310967136, 32.79869020983868], [-96.79273489032865, 32.79869779016131], [-96.79272389032865, 32.79874079016132]]]}}, {"type": "Feature", "properties": {"k": "deck", "c": "secondary_link", "b": 5.6, "h": 7.1, "lk": 1}, "geometry": {"type": "Polygon", "coordinates": [[[-96.79322129568494, 32.798913332965064], [-96.79328275301692, 32.79892965756887], [-96.79335506540396, 32.798944516278546], [-96.79334493459605, 32.79897948372146], [-96.79327124698308, 32.79896434243113], [-96.79320470431504, 32.79894666703493], [-96.79312697483076, 32.79891189331828], [-96.79314702516925, 32.79888010668172], [-96.79322129568494, 32.798913332965064]]]}}, {"type": "Feature", "properties": {"k": "deck", "c": "secondary_link", "b": 5.6, "h": 7.1, "lk": 1}, "geometry": {"type": "Polygon", "coordinates": [[[-96.79287063487698, 32.798635075827214], [-96.79280473506628, 32.79863698596666], [-96.79280326493372, 32.798601014033345], [-96.79287536512302, 32.798598924172786], [-96.79302936769552, 32.79863258036413], [-96.79301863230448, 32.798667419635876], [-96.79287063487698, 32.798635075827214]]]}}, {"type": "Feature", "properties": {"k": "deck", "c": "tertiary", "b": 5.6, "h": 7.1, "lk": 0}, "geometry": {"type": "Polygon", "coordinates": [[[-96.79298538198125, 32.798681736606866], [-96.79306261801875, 32.79861826339314], [-96.79335461801875, 32.798870263393134], [-96.79327738198126, 32.79893373660686], [-96.79298538198125, 32.798681736606866]]]}}, {"type": "Feature", "properties": {"k": "deck", "c": "motorway_link", "b": 12.7, "h": 14.2, "lk": 1}, "geometry": {"type": "Polygon", "coordinates": [[[-96.81075888311109, 32.78310977117135], [-96.81090143063602, 32.7831790085406], [-96.81104251281592, 32.783256705973], [-96.81116462253944, 32.78334541816531], [-96.8112885520702, 32.783483686650044], [-96.81144755236085, 32.78367509464325], [-96.81156649433431, 32.783873331265696], [-96.81164835083646, 32.784041086566404], [-96.811680229763, 32.78411409959167], [-96.81170443846885, 32.78419093591893], [-96.81172275952618, 32.7843293616854], [-96.81164524047382, 32.78433663831459], [-96.81162756153115, 32.78420306408107], [-96.81160577023701, 32.78413390040833], [-96.81157564916353, 32.784064913433596], [-96.81149550566569, 32.783900668734304], [-96.81138044763915, 32.783708905356754], [-96.8112254479298, 32.78352231334996], [-96.81110737746057, 32.783390581834695], [-96.81099548718409, 32.78330929402699], [-96.81086056936397, 32.783234991459395], [-96.8107231168889, 32.78316822882865], [-96.81067279850303, 32.78314887560331], [-96.81070520149696, 32.78308912439669], [-96.81075888311109, 32.78310977117135]]]}}, {"type": "Feature", "properties": {"k": "pier", "b": 0.0, "h": 12.7}, "geometry": {"type": "Polygon", "coordinates": [[[-96.811048, 32.783285], [-96.811024, 32.783285], [-96.811024, 32.783305], [-96.811048, 32.783305], [-96.811048, 32.783285]]]}}, {"type": "Feature", "properties": {"k": "pier", "b": 0.0, "h": 12.7}, "geometry": {"type": "Polygon", "coordinates": [[[-96.811311, 32.783543], [-96.811287, 32.783543], [-96.811287, 32.783563], [-96.811311, 32.783563], [-96.811311, 32.783543]]]}}, {"type": "Feature", "properties": {"k": "pier", "b": 0.0, "h": 12.7}, "geometry": {"type": "Polygon", "coordinates": [[[-96.811518, 32.783836], [-96.811495, 32.783836], [-96.811495, 32.783856], [-96.811518, 32.783856], [-96.811518, 32.783836]]]}}, {"type": "Feature", "properties": {"k": "pier", "b": 0.0, "h": 12.7}, "geometry": {"type": "Polygon", "coordinates": [[[-96.811667, 32.784154], [-96.811644, 32.784154], [-96.811644, 32.784174], [-96.811667, 32.784174], [-96.811667, 32.784154]]]}}, {"type": "Feature", "properties": {"k": "deck", "c": "primary", "b": 5.6, "h": 7.1, "lk": 0}, "geometry": {"type": "Polygon", "coordinates": [[[-96.81742925026826, 32.800810996365456], [-96.81734074973174, 32.80086300363455], [-96.81702174973174, 32.800478003634545], [-96.81711025026826, 32.800425996365455], [-96.81742925026826, 32.800810996365456]]]}}, {"type": "Feature", "properties": {"k": "deck", "c": "motorway_link", "b": 2.05, "h": 3.55, "lk": 1}, "geometry": {"type": "Polygon", "coordinates": [[[-96.8159141478241, 32.78171352805641], [-96.81592585217591, 32.78177847194359], [-96.8151278521759, 32.78188047194359], [-96.8151161478241, 32.781815528056406], [-96.8159141478241, 32.78171352805641]]]}}, {"type": "Feature", "properties": {"k": "deck", "c": "motorway", "b": 5.6, "h": 7.1, "lk": 0}, "geometry": {"type": "Polygon", "coordinates": [[[-96.78301795730393, 32.78008223521191], [-96.78309720799302, 32.780168420336295], [-96.78318556772894, 32.78026174410231], [-96.78326585577344, 32.78034302335724], [-96.78335537775268, 32.78043055595917], [-96.78343455875493, 32.78050676767385], [-96.78353155389968, 32.78059386535484], [-96.78361581242287, 32.780667219833845], [-96.7837119591354, 32.780747507294834], [-96.78380199222269, 32.78081973163959], [-96.78390192969316, 32.78089592159231], [-96.78399999031011, 32.78096723840464], [-96.78409929462278, 32.7810367514235], [-96.78419958571749, 32.78110526712186], [-96.78430040316567, 32.78117149034764], [-96.78440815226185, 32.78123772144346], [-96.78450932519796, 32.78129723493528], [-96.78460676128876, 32.78135291270146], [-96.78471471548686, 32.78141332743618], [-96.78483688857776, 32.78147689717453], [-96.78477511142225, 32.78156110282548], [-96.78465128451315, 32.781496672563826], [-96.78454123871126, 32.78143508729854], [-96.78444267480204, 32.781378765064716], [-96.78433984773815, 32.78131827855654], [-96.78422959683434, 32.78125050965236], [-96.78412641428253, 32.781182732878136], [-96.78402470537723, 32.7811132485765], [-96.7839240096899, 32.78104276159536], [-96.78382407030684, 32.780970078407684], [-96.7837220077773, 32.78089226836041], [-96.7836300408646, 32.780818492705166], [-96.78353218757714, 32.78073678016615], [-96.78344644610033, 32.78066213464516], [-96.78334744124506, 32.780573232326155], [-96.78326662224731, 32.780495444040824], [-96.78317614422656, 32.78040697664276], [-96.78309443227107, 32.78032425589769], [-96.78300479200698, 32.78022957966371], [-96.78292404269608, 32.7801417647881], [-96.7824415664871, 32.77958621645618], [-96.7825364335129, 32.77952778354381], [-96.78301795730393, 32.78008223521191]]]}}, {"type": "Feature", "properties": {"k": "deck", "c": "motorway", "b": 5.6, "h": 7.1, "lk": 0}, "geometry": {"type": "Polygon", "coordinates": [[[-96.7674714637369, 32.785893598138514], [-96.76766005082655, 32.785694035080695], [-96.76787254334937, 32.785452611650996], [-96.76809108706654, 32.78517918252541], [-96.76826465582798, 32.784946759988536], [-96.76843427776211, 32.78469532041557], [-96.76857196353062, 32.784477816810266], [-96.76937584196978, 32.78309102651784], [-96.7695149553983, 32.782856835566214], [-96.76963022261667, 32.78266940104591], [-96.76976064113596, 32.78247678292512], [-96.7698830427444, 32.78231123976618], [-96.76998759184204, 32.782179548114314], [-96.77010721832657, 32.78204685319031], [-96.77024980517933, 32.78190024980648], [-96.77037843036682, 32.78178066857749], [-96.7705100593735, 32.78166712599921], [-96.77070188062777, 32.78151648103511], [-96.77094496829326, 32.78134672146706], [-96.77116313490006, 32.7812160225782], [-96.7713942259498, 32.78109444859117], [-96.77156094453252, 32.781018119601484], [-96.77175440179805, 32.78093291821512], [-96.77191015828792, 32.78086961073859], [-96.77207822997627, 32.78080922570086], [-96.77228004516678, 32.78074898236041], [-96.77247284266413, 32.78069475806428], [-96.77269102653483, 32.780645490738635], [-96.77294000883529, 32.780601316459524], [-96.77319985342474, 32.78056419580389], [-96.77351553068377, 32.78053012270291], [-96.77445880055139, 32.780447098949985], [-96.77533989483403, 32.78037109081663], [-96.77627190407516, 32.78029609007298], [-96.77687984089216, 32.78024409547679], [-96.77688415910784, 32.78027990452321], [-96.77627609592484, 32.780331909927014], [-96.77534410516596, 32.78040690918337], [-96.77446319944862, 32.780482901050014], [-96.77352046931622, 32.78056587729709], [-96.77320614657525, 32.780599804196115], [-96.7729479911647, 32.78063668354048], [-96.77270097346516, 32.78068050926136], [-96.77248515733588, 32.780729241935724], [-96.77229395483323, 32.78078301763959], [-96.77209377002373, 32.78084277429914], [-96.77192784171207, 32.78090238926141], [-96.77177359820196, 32.78096508178488], [-96.77158105546746, 32.78104988039851], [-96.7714157740502, 32.78112555140883], [-96.77118686509993, 32.7812459774218], [-96.77097103170672, 32.781375278532934], [-96.77073011937222, 32.78154351896488], [-96.7705399406265, 32.78169287400079], [-96.77040956963317, 32.78180533142251], [-96.77028219482068, 32.78192375019351], [-96.77014078167342, 32.78206914680969], [-96.77002240815796, 32.782200451885686], [-96.76991895725561, 32.782330760233826], [-96.76979735886404, 32.782495217074874], [-96.76966777738333, 32.782686598954086], [-96.7695530446017, 32.78287316443379], [-96.76941415803023, 32.78310697348216], [-96.76861003646938, 32.784494183189736], [-96.76847172223788, 32.78471267958442], [-96.76830134417202, 32.784965240011466], [-96.76812691293345, 32.785198817474594], [-96.76790745665062, 32.785473388349004], [-96.76769394917346, 32.785715964919305], [-96.7675045362631, 32.785916401861485], [-96.76736534542768, 32.7860555926969], [-96.76733265457231, 32.7860324073031], [-96.7674714637369, 32.785893598138514]]]}}, {"type": "Feature", "properties": {"k": "deck", "c": "service", "b": 5.6, "h": 7.1, "lk": 0}, "geometry": {"type": "Polygon", "coordinates": [[[-96.80036470654063, 32.77366634307806], [-96.80035329345937, 32.773631656921935], [-96.80142029345937, 32.77338265692194], [-96.80143170654064, 32.773417343078066], [-96.80036470654063, 32.77366634307806]]]}}, {"type": "Feature", "properties": {"k": "deck", "c": "motorway", "b": 5.6, "h": 7.1, "lk": 0}, "geometry": {"type": "Polygon", "coordinates": [[[-96.81952574838166, 32.77010567462157], [-96.81958625161835, 32.77033032537843], [-96.81931925161834, 32.77038132537843], [-96.81925874838166, 32.77015667462157], [-96.81952574838166, 32.77010567462157]]]}}, {"type": "Feature", "properties": {"k": "deck", "c": "motorway", "b": 5.6, "h": 7.1, "lk": 0}, "geometry": {"type": "Polygon", "coordinates": [[[-96.81626283189027, 32.770764618540184], [-96.81836991040946, 32.77037260393197], [-96.81841208959055, 32.77053339606804], [-96.81630516810972, 32.77092538145982], [-96.81592124660025, 32.77099736674284], [-96.81587875339974, 32.770836633257154], [-96.81626283189027, 32.770764618540184]]]}}, {"type": "Feature", "properties": {"k": "deck", "c": "motorway", "b": 5.6, "h": 7.1, "lk": 0}, "geometry": {"type": "Polygon", "coordinates": [[[-96.81392003493715, 32.77119514030765], [-96.81500331942621, 32.77095955613437], [-96.81548856205794, 32.77095651067852], [-96.81548943794206, 32.771055489321476], [-96.81501868057379, 32.77105844386563], [-96.81394996506285, 32.77129085969235], [-96.81334423608237, 32.77142779842226], [-96.81331376391762, 32.77133220157774], [-96.81392003493715, 32.77119514030765]]]}}, {"type": "Feature", "properties": {"k": "deck", "c": "motorway_link", "b": 5.6, "h": 7.1, "lk": 1}, "geometry": {"type": "Polygon", "coordinates": [[[-96.8141125393437, 32.77128435851462], [-96.81547885261003, 32.77097428742197], [-96.81549914738997, 32.77103771257803], [-96.8141334606563, 32.77134764148538], [-96.81334877247482, 32.77153756601338], [-96.81332722752518, 32.771474433986626], [-96.8141125393437, 32.77128435851462]]]}}, {"type": "Feature", "properties": {"k": "deck", "c": "motorway", "b": 5.6, "h": 7.1, "lk": 0}, "geometry": {"type": "Polygon", "coordinates": [[[-96.81926121447448, 32.770172824307664], [-96.81931678552552, 32.77036517569233], [-96.81841878552552, 32.77054917569234], [-96.81836321447449, 32.77035682430767], [-96.81926121447448, 32.770172824307664]]]}}, {"type": "Feature", "properties": {"k": "deck", "c": "motorway_link", "b": 5.6, "h": 7.1, "lk": 1}, "geometry": {"type": "Polygon", "coordinates": [[[-96.81651023500602, 32.77063628348893], [-96.81800748143543, 32.77039440522731], [-96.8190325645498, 32.77018637365409], [-96.81929505964327, 32.770251742082046], [-96.81928294035673, 32.77028625791795], [-96.81903143545021, 32.7702236263459], [-96.81801651856456, 32.77042959477269], [-96.81651776499397, 32.77067171651107], [-96.81617450295934, 32.770719753180636], [-96.81616749704065, 32.770684246819364], [-96.81651023500602, 32.77063628348893]]]}}, {"type": "Feature", "properties": {"k": "deck", "c": "motorway_link", "b": 5.6, "h": 7.1, "lk": 1}, "geometry": {"type": "Polygon", "coordinates": [[[-96.8169832414373, 32.770212273922596], [-96.81642930496412, 32.770296264290366], [-96.8161996979111, 32.77033519766022], [-96.8161843020889, 32.77027080233977], [-96.81641469503589, 32.77023173570963], [-96.8169687585627, 32.77014772607741], [-96.8174124286761, 32.77007378105851], [-96.81742757132389, 32.77013821894149], [-96.8169832414373, 32.770212273922596]]]}}, {"type": "Feature", "properties": {"k": "deck", "c": "motorway", "b": 5.6, "h": 7.1, "lk": 0}, "geometry": {"type": "Polygon", "coordinates": [[[-96.81538330419193, 32.77066478715902], [-96.81428357789386, 32.770901943785624], [-96.81425442210613, 32.770806056214376], [-96.81535269580809, 32.77056921284098], [-96.81621497449109, 32.770363385020936], [-96.81624702550891, 32.77045861497907], [-96.81538330419193, 32.77066478715902]]]}}, {"type": "Feature", "properties": {"k": "deck", "c": "service", "b": 5.6, "h": 7.1, "lk": 0}, "geometry": {"type": "Polygon", "coordinates": [[[-96.78556680775323, 32.7769587364582], [-96.78529656047078, 32.777155189279746], [-96.78481384905822, 32.77756210303249], [-96.78469050608764, 32.7776884301072], [-96.78465749391235, 32.7776655698928], [-96.78478215094177, 32.77753789696751], [-96.7852674395292, 32.77712881072025], [-96.78553919224676, 32.7769312635418], [-96.7861043504554, 32.77653615293577], [-96.7861316495446, 32.77656384706423], [-96.78556680775323, 32.7769587364582]]]}}, {"type": "Feature", "properties": {"k": "deck", "c": "motorway_link", "b": 5.6, "h": 7.1, "lk": 1}, "geometry": {"type": "Polygon", "coordinates": [[[-96.81034307262277, 32.77254977482539], [-96.81040757337742, 32.77272009713058], [-96.81045297520369, 32.77287446333991], [-96.81051312195372, 32.77320426801927], [-96.81047087804627, 32.77320973198073], [-96.81041102479632, 32.77288153666009], [-96.8103664266226, 32.77272990286942], [-96.81030292737722, 32.77256222517461], [-96.81019029214208, 32.77233595793234], [-96.81022970785791, 32.77232204206766], [-96.81034307262277, 32.77254977482539]]]}}, {"type": "Feature", "properties": {"k": "deck", "c": "motorway_link", "b": 2.05, "h": 3.55, "lk": 1}, "geometry": {"type": "Polygon", "coordinates": [[[-96.81339288492921, 32.797684371108666], [-96.81346711507078, 32.797607628891335], [-96.81422511507078, 32.798127628891336], [-96.81415088492922, 32.79820437110867], [-96.81339288492921, 32.797684371108666]]]}}, {"type": "Feature", "properties": {"k": "deck", "c": "tertiary", "b": 5.6, "h": 7.1, "lk": 0}, "geometry": {"type": "Polygon", "coordinates": [[[-96.77475914945641, 32.774479861693735], [-96.77446622674988, 32.774233926588586], [-96.77413674525403, 32.77393448899812], [-96.77418925474598, 32.77389351100187], [-96.77451777325011, 32.77419207341142], [-96.77481085054357, 32.774438138306266], [-96.77501140255788, 32.77462264615942], [-96.77495859744212, 32.77466335384057], [-96.77475914945641, 32.774479861693735]]]}}, {"type": "Feature", "properties": {"k": "deck", "c": "motorway_link", "b": 5.6, "h": 7.1, "lk": 1}, "geometry": {"type": "Polygon", "coordinates": [[[-96.81215759572281, 32.77904538918226], [-96.81217866646945, 32.77859387318277], [-96.81233467535529, 32.77706978637491], [-96.81235061765358, 32.7767957781231], [-96.81234266245734, 32.7765203294533], [-96.81220879282697, 32.775611214799305], [-96.81225120717303, 32.7756067852007], [-96.81238533754266, 32.7765176705467], [-96.81239338234641, 32.77679622187689], [-96.8123773246447, 32.77707221362509], [-96.81222133353056, 32.778596126817234], [-96.81220040427719, 32.77904461081775], [-96.81222129701655, 32.77925751778064], [-96.81217870298346, 32.779260482219364], [-96.81215759572281, 32.77904538918226]]]}}, {"type": "Feature", "properties": {"k": "deck", "c": "motorway_link", "b": 5.6, "h": 7.1, "lk": 1}, "geometry": {"type": "Polygon", "coordinates": [[[-96.812216627189, 32.77496916067652], [-96.81217763898658, 32.773812510671114], [-96.81222036101343, 32.773811489328885], [-96.81225937281098, 32.77496883932348], [-96.81225136843454, 32.77560918943966], [-96.81220863156545, 32.77560881056034], [-96.812216627189, 32.77496916067652]]]}}, {"type": "Feature", "properties": {"k": "deck", "c": "motorway_link", "b": 12.7, "h": 14.2, "lk": 1}, "geometry": {"type": "Polygon", "coordinates": [[[-96.81216086270328, 32.77540674964923], [-96.8121047422187, 32.774985846014815], [-96.81205068715295, 32.77450135246267], [-96.81195159007433, 32.77303191295341], [-96.81197278459048, 32.77276344908223], [-96.81203852798052, 32.77251261276329], [-96.81214404441577, 32.77229549240613], [-96.81232525288789, 32.77206797510226], [-96.81236074711211, 32.77208802489774], [-96.81218195558422, 32.77231250759387], [-96.81207947201949, 32.7725233872367], [-96.81201521540952, 32.77276855091777], [-96.81199440992566, 32.773032087046595], [-96.81209331284705, 32.774498647537335], [-96.81214725778132, 32.77498215398519], [-96.81220313729673, 32.775401250350775], [-96.8122509658942, 32.77560551831915], [-96.8122090341058, 32.77561248168085], [-96.81216086270328, 32.77540674964923]]]}}, {"type": "Feature", "properties": {"k": "pier", "b": 0.0, "h": 12.7}, "geometry": {"type": "Polygon", "coordinates": [[[-96.812176, 32.775262], [-96.812153, 32.775262], [-96.812153, 32.775282], [-96.812176, 32.775282], [-96.812176, 32.775262]]]}}, {"type": "Feature", "properties": {"k": "pier", "b": 0.0, "h": 12.7}, "geometry": {"type": "Polygon", "coordinates": [[[-96.812132, 32.774922], [-96.812108, 32.774922], [-96.812108, 32.774942], [-96.812132, 32.774942], [-96.812132, 32.774922]]]}}, {"type": "Feature", "properties": {"k": "pier", "b": 0.0, "h": 12.7}, "geometry": {"type": "Polygon", "coordinates": [[[-96.812094, 32.774582], [-96.81207, 32.774582], [-96.81207, 32.774601], [-96.812094, 32.774601], [-96.812094, 32.774582]]]}}, {"type": "Feature", "properties": {"k": "pier", "b": 0.0, "h": 12.7}, "geometry": {"type": "Polygon", "coordinates": [[[-96.812067, 32.77424], [-96.812043, 32.77424], [-96.812043, 32.77426], [-96.812067, 32.77426], [-96.812067, 32.77424]]]}}, {"type": "Feature", "properties": {"k": "pier", "b": 0.0, "h": 12.7}, "geometry": {"type": "Polygon", "coordinates": [[[-96.812044, 32.773899], [-96.81202, 32.773899], [-96.81202, 32.773919], [-96.812044, 32.773919], [-96.812044, 32.773899]]]}}, {"type": "Feature", "properties": {"k": "pier", "b": 0.0, "h": 12.7}, "geometry": {"type": "Polygon", "coordinates": [[[-96.812021, 32.773558], [-96.811997, 32.773558], [-96.811997, 32.773578], [-96.812021, 32.773578], [-96.812021, 32.773558]]]}}, {"type": "Feature", "properties": {"k": "pier", "b": 0.0, "h": 12.7}, "geometry": {"type": "Polygon", "coordinates": [[[-96.811998, 32.773216], [-96.811974, 32.773216], [-96.811974, 32.773236], [-96.811998, 32.773236], [-96.811998, 32.773216]]]}}, {"type": "Feature", "properties": {"k": "pier", "b": 0.0, "h": 12.7}, "geometry": {"type": "Polygon", "coordinates": [[[-96.811996, 32.772875], [-96.811973, 32.772875], [-96.811973, 32.772895], [-96.811996, 32.772895], [-96.811996, 32.772875]]]}}, {"type": "Feature", "properties": {"k": "pier", "b": 0.0, "h": 12.7}, "geometry": {"type": "Polygon", "coordinates": [[[-96.812063, 32.772539], [-96.812039, 32.772539], [-96.812039, 32.772558], [-96.812063, 32.772558], [-96.812063, 32.772539]]]}}, {"type": "Feature", "properties": {"k": "pier", "b": 0.0, "h": 12.7}, "geometry": {"type": "Polygon", "coordinates": [[[-96.812227, 32.772228], [-96.812204, 32.772228], [-96.812204, 32.772248], [-96.812227, 32.772248], [-96.812227, 32.772228]]]}}, {"type": "Feature", "properties": {"k": "deck", "c": "motorway_link", "b": 4.47, "h": 5.97, "lk": 1}, "geometry": {"type": "Polygon", "coordinates": [[[-96.81215263904875, 32.77307351251237], [-96.81219536095125, 32.773072487487624], [-96.81222036095126, 32.77381148748763], [-96.81217763904876, 32.77381251251237], [-96.81215263904875, 32.77307351251237]]]}}, {"type": "Feature", "properties": {"k": "deck", "c": "motorway_link", "b": 2.78, "h": 4.28, "lk": 1}, "geometry": {"type": "Polygon", "coordinates": [[[-96.81212268111403, 32.77270823934685], [-96.81216531888597, 32.772705760653146], [-96.81219531888597, 32.773071760653146], [-96.81215268111403, 32.77307423934685], [-96.81212268111403, 32.77270823934685]]]}}, {"type": "Feature", "properties": {"k": "deck", "c": "motorway_link", "b": 1.29, "h": 2.79, "lk": 1}, "geometry": {"type": "Polygon", "coordinates": [[[-96.81206218363332, 32.77242320456999], [-96.81194954897869, 32.77211021977748], [-96.81199045102132, 32.772099780222526], [-96.81210381636669, 32.77241479543001], [-96.81216503756028, 32.77270383975383], [-96.81212296243973, 32.77271016024616], [-96.81206218363332, 32.77242320456999]]]}}, {"type": "Feature", "properties": {"k": "deck", "c": "motorway_link", "b": 0.0, "h": 0.95, "lk": 1}, "geometry": {"type": "Polygon", "coordinates": [[[-96.81178403652419, 32.771816324884234], [-96.81166444219272, 32.77163992324531], [-96.81170155780728, 32.77162207675469], [-96.81182196347581, 32.771799675115766], [-96.81198931363105, 32.77209729784694], [-96.81195068636896, 32.772112702153066], [-96.81178403652419, 32.771816324884234]]]}}, {"type": "Feature", "properties": {"k": "deck", "c": "motorway_link", "b": 0.0, "h": 0.1, "lk": 1}, "geometry": {"type": "Polygon", "coordinates": [[[-96.81160251207048, 32.77162485562904], [-96.81161748792952, 32.77159114437096], [-96.81169048792952, 32.77161414437096], [-96.81167551207048, 32.77164785562904], [-96.81160251207048, 32.77162485562904]]]}}, {"type": "Feature", "properties": {"k": "deck", "c": "motorway", "b": 5.6, "h": 7.1, "lk": 0}, "geometry": {"type": "Polygon", "coordinates": [[[-96.81319673179816, 32.78932503932869], [-96.81293326820183, 32.78938696067131], [-96.81276326820183, 32.78887396067131], [-96.81302673179816, 32.78881203932869], [-96.81319673179816, 32.78932503932869]]]}}, {"type": "Feature", "properties": {"k": "deck", "c": "motorway", "b": 12.7, "h": 14.2, "lk": 0}, "geometry": {"type": "Polygon", "coordinates": [[[-96.80892430766943, 32.78318595055882], [-96.80905881596578, 32.783074031442005], [-96.80923476216407, 32.78295467612621], [-96.80944221961207, 32.78284430467604], [-96.80964135178313, 32.78275295022643], [-96.80990105779105, 32.78266943692192], [-96.81021624180592, 32.782579239567184], [-96.81049871607505, 32.782527418748025], [-96.81106121828121, 32.78244519917422], [-96.81136548641433, 32.78240316212951], [-96.81138451358566, 32.78250083787049], [-96.81108078171879, 32.78254280082578], [-96.81052128392494, 32.78262458125197], [-96.81024775819408, 32.78267476043281], [-96.80994094220895, 32.78276256307808], [-96.80969064821689, 32.78284304977357], [-96.80950178038793, 32.782929695323965], [-96.80930323783593, 32.78303532387379], [-96.80913718403423, 32.78314796855799], [-96.80900969233056, 32.78325404944118], [-96.80892998765134, 32.78332981808686], [-96.80884201234866, 32.78326418191313], [-96.80892430766943, 32.78318595055882]]]}}, {"type": "Feature", "properties": {"k": "pier", "b": 0.0, "h": 12.7}, "geometry": {"type": "Polygon", "coordinates": [[[-96.809187, 32.783048], [-96.809164, 32.783048], [-96.809164, 32.783068], [-96.809187, 32.783068], [-96.809187, 32.783048]]]}}, {"type": "Feature", "properties": {"k": "pier", "b": 0.0, "h": 12.7}, "geometry": {"type": "Polygon", "coordinates": [[[-96.809524, 32.782859], [-96.809501, 32.782859], [-96.809501, 32.782878], [-96.809524, 32.782878], [-96.809524, 32.782859]]]}}, {"type": "Feature", "properties": {"k": "pier", "b": 0.0, "h": 12.7}, "geometry": {"type": "Polygon", "coordinates": [[[-96.809894, 32.782719], [-96.80987, 32.782719], [-96.80987, 32.782738], [-96.809894, 32.782738], [-96.809894, 32.782719]]]}}, {"type": "Feature", "properties": {"k": "pier", "b": 0.0, "h": 12.7}, "geometry": {"type": "Polygon", "coordinates": [[[-96.810279, 32.782611], [-96.810255, 32.782611], [-96.810255, 32.78263], [-96.810279, 32.78263], [-96.810279, 32.782611]]]}}, {"type": "Feature", "properties": {"k": "pier", "b": 0.0, "h": 12.7}, "geometry": {"type": "Polygon", "coordinates": [[[-96.810677, 32.782543], [-96.810653, 32.782543], [-96.810653, 32.782563], [-96.810677, 32.782563], [-96.810677, 32.782543]]]}}, {"type": "Feature", "properties": {"k": "pier", "b": 0.0, "h": 12.7}, "geometry": {"type": "Polygon", "coordinates": [[[-96.811077, 32.782485], [-96.811053, 32.782485], [-96.811053, 32.782505], [-96.811077, 32.782505], [-96.811077, 32.782485]]]}}, {"type": "Feature", "properties": {"k": "deck", "c": "motorway", "b": 5.6, "h": 7.1, "lk": 0}, "geometry": {"type": "Polygon", "coordinates": [[[-96.81294683230071, 32.78219856933265], [-96.81406701069645, 32.78205054575893], [-96.81676587034737, 32.78170069358195], [-96.81719432464092, 32.78162197756058], [-96.8175277862164, 32.781555085567895], [-96.81802060954462, 32.78145212247904], [-96.81803939045537, 32.78151587752096], [-96.8175462137836, 32.78161891443211], [-96.81721167535909, 32.78168602243942], [-96.81678012965263, 32.78176530641805], [-96.81407898930354, 32.78211545424107], [-96.81295916769928, 32.782263430667356], [-96.81205828983754, 32.782387413858096], [-96.81204571016245, 32.78232258614191], [-96.81294683230071, 32.78219856933265]]]}}, {"type": "Feature", "properties": {"k": "deck", "c": "motorway", "b": 5.6, "h": 7.1, "lk": 0}, "geometry": {"type": "Polygon", "coordinates": [[[-96.80884052737791, 32.7832656502265], [-96.80893147262209, 32.7833283497735], [-96.80840947262209, 32.7838653497735], [-96.8083185273779, 32.7838026502265], [-96.80884052737791, 32.7832656502265]]]}}, {"type": "Feature", "properties": {"k": "deck", "c": "motorway_link", "b": 5.6, "h": 7.1, "lk": 1}, "geometry": {"type": "Polygon", "coordinates": [[[-96.79623687269068, 32.793826880087146], [-96.79694214584711, 32.79333568984628], [-96.79699185415288, 32.793386310153714], [-96.79628712730931, 32.79387711991286], [-96.79601339631466, 32.794074925522125], [-96.79596260368533, 32.79402507447787], [-96.79623687269068, 32.793826880087146]]]}}, {"type": "Feature", "properties": {"k": "deck", "c": "motorway_link", "b": 0.0, "h": 1.09, "lk": 1}, "geometry": {"type": "Polygon", "coordinates": [[[-96.78968218720523, 32.775189417657565], [-96.78978871254203, 32.77516179997765], [-96.78980128745796, 32.77519620002235], [-96.78969181279477, 32.77522458234244], [-96.78962928821039, 32.77523278228793], [-96.7896227117896, 32.775197217712076], [-96.78968218720523, 32.775189417657565]]]}}, {"type": "Feature", "properties": {"k": "deck", "c": "motorway_link", "b": 1.63, "h": 3.13, "lk": 1}, "geometry": {"type": "Polygon", "coordinates": [[[-96.78987828035093, 32.7751229726495], [-96.78989771964908, 32.77515502735051], [-96.78980471964907, 32.775195027350506], [-96.78978528035093, 32.7751629726495], [-96.78987828035093, 32.7751229726495]]]}}, {"type": "Feature", "properties": {"k": "deck", "c": "motorway_link", "b": 3.28, "h": 4.78, "lk": 1}, "geometry": {"type": "Polygon", "coordinates": [[[-96.78997962080763, 32.77505396704797], [-96.79000637919236, 32.77508203295203], [-96.78990137919237, 32.77515303295203], [-96.78987462080764, 32.77512496704797], [-96.78997962080763, 32.77505396704797]]]}}, {"type": "Feature", "properties": {"k": "deck", "c": "motorway_link", "b": 4.9, "h": 6.4, "lk": 1}, "geometry": {"type": "Polygon", "coordinates": [[[-96.7900346587004, 32.774988483462984], [-96.7900693412996, 32.77500951653702], [-96.79001034129959, 32.775078516537015], [-96.7899756587004, 32.77505748346298], [-96.7900346587004, 32.774988483462984]]]}}, {"type": "Feature", "properties": {"k": "deck", "c": "motorway_link", "b": 5.6, "h": 7.1, "lk": 1}, "geometry": {"type": "Polygon", "coordinates": [[[-96.78774868453473, 32.78245518842699], [-96.78749266302361, 32.782374233008454], [-96.787253589217, 32.78227739298552], [-96.78681209002464, 32.782085175650074], [-96.78684790997535, 32.78202682434992], [-96.787288410783, 32.782218607014485], [-96.78752333697639, 32.78231376699155], [-96.78777331546527, 32.78239281157301], [-96.78801288641178, 32.782451461721735], [-96.78799111358823, 32.782514538278264], [-96.78774868453473, 32.78245518842699]]]}}, {"type": "Feature", "properties": {"k": "deck", "c": "motorway_link", "b": 5.6, "h": 7.1, "lk": 1}, "geometry": {"type": "Polygon", "coordinates": [[[-96.81402169795128, 32.79129397947221], [-96.81413630204874, 32.79127202052779], [-96.81420330204872, 32.79152002052779], [-96.81408869795126, 32.79154197947221], [-96.81402169795128, 32.79129397947221]]]}}, {"type": "Feature", "properties": {"k": "deck", "c": "motorway", "b": 5.6, "h": 7.1, "lk": 0}, "geometry": {"type": "Polygon", "coordinates": [[[-96.81167061063455, 32.774637197408794], [-96.81182538936544, 32.7746208025912], [-96.81189438936545, 32.77508280259121], [-96.81173961063456, 32.7750991974088], [-96.81167061063455, 32.774637197408794]]]}}, {"type": "Feature", "properties": {"k": "deck", "c": "motorway_link", "b": 26.9, "h": 28.4, "lk": 1}, "geometry": {"type": "Polygon", "coordinates": [[[-96.81180299912913, 32.77103990474425], [-96.81162510244583, 32.7711492267284], [-96.81145325674763, 32.77126842605662], [-96.81129042195876, 32.77140147399388], [-96.8111894509007, 32.771496505577936], [-96.81106222035315, 32.77163566398931], [-96.81097805499137, 32.77173666242345], [-96.81087895408278, 32.77188234075909], [-96.81081249508311, 32.77200037987791], [-96.81071206452532, 32.77219925226958], [-96.81066555516061, 32.772322947388446], [-96.81060197164929, 32.77253257427736], [-96.81057225450292, 32.77269899029709], [-96.8105583617411, 32.772860741738086], [-96.81055637594875, 32.77302456960736], [-96.81056833366661, 32.77319795651624], [-96.81052566633339, 32.773200043483754], [-96.81051362405125, 32.773025430392636], [-96.81051563825889, 32.77285925826192], [-96.81052974549709, 32.772695009702915], [-96.81056002835071, 32.772525425722634], [-96.81062444483938, 32.77231305261155], [-96.81067193547469, 32.77218674773042], [-96.8107735049169, 32.771985620122095], [-96.81084104591723, 32.7718656592409], [-96.81094194500862, 32.77171733757655], [-96.81102777964684, 32.77161433601069], [-96.8111565490993, 32.77147349442206], [-96.81125957804123, 32.771376526006115], [-96.81142474325236, 32.77124157394337], [-96.81159889755416, 32.771120773271605], [-96.81177900087087, 32.771010095255754], [-96.81184762685517, 32.7709737638523], [-96.81187037314483, 32.771004236147704], [-96.81180299912913, 32.77103990474425]]]}}, {"type": "Feature", "properties": {"k": "pier", "b": 0.0, "h": 26.9}, "geometry": {"type": "Polygon", "coordinates": [[[-96.811543, 32.771181], [-96.81152, 32.771181], [-96.81152, 32.771201], [-96.811543, 32.771201], [-96.811543, 32.771181]]]}}, {"type": "Feature", "properties": {"k": "pier", "b": 0.0, "h": 26.9}, "geometry": {"type": "Polygon", "coordinates": [[[-96.811248, 32.771415], [-96.811225, 32.771415], [-96.811225, 32.771435], [-96.811248, 32.771435], [-96.811248, 32.771415]]]}}, {"type": "Feature", "properties": {"k": "pier", "b": 0.0, "h": 26.9}, "geometry": {"type": "Polygon", "coordinates": [[[-96.810999, 32.771685], [-96.810975, 32.771685], [-96.810975, 32.771704], [-96.810999, 32.771704], [-96.810999, 32.771685]]]}}, {"type": "Feature", "properties": {"k": "pier", "b": 0.0, "h": 26.9}, "geometry": {"type": "Polygon", "coordinates": [[[-96.810804, 32.771984], [-96.810781, 32.771984], [-96.810781, 32.772004], [-96.810804, 32.772004], [-96.810804, 32.771984]]]}}, {"type": "Feature", "properties": {"k": "pier", "b": 0.0, "h": 26.9}, "geometry": {"type": "Polygon", "coordinates": [[[-96.810659, 32.772303], [-96.810635, 32.772303], [-96.810635, 32.772323], [-96.810659, 32.772323], [-96.810659, 32.772303]]]}}, {"type": "Feature", "properties": {"k": "pier", "b": 0.0, "h": 26.9}, "geometry": {"type": "Polygon", "coordinates": [[[-96.810572, 32.772636], [-96.810548, 32.772636], [-96.810548, 32.772656], [-96.810572, 32.772656], [-96.810572, 32.772636]]]}}, {"type": "Feature", "properties": {"k": "pier", "b": 0.0, "h": 26.9}, "geometry": {"type": "Polygon", "coordinates": [[[-96.810547, 32.772977], [-96.810524, 32.772977], [-96.810524, 32.772997], [-96.810547, 32.772997], [-96.810547, 32.772977]]]}}, {"type": "Feature", "properties": {"k": "deck", "c": "secondary", "b": 5.6, "h": 7.1, "lk": 0}, "geometry": {"type": "Polygon", "coordinates": [[[-96.79111944964066, 32.77393393538716], [-96.79109255035934, 32.77387806461283], [-96.79117455035934, 32.77385006461284], [-96.79120144964067, 32.77390593538717], [-96.79111944964066, 32.77393393538716]]]}}, {"type": "Feature", "properties": {"k": "deck", "c": "motorway_link", "b": 5.6, "h": 7.1, "lk": 1}, "geometry": {"type": "Polygon", "coordinates": [[[-96.81125115689261, 32.778410467006026], [-96.81120884310738, 32.778415532993975], [-96.81091984310738, 32.77670353299398], [-96.81096215689261, 32.77669846700603], [-96.81125115689261, 32.778410467006026]]]}}, {"type": "Feature", "properties": {"k": "deck", "c": "motorway_link", "b": 5.6, "h": 7.1, "lk": 1}, "geometry": {"type": "Polygon", "coordinates": [[[-96.81288181168149, 32.789411955535236], [-96.81324573799601, 32.79061871119904], [-96.8132866733709, 32.790747507866364], [-96.8132113266291, 32.79076449213364], [-96.813170262004, 32.790635288800964], [-96.8128061883185, 32.78942804446476], [-96.81243917627957, 32.788198004116296], [-96.81251482372043, 32.788181995883704], [-96.81288181168149, 32.789411955535236]]]}}, {"type": "Feature", "properties": {"k": "deck", "c": "motorway_link", "b": 2.05, "h": 3.55, "lk": 1}, "geometry": {"type": "Polygon", "coordinates": [[[-96.81478925014211, 32.79306930276441], [-96.81483074985788, 32.79306069723559], [-96.81508774985788, 32.793939697235594], [-96.81504625014212, 32.79394830276441], [-96.81478925014211, 32.79306930276441]]]}}, {"type": "Feature", "properties": {"k": "deck", "c": "motorway_link", "b": 5.6, "h": 7.1, "lk": 1}, "geometry": {"type": "Polygon", "coordinates": [[[-96.81463876490972, 32.79293778592753], [-96.8146792350903, 32.79292621407247], [-96.81508723509029, 32.793938214072476], [-96.81504676490971, 32.79394978592753], [-96.81463876490972, 32.79293778592753]]]}}, {"type": "Feature", "properties": {"k": "deck", "c": "motorway_link", "b": 5.6, "h": 7.1, "lk": 1}, "geometry": {"type": "Polygon", "coordinates": [[[-96.8144784300443, 32.79297686150554], [-96.81455556995569, 32.79296713849446], [-96.81468956995569, 32.79372113849446], [-96.8146124300443, 32.79373086150554], [-96.8144784300443, 32.79297686150554]]]}}, {"type": "Feature", "properties": {"k": "deck", "c": "motorway_link", "b": 5.6, "h": 7.1, "lk": 1}, "geometry": {"type": "Polygon", "coordinates": [[[-96.81239476372474, 32.78585401222467], [-96.81235903701473, 32.78562740280686], [-96.81235599846538, 32.78544711554602], [-96.81235901140991, 32.785092592405995], [-96.81240612422606, 32.78458838503315], [-96.81244712792355, 32.78416234661549], [-96.81252487207647, 32.784167653384515], [-96.81248387577394, 32.784593614966845], [-96.8124369885901, 32.78509540759401], [-96.81243400153461, 32.785446884453975], [-96.81243696298527, 32.78562259719315], [-96.81247123627526, 32.785839987775326], [-96.81262029401735, 32.786250393425206], [-96.81254570598266, 32.78626960657479], [-96.81239476372474, 32.78585401222467]]]}}, {"type": "Feature", "properties": {"k": "deck", "c": "motorway_link", "b": 5.6, "h": 7.1, "lk": 1}, "geometry": {"type": "Polygon", "coordinates": [[[-96.814389617339, 32.79260284941237], [-96.814332123843, 32.7923042866963], [-96.81432703061004, 32.79219529151075], [-96.81440496938997, 32.79219270848925], [-96.81440987615699, 32.792297713303704], [-96.81446638266101, 32.79259115058763], [-96.8145552431469, 32.79296556274737], [-96.81447875685309, 32.79297843725263], [-96.814389617339, 32.79260284941237]]]}}, {"type": "Feature", "properties": {"k": "deck", "c": "motorway_link", "b": 5.6, "h": 7.1, "lk": 1}, "geometry": {"type": "Polygon", "coordinates": [[[-96.8145146127102, 32.79261839784956], [-96.81439899247788, 32.792295458579986], [-96.81434665876841, 32.79220165287434], [-96.8143853412316, 32.792186347125664], [-96.81443900752213, 32.79228254142001], [-96.81455538728981, 32.79260760215045], [-96.8146793091024, 32.79292640100701], [-96.81463869089761, 32.79293759899299], [-96.8145146127102, 32.79261839784956]]]}}, {"type": "Feature", "properties": {"k": "deck", "c": "motorway", "b": 5.6, "h": 7.1, "lk": 0}, "geometry": {"type": "Polygon", "coordinates": [[[-96.81455635974419, 32.79374665288548], [-96.81474564025581, 32.79370534711452], [-96.81478964025581, 32.79384834711452], [-96.81460035974419, 32.79388965288548], [-96.81455635974419, 32.79374665288548]]]}}, {"type": "Feature", "properties": {"k": "deck", "c": "motorway_link", "b": 5.6, "h": 7.1, "lk": 1}, "geometry": {"type": "Polygon", "coordinates": [[[-96.81391377898954, 32.79081556521215], [-96.81378372971632, 32.79021533779729], [-96.81363705148716, 32.78962962269171], [-96.81348133070296, 32.78913750508523], [-96.81319555862093, 32.78824521673125], [-96.81295168050312, 32.787593542416396], [-96.81275526272547, 32.78702733810843], [-96.81254501789832, 32.78626745323309], [-96.81262098210169, 32.78625254676691], [-96.81283073727452, 32.78701066189157], [-96.81302631949688, 32.78757445758361], [-96.81327044137906, 32.78822678326875], [-96.81355666929704, 32.789120494914776], [-96.81371294851284, 32.78961437730829], [-96.81386027028368, 32.7902026622027], [-96.81399022101046, 32.79080243478786], [-96.81411704310949, 32.791275770811005], [-96.81404095689052, 32.791290229188995], [-96.81391377898954, 32.79081556521215]]]}}, {"type": "Feature", "properties": {"k": "deck", "c": "motorway_link", "b": 0.0, "h": 0.59, "lk": 1}, "geometry": {"type": "Polygon", "coordinates": [[[-96.80813909038682, 32.77070661672808], [-96.80811690961318, 32.77073738327192], [-96.80789590961318, 32.77062438327192], [-96.80791809038682, 32.77059361672808], [-96.80813909038682, 32.77070661672808]]]}}, {"type": "Feature", "properties": {"k": "deck", "c": "motorway_link", "b": 1.25, "h": 2.75, "lk": 1}, "geometry": {"type": "Polygon", "coordinates": [[[-96.80872813969556, 32.77100964201707], [-96.80870586030444, 32.77104035798293], [-96.80811686030444, 32.77073735798293], [-96.80813913969556, 32.77070664201707], [-96.80872813969556, 32.77100964201707]]]}}, {"type": "Feature", "properties": {"k": "deck", "c": "motorway_link", "b": 4.21, "h": 5.71, "lk": 1}, "geometry": {"type": "Polygon", "coordinates": [[[-96.8092264492219, 32.771310372654], [-96.8092015507781, 32.771339627345995], [-96.8087045507781, 32.771039627346], [-96.8087294492219, 32.771010372654004], [-96.8092264492219, 32.771310372654]]]}}, {"type": "Feature", "properties": {"k": "deck", "c": "motorway_link", "b": 5.6, "h": 7.1, "lk": 1}, "geometry": {"type": "Polygon", "coordinates": [[[-96.81344247385967, 32.79116878920402], [-96.81361272067318, 32.79172659788123], [-96.81377670777877, 32.79228455400878], [-96.81388167328512, 32.792621443300604], [-96.81412057618863, 32.79339213007303], [-96.81426143841364, 32.793785949110564], [-96.81451537297893, 32.79408452061116], [-96.81448062702107, 32.79410547938884], [-96.81422256158635, 32.79380205088943], [-96.81407942381136, 32.79340186992697], [-96.81384032671488, 32.79263055669939], [-96.81373529222122, 32.79229344599121], [-96.81357127932682, 32.79173540211877], [-96.81340152614034, 32.791179210795974], [-96.81322882099471, 32.790761923218696], [-96.81326917900529, 32.79075007678131], [-96.81344247385967, 32.79116878920402]]]}}, {"type": "Feature", "properties": {"k": "deck", "c": "motorway_link", "b": 5.6, "h": 7.1, "lk": 1}, "geometry": {"type": "Polygon", "coordinates": [[[-96.81337782091852, 32.791174937975605], [-96.81375972127508, 32.792469600179096], [-96.81395170271837, 32.793101539096604], [-96.81430872525542, 32.79427661327313], [-96.81451951675645, 32.79499590180749], [-96.81467016030332, 32.79536403073991], [-96.81488812655225, 32.79587595147133], [-96.8149584309711, 32.79604267337892], [-96.81506665575054, 32.796386387261784], [-96.81502534424945, 32.796395612738216], [-96.81491756902889, 32.79605332662108], [-96.81484787344776, 32.79588804852867], [-96.81462983969668, 32.795375969260085], [-96.81447848324355, 32.79500609819251], [-96.8142672747446, 32.79428538672687], [-96.81391029734928, 32.793110461126076], [-96.81371827872492, 32.7924783998209], [-96.81333617908147, 32.791183062024395], [-96.81322810788065, 32.790759783154506], [-96.81326989211935, 32.7907522168455], [-96.81337782091852, 32.791174937975605]]]}}, {"type": "Feature", "properties": {"k": "deck", "c": "motorway_link", "b": 5.6, "h": 7.1, "lk": 1}, "geometry": {"type": "Polygon", "coordinates": [[[-96.81148412995935, 32.782333722505], [-96.81142289010613, 32.78262385885878], [-96.8112170321439, 32.783286401717774], [-96.8111853643928, 32.78350114865505], [-96.81118437668538, 32.78371153033242], [-96.81122590121646, 32.78391915298779], [-96.81147979548913, 32.7847118229021], [-96.81162692302296, 32.78530833997797], [-96.81158507697704, 32.78531566002202], [-96.81143820451086, 32.7847201770979], [-96.81118409878354, 32.78392684701221], [-96.81114162331461, 32.78371446966758], [-96.81114263560721, 32.783498851344945], [-96.81117496785609, 32.78327959828222], [-96.81138110989387, 32.782616141141226], [-96.81144187004065, 32.782328277495], [-96.81148480442691, 32.78204670779897], [-96.81152719557308, 32.78205129220103], [-96.81148412995935, 32.782333722505]]]}}, {"type": "Feature", "properties": {"k": "deck", "c": "motorway", "b": 5.6, "h": 7.1, "lk": 0}, "geometry": {"type": "Polygon", "coordinates": [[[-96.77892864357565, 32.77527084434262], [-96.77899860795456, 32.77536347323865], [-96.77906896904894, 32.775454645360945], [-96.77914301062613, 32.77554645691667], [-96.77922040192688, 32.775637738963695], [-96.77937232455737, 32.77581564835993], [-96.77924567544262, 32.775892351640074], [-96.77909359807312, 32.7757142610363], [-96.77901498937386, 32.77562154308333], [-96.77893903095107, 32.77552735463906], [-96.77886739204543, 32.77543452676135], [-96.77879535642435, 32.775339155657385], [-96.77872757806325, 32.775241028776385], [-96.77886242193675, 32.77517497122361], [-96.77892864357565, 32.77527084434262]]]}}, {"type": "Feature", "properties": {"k": "deck", "c": "tertiary", "b": 5.6, "h": 7.1, "lk": 0}, "geometry": {"type": "Polygon", "coordinates": [[[-96.79274635225228, 32.79845302720132], [-96.79279764774772, 32.79841097279868], [-96.79304964774772, 32.79862897279868], [-96.79299835225228, 32.79867102720132], [-96.79274635225228, 32.79845302720132]]]}}, {"type": "Feature", "properties": {"k": "deck", "c": "motorway_link", "b": 5.6, "h": 7.1, "lk": 1}, "geometry": {"type": "Polygon", "coordinates": [[[-96.81783695931499, 32.781418050844714], [-96.81785504068502, 32.781481949155285], [-96.81756604068501, 32.78153994915529], [-96.81754795931498, 32.78147605084472], [-96.81783695931499, 32.781418050844714]]]}}, {"type": "Feature", "properties": {"k": "deck", "c": "motorway_link", "b": 5.6, "h": 7.1, "lk": 1}, "geometry": {"type": "Polygon", "coordinates": [[[-96.81920450310123, 32.78107760896391], [-96.81921549689876, 32.78111239103609], [-96.81870249689877, 32.78122739103609], [-96.81869150310123, 32.78119260896391], [-96.81920450310123, 32.78107760896391]]]}}, {"type": "Feature", "properties": {"k": "deck", "c": "motorway", "b": 5.6, "h": 7.1, "lk": 0}, "geometry": {"type": "Polygon", "coordinates": [[[-96.81919448023449, 32.78106486880218], [-96.81922551976551, 32.78112513119782], [-96.81873551976551, 32.78130413119782], [-96.81870448023449, 32.781243868802186], [-96.81919448023449, 32.78106486880218]]]}}, {"type": "Feature", "properties": {"k": "deck", "c": "motorway_link", "b": 5.6, "h": 7.1, "lk": 1}, "geometry": {"type": "Polygon", "coordinates": [[[-96.81674722703606, 32.781608518001654], [-96.81675877296395, 32.78167348199835], [-96.81592577296395, 32.781778481998344], [-96.81591422703606, 32.78171351800165], [-96.81674722703606, 32.781608518001654]]]}}, {"type": "Feature", "properties": {"k": "deck", "c": "tertiary", "b": 5.6, "h": 7.1, "lk": 0}, "geometry": {"type": "Polygon", "coordinates": [[[-96.79330657204459, 32.7990216753253], [-96.79327542795541, 32.7990463246747], [-96.79312142795541, 32.7989083246747], [-96.79315257204459, 32.7988836753253], [-96.79330657204459, 32.7990216753253]]]}}, {"type": "Feature", "properties": {"k": "deck", "c": "tertiary", "b": 5.6, "h": 7.1, "lk": 0}, "geometry": {"type": "Polygon", "coordinates": [[[-96.79282974404855, 32.79859805642925], [-96.79277825595146, 32.798639943570755], [-96.79273925595146, 32.798605943570756], [-96.79279074404855, 32.79856405642925], [-96.79282974404855, 32.79859805642925]]]}}, {"type": "Feature", "properties": {"k": "deck", "c": "secondary_link", "b": 5.6, "h": 7.1, "lk": 1}, "geometry": {"type": "Polygon", "coordinates": [[[-96.79276469208678, 32.798656039184074], [-96.79274530791322, 32.798623960815924], [-96.79279430791323, 32.79860296081593], [-96.79281369208678, 32.79863503918408], [-96.79276469208678, 32.798656039184074]]]}}, {"type": "Feature", "properties": {"k": "deck", "c": "secondary_link", "b": 5.6, "h": 7.1, "lk": 1}, "geometry": {"type": "Polygon", "coordinates": [[[-96.79886501721161, 32.77255539044791], [-96.79891745767473, 32.77254981167524], [-96.79897898777118, 32.77255860168902], [-96.79915514159684, 32.7726206558776], [-96.79918489828479, 32.772625305360094], [-96.79917710171522, 32.77266069463991], [-96.79914285840316, 32.7726553441224], [-96.79896701222883, 32.77259339831098], [-96.79891654232527, 32.77258618832476], [-96.79887498278838, 32.77259060955209], [-96.79881717103183, 32.77260795307905], [-96.79880282896818, 32.772574046920944], [-96.79886501721161, 32.77255539044791]]]}}, {"type": "Feature", "properties": {"k": "deck", "c": "secondary_link", "b": 4.64, "h": 6.14, "lk": 1}, "geometry": {"type": "Polygon", "coordinates": [[[-96.7992335739167, 32.77263225685266], [-96.7992264260833, 32.77266774314734], [-96.7991774260833, 32.77266074314734], [-96.7991845739167, 32.77262525685266], [-96.7992335739167, 32.77263225685266]]]}}, {"type": "Feature", "properties": {"k": "deck", "c": "secondary_link", "b": 2.47, "h": 3.97, "lk": 1}, "geometry": {"type": "Polygon", "coordinates": [[[-96.79929219502245, 32.77263001615625], [-96.79929380497757, 32.772665983843744], [-96.79923080497755, 32.772667983843746], [-96.79922919502243, 32.77263201615625], [-96.79929219502245, 32.77263001615625]]]}}, {"type": "Feature", "properties": {"k": "deck", "c": "secondary_link", "b": 0.0, "h": 1.37, "lk": 1}, "geometry": {"type": "Polygon", "coordinates": [[[-96.79935665882114, 32.772615574584364], [-96.79936734117886, 32.772650425415634], [-96.79929834117887, 32.77266542541563], [-96.79928765882114, 32.77263057458436], [-96.79935665882114, 32.772615574584364]]]}}, {"type": "Feature", "properties": {"k": "deck", "c": "motorway", "b": 5.6, "h": 7.1, "lk": 0}, "geometry": {"type": "Polygon", "coordinates": [[[-96.81485738631265, 32.79480408704642], [-96.81459261368734, 32.79486191295357], [-96.81439861368735, 32.79423191295358], [-96.81466338631266, 32.79417408704643], [-96.81485738631265, 32.79480408704642]]]}}, {"type": "Feature", "properties": {"k": "deck", "c": "service", "b": 5.6, "h": 7.1, "lk": 0}, "geometry": {"type": "Polygon", "coordinates": [[[-96.78157625153888, 32.783901647461704], [-96.7815556422037, 32.78392961727375], [-96.78144635109288, 32.783953423258275], [-96.78143564890712, 32.78391857674172], [-96.7815283577963, 32.78389838272626], [-96.78153574846111, 32.7838883525383], [-96.7815420065995, 32.783860637925514], [-96.78158399340052, 32.78386736207449], [-96.78157625153888, 32.783901647461704]]]}}, {"type": "Feature", "properties": {"k": "deck", "c": "service", "b": 5.6, "h": 7.1, "lk": 0}, "geometry": {"type": "Polygon", "coordinates": [[[-96.78251019865343, 32.790990153687694], [-96.78248380134659, 32.79096184631231], [-96.78267280134658, 32.79083684631231], [-96.78269919865342, 32.7908651536877], [-96.78251019865343, 32.790990153687694]]]}}, {"type": "Feature", "properties": {"k": "deck", "c": "motorway_link", "b": 5.6, "h": 7.1, "lk": 1}, "geometry": {"type": "Polygon", "coordinates": [[[-96.77556503209682, 32.76443564256136], [-96.77591667758023, 32.76561445412499], [-96.77599959303647, 32.76587219132636], [-96.77609651930364, 32.76615997240824], [-96.7761984197139, 32.76644769121365], [-96.77639735755449, 32.766972527225285], [-96.7763566424455, 32.76698347277472], [-96.77615758028611, 32.76645830878635], [-96.77605548069637, 32.76617002759176], [-96.77595840696354, 32.76588180867365], [-96.77587532241978, 32.76562354587501], [-96.77552296790317, 32.76444235743865], [-96.77539680666425, 32.763620306826326], [-96.77543919333576, 32.763615693173676], [-96.77556503209682, 32.76443564256136]]]}}, {"type": "Feature", "properties": {"k": "deck", "c": "motorway_link", "b": 5.6, "h": 7.1, "lk": 1}, "geometry": {"type": "Polygon", "coordinates": [[[-96.77790265660974, 32.769419106902696], [-96.77711524277024, 32.766486290127354], [-96.7770484652521, 32.766273997420456], [-96.77696881308344, 32.766059932217175], [-96.77687212551889, 32.76584861506577], [-96.7767702122223, 32.76563679527287], [-96.77648317816607, 32.76504772538048], [-96.77637508786228, 32.764817533066854], [-96.77611804897975, 32.7642534477371], [-96.77615795102025, 32.7642405522629], [-96.77641491213771, 32.76480446693315], [-96.77652282183394, 32.76503427461952], [-96.77680978777771, 32.765623204727135], [-96.77691187448112, 32.76583538493423], [-96.77700918691656, 32.76604806778282], [-96.7770895347479, 32.76626400257955], [-96.77715675722976, 32.76647770987265], [-96.77794534339026, 32.7694148930973], [-96.77795436832562, 32.77010580203793], [-96.77791163167439, 32.770106197962065], [-96.77790265660974, 32.769419106902696]]]}}, {"type": "Feature", "properties": {"k": "deck", "c": "motorway_link", "b": 5.6, "h": 7.1, "lk": 1}, "geometry": {"type": "Polygon", "coordinates": [[[-96.77551201704811, 32.7647647385507], [-96.77556391073327, 32.764988280579075], [-96.77562574149924, 32.765217652775426], [-96.77569966121644, 32.76544740324779], [-96.77576964307644, 32.765676343904055], [-96.77584553335416, 32.76590601184979], [-96.77598939289228, 32.76631161582533], [-96.77606724480196, 32.76651123610655], [-96.77615016537439, 32.76671204375786], [-96.77623408609792, 32.76691185500436], [-96.77632298154161, 32.76711261887159], [-96.77650181585592, 32.767503256954804], [-96.77662262119564, 32.76774386924302], [-96.77674856992054, 32.7679847711692], [-96.77687252488423, 32.76822368436532], [-96.77700023613522, 32.76846114747265], [-96.77743798008413, 32.7691737306589], [-96.77740001991586, 32.7691902693411], [-96.77696176386479, 32.76847685252736], [-96.77683347511578, 32.76823831563468], [-96.77670943007946, 32.767999228830796], [-96.77658337880435, 32.767758130756974], [-96.77646218414408, 32.7675167430452], [-96.77628301845839, 32.76712538112841], [-96.77619391390208, 32.766924144995635], [-96.7761098346256, 32.76672395624213], [-96.77602675519805, 32.76652276389345], [-96.77594860710772, 32.76632238417467], [-96.77580446664584, 32.76591598815021], [-96.77572835692357, 32.76568565609595], [-96.77565833878356, 32.765456596752216], [-96.77558425850076, 32.765226347224576], [-96.77552208926673, 32.764995719420924], [-96.77546998295189, 32.76477126144929], [-96.77538794342979, 32.764372069140585], [-96.7754300565702, 32.76436593085942], [-96.77551201704811, 32.7647647385507]]]}}, {"type": "Feature", "properties": {"k": "deck", "c": "motorway_link", "b": 5.6, "h": 7.1, "lk": 1}, "geometry": {"type": "Polygon", "coordinates": [[[-96.77671710746864, 32.765883856823635], [-96.77664851406665, 32.765789036532645], [-96.77658709030834, 32.7656953904749], [-96.77652781129919, 32.765595922307014], [-96.77647352024785, 32.76550041027223], [-96.77642209282394, 32.76539856380526], [-96.77637874437093, 32.765296745345886], [-96.77612374109933, 32.76461573660876], [-96.77593587694089, 32.76417305670356], [-96.7759761230591, 32.76416094329644], [-96.77616425890068, 32.764604263391234], [-96.77641925562907, 32.76528525465411], [-96.77646190717607, 32.765385436194734], [-96.77651247975216, 32.76548558972777], [-96.7765661887008, 32.76558007769299], [-96.77662490969166, 32.7656786095251], [-96.77668548593336, 32.765770963467354], [-96.77675289253136, 32.76586414317636], [-96.77689649854892, 32.766036669850244], [-96.77686150145107, 32.766057330149756], [-96.77671710746864, 32.765883856823635]]]}}, {"type": "Feature", "properties": {"k": "deck", "c": "motorway_link", "b": 0.0, "h": 0.9, "lk": 1}, "geometry": {"type": "Polygon", "coordinates": [[[-96.77708204612429, 32.76633595540736], [-96.77711595387572, 32.76631404459265], [-96.77719795387571, 32.76640404459265], [-96.77716404612428, 32.76642595540736], [-96.77708204612429, 32.76633595540736]]]}}, {"type": "Feature", "properties": {"k": "deck", "c": "motorway_link", "b": 1.19, "h": 2.69, "lk": 1}, "geometry": {"type": "Polygon", "coordinates": [[[-96.77700453322106, 32.76624336821309], [-96.77703946677894, 32.76622263178691], [-96.77711646677895, 32.76631463178691], [-96.77708153322106, 32.76633536821309], [-96.77700453322106, 32.76624336821309]]]}}, {"type": "Feature", "properties": {"k": "deck", "c": "motorway_link", "b": 2.96, "h": 4.46, "lk": 1}, "geometry": {"type": "Polygon", "coordinates": [[[-96.77693036861174, 32.766152168690496], [-96.77696563138826, 32.76613183130951], [-96.77703963138826, 32.766222831309506], [-96.77700436861174, 32.766243168690494], [-96.77693036861174, 32.766152168690496]]]}}, {"type": "Feature", "properties": {"k": "deck", "c": "motorway_link", "b": 4.72, "h": 6.22, "lk": 1}, "geometry": {"type": "Polygon", "coordinates": [[[-96.77686077025496, 32.76605639062013], [-96.77689722974503, 32.76603760937987], [-96.77696622974504, 32.76613260937987], [-96.77692977025497, 32.76615139062013], [-96.77686077025496, 32.76605639062013]]]}}, {"type": "Feature", "properties": {"k": "deck", "c": "motorway_link", "b": 2.05, "h": 3.55, "lk": 1}, "geometry": {"type": "Polygon", "coordinates": [[[-96.77659030310708, 32.76746738560703], [-96.77654969689293, 32.76747861439298], [-96.77635669689292, 32.76698361439298], [-96.77639730310707, 32.766972385607026], [-96.77659030310708, 32.76746738560703]]]}}, {"type": "Feature", "properties": {"k": "deck", "c": "motorway_link", "b": 0.23, "h": 1.73, "lk": 1}, "geometry": {"type": "Polygon", "coordinates": [[[-96.81155136624645, 32.78180031969664], [-96.81150863375356, 32.78179968030335], [-96.81151363375356, 32.78156268030335], [-96.81155636624645, 32.781563319696644], [-96.81155136624645, 32.78180031969664]]]}}, {"type": "Feature", "properties": {"k": "deck", "c": "motorway_link", "b": 3.78, "h": 5.28, "lk": 1}, "geometry": {"type": "Polygon", "coordinates": [[[-96.81152729956351, 32.78205045603157], [-96.81148470043648, 32.78204754396843], [-96.81150870043649, 32.78179854396843], [-96.81155129956352, 32.781801456031566], [-96.81152729956351, 32.78205045603157]]]}}, {"type": "Feature", "properties": {"k": "deck", "c": "motorway_link", "b": 12.7, "h": 14.2, "lk": 1}, "geometry": {"type": "Polygon", "coordinates": [[[-96.81268314006783, 32.77173393849692], [-96.81271485993216, 32.77175806150308], [-96.81235885993216, 32.77209006150308], [-96.81232714006784, 32.77206593849692], [-96.81268314006783, 32.77173393849692]]]}}, {"type": "Feature", "properties": {"k": "pier", "b": 0.0, "h": 12.7}, "geometry": {"type": "Polygon", "coordinates": [[[-96.812627, 32.771814], [-96.812603, 32.771814], [-96.812603, 32.771834], [-96.812627, 32.771834], [-96.812627, 32.771814]]]}}, {"type": "Feature", "properties": {"k": "deck", "c": "motorway_link", "b": 12.7, "h": 14.2, "lk": 1}, "geometry": {"type": "Polygon", "coordinates": [[[-96.81267833788162, 32.77171802833922], [-96.81274004381416, 32.77167982942861], [-96.81281159692274, 32.77164194837112], [-96.81295138205077, 32.771589528948105], [-96.81332466402608, 32.77147513608471], [-96.81335133597392, 32.771536863915294], [-96.81298061794924, 32.77165047105189], [-96.81284840307727, 32.771700051628876], [-96.81278395618585, 32.77173417057139], [-96.81271966211837, 32.77177397166078], [-96.81250897887664, 32.77186614557903], [-96.81247302112335, 32.77180785442096], [-96.81267833788162, 32.77171802833922]]]}}, {"type": "Feature", "properties": {"k": "pier", "b": 0.0, "h": 12.7}, "geometry": {"type": "Polygon", "coordinates": [[[-96.812854, 32.771657], [-96.81283, 32.771657], [-96.81283, 32.771676], [-96.812854, 32.771676], [-96.812854, 32.771657]]]}}, {"type": "Feature", "properties": {"k": "pier", "b": 0.0, "h": 12.7}, "geometry": {"type": "Polygon", "coordinates": [[[-96.813232, 32.771532], [-96.813208, 32.771532], [-96.813208, 32.771552], [-96.813232, 32.771552], [-96.813232, 32.771532]]]}}, {"type": "Feature", "properties": {"k": "deck", "c": "motorway_link", "b": 19.8, "h": 21.3, "lk": 1}, "geometry": {"type": "Polygon", "coordinates": [[[-96.80970936938253, 32.771431443357905], [-96.8102264690314, 32.77165135930053], [-96.81056212863223, 32.77173552173731], [-96.81053987136778, 32.77179847826268], [-96.81019753096861, 32.77171264069947], [-96.80967063061748, 32.77148855664209], [-96.80927094344221, 32.77127264522832], [-96.80931305655778, 32.77121735477168], [-96.80970936938253, 32.771431443357905]]]}}, {"type": "Feature", "properties": {"k": "pier", "b": 0.0, "h": 19.8}, "geometry": {"type": "Polygon", "coordinates": [[[-96.809646, 32.77142], [-96.809622, 32.77142], [-96.809622, 32.77144], [-96.809646, 32.77144], [-96.809646, 32.77142]]]}}, {"type": "Feature", "properties": {"k": "pier", "b": 0.0, "h": 19.8}, "geometry": {"type": "Polygon", "coordinates": [[[-96.810005, 32.771579], [-96.809981, 32.771579], [-96.809981, 32.771599], [-96.810005, 32.771599], [-96.810005, 32.771579]]]}}, {"type": "Feature", "properties": {"k": "pier", "b": 0.0, "h": 19.8}, "geometry": {"type": "Polygon", "coordinates": [[[-96.810378, 32.771711], [-96.810354, 32.771711], [-96.810354, 32.77173], [-96.810378, 32.77173], [-96.810378, 32.771711]]]}}, {"type": "Feature", "properties": {"k": "deck", "c": "motorway_link", "b": 19.8, "h": 21.3, "lk": 1}, "geometry": {"type": "Polygon", "coordinates": [[[-96.81086033201797, 32.77180486458565], [-96.81125186211966, 32.77185825505405], [-96.81153357865053, 32.77186715136556], [-96.81168380004674, 32.771866163066896], [-96.81194554076954, 32.771854310656806], [-96.81241320830377, 32.77178465804533], [-96.81242679169624, 32.77184934195467], [-96.81195445923045, 32.77191968934319], [-96.81168619995326, 32.7719318369331], [-96.81153242134947, 32.77193284863444], [-96.81124413788035, 32.771923744945944], [-96.81084366798203, 32.77186913541435], [-96.8105406189983, 32.771798658906505], [-96.8105613810017, 32.77173534109349], [-96.81086033201797, 32.77180486458565]]]}}, {"type": "Feature", "properties": {"k": "pier", "b": 0.0, "h": 19.8}, "geometry": {"type": "Polygon", "coordinates": [[[-96.810956, 32.77184], [-96.810933, 32.77184], [-96.810933, 32.77186], [-96.810956, 32.77186], [-96.810956, 32.77184]]]}}, {"type": "Feature", "properties": {"k": "pier", "b": 0.0, "h": 19.8}, "geometry": {"type": "Polygon", "coordinates": [[[-96.811358, 32.771884], [-96.811335, 32.771884], [-96.811335, 32.771904], [-96.811358, 32.771904], [-96.811358, 32.771884]]]}}, {"type": "Feature", "properties": {"k": "pier", "b": 0.0, "h": 19.8}, "geometry": {"type": "Polygon", "coordinates": [[[-96.811764, 32.771886], [-96.811741, 32.771886], [-96.811741, 32.771906], [-96.811764, 32.771906], [-96.811764, 32.771886]]]}}, {"type": "Feature", "properties": {"k": "pier", "b": 0.0, "h": 19.8}, "geometry": {"type": "Polygon", "coordinates": [[[-96.812167, 32.771847], [-96.812143, 32.771847], [-96.812143, 32.771866], [-96.812167, 32.771866], [-96.812167, 32.771847]]]}}, {"type": "Feature", "properties": {"k": "deck", "c": "motorway_link", "b": 5.6, "h": 7.1, "lk": 1}, "geometry": {"type": "Polygon", "coordinates": [[[-96.80518919883578, 32.76795701722216], [-96.80527411771855, 32.767720034293475], [-96.80537584555653, 32.7672891869797], [-96.80546016442962, 32.766973995001706], [-96.80560342040106, 32.76653921813733], [-96.80567857959893, 32.76655678186267], [-96.80553583557038, 32.76699000499829], [-96.80545215444347, 32.7673028130203], [-96.80534988228145, 32.76773596570652], [-96.80526280116423, 32.76797898277785], [-96.80509610001168, 32.76832242732102], [-96.80502389998831, 32.76829757267898], [-96.80518919883578, 32.76795701722216]]]}}, {"type": "Feature", "properties": {"k": "deck", "c": "motorway_link", "b": 4.45, "h": 5.95, "lk": 1}, "geometry": {"type": "Polygon", "coordinates": [[[-96.81169788338318, 32.7855981779731], [-96.81182183264573, 32.78605499098108], [-96.81178016735427, 32.786063009018925], [-96.81165611661683, 32.785605822026895], [-96.81158507062344, 32.785315634166615], [-96.81162692937656, 32.78530836583338], [-96.81169788338318, 32.7855981779731]]]}}, {"type": "Feature", "properties": {"k": "deck", "c": "motorway_link", "b": 1.36, "h": 2.86, "lk": 1}, "geometry": {"type": "Polygon", "coordinates": [[[-96.81190975238201, 32.78638069358977], [-96.81219765327158, 32.787293379395905], [-96.81215634672843, 32.787302620604095], [-96.81186824761798, 32.786389306410236], [-96.81178016204652, 32.78606298940685], [-96.81182183795349, 32.78605501059315], [-96.81190975238201, 32.78638069358977]]]}}, {"type": "Feature", "properties": {"k": "deck", "c": "motorway_link", "b": 0.0, "h": 0.22, "lk": 1}, "geometry": {"type": "Polygon", "coordinates": [[[-96.8122606714016, 32.787417969280845], [-96.8122213285984, 32.78743203071915], [-96.8121573285984, 32.78730503071915], [-96.81219667140161, 32.787290969280846], [-96.8122606714016, 32.787417969280845]]]}}, {"type": "Feature", "properties": {"k": "deck", "c": "motorway", "b": 5.6, "h": 7.1, "lk": 0}, "geometry": {"type": "Polygon", "coordinates": [[[-96.8146634506125, 32.79417429666579], [-96.8143985493875, 32.79423170333422], [-96.8143655493875, 32.794123703334215], [-96.8146304506125, 32.79406629666578], [-96.8146634506125, 32.79417429666579]]]}}, {"type": "Feature", "properties": {"k": "deck", "c": "motorway_link", "b": 5.6, "h": 7.1, "lk": 1}, "geometry": {"type": "Polygon", "coordinates": [[[-96.81412541888689, 32.79153584357695], [-96.8141665811131, 32.791526156423046], [-96.81438658111311, 32.79218915642305], [-96.8143454188869, 32.792198843576955], [-96.81412541888689, 32.79153584357695]]]}}, {"type": "Feature", "properties": {"k": "deck", "c": "secondary", "b": 5.6, "h": 7.1, "lk": 0}, "geometry": {"type": "Polygon", "coordinates": [[[-96.80616806398757, 32.773590620469726], [-96.8061464234402, 32.77349684476438], [-96.8061389490446, 32.773397542080055], [-96.80616280187655, 32.77330972028964], [-96.80619330233813, 32.7732487193665], [-96.80665415370086, 32.77266135978655], [-96.80800017096045, 32.77095233787226], [-96.80805982903955, 32.77098566212774], [-96.80671384629915, 32.77269464021345], [-96.80625669766187, 32.7732772806335], [-96.80623119812344, 32.77332827971036], [-96.8062110509554, 32.77340245791995], [-96.80621757655982, 32.77348915523562], [-96.80623793601242, 32.77357737953027], [-96.80640067501277, 32.77411252127375], [-96.80633132498723, 32.77412747872626], [-96.80616806398757, 32.773590620469726]]]}}, {"type": "Feature", "properties": {"k": "deck", "c": "motorway_link", "b": 0.79, "h": 2.29, "lk": 1}, "geometry": {"type": "Polygon", "coordinates": [[[-96.81243074784804, 32.78790974576063], [-96.81235525215196, 32.787926254239366], [-96.81220325215196, 32.78743325423937], [-96.81227874784804, 32.78741674576063], [-96.81243074784804, 32.78790974576063]]]}}, {"type": "Feature", "properties": {"k": "deck", "c": "motorway_link", "b": 4.34, "h": 5.84, "lk": 1}, "geometry": {"type": "Polygon", "coordinates": [[[-96.81251474392408, 32.788181733044034], [-96.81243925607592, 32.788198266955966], [-96.81235525607592, 32.787926266955964], [-96.81243074392408, 32.78790973304403], [-96.81251474392408, 32.788181733044034]]]}}, {"type": "Feature", "properties": {"k": "deck", "c": "motorway", "b": 5.6, "h": 7.1, "lk": 0}, "geometry": {"type": "Polygon", "coordinates": [[[-96.81316523046806, 32.78913822808229], [-96.81335476953194, 32.78909777191772], [-96.81351276953194, 32.78962277191771], [-96.81332323046806, 32.78966322808228], [-96.81316523046806, 32.78913822808229]]]}}, {"type": "Feature", "properties": {"k": "deck", "c": "secondary", "b": 5.6, "h": 7.1, "lk": 0}, "geometry": {"type": "Polygon", "coordinates": [[[-96.80492390404677, 32.773288112457784], [-96.80484266097858, 32.773441893979744], [-96.80479530560328, 32.77357332930713], [-96.8047594706622, 32.77371570055945], [-96.8047429792237, 32.773875764521385], [-96.80474394595954, 32.77396663769123], [-96.80474988814106, 32.7740646836859], [-96.80464211185895, 32.774069316314105], [-96.80463605404044, 32.773969362308776], [-96.80463502077629, 32.77387223547861], [-96.80465252933779, 32.773702299440544], [-96.80469069439673, 32.77355067069286], [-96.80474133902143, 32.77341010602026], [-96.80482809595321, 32.77324588754221], [-96.80492287702846, 32.7731144170185], [-96.80501512297154, 32.77316158298151], [-96.80492390404677, 32.773288112457784]]]}}, {"type": "Feature", "properties": {"k": "deck", "c": "service", "b": 5.6, "h": 7.1, "lk": 0}, "geometry": {"type": "Polygon", "coordinates": [[[-96.78561615180654, 32.77699650290624], [-96.78557984819345, 32.77701549709376], [-96.78553484819345, 32.776954497093755], [-96.78557115180654, 32.77693550290624], [-96.78561615180654, 32.77699650290624]]]}}, {"type": "Feature", "properties": {"k": "deck", "c": "service", "b": 5.6, "h": 7.1, "lk": 0}, "geometry": {"type": "Polygon", "coordinates": [[[-96.80362194521778, 32.783167778361715], [-96.80360728218045, 32.78315604793184], [-96.80363671781956, 32.783129952068165], [-96.8036520547822, 32.783142221638286], [-96.80370737750953, 32.783190503291216], [-96.80367662249047, 32.783215496708785], [-96.80362194521778, 32.783167778361715]]]}}, {"type": "Feature", "properties": {"k": "deck", "c": "service", "b": 5.6, "h": 7.1, "lk": 0}, "geometry": {"type": "Polygon", "coordinates": [[[-96.80315954493926, 32.78276942887338], [-96.80311160322027, 32.78272747986927], [-96.80314239677973, 32.782702520130734], [-96.80319045506073, 32.782744571126614], [-96.80322651286365, 32.78277662250698], [-96.80319548713636, 32.78280137749302], [-96.80315954493926, 32.78276942887338]]]}}, {"type": "Feature", "properties": {"k": "deck", "c": "motorway_link", "b": 12.7, "h": 14.2, "lk": 1}, "geometry": {"type": "Polygon", "coordinates": [[[-96.81482435114351, 32.798852075298846], [-96.81482239244725, 32.79895001011217], [-96.81483503278407, 32.79903363080193], [-96.81486033797503, 32.7991173325874], [-96.8148992715469, 32.799197146409746], [-96.81495263367586, 32.799277189603174], [-96.81491536632413, 32.79929481039683], [-96.8148607284531, 32.799212853590255], [-96.81481966202497, 32.7991286674126], [-96.81479296721592, 32.79904036919807], [-96.81477960755275, 32.79895198988783], [-96.81478164885648, 32.79884992470115], [-96.8148267428023, 32.79848115643311], [-96.8148692571977, 32.79848484356688], [-96.81482435114351, 32.798852075298846]]]}}, {"type": "Feature", "properties": {"k": "pier", "b": 0.0, "h": 12.7}, "geometry": {"type": "Polygon", "coordinates": [[[-96.814818, 32.798813], [-96.814795, 32.798813], [-96.814795, 32.798833], [-96.814818, 32.798833], [-96.814818, 32.798813]]]}}, {"type": "Feature", "properties": {"k": "pier", "b": 0.0, "h": 12.7}, "geometry": {"type": "Polygon", "coordinates": [[[-96.814869, 32.799149], [-96.814846, 32.799149], [-96.814846, 32.799168], [-96.814869, 32.799168], [-96.814869, 32.799149]]]}}, {"type": "Feature", "properties": {"k": "deck", "c": "motorway_link", "b": 5.6, "h": 7.1, "lk": 1}, "geometry": {"type": "Polygon", "coordinates": [[[-96.79250795348412, 32.78784276587304], [-96.79254804651589, 32.787855234126965], [-96.79235204651589, 32.78830223412697], [-96.79231195348412, 32.78828976587304], [-96.79250795348412, 32.78784276587304]]]}}, {"type": "Feature", "properties": {"k": "deck", "c": "motorway_link", "b": 5.6, "h": 7.1, "lk": 1}, "geometry": {"type": "Polygon", "coordinates": [[[-96.79249950419222, 32.79091832184295], [-96.79256849580779, 32.79088767815705], [-96.79275449580778, 32.79118467815705], [-96.79268550419222, 32.791215321842955], [-96.79249950419222, 32.79091832184295]]]}}, {"type": "Feature", "properties": {"k": "deck", "c": "motorway", "b": 19.8, "h": 21.3, "lk": 0}, "geometry": {"type": "Polygon", "coordinates": [[[-96.78253662736392, 32.77952800807287], [-96.78244137263607, 32.77958599192712], [-96.78136937263608, 32.77833699192713], [-96.78146462736393, 32.77827900807288], [-96.78253662736392, 32.77952800807287]]]}}, {"type": "Feature", "properties": {"k": "pier", "b": 0.0, "h": 19.8}, "geometry": {"type": "Polygon", "coordinates": [[[-96.781667, 32.778575], [-96.781643, 32.778575], [-96.781643, 32.778595], [-96.781667, 32.778595], [-96.781667, 32.778575]]]}}, {"type": "Feature", "properties": {"k": "pier", "b": 0.0, "h": 19.8}, "geometry": {"type": "Polygon", "coordinates": [[[-96.781904, 32.778852], [-96.781881, 32.778852], [-96.781881, 32.778872], [-96.781904, 32.778872], [-96.781904, 32.778852]]]}}, {"type": "Feature", "properties": {"k": "pier", "b": 0.0, "h": 19.8}, "geometry": {"type": "Polygon", "coordinates": [[[-96.782142, 32.779129], [-96.782119, 32.779129], [-96.782119, 32.779149], [-96.782142, 32.779149], [-96.782142, 32.779129]]]}}, {"type": "Feature", "properties": {"k": "pier", "b": 0.0, "h": 19.8}, "geometry": {"type": "Polygon", "coordinates": [[[-96.78238, 32.779407], [-96.782357, 32.779407], [-96.782357, 32.779426], [-96.78238, 32.779426], [-96.78238, 32.779407]]]}}, {"type": "Feature", "properties": {"k": "deck", "c": "motorway", "b": 19.8, "h": 21.3, "lk": 0}, "geometry": {"type": "Polygon", "coordinates": [[[-96.78153639480333, 32.77825101773695], [-96.78163160519667, 32.77819298226305], [-96.78269560519666, 32.77943098226305], [-96.78260039480332, 32.77948901773695], [-96.78153639480333, 32.77825101773695]]]}}, {"type": "Feature", "properties": {"k": "pier", "b": 0.0, "h": 19.8}, "geometry": {"type": "Polygon", "coordinates": [[[-96.782422, 32.779173], [-96.782398, 32.779173], [-96.782398, 32.779193], [-96.782422, 32.779193], [-96.782422, 32.779173]]]}}, {"type": "Feature", "properties": {"k": "pier", "b": 0.0, "h": 19.8}, "geometry": {"type": "Polygon", "coordinates": [[[-96.782184, 32.778896], [-96.78216, 32.778896], [-96.78216, 32.778916], [-96.782184, 32.778916], [-96.782184, 32.778896]]]}}, {"type": "Feature", "properties": {"k": "pier", "b": 0.0, "h": 19.8}, "geometry": {"type": "Polygon", "coordinates": [[[-96.781946, 32.778619], [-96.781922, 32.778619], [-96.781922, 32.778639], [-96.781946, 32.778639], [-96.781946, 32.778619]]]}}, {"type": "Feature", "properties": {"k": "pier", "b": 0.0, "h": 19.8}, "geometry": {"type": "Polygon", "coordinates": [[[-96.781708, 32.778342], [-96.781684, 32.778342], [-96.781684, 32.778362], [-96.781708, 32.778362], [-96.781708, 32.778342]]]}}, {"type": "Feature", "properties": {"k": "deck", "c": "motorway_link", "b": 12.7, "h": 14.2, "lk": 1}, "geometry": {"type": "Polygon", "coordinates": [[[-96.78192375093091, 32.77898576637557], [-96.78193957356851, 32.7787632605343], [-96.78192271437287, 32.778603594034394], [-96.78196528562712, 32.778600405965605], [-96.78198242643148, 32.7787627394657], [-96.78196624906907, 32.77899023362443], [-96.78193699094366, 32.77911937293665], [-96.78189500905633, 32.779112627063355], [-96.78192375093091, 32.77898576637557]]]}}, {"type": "Feature", "properties": {"k": "pier", "b": 0.0, "h": 12.7}, "geometry": {"type": "Polygon", "coordinates": [[[-96.781972, 32.778767], [-96.781948, 32.778767], [-96.781948, 32.778787], [-96.781972, 32.778787], [-96.781972, 32.778767]]]}}, {"type": "Feature", "properties": {"k": "deck", "c": "motorway_link", "b": 5.6, "h": 7.1, "lk": 1}, "geometry": {"type": "Polygon", "coordinates": [[[-96.78123485256641, 32.77990815573684], [-96.78140178390822, 32.779798514441346], [-96.7815655302707, 32.77965942867563], [-96.78168987867531, 32.77950942107641], [-96.78177280041898, 32.77938503846091], [-96.78184496391542, 32.77924268855012], [-96.78189566444539, 32.77911046952099], [-96.7819363355546, 32.77912153047902], [-96.78188503608457, 32.77925531144988], [-96.78181119958101, 32.77940096153909], [-96.78172612132468, 32.77952857892359], [-96.7815984697293, 32.77968257132437], [-96.78143021609176, 32.77982548555865], [-96.78125914743357, 32.77993784426315], [-96.78110706851739, 32.78001539443896], [-96.78108493148262, 32.77998460556104], [-96.78123485256641, 32.77990815573684]]]}}, {"type": "Feature", "properties": {"k": "deck", "c": "motorway_link", "b": 12.7, "h": 14.2, "lk": 1}, "geometry": {"type": "Polygon", "coordinates": [[[-96.7820842981269, 32.77886864101943], [-96.78207539820761, 32.779015984127774], [-96.78208434007828, 32.77915905405863], [-96.7820416599217, 32.77916094594136], [-96.7820326017924, 32.77901601587222], [-96.78204170187308, 32.77886535898057], [-96.78206681529772, 32.778705637599955], [-96.78210918470228, 32.77871036240005], [-96.7820842981269, 32.77886864101943]]]}}, {"type": "Feature", "properties": {"k": "pier", "b": 0.0, "h": 12.7}, "geometry": {"type": "Polygon", "coordinates": [[[-96.782068, 32.779038], [-96.782044, 32.779038], [-96.782044, 32.779058], [-96.782068, 32.779058], [-96.782068, 32.779038]]]}}, {"type": "Feature", "properties": {"k": "deck", "c": "motorway_link", "b": 5.6, "h": 7.1, "lk": 1}, "geometry": {"type": "Polygon", "coordinates": [[[-96.7823487007453, 32.77817971725124], [-96.7822841830138, 32.778282945621655], [-96.78221077268897, 32.77841786189432], [-96.78214657222755, 32.77856502910589], [-96.7821088869083, 32.77871180350712], [-96.7820671130917, 32.77870419649288], [-96.78210542777246, 32.778554970894106], [-96.78217122731103, 32.77840413810568], [-96.78224581698619, 32.77826705437835], [-96.7823112992547, 32.77816228274876], [-96.78238952515255, 32.778048955486476], [-96.78242647484745, 32.77806704451353], [-96.7823487007453, 32.77817971725124]]]}}, {"type": "Feature", "properties": {"k": "deck", "c": "motorway_link", "b": 5.6, "h": 7.1, "lk": 1}, "geometry": {"type": "Polygon", "coordinates": [[[-96.79464966066602, 32.794595513259864], [-96.79490666629222, 32.794471441578246], [-96.795344867524, 32.79419955763217], [-96.795391132476, 32.794252442367835], [-96.79494933370778, 32.79452655842176], [-96.79468433933398, 32.79465448674014], [-96.79449915572053, 32.79472026234055], [-96.79446884427946, 32.79465973765946], [-96.79464966066602, 32.794595513259864]]]}}, {"type": "Feature", "properties": {"k": "deck", "c": "motorway_link", "b": 12.7, "h": 14.2, "lk": 1}, "geometry": {"type": "Polygon", "coordinates": [[[-96.79364040928951, 32.79470366793214], [-96.79381432014549, 32.79472115617464], [-96.79412135904569, 32.79472115617464], [-96.79430777355974, 32.79469979617824], [-96.79447290144465, 32.79465851420701], [-96.79449509855534, 32.794721485793], [-96.79432422644025, 32.794764203821764], [-96.7941266409543, 32.79478684382536], [-96.79380967985452, 32.79478684382536], [-96.79362559071049, 32.79476833206786], [-96.79340188161754, 32.7947177191509], [-96.79342211838247, 32.794654280849095], [-96.79364040928951, 32.79470366793214]]]}}, {"type": "Feature", "properties": {"k": "pier", "b": 0.0, "h": 12.7}, "geometry": {"type": "Polygon", "coordinates": [[[-96.793821, 32.794744], [-96.793797, 32.794744], [-96.793797, 32.794764], [-96.793821, 32.794764], [-96.793821, 32.794744]]]}}, {"type": "Feature", "properties": {"k": "pier", "b": 0.0, "h": 12.7}, "geometry": {"type": "Polygon", "coordinates": [[[-96.794226, 32.794734], [-96.794202, 32.794734], [-96.794202, 32.794754], [-96.794226, 32.794754], [-96.794226, 32.794734]]]}}, {"type": "Feature", "properties": {"k": "deck", "c": "motorway", "b": 5.6, "h": 7.1, "lk": 0}, "geometry": {"type": "Polygon", "coordinates": [[[-96.79122721300438, 32.78449202992436], [-96.7911472430459, 32.784416996383094], [-96.79129275695409, 32.78430700361691], [-96.79137478699563, 32.784383970075645], [-96.79139978033167, 32.78440896341168], [-96.79125021966833, 32.78451503658832], [-96.79122721300438, 32.78449202992436]]]}}, {"type": "Feature", "properties": {"k": "deck", "c": "motorway", "b": 5.6, "h": 7.1, "lk": 0}, "geometry": {"type": "Polygon", "coordinates": [[[-96.77768762183356, 32.76966978175998], [-96.77783637816643, 32.76963021824002], [-96.77800737816644, 32.77008621824002], [-96.77785862183357, 32.77012578175998], [-96.77768762183356, 32.76966978175998]]]}}, {"type": "Feature", "properties": {"k": "deck", "c": "motorway", "b": 5.6, "h": 7.1, "lk": 0}, "geometry": {"type": "Polygon", "coordinates": [[[-96.77856879141801, 32.77462166909352], [-96.77852083218515, 32.774512485308094], [-96.77847678227074, 32.77440287273039], [-96.77843594645127, 32.77428649064485], [-96.77840267257564, 32.77418364412017], [-96.77859132742437, 32.77414035587982], [-96.77862405354874, 32.77424150935516], [-96.77866321772926, 32.774353127269606], [-96.77870516781486, 32.7744575146919], [-96.778751208582, 32.77456233090648], [-96.77878368652354, 32.77463023932968], [-96.77860231347647, 32.77469176067032], [-96.77856879141801, 32.77462166909352]]]}}, {"type": "Feature", "properties": {"k": "deck", "c": "motorway", "b": 5.6, "h": 7.1, "lk": 0}, "geometry": {"type": "Polygon", "coordinates": [[[-96.79242870335158, 32.790845063647346], [-96.79238366984761, 32.79044476583427], [-96.79257833015238, 32.79042923416572], [-96.79262329664842, 32.79082893635266], [-96.79263126057567, 32.790894638752484], [-96.79243673942433, 32.79091136124752], [-96.79242870335158, 32.790845063647346]]]}}, {"type": "Feature", "properties": {"k": "deck", "c": "motorway_link", "b": 2.05, "h": 3.55, "lk": 1}, "geometry": {"type": "Polygon", "coordinates": [[[-96.7922026529184, 32.787250826304394], [-96.7922453470816, 32.787249173695606], [-96.7922763470816, 32.78781717369561], [-96.7922336529184, 32.787818826304395], [-96.7922026529184, 32.787250826304394]]]}}, {"type": "Feature", "properties": {"k": "deck", "c": "motorway_link", "b": 2.05, "h": 3.55, "lk": 1}, "geometry": {"type": "Polygon", "coordinates": [[[-96.81345364080858, 32.78201736417004], [-96.81344035919142, 32.78195263582996], [-96.81418935919142, 32.78184363582996], [-96.81420264080857, 32.781908364170036], [-96.81345364080858, 32.78201736417004]]]}}, {"type": "Feature", "properties": {"k": "deck", "c": "motorway_link", "b": 0.0, "h": 0.56, "lk": 1}, "geometry": {"type": "Polygon", "coordinates": [[[-96.77027436230757, 32.782115640959475], [-96.77028563769242, 32.78215035904053], [-96.77010763769242, 32.782191359040525], [-96.77009636230757, 32.78215664095947], [-96.77027436230757, 32.782115640959475]]]}}, {"type": "Feature", "properties": {"k": "deck", "c": "motorway_link", "b": 0.13, "h": 1.63, "lk": 1}, "geometry": {"type": "Polygon", "coordinates": [[[-96.77032062489253, 32.78210457728936], [-96.77047709234562, 32.78207348439804], [-96.77048690765439, 32.78210851560196], [-96.77033137510746, 32.78213942271064], [-96.7702858371329, 32.7821503122263], [-96.7702741628671, 32.782115687773704], [-96.77032062489253, 32.78210457728936]]]}}, {"type": "Feature", "properties": {"k": "deck", "c": "motorway_link", "b": 1.47, "h": 2.97, "lk": 1}, "geometry": {"type": "Polygon", "coordinates": [[[-96.77056335071987, 32.782047490395435], [-96.7706579652528, 32.78200511096923], [-96.7706780347472, 32.78203688903077], [-96.77058064928013, 32.78208050960456], [-96.77048917103183, 32.782107953079056], [-96.77047482896818, 32.78207404692095], [-96.77056335071987, 32.782047490395435]]]}}, {"type": "Feature", "properties": {"k": "deck", "c": "motorway_link", "b": 2.81, "h": 4.31, "lk": 1}, "geometry": {"type": "Polygon", "coordinates": [[[-96.77074917468414, 32.78195456288257], [-96.77084617741559, 32.78188527521725], [-96.7708738225844, 32.78191272478276], [-96.77077482531587, 32.781983437117425], [-96.77067973235516, 32.78203604173399], [-96.77065626764484, 32.78200595826601], [-96.77074917468414, 32.78195456288257]]]}}, {"type": "Feature", "properties": {"k": "deck", "c": "motorway_link", "b": 4.58, "h": 6.08, "lk": 1}, "geometry": {"type": "Polygon", "coordinates": [[[-96.7710923849354, 32.7816908704067], [-96.7711216150646, 32.7817171295933], [-96.7708746150646, 32.7819121295933], [-96.7708453849354, 32.781885870406704], [-96.7710923849354, 32.7816908704067]]]}}, {"type": "Feature", "properties": {"k": "deck", "c": "motorway_link", "b": 5.6, "h": 7.1, "lk": 1}, "geometry": {"type": "Polygon", "coordinates": [[[-96.76773293592261, 32.78538483633717], [-96.7673659809183, 32.785732947706116], [-96.76733401908169, 32.78570905229389], [-96.76770706407738, 32.78535516366283], [-96.7678752484313, 32.78529158177294], [-96.7678927515687, 32.78532441822706], [-96.76773293592261, 32.78538483633717]]]}}, {"type": "Feature", "properties": {"k": "deck", "c": "motorway_link", "b": 5.0, "h": 6.5, "lk": 1}, "geometry": {"type": "Polygon", "coordinates": [[[-96.83449819318027, 32.767325901585885], [-96.83449380681974, 32.767290098414115], [-96.83514980681973, 32.76723309841412], [-96.83515419318026, 32.76726890158589], [-96.83449819318027, 32.767325901585885]]]}}, {"type": "Feature", "properties": {"k": "deck", "c": "motorway_link", "b": 2.26, "h": 3.76, "lk": 1}, "geometry": {"type": "Polygon", "coordinates": [[[-96.8321628527971, 32.76759083553088], [-96.8321571472029, 32.767555164469115], [-96.8344931472029, 32.76729016446912], [-96.8344988527971, 32.76732583553088], [-96.8321628527971, 32.76759083553088]]]}}, {"type": "Feature", "properties": {"k": "deck", "c": "motorway_link", "b": 0.0, "h": 0.81, "lk": 1}, "geometry": {"type": "Polygon", "coordinates": [[[-96.83127150732004, 32.76764395179172], [-96.83126849267997, 32.76760804820828], [-96.83215849267997, 32.76755504820828], [-96.83216150732004, 32.76759095179172], [-96.83127150732004, 32.76764395179172]]]}}, {"type": "Feature", "properties": {"k": "deck", "c": "motorway_link", "b": 17.12, "h": 18.62, "lk": 1}, "geometry": {"type": "Polygon", "coordinates": [[[-96.77505576682798, 32.7618590304594], [-96.77509823317202, 32.7618549695406], [-96.77517023317202, 32.7623889695406], [-96.77512776682798, 32.7623930304594], [-96.77505576682798, 32.7618590304594]]]}}, {"type": "Feature", "properties": {"k": "pier", "b": 0.0, "h": 17.12}, "geometry": {"type": "Polygon", "coordinates": [[[-96.775115, 32.762041], [-96.775091, 32.762041], [-96.775091, 32.762061], [-96.775115, 32.762061], [-96.775115, 32.762041]]]}}, {"type": "Feature", "properties": {"k": "deck", "c": "motorway_link", "b": 12.26, "h": 13.76, "lk": 1}, "geometry": {"type": "Polygon", "coordinates": [[[-96.77494115970524, 32.76143398072352], [-96.77498284029477, 32.76142601927648], [-96.77509784029476, 32.76185301927648], [-96.77505615970523, 32.76186098072352], [-96.77494115970524, 32.76143398072352]]]}}, {"type": "Feature", "properties": {"k": "pier", "b": 0.0, "h": 12.26}, "geometry": {"type": "Polygon", "coordinates": [[[-96.774999, 32.761514], [-96.774975, 32.761514], [-96.774975, 32.761533], [-96.774999, 32.761533], [-96.774999, 32.761514]]]}}, {"type": "Feature", "properties": {"k": "deck", "c": "motorway_link", "b": 7.84, "h": 9.34, "lk": 1}, "geometry": {"type": "Polygon", "coordinates": [[[-96.77479346787207, 32.761002988846286], [-96.77483453212794, 32.760993011153715], [-96.77498253212794, 32.76142501115371], [-96.77494146787207, 32.76143498884628], [-96.77479346787207, 32.761002988846286]]]}}, {"type": "Feature", "properties": {"k": "pier", "b": 0.0, "h": 7.84}, "geometry": {"type": "Polygon", "coordinates": [[[-96.774861, 32.761092], [-96.774838, 32.761092], [-96.774838, 32.761111], [-96.774861, 32.761111], [-96.774861, 32.761092]]]}}, {"type": "Feature", "properties": {"k": "deck", "c": "motorway_link", "b": 2.05, "h": 3.55, "lk": 1}, "geometry": {"type": "Polygon", "coordinates": [[[-96.79069209173274, 32.77411222394165], [-96.79066590826726, 32.774083776058355], [-96.79080990826726, 32.77398977605835], [-96.79083609173274, 32.774018223941646], [-96.79069209173274, 32.77411222394165]]]}}, {"type": "Feature", "properties": {"k": "deck", "c": "motorway_link", "b": 5.6, "h": 7.1, "lk": 1}, "geometry": {"type": "Polygon", "coordinates": [[[-96.72845433585769, 32.79205519110566], [-96.72828728879398, 32.79210192451039], [-96.72809236495569, 32.79216656762003], [-96.72780934273456, 32.792275576178696], [-96.72763788469632, 32.79233205647365], [-96.72745660054322, 32.79237637037774], [-96.72722624084187, 32.79242544700977], [-96.72721575915813, 32.792390552990234], [-96.72744539945678, 32.79234162962226], [-96.72762411530368, 32.79229794352636], [-96.72779265726544, 32.79224242382131], [-96.7280756350443, 32.79213343237997], [-96.72827271120602, 32.79206807548961], [-96.72844166414231, 32.792020808894335], [-96.72892307014408, 32.79190371013715], [-96.72893492985591, 32.791938289862856], [-96.72845433585769, 32.79205519110566]]]}}, {"type": "Feature", "properties": {"k": "deck", "c": "motorway_link", "b": 5.6, "h": 7.1, "lk": 1}, "geometry": {"type": "Polygon", "coordinates": [[[-96.76196764985889, 32.72520692468759], [-96.76237976840422, 32.72599815228312], [-96.7625642114947, 32.72640212274759], [-96.76271253396689, 32.726809007367265], [-96.76314062771438, 32.72814129912346], [-96.76309937228562, 32.72815070087655], [-96.76267146603311, 32.72681899263273], [-96.7625237885053, 32.72641387725241], [-96.76234023159579, 32.72601184771688], [-96.76192835014112, 32.72522107531241], [-96.76174427339367, 32.72484892014912], [-96.76178372660632, 32.724835079850884], [-96.76196764985889, 32.72520692468759]]]}}, {"type": "Feature", "properties": {"k": "deck", "c": "motorway_link", "b": 0.0, "h": 0.64, "lk": 1}, "geometry": {"type": "Polygon", "coordinates": [[[-96.85753658257882, 32.76804520573197], [-96.85763780811878, 32.76799864198358], [-96.857733917165, 32.76794315634866], [-96.857758082835, 32.76797284365134], [-96.85766019188121, 32.76802935801642], [-96.8575614174212, 32.768074794268024], [-96.85751026180736, 32.76811340227846], [-96.85748173819263, 32.768086597721535], [-96.85753658257882, 32.76804520573197]]]}}, {"type": "Feature", "properties": {"k": "deck", "c": "motorway_link", "b": 0.47, "h": 1.97, "lk": 1}, "geometry": {"type": "Polygon", "coordinates": [[[-96.8578219968138, 32.76786703971368], [-96.85790132986503, 32.76778374000988], [-96.85793467013497, 32.76780625999012], [-96.8578540031862, 32.76789096028632], [-96.8577612567947, 32.76797060120946], [-96.85773074320531, 32.76794539879054], [-96.8578219968138, 32.76786703971368]]]}}, {"type": "Feature", "properties": {"k": "deck", "c": "motorway_link", "b": 1.8, "h": 3.3, "lk": 1}, "geometry": {"type": "Polygon", "coordinates": [[[-96.85795007247087, 32.76771261231049], [-96.85799781374189, 32.76762784719665], [-96.85802630336234, 32.76753451912962], [-96.85806769663766, 32.76754348087038], [-96.85803818625811, 32.76764015280335], [-96.85798792752912, 32.76772938768951], [-96.85793648212194, 32.7678040339666], [-96.85789951787805, 32.7677859660334], [-96.85795007247087, 32.76771261231049]]]}}, {"type": "Feature", "properties": {"k": "deck", "c": "motorway_link", "b": 3.14, "h": 4.64, "lk": 1}, "geometry": {"type": "Polygon", "coordinates": [[[-96.85804367708928, 32.76743738421846], [-96.85804763938651, 32.767322477599095], [-96.85809036061349, 32.7673235224009], [-96.85808632291071, 32.767440615781545], [-96.85806812824318, 32.7675416972679], [-96.85802587175682, 32.7675363027321], [-96.85804367708928, 32.76743738421846]]]}}, {"type": "Feature", "properties": {"k": "deck", "c": "motorway_link", "b": 4.54, "h": 6.04, "lk": 1}, "geometry": {"type": "Polygon", "coordinates": [[[-96.85803194330772, 32.767211299894576], [-96.85800757942846, 32.76713138637058], [-96.85797796831302, 32.76706426784228], [-96.85801803168697, 32.76705173215772], [-96.85804842057155, 32.767120613629416], [-96.85807405669227, 32.76720470010542], [-96.85809022442226, 32.767320905664704], [-96.85804777557775, 32.76732509433529], [-96.85803194330772, 32.767211299894576]]]}}, {"type": "Feature", "properties": {"k": "deck", "c": "motorway_link", "b": 5.41, "h": 6.91, "lk": 1}, "geometry": {"type": "Polygon", "coordinates": [[[-96.85794359000279, 32.767001528383524], [-96.8579824099972, 32.76698647161647], [-96.8580174099972, 32.76705047161647], [-96.85797859000279, 32.767065528383526], [-96.85794359000279, 32.767001528383524]]]}}, {"type": "Feature", "properties": {"k": "deck", "c": "motorway_link", "b": 0.0, "h": 0.97, "lk": 1}, "geometry": {"type": "Polygon", "coordinates": [[[-96.82351836059567, 32.73691596980579], [-96.82351236884537, 32.737509153085504], [-96.82346963115464, 32.7375088469145], [-96.82347563940434, 32.736914030194214], [-96.82356473546449, 32.73616021746066], [-96.82360726453553, 32.73616378253934], [-96.82351836059567, 32.73691596980579]]]}}, {"type": "Feature", "properties": {"k": "deck", "c": "motorway_link", "b": 1.03, "h": 2.53, "lk": 1}, "geometry": {"type": "Polygon", "coordinates": [[[-96.82345008984875, 32.73798111502123], [-96.82331277544634, 32.738461214282154], [-96.82327122455365, 32.73845278571784], [-96.82340791015126, 32.73797488497877], [-96.82346976159492, 32.73750700873556], [-96.82351223840509, 32.73751099126444], [-96.82345008984875, 32.73798111502123]]]}}, {"type": "Feature", "properties": {"k": "deck", "c": "motorway_link", "b": 2.29, "h": 3.79, "lk": 1}, "geometry": {"type": "Polygon", "coordinates": [[[-96.823123544188, 32.73886431601968], [-96.8229021517757, 32.739240983653275], [-96.82286384822432, 32.73922501634672], [-96.82308445581201, 32.73884968398033], [-96.8232721302609, 32.73845037664223], [-96.82331186973909, 32.73846362335777], [-96.823123544188, 32.73886431601968]]]}}, {"type": "Feature", "properties": {"k": "deck", "c": "motorway_link", "b": 3.72, "h": 5.22, "lk": 1}, "geometry": {"type": "Polygon", "coordinates": [[[-96.82264022198379, 32.739541801406816], [-96.82228121453115, 32.73984047147246], [-96.82180433185347, 32.74016106486922], [-96.82177766814654, 32.74013293513078], [-96.82225278546885, 32.739813528527534], [-96.82260777801622, 32.73951819859319], [-96.82286577626417, 32.73922234732044], [-96.82290022373584, 32.739243652679555], [-96.82264022198379, 32.739541801406816]]]}}, {"type": "Feature", "properties": {"k": "deck", "c": "motorway_link", "b": 5.27, "h": 6.77, "lk": 1}, "geometry": {"type": "Polygon", "coordinates": [[[-96.82116896663415, 32.74048344616833], [-96.82111690950366, 32.74050947473357], [-96.82109509049634, 32.740478525266425], [-96.82114703336585, 32.74045255383167], [-96.8217799764474, 32.74013158269553], [-96.8218020235526, 32.74016241730447], [-96.82116896663415, 32.74048344616833]]]}}, {"type": "Feature", "properties": {"k": "deck", "c": "motorway_link", "b": 5.6, "h": 7.1, "lk": 1}, "geometry": {"type": "Polygon", "coordinates": [[[-96.7628959477523, 32.7250100900995], [-96.7629380522477, 32.725003909900494], [-96.7633900522477, 32.72718790990049], [-96.7633479477523, 32.7271940900995], [-96.7628959477523, 32.7250100900995]]]}}, {"type": "Feature", "properties": {"k": "deck", "c": "motorway_link", "b": 5.6, "h": 7.1, "lk": 1}, "geometry": {"type": "Polygon", "coordinates": [[[-96.79647194297372, 32.793302228468825], [-96.79592294137079, 32.79356871464835], [-96.795577023571, 32.79372457877325], [-96.79521135656829, 32.79385892604221], [-96.79496455608368, 32.79392011624501], [-96.79467733224047, 32.79395793575461], [-96.79450757043259, 32.7939527914574], [-96.7943172615547, 32.79393854373392], [-96.79413662531728, 32.793906727123925], [-96.79398931565005, 32.79386405811686], [-96.79401468434996, 32.79380194188314], [-96.79415737468271, 32.793843272876074], [-96.79432873844532, 32.79387345626608], [-96.79451242956742, 32.7938872085426], [-96.79467266775953, 32.79389206424539], [-96.79494744391631, 32.79385588375499], [-96.79518464343171, 32.79379707395778], [-96.79554297642899, 32.79366542122675], [-96.7958850586292, 32.79351128535165], [-96.79643205702628, 32.79324577153117], [-96.79669659681709, 32.79310900945064], [-96.79673740318292, 32.793164990549364], [-96.79647194297372, 32.793302228468825]]]}}, {"type": "Feature", "properties": {"k": "deck", "c": "motorway_link", "b": 5.6, "h": 7.1, "lk": 1}, "geometry": {"type": "Polygon", "coordinates": [[[-96.81159531143044, 32.745713551488656], [-96.81145495969447, 32.745875958497415], [-96.81112106066075, 32.746223853299014], [-96.81097711883069, 32.74639578381825], [-96.81070424544401, 32.74668564932059], [-96.81036582762036, 32.74710668090707], [-96.81012262597962, 32.74758212018017], [-96.81008337402038, 32.747567879819826], [-96.81032817237963, 32.74708931909293], [-96.81066975455599, 32.74666435067942], [-96.8109428811693, 32.74637421618174], [-96.81108693933925, 32.74620214670098], [-96.81142104030552, 32.74585404150259], [-96.81156068856956, 32.74569244851134], [-96.81180165549716, 32.745410487210165], [-96.81183634450284, 32.745431512789835], [-96.81159531143044, 32.745713551488656]]]}}, {"type": "Feature", "properties": {"k": "deck", "c": "motorway_link", "b": 0.0, "h": 0.57, "lk": 1}, "geometry": {"type": "Polygon", "coordinates": [[[-96.86560504922289, 32.76680191367978], [-96.8656009507771, 32.766766086320224], [-96.8661309507771, 32.766723086320226], [-96.8661350492229, 32.76675891367978], [-96.86560504922289, 32.76680191367978]]]}}, {"type": "Feature", "properties": {"k": "deck", "c": "motorway_link", "b": 0.94, "h": 2.44, "lk": 1}, "geometry": {"type": "Polygon", "coordinates": [[[-96.86528491302677, 32.76682492454223], [-96.86412800876833, 32.76691691692925], [-96.86412399123166, 32.76688108307076], [-96.86528108697324, 32.76678907545777], [-96.86560118279228, 32.766766068570774], [-96.86560481720771, 32.76680193142923], [-96.86528491302677, 32.76682492454223]]]}}, {"type": "Feature", "properties": {"k": "deck", "c": "motorway_link", "b": 3.92, "h": 5.42, "lk": 1}, "geometry": {"type": "Polygon", "coordinates": [[[-96.8638950105015, 32.76692997978642], [-96.86364125283787, 32.76693599775472], [-96.86284790400549, 32.76693299643505], [-96.86284809599451, 32.76689700356494], [-96.86364074716214, 32.76690000224527], [-96.86389298949851, 32.76689402021358], [-96.86412458127303, 32.76688104308828], [-96.86412741872697, 32.76691695691172], [-96.8638950105015, 32.76692997978642]]]}}, {"type": "Feature", "properties": {"k": "deck", "c": "motorway_link", "b": 5.6, "h": 7.1, "lk": 1}, "geometry": {"type": "Polygon", "coordinates": [[[-96.77209939403014, 32.780608182663855], [-96.77187313639972, 32.78067496355037], [-96.77155805657458, 32.78076998762461], [-96.77133842867087, 32.78083316825445], [-96.77109537635498, 32.7808924248108], [-96.77085280212151, 32.78093953633548], [-96.77084319787849, 32.78090446366451], [-96.77108462364502, 32.7808575751892], [-96.77132557132913, 32.78079883174555], [-96.77154394342543, 32.780736012375385], [-96.77185886360029, 32.78064103644964], [-96.77208660596986, 32.78057381733615], [-96.77223729416883, 32.780538656756384], [-96.77224870583117, 32.78057334324361], [-96.77209939403014, 32.780608182663855]]]}}, {"type": "Feature", "properties": {"k": "deck", "c": "motorway_link", "b": 4.49, "h": 5.99, "lk": 1}, "geometry": {"type": "Polygon", "coordinates": [[[-96.75712263927134, 32.790620886465085], [-96.75712736072866, 32.79058511353491], [-96.75756536072866, 32.79062611353491], [-96.75756063927135, 32.79066188646509], [-96.75712263927134, 32.790620886465085]]]}}, {"type": "Feature", "properties": {"k": "deck", "c": "motorway_link", "b": 2.28, "h": 3.78, "lk": 1}, "geometry": {"type": "Polygon", "coordinates": [[[-96.75668854506196, 32.790595954856634], [-96.75669145493805, 32.79056004514336], [-96.75712645493805, 32.79058504514336], [-96.75712354506196, 32.790620954856635], [-96.75668854506196, 32.790595954856634]]]}}, {"type": "Feature", "properties": {"k": "deck", "c": "motorway_link", "b": 0.0, "h": 1.34, "lk": 1}, "geometry": {"type": "Polygon", "coordinates": [[[-96.756157856247, 32.79061398216424], [-96.756156143753, 32.79057801783576], [-96.75668914375301, 32.79056001783576], [-96.756690856247, 32.790595982164234], [-96.756157856247, 32.79061398216424]]]}}, {"type": "Feature", "properties": {"k": "deck", "c": "primary_link", "b": 0.0, "h": 0.6, "lk": 1}, "geometry": {"type": "Polygon", "coordinates": [[[-96.7164665044417, 32.85124739177898], [-96.71639949555829, 32.85126860822102], [-96.7161994955583, 32.85082060822102], [-96.7162665044417, 32.850799391778985], [-96.7164665044417, 32.85124739177898]]]}}, {"type": "Feature", "properties": {"k": "deck", "c": "primary_link", "b": 0.65, "h": 2.15, "lk": 1}, "geometry": {"type": "Polygon", "coordinates": [[[-96.71655204074015, 32.85147467820296], [-96.71679995420243, 32.85210045976498], [-96.71673204579758, 32.85211954023502], [-96.71648395925983, 32.85149332179704], [-96.7163988766948, 32.851267102271166], [-96.7164671233052, 32.85124889772884], [-96.71655204074015, 32.85147467820296]]]}}, {"type": "Feature", "properties": {"k": "deck", "c": "primary_link", "b": 2.8, "h": 4.3, "lk": 1}, "geometry": {"type": "Polygon", "coordinates": [[[-96.71691401337858, 32.852410596709184], [-96.71705681548612, 32.85275711650857], [-96.71698918451388, 32.85277688349143], [-96.71684598662142, 32.85242940329082], [-96.71673180806565, 32.85211891774441], [-96.71680019193437, 32.852101082255594], [-96.71691401337858, 32.852410596709184]]]}}, {"type": "Feature", "properties": {"k": "deck", "c": "primary_link", "b": 4.31, "h": 5.81, "lk": 1}, "geometry": {"type": "Polygon", "coordinates": [[[-96.71714949622464, 32.85302795041992], [-96.71720458953881, 32.85320224563204], [-96.71713541046118, 32.853217754367954], [-96.71708050377538, 32.853044049580085], [-96.71698860417467, 32.852775343138916], [-96.71705739582532, 32.852758656861084], [-96.71714949622464, 32.85302795041992]]]}}, {"type": "Feature", "properties": {"k": "deck", "c": "primary_link", "b": 5.27, "h": 6.77, "lk": 1}, "geometry": {"type": "Polygon", "coordinates": [[[-96.71726469531313, 32.85339958791843], [-96.71729271838542, 32.85349366537541], [-96.71722328161458, 32.85350833462459], [-96.71719530468687, 32.85341441208156], [-96.71713532824614, 32.853217489434506], [-96.71720467175385, 32.85320251056549], [-96.71726469531313, 32.85339958791843]]]}}, {"type": "Feature", "properties": {"k": "deck", "c": "primary_link", "b": 4.84, "h": 6.34, "lk": 1}, "geometry": {"type": "Polygon", "coordinates": [[[-96.71790396481461, 32.85336617458549], [-96.7178630783373, 32.85320063421392], [-96.7178502230678, 32.853156135204145], [-96.71777722574406, 32.85290414444271], [-96.71784677425593, 32.85288985555729], [-96.71791977425593, 32.85314185555729], [-96.71793292166271, 32.853187365786084], [-96.71797403518539, 32.853353825414516], [-96.71799802622475, 32.853449789572004], [-96.71792797377525, 32.853462210428], [-96.71790396481461, 32.85336617458549]]]}}, {"type": "Feature", "properties": {"k": "deck", "c": "primary_link", "b": 2.87, "h": 4.37, "lk": 1}, "geometry": {"type": "Polygon", "coordinates": [[[-96.717663969979, 32.85258238588865], [-96.71753931407932, 32.85229019245979], [-96.71760668592069, 32.85226980754021], [-96.717732030021, 32.85256361411135], [-96.7178463191493, 32.85288843584443], [-96.71777768085069, 32.85290556415557], [-96.717663969979, 32.85258238588865]]]}}, {"type": "Feature", "properties": {"k": "deck", "c": "primary_link", "b": 1.02, "h": 2.52, "lk": 1}, "geometry": {"type": "Polygon", "coordinates": [[[-96.71739889756628, 32.852032362507224], [-96.71722839161235, 32.85176214546912], [-96.71729160838764, 32.851733854530885], [-96.71746310243373, 32.85200563749277], [-96.71760554098135, 32.852267443555675], [-96.71754045901865, 32.852292556444326], [-96.71739889756628, 32.852032362507224]]]}}, {"type": "Feature", "properties": {"k": "deck", "c": "primary_link", "b": 0.0, "h": 0.9, "lk": 1}, "geometry": {"type": "Polygon", "coordinates": [[[-96.71705829996097, 32.85155305759525], [-96.71691324378921, 32.85140303374638], [-96.7169687562108, 32.85136496625363], [-96.71711570003905, 32.85151694240475], [-96.71728954394062, 32.85173098142809], [-96.71723045605937, 32.85176501857191], [-96.71705829996097, 32.85155305759525]]]}}, {"type": "Feature", "properties": {"k": "deck", "c": "primary_link", "b": 0.0, "h": 0.12, "lk": 1}, "geometry": {"type": "Polygon", "coordinates": [[[-96.71685080427207, 32.85134159917272], [-96.71690519572792, 32.85130240082729], [-96.71696819572793, 32.851364400827286], [-96.71691380427208, 32.85140359917272], [-96.71685080427207, 32.85134159917272]]]}}, {"type": "Feature", "properties": {"k": "deck", "c": "primary_link", "b": 4.87, "h": 6.37, "lk": 1}, "geometry": {"type": "Polygon", "coordinates": [[[-96.84213900713658, 32.81555171988363], [-96.84208403342284, 32.81547536750343], [-96.8420484878333, 32.815408338677436], [-96.8420875121667, 32.81539366132257], [-96.84212196657715, 32.815458632496565], [-96.84217499286342, 32.81553228011637], [-96.842310689888, 32.81570090362485], [-96.842275310112, 32.81572109637515], [-96.84213900713658, 32.81555171988363]]]}}, {"type": "Feature", "properties": {"k": "deck", "c": "primary_link", "b": 3.71, "h": 5.21, "lk": 1}, "geometry": {"type": "Polygon", "coordinates": [[[-96.84202770278046, 32.815342553538294], [-96.84202558049344, 32.81527464035431], [-96.84204036986284, 32.815204919041456], [-96.84207035360525, 32.81514388070871], [-96.84212000079667, 32.8150900082244], [-96.84217302795612, 32.815046158842534], [-96.84220297204386, 32.81507184115746], [-96.84215199920332, 32.815113991775604], [-96.84210764639475, 32.815162119291294], [-96.84208163013716, 32.815215080958545], [-96.84206841950655, 32.815277359645684], [-96.84207029721955, 32.815337446461704], [-96.84208867031165, 32.815396433757385], [-96.84204732968834, 32.81540556624262], [-96.84202770278046, 32.815342553538294]]]}}, {"type": "Feature", "properties": {"k": "deck", "c": "primary_link", "b": 2.37, "h": 3.87, "lk": 1}, "geometry": {"type": "Polygon", "coordinates": [[[-96.84227437514872, 32.81499900778071], [-96.84236229126584, 32.81498206009549], [-96.84245058846153, 32.814979982514416], [-96.84255287357378, 32.81498714247227], [-96.84266096162762, 32.81500431534064], [-96.84265303837239, 32.81503968465936], [-96.84254712642623, 32.81502285752773], [-96.84244941153847, 32.81501601748559], [-96.84236770873416, 32.81501793990451], [-96.84228962485128, 32.81503299221929], [-96.8421982000031, 32.8150748142243], [-96.84217779999689, 32.81504318577569], [-96.84227437514872, 32.81499900778071]]]}}, {"type": "Feature", "properties": {"k": "deck", "c": "primary_link", "b": 1.04, "h": 2.54, "lk": 1}, "geometry": {"type": "Polygon", "coordinates": [[[-96.84275538071357, 32.81502807582429], [-96.84283430415613, 32.815057152882076], [-96.84290850527394, 32.815098956328725], [-96.84297264289361, 32.81515152814813], [-96.84300995766405, 32.81520024465399], [-96.84297404233594, 32.815219755346014], [-96.84293935710639, 32.81517447185187], [-96.84288149472606, 32.81512704367127], [-96.84281369584386, 32.81508884711792], [-96.84274061928643, 32.81506192417571], [-96.84265085726562, 32.81503923707155], [-96.84266314273438, 32.815004762928446], [-96.84275538071357, 32.81502807582429]]]}}, {"type": "Feature", "properties": {"k": "deck", "c": "primary_link", "b": 0.0, "h": 1.36, "lk": 1}, "geometry": {"type": "Polygon", "coordinates": [[[-96.84304161606433, 32.8152607912547], [-96.84305641267332, 32.815332660498306], [-96.84305431584343, 32.815408146374565], [-96.84303127620707, 32.81549716315138], [-96.84297397304402, 32.81559028079134], [-96.84293602695598, 32.81557371920866], [-96.84299072379294, 32.815484836848626], [-96.84301168415658, 32.81540385362544], [-96.84301358732668, 32.815335339501694], [-96.84300038393566, 32.8152712087453], [-96.84297241214023, 32.81521719424377], [-96.84301158785976, 32.81520280575623], [-96.84304161606433, 32.8152607912547]]]}}, {"type": "Feature", "properties": {"k": "deck", "c": "primary_link", "b": 0.0, "h": 0.32, "lk": 1}, "geometry": {"type": "Polygon", "coordinates": [[[-96.84284764176078, 32.81574615592333], [-96.84281235823923, 32.815725844076674], [-96.84293735823923, 32.81557184407667], [-96.84297264176078, 32.815592155923326], [-96.84284764176078, 32.81574615592333]]]}}, {"type": "Feature", "properties": {"k": "deck", "c": "motorway", "b": 5.6, "h": 7.1, "lk": 0}, "geometry": {"type": "Polygon", "coordinates": [[[-96.88873549772883, 32.85111285198263], [-96.88868450227118, 32.85106314801737], [-96.89501850227117, 32.84645414801737], [-96.89506949772883, 32.84650385198263], [-96.88873549772883, 32.85111285198263]]]}}, {"type": "Feature", "properties": {"k": "deck", "c": "secondary", "b": 5.6, "h": 7.1, "lk": 0}, "geometry": {"type": "Polygon", "coordinates": [[[-96.72157459306564, 32.85271144016471], [-96.72157540693436, 32.85262055983529], [-96.72440940693436, 32.85263855983529], [-96.72440859306563, 32.852729440164715], [-96.72157459306564, 32.85271144016471]]]}}, {"type": "Feature", "properties": {"k": "deck", "c": "secondary", "b": 5.6, "h": 7.1, "lk": 0}, "geometry": {"type": "Polygon", "coordinates": [[[-96.79446642164964, 32.759039487979166], [-96.79433357835035, 32.758994512020834], [-96.79846757835035, 32.750334512020835], [-96.79860042164965, 32.75037948797917], [-96.79446642164964, 32.759039487979166]]]}}, {"type": "Feature", "properties": {"k": "deck", "c": "secondary", "b": 5.6, "h": 7.1, "lk": 0}, "geometry": {"type": "Polygon", "coordinates": [[[-96.717262077966, 32.853546311495535], [-96.717253922034, 32.85345568850447], [-96.717958922034, 32.85341068850447], [-96.717967077966, 32.853501311495535], [-96.717262077966, 32.853546311495535]]]}}, {"type": "Feature", "properties": {"k": "deck", "c": "primary", "b": 5.6, "h": 7.1, "lk": 0}, "geometry": {"type": "Polygon", "coordinates": [[[-96.75793176455265, 32.73113022480032], [-96.75786023544735, 32.73112777519969], [-96.75814623544736, 32.725204775199686], [-96.75821776455265, 32.725207224800315], [-96.75793176455265, 32.73113022480032]]]}}, {"type": "Feature", "properties": {"k": "deck", "c": "primary_link", "b": 0.0, "h": 0.74, "lk": 1}, "geometry": {"type": "Polygon", "coordinates": [[[-96.84131178765116, 32.81586320951556], [-96.84133081386155, 32.81580084582597], [-96.84136269484677, 32.81574428278767], [-96.84140130515323, 32.81575971721234], [-96.84137118613846, 32.81581315417403], [-96.84135421234885, 32.81586879048444], [-96.84134933316682, 32.81593905070556], [-96.84130666683319, 32.815936949294446], [-96.84131178765116, 32.81586320951556]]]}}, {"type": "Feature", "properties": {"k": "deck", "c": "primary_link", "b": 0.64, "h": 2.14, "lk": 1}, "geometry": {"type": "Polygon", "coordinates": [[[-96.84141528485576, 32.81568874577645], [-96.84146725450756, 32.81564738217604], [-96.84153757595062, 32.815614289732245], [-96.84155842404938, 32.81564571026775], [-96.84149274549245, 32.81567661782397], [-96.84144671514424, 32.815713254223546], [-96.84139861259963, 32.81576332013732], [-96.84136538740036, 32.815740679862685], [-96.84141528485576, 32.81568874577645]]]}}, {"type": "Feature", "properties": {"k": "deck", "c": "primary_link", "b": 1.94, "h": 3.44, "lk": 1}, "geometry": {"type": "Polygon", "coordinates": [[[-96.84160072522192, 32.815594457297834], [-96.84167047001631, 32.815586003383366], [-96.841734, 32.815586003383366], [-96.841734, 32.815621996616635], [-96.8416735299837, 32.815621996616635], [-96.84161127477807, 32.81562954270217], [-96.84155538917904, 32.815646886508766], [-96.84154061082097, 32.81561311349123], [-96.84160072522192, 32.815594457297834]]]}}, {"type": "Feature", "properties": {"k": "deck", "c": "primary_link", "b": 3.64, "h": 5.14, "lk": 1}, "geometry": {"type": "Polygon", "coordinates": [[[-96.84181605854003, 32.81560191455595], [-96.8418750673648, 32.81562509659425], [-96.84217504350985, 32.815777592828525], [-96.84215295649014, 32.815808407171474], [-96.8418549326352, 32.815656903405745], [-96.84180194145996, 32.81563608544405], [-96.84172906236859, 32.81562150962577], [-96.84173893763142, 32.81558649037423], [-96.84181605854003, 32.81560191455595]]]}}, {"type": "Feature", "properties": {"k": "deck", "c": "motorway", "b": 5.6, "h": 7.1, "lk": 0}, "geometry": {"type": "Polygon", "coordinates": [[[-96.76924083560458, 32.783609306039324], [-96.76971361131349, 32.78278194854874], [-96.76985349576556, 32.78256705359336], [-96.77001015541437, 32.78235139225864], [-96.77021358602141, 32.78211744706055], [-96.77045210946751, 32.781877908621055], [-96.77060235202188, 32.78174810723055], [-96.7708209444758, 32.78157526668558], [-96.77104066716964, 32.78142810357902], [-96.77138444301012, 32.78123035641414], [-96.77175411676616, 32.78105059747233], [-96.77219753835638, 32.78087872075502], [-96.77253998655421, 32.78078495517703], [-96.77290119040302, 32.78070480039037], [-96.77327731070984, 32.78064833192607], [-96.77330468929016, 32.780777668073924], [-96.77293480959699, 32.78083319960963], [-96.77258401344578, 32.780911044822965], [-96.77225446164363, 32.78100127924498], [-96.77182588323383, 32.78116740252767], [-96.77146755698989, 32.78134164358586], [-96.77113333283035, 32.78153389642098], [-96.7709230555242, 32.78167473331442], [-96.77071164797812, 32.78184189276946], [-96.77056789053249, 32.78196609137895], [-96.77033641397858, 32.782198552939455], [-96.77013984458564, 32.782424607741355], [-96.76998850423443, 32.78263294640664], [-96.76985238868652, 32.78284205145126], [-96.76938116439543, 32.78366669396068], [-96.76928504290098, 32.78383190277927], [-96.76914495709903, 32.78377409722073], [-96.76924083560458, 32.783609306039324]]]}}, {"type": "Feature", "properties": {"k": "deck", "c": "motorway", "b": 5.6, "h": 7.1, "lk": 0}, "geometry": {"type": "Polygon", "coordinates": [[[-96.87238368395703, 32.826693181915935], [-96.87227231604297, 32.82672481808407], [-96.87212131604296, 32.826347818084066], [-96.87223268395702, 32.826316181915935], [-96.87238368395703, 32.826693181915935]]]}}, {"type": "Feature", "properties": {"k": "deck", "c": "motorway", "b": 5.6, "h": 7.1, "lk": 0}, "geometry": {"type": "Polygon", "coordinates": [[[-96.89574011214701, 32.83326618616346], [-96.89545467915647, 32.83313999473608], [-96.89518200558918, 32.83301614300588], [-96.89434941302461, 32.8326648930177], [-96.89355037214362, 32.832271889221786], [-96.89293712683597, 32.8319294013152], [-96.8928132096446, 32.83179515769121], [-96.89287479035539, 32.83175484230879], [-96.89299087316404, 32.8318805986848], [-96.89359162785637, 32.83221611077822], [-96.89438658697539, 32.8326071069823], [-96.89521799441083, 32.83295785699413], [-96.89549132084352, 32.833082005263925], [-96.89577588785299, 32.83320781383653], [-96.89656664657649, 32.83354571073735], [-96.8965313534235, 32.83360428926266], [-96.89574011214701, 32.83326618616346]]]}}, {"type": "Feature", "properties": {"k": "deck", "c": "secondary", "b": 5.6, "h": 7.1, "lk": 0}, "geometry": {"type": "Polygon", "coordinates": [[[-96.7929508602117, 32.803373736739246], [-96.79274495058411, 32.80328177709974], [-96.7928290494159, 32.80314822290026], [-96.79303513978829, 32.80324026326075], [-96.79351623005122, 32.80345630379462], [-96.79343176994878, 32.80358969620538], [-96.7929508602117, 32.803373736739246]]]}}, {"type": "Feature", "properties": {"k": "deck", "c": "secondary", "b": 5.6, "h": 7.1, "lk": 0}, "geometry": {"type": "Polygon", "coordinates": [[[-96.79330077793469, 32.803556665961985], [-96.79354279576108, 32.803660673620804], [-96.79346120423892, 32.803795326379195], [-96.79321921315162, 32.80369133020944], [-96.79276522206531, 32.803496334038016], [-96.79284677793468, 32.80336166596199], [-96.79330077793469, 32.803556665961985]]]}}, {"type": "Feature", "properties": {"k": "deck", "c": "primary", "b": 5.6, "h": 7.1, "lk": 0}, "geometry": {"type": "Polygon", "coordinates": [[[-96.73295507436924, 32.80685563464392], [-96.73285892563075, 32.80681436535608], [-96.73332492563075, 32.80604436535608], [-96.73342107436925, 32.806085634643914], [-96.73295507436924, 32.80685563464392]]]}}, {"type": "Feature", "properties": {"k": "deck", "c": "motorway", "b": 5.6, "h": 7.1, "lk": 0}, "geometry": {"type": "Polygon", "coordinates": [[[-96.895113472944, 32.846522169379035], [-96.895164527056, 32.84657183062097], [-96.88882952705599, 32.851190830620965], [-96.888778472944, 32.851141169379034], [-96.895113472944, 32.846522169379035]]]}}, {"type": "Feature", "properties": {"k": "deck", "c": "motorway", "b": 5.6, "h": 7.1, "lk": 0}, "geometry": {"type": "Polygon", "coordinates": [[[-96.84135075698543, 32.80712663504629], [-96.84125324301456, 32.80726936495371], [-96.83992624301456, 32.806626364953715], [-96.84002375698543, 32.80648363504629], [-96.84135075698543, 32.80712663504629]]]}}, {"type": "Feature", "properties": {"k": "deck", "c": "motorway", "b": 5.6, "h": 7.1, "lk": 0}, "geometry": {"type": "Polygon", "coordinates": [[[-96.83999156475885, 32.806409520172224], [-96.84008843524116, 32.80626647982777], [-96.84151043524116, 32.80694947982777], [-96.84141356475885, 32.807092520172226], [-96.83999156475885, 32.806409520172224]]]}}, {"type": "Feature", "properties": {"k": "deck", "c": "secondary", "b": 5.6, "h": 7.1, "lk": 0}, "geometry": {"type": "Polygon", "coordinates": [[[-96.85421973047194, 32.85989481738593], [-96.85410742121393, 32.85982645522887], [-96.85394299019438, 32.85973596951989], [-96.85374680748824, 32.859661420091555], [-96.85379119251176, 32.859578579908444], [-96.85399500980563, 32.85965603048011], [-96.85416857878609, 32.85975154477113], [-96.85428626952806, 32.85982318261407], [-96.85453083505861, 32.85999729716874], [-96.85446116494138, 32.860066702831254], [-96.85421973047194, 32.85989481738593]]]}}, {"type": "Feature", "properties": {"k": "deck", "c": "secondary", "b": 5.6, "h": 7.1, "lk": 0}, "geometry": {"type": "Polygon", "coordinates": [[[-96.85357376074474, 32.859716751633385], [-96.8536810256707, 32.859763614950545], [-96.85380072337729, 32.85982814762714], [-96.8539918051633, 32.859959644770214], [-96.8541471699807, 32.86009774683013], [-96.85406883001929, 32.86016025316987], [-96.8539181948367, 32.86002635522979], [-96.85373727662271, 32.85990185237286], [-96.85362697432932, 32.859842385049454], [-96.85352823925525, 32.85979924836661], [-96.85332041247445, 32.859727003818996], [-96.85336158752555, 32.859642996181], [-96.85357376074474, 32.859716751633385]]]}}, {"type": "Feature", "properties": {"k": "deck", "c": "secondary", "b": 5.6, "h": 7.1, "lk": 0}, "geometry": {"type": "Polygon", "coordinates": [[[-96.85305551038894, 32.80407145620226], [-96.85295048961106, 32.804050543797736], [-96.85462748961106, 32.79807754379774], [-96.85473251038894, 32.79809845620226], [-96.85305551038894, 32.80407145620226]]]}}, {"type": "Feature", "properties": {"k": "deck", "c": "secondary", "b": 5.6, "h": 7.1, "lk": 0}, "geometry": {"type": "Polygon", "coordinates": [[[-96.85473252091606, 32.79809841863639], [-96.85462747908394, 32.79807758136361], [-96.85607547908394, 32.792900581363604], [-96.85618052091606, 32.79292141863639], [-96.85473252091606, 32.79809841863639]]]}}, {"type": "Feature", "properties": {"k": "deck", "c": "motorway", "b": 5.6, "h": 7.1, "lk": 0}, "geometry": {"type": "Polygon", "coordinates": [[[-96.8926587143916, 32.831738912601104], [-96.8927572856084, 32.831637087398896], [-96.8928242856084, 32.83168308739889], [-96.8927257143916, 32.8317849126011], [-96.8926587143916, 32.831738912601104]]]}}, {"type": "Feature", "properties": {"k": "deck", "c": "motorway", "b": 5.6, "h": 7.1, "lk": 0}, "geometry": {"type": "Polygon", "coordinates": [[[-96.89261716058495, 32.8320368206583], [-96.8930327986896, 32.832306585774305], [-96.89347432439313, 32.832576296045694], [-96.89382472731535, 32.83277895072721], [-96.89420294238971, 32.832978536518425], [-96.8946532109034, 32.83319318780544], [-96.89506664136866, 32.833374937430264], [-96.895333390588, 32.83348483411238], [-96.89531460941201, 32.83351716588761], [-96.89504735863133, 32.833407062569734], [-96.8946327890966, 32.83322481219455], [-96.8941810576103, 32.833009463481574], [-96.89380127268464, 32.83280904927279], [-96.89344967560687, 32.83260570395431], [-96.89300720131041, 32.832335414225696], [-96.89259083941506, 32.8320651793417], [-96.88764772479749, 32.82876510282178], [-96.8876742752025, 32.82873689717822], [-96.89261716058495, 32.8320368206583]]]}}, {"type": "Feature", "properties": {"k": "deck", "c": "motorway", "b": 5.6, "h": 7.1, "lk": 0}, "geometry": {"type": "Polygon", "coordinates": [[[-96.88641400946995, 32.82766501377101], [-96.88616754700183, 32.8275017073389], [-96.88628845299817, 32.82737229266111], [-96.88653399053007, 32.82753498622898], [-96.88677952371543, 32.82769368450734], [-96.88666047628456, 32.82782431549266], [-96.88641400946995, 32.82766501377101]]]}}, {"type": "Feature", "properties": {"k": "deck", "c": "motorway", "b": 5.6, "h": 7.1, "lk": 0}, "geometry": {"type": "Polygon", "coordinates": [[[-96.88606769393891, 32.82743580450836], [-96.88618830606109, 32.82730619549164], [-96.88628830606109, 32.82737219549164], [-96.88616769393892, 32.827501804508366], [-96.88606769393891, 32.82743580450836]]]}}, {"type": "Feature", "properties": {"k": "deck", "c": "motorway", "b": 5.6, "h": 7.1, "lk": 0}, "geometry": {"type": "Polygon", "coordinates": [[[-96.88637250435389, 32.82781055801867], [-96.88627549564612, 32.82791344198134], [-96.88530649564612, 32.82726544198133], [-96.88540350435389, 32.827162558018664], [-96.88637250435389, 32.82781055801867]]]}}, {"type": "Feature", "properties": {"k": "deck", "c": "motorway", "b": 5.6, "h": 7.1, "lk": 0}, "geometry": {"type": "Polygon", "coordinates": [[[-96.87118520332915, 32.81768801599934], [-96.87111279667086, 32.81776598400066], [-96.87065579667086, 32.81746498400066], [-96.87072820332915, 32.81738701599934], [-96.87118520332915, 32.81768801599934]]]}}, {"type": "Feature", "properties": {"k": "deck", "c": "motorway", "b": 5.6, "h": 7.1, "lk": 0}, "geometry": {"type": "Polygon", "coordinates": [[[-96.87076440129461, 32.81735072128151], [-96.87083759870539, 32.817273278718496], [-96.87128959870539, 32.8175762787185], [-96.8712164012946, 32.81765372128151], [-96.87076440129461, 32.81735072128151]]]}}, {"type": "Feature", "properties": {"k": "deck", "c": "motorway", "b": 5.6, "h": 7.1, "lk": 0}, "geometry": {"type": "Polygon", "coordinates": [[[-96.86816856652686, 32.816264376130434], [-96.86802650755185, 32.81604085676416], [-96.86787784045036, 32.815819352760585], [-96.86798015954965, 32.81577064723942], [-96.86812949244815, 32.81599314323584], [-96.86827343347315, 32.81621962386957], [-96.8683610025558, 32.816373624670106], [-96.8682549974442, 32.816416375329894], [-96.86816856652686, 32.816264376130434]]]}}, {"type": "Feature", "properties": {"k": "deck", "c": "motorway", "b": 5.6, "h": 7.1, "lk": 0}, "geometry": {"type": "Polygon", "coordinates": [[[-96.86169417875276, 32.81205045286851], [-96.86141643172834, 32.812002668434204], [-96.86145556827165, 32.8118413315658], [-96.86173582124725, 32.81188954713149], [-96.86202406709877, 32.81194579022447], [-96.86197993290124, 32.812106209775536], [-96.86169417875276, 32.81205045286851]]]}}, {"type": "Feature", "properties": {"k": "deck", "c": "motorway", "b": 5.6, "h": 7.1, "lk": 0}, "geometry": {"type": "Polygon", "coordinates": [[[-96.86153033844039, 32.812081111693814], [-96.86182516015799, 32.81213343500205], [-96.86178483984202, 32.81229456499794], [-96.86149366155962, 32.81224288830619], [-96.86118349657234, 32.81219815297148], [-96.86121650342766, 32.81203584702852], [-96.86153033844039, 32.812081111693814]]]}}, {"type": "Feature", "properties": {"k": "deck", "c": "motorway", "b": 5.6, "h": 7.1, "lk": 0}, "geometry": {"type": "Polygon", "coordinates": [[[-96.85002696553182, 32.81115677767253], [-96.84995303446819, 32.81130922232747], [-96.84904303446818, 32.810996222327475], [-96.84911696553182, 32.81084377767253], [-96.85002696553182, 32.81115677767253]]]}}, {"type": "Feature", "properties": {"k": "deck", "c": "motorway", "b": 5.6, "h": 7.1, "lk": 0}, "geometry": {"type": "Polygon", "coordinates": [[[-96.84913639444838, 32.81079499995869], [-96.84921160555163, 32.81064300004131], [-96.85012060555162, 32.810962000041314], [-96.85004539444837, 32.81111399995869], [-96.84913639444838, 32.81079499995869]]]}}, {"type": "Feature", "properties": {"k": "deck", "c": "motorway", "b": 5.6, "h": 7.1, "lk": 0}, "geometry": {"type": "Polygon", "coordinates": [[[-96.83162313764065, 32.8024921797752], [-96.83170286235936, 32.8023418202248], [-96.83229586235936, 32.802564820224795], [-96.83221613764064, 32.8027151797752], [-96.83162313764065, 32.8024921797752]]]}}, {"type": "Feature", "properties": {"k": "deck", "c": "motorway", "b": 5.6, "h": 7.1, "lk": 0}, "geometry": {"type": "Polygon", "coordinates": [[[-96.83214194664669, 32.802740120381685], [-96.83206605335332, 32.802891879618315], [-96.83145705335332, 32.80267587961831], [-96.83153294664669, 32.80252412038168], [-96.83214194664669, 32.802740120381685]]]}}, {"type": "Feature", "properties": {"k": "deck", "c": "motorway", "b": 5.6, "h": 7.1, "lk": 0}, "geometry": {"type": "Polygon", "coordinates": [[[-96.8276794086026, 32.8018005645575], [-96.82765059139739, 32.801963435442495], [-96.8266225913974, 32.801834435442494], [-96.82665140860261, 32.8016715645575], [-96.8276794086026, 32.8018005645575]]]}}, {"type": "Feature", "properties": {"k": "deck", "c": "motorway", "b": 5.6, "h": 7.1, "lk": 0}, "geometry": {"type": "Polygon", "coordinates": [[[-96.82655389257316, 32.80161047283239], [-96.82658210742683, 32.80144752716762], [-96.82749410742683, 32.80155952716761], [-96.82746589257316, 32.80172247283238], [-96.82655389257316, 32.80161047283239]]]}}, {"type": "Feature", "properties": {"k": "deck", "c": "secondary", "b": 5.6, "h": 7.1, "lk": 0}, "geometry": {"type": "Polygon", "coordinates": [[[-96.85060962159694, 32.76451604036275], [-96.85063637840305, 32.76457195963725], [-96.84991737840305, 32.764815959637254], [-96.84989062159694, 32.76476004036275], [-96.85060962159694, 32.76451604036275]]]}}, {"type": "Feature", "properties": {"k": "deck", "c": "motorway", "b": 5.6, "h": 7.1, "lk": 0}, "geometry": {"type": "Polygon", "coordinates": [[[-96.83602625239924, 32.76738193892531], [-96.83604774760077, 32.76751206107468], [-96.83520274760077, 32.76761106107469], [-96.83518125239924, 32.76748093892532], [-96.83602625239924, 32.76738193892531]]]}}, {"type": "Feature", "properties": {"k": "deck", "c": "motorway", "b": 5.6, "h": 7.1, "lk": 0}, "geometry": {"type": "Polygon", "coordinates": [[[-96.83689990634143, 32.76716052867401], [-96.83651638963565, 32.76723824126965], [-96.83581523222173, 32.76735006378826], [-96.83518291031373, 32.7674043489759], [-96.83516708968628, 32.7672736510241], [-96.83579276777826, 32.767219936211745], [-96.83648361036435, 32.76710975873034], [-96.83686009365856, 32.76703347132599], [-96.83736245297214, 32.76691186847628], [-96.83740554702786, 32.76703813152373], [-96.83689990634143, 32.76716052867401]]]}}, {"type": "Feature", "properties": {"k": "deck", "c": "motorway_link", "b": 5.6, "h": 7.1, "lk": 1}, "geometry": {"type": "Polygon", "coordinates": [[[-96.83724785795985, 32.766942933856384], [-96.83639933646114, 32.767113630578926], [-96.83601376559174, 32.76717071509726], [-96.83581122927673, 32.767201797403025], [-96.8353015118402, 32.76725487210663], [-96.83515440134138, 32.76726888263033], [-96.8351495986586, 32.76723311736967], [-96.83529648815981, 32.76721912789337], [-96.83580477072327, 32.767166202596975], [-96.83600623440826, 32.76713528490274], [-96.83639066353885, 32.76707836942108], [-96.83725214204014, 32.76690506614362], [-96.83739280058165, 32.766958600364646], [-96.83737519941835, 32.76699139963536], [-96.83724785795985, 32.766942933856384]]]}}, {"type": "Feature", "properties": {"k": "deck", "c": "motorway", "b": 5.6, "h": 7.1, "lk": 0}, "geometry": {"type": "Polygon", "coordinates": [[[-96.82221206295714, 32.76943385234213], [-96.82226593704286, 32.769592147657875], [-96.82209193704286, 32.76963414765787], [-96.82203806295713, 32.769475852342126], [-96.82221206295714, 32.76943385234213]]]}}, {"type": "Feature", "properties": {"k": "deck", "c": "motorway_link", "b": 4.91, "h": 6.41, "lk": 1}, "geometry": {"type": "Polygon", "coordinates": [[[-96.79037119788487, 32.7744086036952], [-96.79026274615957, 32.77447221480331], [-96.79017144742835, 32.7744984500709], [-96.79005593793292, 32.774516688412284], [-96.79004806206709, 32.774481311587714], [-96.79016055257165, 32.7744635499291], [-96.79024325384044, 32.77443978519669], [-96.79034280211513, 32.7743813963048], [-96.79043817650005, 32.77429290460746], [-96.79046982349995, 32.77431709539254], [-96.79037119788487, 32.7744086036952]]]}}, {"type": "Feature", "properties": {"k": "deck", "c": "motorway_link", "b": 3.22, "h": 4.72, "lk": 1}, "geometry": {"type": "Polygon", "coordinates": [[[-96.78975256264101, 32.774533948786164], [-96.7891856952445, 32.77457193989916], [-96.78918230475551, 32.77453606010084], [-96.78974943735898, 32.77449805121383], [-96.79005057008358, 32.77448104371776], [-96.79005342991643, 32.774516956282234], [-96.78975256264101, 32.774533948786164]]]}}, {"type": "Feature", "properties": {"k": "deck", "c": "motorway_link", "b": 0.7, "h": 2.2, "lk": 1}, "geometry": {"type": "Polygon", "coordinates": [[[-96.78831273819395, 32.77463193698401], [-96.78830926180603, 32.77459606301599], [-96.78918226180605, 32.774536063015994], [-96.78918573819396, 32.77457193698401], [-96.78831273819395, 32.77463193698401]]]}}, {"type": "Feature", "properties": {"k": "deck", "c": "motorway_link", "b": 0.0, "h": 0.5, "lk": 1}, "geometry": {"type": "Polygon", "coordinates": [[[-96.78794741818588, 32.77463799317038], [-96.78794658181413, 32.77460200682962], [-96.78831058181412, 32.77459600682962], [-96.78831141818587, 32.77463199317038], [-96.78794741818588, 32.77463799317038]]]}}, {"type": "Feature", "properties": {"k": "deck", "c": "motorway", "b": 5.6, "h": 7.1, "lk": 0}, "geometry": {"type": "Polygon", "coordinates": [[[-96.8856720905268, 32.854362348373115], [-96.88558590947319, 32.85442965162689], [-96.8849979094732, 32.853895651626885], [-96.8850840905268, 32.85382834837311], [-96.8856720905268, 32.854362348373115]]]}}, {"type": "Feature", "properties": {"k": "deck", "c": "motorway", "b": 5.6, "h": 7.1, "lk": 0}, "geometry": {"type": "Polygon", "coordinates": [[[-96.8851237898193, 32.85377954263424], [-96.88521021018069, 32.85371245736576], [-96.88578921018069, 32.85424145736576], [-96.8857027898193, 32.85430854263424], [-96.8851237898193, 32.85377954263424]]]}}, {"type": "Feature", "properties": {"k": "deck", "c": "primary_link", "b": 5.6, "h": 7.1, "lk": 1}, "geometry": {"type": "Polygon", "coordinates": [[[-96.88438298456683, 32.85869080036725], [-96.8833797912537, 32.8577825307242], [-96.88343220874629, 32.8577414692758], [-96.88443701543318, 32.85865119963275], [-96.88469576302431, 32.85891897330264], [-96.8846402369757, 32.85895702669736], [-96.88438298456683, 32.85869080036725]]]}}, {"type": "Feature", "properties": {"k": "deck", "c": "primary", "b": 5.6, "h": 7.1, "lk": 0}, "geometry": {"type": "Polygon", "coordinates": [[[-96.88417330189648, 32.858643311251335], [-96.88373629602762, 32.85833401486014], [-96.88337922576014, 32.85812728996843], [-96.8830506549558, 32.85799940312842], [-96.88274929045367, 32.857929478685115], [-96.88260228643145, 32.857908898122005], [-96.8824498086775, 32.85789610966523], [-96.88224691568969, 32.85789215077765], [-96.88205749381554, 32.857895095159115], [-96.88176706897198, 32.857938708446206], [-96.88115085393811, 32.85802473846717], [-96.8811391460619, 32.85796526153283], [-96.88175493102801, 32.85787929155379], [-96.88205050618446, 32.85783490484088], [-96.88224708431032, 32.85783184922234], [-96.8824541913225, 32.857835890334776], [-96.88261171356854, 32.85784910187799], [-96.88276470954632, 32.85787052131489], [-96.88307534504422, 32.85794259687158], [-96.88341477423987, 32.858074710031566], [-96.88377970397238, 32.858285985139865], [-96.88421869810352, 32.85859668874867], [-96.88469036043647, 32.858914461252645], [-96.88464563956354, 32.85896153874736], [-96.88417330189648, 32.858643311251335]]]}}, {"type": "Feature", "properties": {"k": "deck", "c": "trunk", "b": 5.6, "h": 7.1, "lk": 0}, "geometry": {"type": "Polygon", "coordinates": [[[-96.8833974966585, 32.856595401009635], [-96.88324547575802, 32.85681127068833], [-96.88306700511613, 32.85701205016045], [-96.88276269035784, 32.85728906758161], [-96.88245061120901, 32.85750083557547], [-96.88204005631903, 32.857715695997], [-96.88178274666004, 32.85782409022343], [-96.88115897153891, 32.85802566385582], [-96.8811310284611, 32.857964336144185], [-96.88175125333996, 32.857763909776565], [-96.88200194368096, 32.857658304002996], [-96.882405388791, 32.857447164424535], [-96.88270930964215, 32.857240932418385], [-96.88300699488387, 32.85696994983955], [-96.88318052424198, 32.856774729311674], [-96.8833285033415, 32.85656459899037], [-96.88345670850991, 32.85633502229345], [-96.8835272914901, 32.85636297770655], [-96.8833974966585, 32.856595401009635]]]}}, {"type": "Feature", "properties": {"k": "deck", "c": "primary", "b": 5.6, "h": 7.1, "lk": 0}, "geometry": {"type": "Polygon", "coordinates": [[[-96.88149681080145, 32.85849594571071], [-96.88208509610963, 32.858542046433335], [-96.88257099581459, 32.858598266233905], [-96.88303656328522, 32.85867770431205], [-96.88332413890119, 32.85874808995232], [-96.88369385486047, 32.85884152360508], [-96.88386699700209, 32.85890025017942], [-96.88426061176507, 32.859048481693215], [-96.88423138823494, 32.85910351830679], [-96.88383900299792, 32.85895574982058], [-96.88367014513952, 32.85889847639493], [-96.88330386109881, 32.858805910047685], [-96.88301943671478, 32.858736295687955], [-96.88255900418541, 32.8586577337661], [-96.88207690389036, 32.85860195356667], [-96.88149118919856, 32.85855605428929], [-96.8801846959144, 32.85848508181555], [-96.88018930408562, 32.85842491818445], [-96.88149681080145, 32.85849594571071]]]}}, {"type": "Feature", "properties": {"k": "deck", "c": "motorway", "b": 5.6, "h": 7.1, "lk": 0}, "geometry": {"type": "Polygon", "coordinates": [[[-96.88917738128457, 32.8294400270609], [-96.88784075984317, 32.828583269712155], [-96.88793524015684, 32.82847873028784], [-96.88927261871542, 32.829335972939106], [-96.89056299373125, 32.830184219461124], [-96.89046700626874, 32.830287780538875], [-96.88917738128457, 32.8294400270609]]]}}, {"type": "Feature", "properties": {"k": "deck", "c": "secondary", "b": 5.6, "h": 7.1, "lk": 0}, "geometry": {"type": "Polygon", "coordinates": [[[-96.85661993554908, 32.76832531906227], [-96.85651206445092, 32.76832268093773], [-96.85652306445093, 32.76800368093773], [-96.85663093554908, 32.76800631906227], [-96.85661993554908, 32.76832531906227]]]}}, {"type": "Feature", "properties": {"k": "deck", "c": "secondary", "b": 5.6, "h": 7.1, "lk": 0}, "geometry": {"type": "Polygon", "coordinates": [[[-96.8566265881722, 32.76666292888991], [-96.8564834118278, 32.766663071110095], [-96.8564824118278, 32.76594907111009], [-96.85662558817221, 32.765948928889905], [-96.8566265881722, 32.76666292888991]]]}}, {"type": "Feature", "properties": {"k": "deck", "c": "secondary", "b": 5.6, "h": 7.1, "lk": 0}, "geometry": {"type": "Polygon", "coordinates": [[[-96.85665306533043, 32.76799665567411], [-96.85676093466957, 32.76799934432589], [-96.85674993466957, 32.768312344325885], [-96.85664206533043, 32.76830965567411], [-96.85665306533043, 32.76799665567411]]]}}, {"type": "Feature", "properties": {"k": "deck", "c": "secondary", "b": 5.6, "h": 7.1, "lk": 0}, "geometry": {"type": "Polygon", "coordinates": [[[-96.85664004459376, 32.76600346953238], [-96.85674795540625, 32.76600253046762], [-96.85675595540624, 32.76665453046762], [-96.85664804459375, 32.76665546953238], [-96.85664004459376, 32.76600346953238]]]}}, {"type": "Feature", "properties": {"k": "deck", "c": "secondary", "b": 5.6, "h": 7.1, "lk": 0}, "geometry": {"type": "Polygon", "coordinates": [[[-96.80272360829386, 32.809523431692554], [-96.80231009217407, 32.80920979869349], [-96.80240590782593, 32.80912020130651], [-96.80282039170615, 32.80943456830745], [-96.80289586757884, 32.80949394266064], [-96.80279813242116, 32.80958205733937], [-96.80272360829386, 32.809523431692554]]]}}, {"type": "Feature", "properties": {"k": "deck", "c": "secondary", "b": 5.6, "h": 7.1, "lk": 0}, "geometry": {"type": "Polygon", "coordinates": [[[-96.80227459439429, 32.80960157724974], [-96.8023711233772, 32.80962026027869], [-96.80251630890126, 32.80964868821347], [-96.80262821379947, 32.80967666443802], [-96.8027524432337, 32.809713933268284], [-96.80285479547817, 32.80975180359874], [-96.80279720452182, 32.809862196401255], [-96.80269955676631, 32.809826066731716], [-96.80258378620053, 32.809791335561975], [-96.80247969109874, 32.809765311786535], [-96.80233887662281, 32.809737739721314], [-96.8022494056057, 32.80972042275026], [-96.80215090698213, 32.80970980034968], [-96.80216909301787, 32.809590199650316], [-96.80227459439429, 32.80960157724974]]]}}, {"type": "Feature", "properties": {"k": "deck", "c": "secondary", "b": 5.6, "h": 7.1, "lk": 0}, "geometry": {"type": "Polygon", "coordinates": [[[-96.82793082660069, 32.72043855877763], [-96.82793117339932, 32.72052944122237], [-96.82719217339931, 32.72053144122237], [-96.82719182660068, 32.72044055877763], [-96.82793082660069, 32.72043855877763]]]}}, {"type": "Feature", "properties": {"k": "deck", "c": "secondary", "b": 5.6, "h": 7.1, "lk": 0}, "geometry": {"type": "Polygon", "coordinates": [[[-96.82723191365054, 32.72040844139882], [-96.82723208634945, 32.72031755860118], [-96.82797408634946, 32.72031855860118], [-96.82797391365054, 32.720409441398814], [-96.82723191365054, 32.72040844139882]]]}}, {"type": "Feature", "properties": {"k": "deck", "c": "motorway", "b": 5.6, "h": 7.1, "lk": 0}, "geometry": {"type": "Polygon", "coordinates": [[[-96.8247614451072, 32.730839070637586], [-96.82463193377508, 32.73134506840027], [-96.8244425770621, 32.73196824234457], [-96.82405458982173, 32.733252200119395], [-96.82390341017826, 32.7332197998806], [-96.82429142293789, 32.73193575765543], [-96.82448006622492, 32.73131493159973], [-96.8246085548928, 32.730812929362415], [-96.82473237967058, 32.730265703731604], [-96.82488562032943, 32.73029029626839], [-96.8247614451072, 32.730839070637586]]]}}, {"type": "Feature", "properties": {"k": "deck", "c": "motorway", "b": 5.6, "h": 7.1, "lk": 0}, "geometry": {"type": "Polygon", "coordinates": [[[-96.8240758804877, 32.73444358663019], [-96.82413225874126, 32.73417478317127], [-96.82436374125874, 32.73420921682873], [-96.8243081195123, 32.73447441336981], [-96.82426641829014, 32.734727599361506], [-96.82403358170987, 32.73470040063849], [-96.8240758804877, 32.73444358663019]]]}}, {"type": "Feature", "properties": {"k": "deck", "c": "motorway", "b": 5.6, "h": 7.1, "lk": 0}, "geometry": {"type": "Polygon", "coordinates": [[[-96.82480035825259, 32.731907740124356], [-96.82512495547446, 32.73088401042454], [-96.82530852479948, 32.73021956928077], [-96.82553747520052, 32.730264430719224], [-96.82535304452553, 32.73093198957546], [-96.82502764174743, 32.73195825987564], [-96.82462072737096, 32.73327198343996], [-96.82439327262904, 32.733222016560035], [-96.82480035825259, 32.731907740124356]]]}}, {"type": "Feature", "properties": {"k": "deck", "c": "motorway", "b": 5.6, "h": 7.1, "lk": 0}, "geometry": {"type": "Polygon", "coordinates": [[[-96.86922039259255, 32.81865500793387], [-96.86933160740745, 32.818622992066125], [-96.86951060740745, 32.81906399206613], [-96.86939939259256, 32.81909600793387], [-96.86922039259255, 32.81865500793387]]]}}, {"type": "Feature", "properties": {"k": "deck", "c": "motorway", "b": 5.6, "h": 7.1, "lk": 0}, "geometry": {"type": "Polygon", "coordinates": [[[-96.86934859527464, 32.819165962205794], [-96.86923740472535, 32.8191980377942], [-96.86905640472536, 32.8187530377942], [-96.86916759527465, 32.818720962205795], [-96.86934859527464, 32.819165962205794]]]}}, {"type": "Feature", "properties": {"k": "deck", "c": "motorway", "b": 5.6, "h": 7.1, "lk": 0}, "geometry": {"type": "Polygon", "coordinates": [[[-96.87229432350115, 32.82629483669263], [-96.87240567649884, 32.82626316330737], [-96.87255767649884, 32.82664216330737], [-96.87244632350115, 32.826673836692635], [-96.87229432350115, 32.82629483669263]]]}}, {"type": "Feature", "properties": {"k": "deck", "c": "motorway", "b": 5.6, "h": 7.1, "lk": 0}, "geometry": {"type": "Polygon", "coordinates": [[[-96.87503768965952, 32.83542315409926], [-96.87515431034048, 32.83541084590074], [-96.87520431034048, 32.835746845900736], [-96.87508768965952, 32.83575915409926], [-96.87503768965952, 32.83542315409926]]]}}, {"type": "Feature", "properties": {"k": "deck", "c": "motorway", "b": 5.6, "h": 7.1, "lk": 0}, "geometry": {"type": "Polygon", "coordinates": [[[-96.87501931828581, 32.835765899530664], [-96.87490268171419, 32.835778100469334], [-96.87485268171419, 32.83543910046934], [-96.8749693182858, 32.83542689953067], [-96.87501931828581, 32.835765899530664]]]}}, {"type": "Feature", "properties": {"k": "deck", "c": "motorway", "b": 5.6, "h": 7.1, "lk": 0}, "geometry": {"type": "Polygon", "coordinates": [[[-96.87543168851164, 32.837930146380636], [-96.87554831148836, 32.837917853619366], [-96.87561831148835, 32.838388853619364], [-96.87550168851163, 32.83840114638063], [-96.87543168851164, 32.837930146380636]]]}}, {"type": "Feature", "properties": {"k": "deck", "c": "motorway", "b": 5.6, "h": 7.1, "lk": 0}, "geometry": {"type": "Polygon", "coordinates": [[[-96.87543531238563, 32.83839785965976], [-96.87531868761437, 32.83841014034024], [-96.87525068761437, 32.83795214034024], [-96.87536731238563, 32.83793985965976], [-96.87543531238563, 32.83839785965976]]]}}, {"type": "Feature", "properties": {"k": "deck", "c": "motorway", "b": 5.6, "h": 7.1, "lk": 0}, "geometry": {"type": "Polygon", "coordinates": [[[-96.87657092662936, 32.84183726774284], [-96.87668107337065, 32.84180273225716], [-96.87691007337065, 32.84232073225716], [-96.87679992662936, 32.84235526774284], [-96.87657092662936, 32.84183726774284]]]}}, {"type": "Feature", "properties": {"k": "deck", "c": "motorway", "b": 5.6, "h": 7.1, "lk": 0}, "geometry": {"type": "Polygon", "coordinates": [[[-96.87672636641243, 32.84237441019169], [-96.87661563358758, 32.84240758980831], [-96.87639763358757, 32.84189158980831], [-96.87650836641242, 32.84185841019169], [-96.87672636641243, 32.84237441019169]]]}}, {"type": "Feature", "properties": {"k": "deck", "c": "motorway", "b": 5.6, "h": 7.1, "lk": 0}, "geometry": {"type": "Polygon", "coordinates": [[[-96.87804522916517, 32.845483088846095], [-96.87793477083483, 32.84551691115391], [-96.87781777083482, 32.84524591115391], [-96.87792822916516, 32.8452120888461], [-96.87804522916517, 32.845483088846095]]]}}, {"type": "Feature", "properties": {"k": "deck", "c": "motorway", "b": 5.6, "h": 7.1, "lk": 0}, "geometry": {"type": "Polygon", "coordinates": [[[-96.87792673867122, 32.84503683646867], [-96.87803726132879, 32.845003163531324], [-96.87815926132878, 32.845287163531324], [-96.87804873867121, 32.84532083646867], [-96.87792673867122, 32.84503683646867]]]}}, {"type": "Feature", "properties": {"k": "deck", "c": "trunk", "b": 5.6, "h": 7.1, "lk": 0}, "geometry": {"type": "Polygon", "coordinates": [[[-96.88238097293149, 32.85823820056973], [-96.88238502706852, 32.858303799430274], [-96.88017202706853, 32.85840079943027], [-96.88016797293149, 32.85833520056973], [-96.88238097293149, 32.85823820056973]]]}}, {"type": "Feature", "properties": {"k": "deck", "c": "secondary", "b": 5.6, "h": 7.1, "lk": 0}, "geometry": {"type": "Polygon", "coordinates": [[[-96.71242053234329, 32.74926256024974], [-96.71242146765672, 32.74935343975026], [-96.71187346765672, 32.74935743975026], [-96.71187253234328, 32.749266560249744], [-96.71242053234329, 32.74926256024974]]]}}, {"type": "Feature", "properties": {"k": "deck", "c": "secondary", "b": 5.6, "h": 7.1, "lk": 0}, "geometry": {"type": "Polygon", "coordinates": [[[-96.71191216334753, 32.749218435994116], [-96.71191383665246, 32.74912756400588], [-96.71244983665247, 32.749134564005885], [-96.71244816334755, 32.74922543599412], [-96.71191216334753, 32.749218435994116]]]}}, {"type": "Feature", "properties": {"k": "deck", "c": "secondary", "b": 5.6, "h": 7.1, "lk": 0}, "geometry": {"type": "Polygon", "coordinates": [[[-96.83574825905681, 32.79638320857246], [-96.83579374094317, 32.79630079142755], [-96.83630474094318, 32.79650079142755], [-96.83625925905682, 32.79658320857246], [-96.83574825905681, 32.79638320857246]]]}}, {"type": "Feature", "properties": {"k": "deck", "c": "secondary", "b": 5.6, "h": 7.1, "lk": 0}, "geometry": {"type": "Polygon", "coordinates": [[[-96.83615906628464, 32.796603919873796], [-96.83611293371536, 32.7966860801262], [-96.83566093371536, 32.7965060801262], [-96.83570706628464, 32.796423919873796], [-96.83615906628464, 32.796603919873796]]]}}, {"type": "Feature", "properties": {"k": "deck", "c": "secondary", "b": 5.6, "h": 7.1, "lk": 0}, "geometry": {"type": "Polygon", "coordinates": [[[-96.8337228790075, 32.79668402582314], [-96.8338291209925, 32.79669997417686], [-96.83376012099251, 32.79702597417686], [-96.8336538790075, 32.79701002582314], [-96.8337228790075, 32.79668402582314]]]}}, {"type": "Feature", "properties": {"k": "deck", "c": "secondary", "b": 5.6, "h": 7.1, "lk": 0}, "geometry": {"type": "Polygon", "coordinates": [[[-96.83362010928685, 32.79699902928534], [-96.83351389071315, 32.79698297071466], [-96.83358189071315, 32.79666397071466], [-96.83368810928685, 32.79668002928534], [-96.83362010928685, 32.79699902928534]]]}}, {"type": "Feature", "properties": {"k": "deck", "c": "motorway", "b": 5.6, "h": 7.1, "lk": 0}, "geometry": {"type": "Polygon", "coordinates": [[[-96.7660893134838, 32.78722616168026], [-96.76619868651619, 32.78731983831974], [-96.7659136865162, 32.78755583831974], [-96.76580431348381, 32.78746216168026], [-96.7660893134838, 32.78722616168026]]]}}, {"type": "Feature", "properties": {"k": "deck", "c": "motorway", "b": 5.6, "h": 7.1, "lk": 0}, "geometry": {"type": "Polygon", "coordinates": [[[-96.76574996080245, 32.787416610065705], [-96.76564003919754, 32.7873233899343], [-96.76592103919754, 32.7870883899343], [-96.76603096080245, 32.7871816100657], [-96.76574996080245, 32.787416610065705]]]}}, {"type": "Feature", "properties": {"k": "deck", "c": "motorway_link", "b": 5.6, "h": 7.1, "lk": 1}, "geometry": {"type": "Polygon", "coordinates": [[[-96.76778366489586, 32.78597647622125], [-96.76781833510415, 32.78599752377875], [-96.76761033510415, 32.78624052377875], [-96.76757566489586, 32.786219476221255], [-96.76778366489586, 32.78597647622125]]]}}, {"type": "Feature", "properties": {"k": "deck", "c": "motorway_link", "b": 0.0, "h": 0.85, "lk": 1}, "geometry": {"type": "Polygon", "coordinates": [[[-96.76902796842482, 32.781970155850566], [-96.76899803157518, 32.78199584414943], [-96.76880203157518, 32.78183384414943], [-96.76883196842482, 32.78180815585057], [-96.76902796842482, 32.781970155850566]]]}}, {"type": "Feature", "properties": {"k": "deck", "c": "motorway_link", "b": 0.65, "h": 2.15, "lk": 1}, "geometry": {"type": "Polygon", "coordinates": [[[-96.76903894301249, 32.78198203200095], [-96.76915085392348, 32.782102935753], [-96.76911714607651, 32.782125064247], [-96.76900505698752, 32.78200396799905], [-96.7689959694566, 32.781993870742475], [-96.7690300305434, 32.78197212925752], [-96.76903894301249, 32.78198203200095]]]}}, {"type": "Feature", "properties": {"k": "deck", "c": "motorway_link", "b": 2.07, "h": 3.57, "lk": 1}, "geometry": {"type": "Polygon", "coordinates": [[[-96.76920262064382, 32.782175155680704], [-96.76925490021364, 32.78225860191711], [-96.76921709978637, 32.78227539808289], [-96.76916537935617, 32.7821928443193], [-96.76911568817367, 32.7821232766638], [-96.76915231182632, 32.7821047233362], [-96.76920262064382, 32.782175155680704]]]}}, {"type": "Feature", "properties": {"k": "deck", "c": "motorway_link", "b": 3.53, "h": 5.03, "lk": 1}, "geometry": {"type": "Polygon", "coordinates": [[[-96.76929484835414, 32.78236484389105], [-96.76931609377192, 32.782475117726186], [-96.76927390622808, 32.78248088227381], [-96.76925315164586, 32.78237315610895], [-96.76921561037017, 32.78227238742154], [-96.76925638962985, 32.78226161257845], [-96.76929484835414, 32.78236484389105]]]}}, {"type": "Feature", "properties": {"k": "deck", "c": "motorway_link", "b": 4.96, "h": 6.46, "lk": 1}, "geometry": {"type": "Polygon", "coordinates": [[[-96.76931636961851, 32.78256269578658], [-96.76930830582913, 32.782650389496204], [-96.76926569417088, 32.782647610503794], [-96.76927363038149, 32.78256130421342], [-96.76927363038149, 32.782478], [-96.76931636961851, 32.782478], [-96.76931636961851, 32.78256269578658]]]}}, {"type": "Feature", "properties": {"k": "deck", "c": "motorway_link", "b": 5.6, "h": 7.1, "lk": 1}, "geometry": {"type": "Polygon", "coordinates": [[[-96.76995207111722, 32.78285216081837], [-96.77003175008933, 32.782760223542866], [-96.7701169692016, 32.782689207615974], [-96.77014703079841, 32.78271479238403], [-96.77006424991067, 32.78278377645714], [-96.76998792888278, 32.78287183918163], [-96.76956249625626, 32.7834910134268], [-96.76952550374374, 32.7834729865732], [-96.76995207111722, 32.78285216081837]]]}}, {"type": "Feature", "properties": {"k": "deck", "c": "motorway_link", "b": 5.6, "h": 7.1, "lk": 1}, "geometry": {"type": "Polygon", "coordinates": [[[-96.77118921667753, 32.78161622754125], [-96.77152757375944, 32.78139534161241], [-96.77185314547751, 32.78121547328668], [-96.77206248017421, 32.78112288294007], [-96.77226550029785, 32.7810424789307], [-96.77254180516, 32.780950042395], [-96.77281851722276, 32.78087585147963], [-96.77283148277724, 32.78091014852037], [-96.77255619483999, 32.780983957604995], [-96.77228249970214, 32.7810755210693], [-96.77208151982578, 32.78115511705994], [-96.77187485452248, 32.78124652671332], [-96.77155242624056, 32.78142465838759], [-96.77121678332247, 32.78164377245875], [-96.7711214283199, 32.78171727527323], [-96.7710925716801, 32.781690724726765], [-96.77118921667753, 32.78161622754125]]]}}, {"type": "Feature", "properties": {"k": "deck", "c": "motorway_link", "b": 4.66, "h": 6.16, "lk": 1}, "geometry": {"type": "Polygon", "coordinates": [[[-96.77060782448572, 32.780975854514175], [-96.77033293678022, 32.78099692255], [-96.77032906321978, 32.78096107745], [-96.77060217551428, 32.78094014548582], [-96.7708442976204, 32.780904275544174], [-96.7708517023796, 32.78093972445582], [-96.77060782448572, 32.780975854514175]]]}}, {"type": "Feature", "properties": {"k": "deck", "c": "motorway_link", "b": 2.33, "h": 3.83, "lk": 1}, "geometry": {"type": "Polygon", "coordinates": [[[-96.77004130015465, 32.78100100873342], [-96.7695192525268, 32.780964936344546], [-96.76952274747319, 32.78092906365545], [-96.77004269984536, 32.78096499126658], [-96.77033064883908, 32.78096100581338], [-96.77033135116092, 32.78099699418662], [-96.77004130015465, 32.78100100873342]]]}}, {"type": "Feature", "properties": {"k": "deck", "c": "motorway_link", "b": 0.0, "h": 1.37, "lk": 1}, "geometry": {"type": "Polygon", "coordinates": [[[-96.7694478890513, 32.78095890860598], [-96.76892791174177, 32.78091591048231], [-96.76893208825823, 32.780880089517694], [-96.7694521109487, 32.780923091394016], [-96.76952313363437, 32.780929093311116], [-96.76951886636563, 32.78096490668888], [-96.7694478890513, 32.78095890860598]]]}}, {"type": "Feature", "properties": {"k": "deck", "c": "motorway", "b": 5.6, "h": 7.1, "lk": 0}, "geometry": {"type": "Polygon", "coordinates": [[[-96.80876650203753, 32.75957530983263], [-96.80819150691335, 32.76040230281994], [-96.80787631569946, 32.76084156930533], [-96.80694844446121, 32.76213838934412], [-96.80621631688908, 32.763178570594164], [-96.8058009775663, 32.76374803583428], [-96.80536930956832, 32.764331587016734], [-96.80499172048054, 32.764874995651], [-96.80489027951946, 32.76482500434901], [-96.80526869043167, 32.76428041298326], [-96.8057010224337, 32.76369596416572], [-96.80611568311093, 32.76312742940584], [-96.8068475555388, 32.762087610655875], [-96.80777568430055, 32.76079043069467], [-96.80809049308667, 32.760351697180056], [-96.80866549796248, 32.75952469016737], [-96.80896371344708, 32.75910939007975], [-96.80906428655292, 32.75916060992025], [-96.80876650203753, 32.75957530983263]]]}}, {"type": "Feature", "properties": {"k": "deck", "c": "secondary", "b": 5.6, "h": 7.1, "lk": 0}, "geometry": {"type": "Polygon", "coordinates": [[[-96.87373704171327, 32.80255960124369], [-96.87374921682975, 32.802393207985084], [-96.8737705760477, 32.8022233513471], [-96.8737989916637, 32.802097510761946], [-96.8739050083363, 32.80211448923806], [-96.8738774239523, 32.8022366486529], [-96.87385678317024, 32.802400792014915], [-96.87384495828672, 32.8025623987563], [-96.87384495828672, 32.802767], [-96.87373704171327, 32.802767], [-96.87373704171327, 32.80255960124369]]]}}, {"type": "Feature", "properties": {"k": "deck", "c": "secondary", "b": 5.6, "h": 7.1, "lk": 0}, "geometry": {"type": "Polygon", "coordinates": [[[-96.87386883477001, 32.794188730186136], [-96.87387692850935, 32.79433239405926], [-96.87388296148451, 32.79455058666115], [-96.87384094999359, 32.80150048758604], [-96.87382573753244, 32.80171244787833], [-96.87380231829414, 32.80185703621914], [-96.87374913131126, 32.8021099252698], [-96.87364286868873, 32.8020940747302], [-96.87369568170587, 32.801842963780864], [-96.87371826246756, 32.801703552121666], [-96.8737330500064, 32.80149751241396], [-96.87377503851549, 32.794551413338844], [-96.87376907149066, 32.79433560594074], [-96.87376116522998, 32.79419526981387], [-96.87374829319228, 32.79408338210158], [-96.87385570680772, 32.794074617898424], [-96.87386883477001, 32.794188730186136]]]}}, {"type": "Feature", "properties": {"k": "deck", "c": "motorway", "b": 5.6, "h": 7.1, "lk": 0}, "geometry": {"type": "Polygon", "coordinates": [[[-96.81783808922185, 32.8074054566181], [-96.8177432764073, 32.80698728220442], [-96.8178587235927, 32.806968717795584], [-96.81795391077816, 32.807388543381904], [-96.81802906456761, 32.807794373844985], [-96.81791293543239, 32.80780962615502], [-96.81783808922185, 32.8074054566181]]]}}, {"type": "Feature", "properties": {"k": "deck", "c": "motorway", "b": 5.6, "h": 7.1, "lk": 0}, "geometry": {"type": "Polygon", "coordinates": [[[-96.81781894895698, 32.80742071671749], [-96.81788911949717, 32.80781567661512], [-96.81777288050283, 32.80783032338488], [-96.81770305104303, 32.80743728328251], [-96.8176062661413, 32.80700823681097], [-96.81772173385869, 32.80698976318902], [-96.81781894895698, 32.80742071671749]]]}}, {"type": "Feature", "properties": {"k": "deck", "c": "motorway", "b": 5.6, "h": 7.1, "lk": 0}, "geometry": {"type": "Polygon", "coordinates": [[[-96.81800459061404, 32.81166982563636], [-96.81788740938597, 32.81166217436365], [-96.81794540938597, 32.811032174363646], [-96.81806259061403, 32.81103982563636], [-96.81800459061404, 32.81166982563636]]]}}, {"type": "Feature", "properties": {"k": "deck", "c": "motorway", "b": 5.6, "h": 7.1, "lk": 0}, "geometry": {"type": "Polygon", "coordinates": [[[-96.81809336204152, 32.81092872904125], [-96.81821063795847, 32.81093527095875], [-96.81816163795847, 32.81155827095875], [-96.81804436204152, 32.81155172904125], [-96.81809336204152, 32.81092872904125]]]}}, {"type": "Feature", "properties": {"k": "deck", "c": "motorway", "b": 5.6, "h": 7.1, "lk": 0}, "geometry": {"type": "Polygon", "coordinates": [[[-96.76197270591989, 32.72416423356068], [-96.7620550079646, 32.72437500708982], [-96.7621332373315, 32.72458963637847], [-96.76220741054452, 32.724798123247496], [-96.76228066130292, 32.7250148652176], [-96.76234682571666, 32.7252243858611], [-96.7624139008142, 32.72544062796659], [-96.76328194040381, 32.72830575863969], [-96.76773593859176, 32.742991752664835], [-96.76762206140825, 32.74301624733516], [-96.76316806140825, 32.728330247335165], [-96.7623000991858, 32.72546537203341], [-96.76223317428332, 32.7252496141389], [-96.76216733869708, 32.7250411347824], [-96.76209458945549, 32.724825876752504], [-96.76202076266851, 32.72461836362153], [-96.7619429920354, 32.72440499291018], [-96.7618612940801, 32.724195766439315], [-96.76180841838276, 32.724066071332594], [-96.76191958161725, 32.7240339286674], [-96.76197270591989, 32.72416423356068]]]}}, {"type": "Feature", "properties": {"k": "deck", "c": "motorway", "b": 5.6, "h": 7.1, "lk": 0}, "geometry": {"type": "Polygon", "coordinates": [[[-96.76705902918967, 32.739936140607014], [-96.76717297081034, 32.73991185939299], [-96.77082397081034, 32.752062859392986], [-96.77071002918967, 32.75208714060701], [-96.76705902918967, 32.739936140607014]]]}}, {"type": "Feature", "properties": {"k": "deck", "c": "motorway_link", "b": 5.6, "h": 7.1, "lk": 1}, "geometry": {"type": "Polygon", "coordinates": [[[-96.86283245473528, 32.76739912251208], [-96.86282754526472, 32.76743487748792], [-96.86213954526472, 32.76736787748792], [-96.86214445473529, 32.76733212251208], [-96.86283245473528, 32.76739912251208]]]}}, {"type": "Feature", "properties": {"k": "deck", "c": "motorway_link", "b": 4.75, "h": 6.25, "lk": 1}, "geometry": {"type": "Polygon", "coordinates": [[[-96.86343044494016, 32.76745712156012], [-96.86342555505983, 32.767492878439874], [-96.86282755505984, 32.76743487843988], [-96.86283244494017, 32.767399121560125], [-96.86343044494016, 32.76745712156012]]]}}, {"type": "Feature", "properties": {"k": "deck", "c": "motorway_link", "b": 3.13, "h": 4.63, "lk": 1}, "geometry": {"type": "Polygon", "coordinates": [[[-96.8637049541029, 32.76748617447666], [-96.86396824241227, 32.76752021174859], [-96.86396175758772, 32.767555788251414], [-96.8636990458971, 32.767521825523346], [-96.86342533530704, 32.76749285615432], [-96.86343066469296, 32.767457143845675], [-96.8637049541029, 32.76748617447666]]]}}, {"type": "Feature", "properties": {"k": "deck", "c": "motorway_link", "b": 0.85, "h": 2.35, "lk": 1}, "geometry": {"type": "Polygon", "coordinates": [[[-96.86502842617809, 32.7676652361954], [-96.86502157382192, 32.7677007638046], [-96.86396157382191, 32.7675557638046], [-96.86396842617808, 32.7675202361954], [-96.86502842617809, 32.7676652361954]]]}}, {"type": "Feature", "properties": {"k": "deck", "c": "motorway_link", "b": 0.0, "h": 0.42, "lk": 1}, "geometry": {"type": "Polygon", "coordinates": [[[-96.86531969312276, 32.76770827417456], [-96.86531230687726, 32.76774372582545], [-96.86502130687725, 32.76770072582544], [-96.86502869312275, 32.767665274174554], [-96.86531969312276, 32.76770827417456]]]}}, {"type": "Feature", "properties": {"k": "deck", "c": "motorway", "b": 5.6, "h": 7.1, "lk": 0}, "geometry": {"type": "Polygon", "coordinates": [[[-96.86284532854887, 32.76717337218798], [-96.86283867145113, 32.76730462781201], [-96.86214367145112, 32.767279627812016], [-96.86215032854886, 32.76714837218799], [-96.86284532854887, 32.76717337218798]]]}}, {"type": "Feature", "properties": {"k": "deck", "c": "motorway", "b": 5.6, "h": 7.1, "lk": 0}, "geometry": {"type": "Polygon", "coordinates": [[[-96.86214973872887, 32.767056660040424], [-96.86215426127112, 32.76692533995957], [-96.86285026127112, 32.76694233995957], [-96.86284573872888, 32.767073660040424], [-96.86214973872887, 32.767056660040424]]]}}, {"type": "Feature", "properties": {"k": "deck", "c": "motorway_link", "b": 5.6, "h": 7.1, "lk": 1}, "geometry": {"type": "Polygon", "coordinates": [[[-96.8621547478099, 32.76700884721784], [-96.8621492521901, 32.76697315278216], [-96.8628452521901, 32.76689715278216], [-96.8628507478099, 32.76693284721784], [-96.8621547478099, 32.76700884721784]]]}}, {"type": "Feature", "properties": {"k": "deck", "c": "motorway", "b": 5.6, "h": 7.1, "lk": 0}, "geometry": {"type": "Polygon", "coordinates": [[[-96.87431148384672, 32.76750834566385], [-96.87430651615327, 32.76763965433616], [-96.87333751615327, 32.76761365433615], [-96.87334248384673, 32.76748234566384], [-96.87431148384672, 32.76750834566385]]]}}, {"type": "Feature", "properties": {"k": "deck", "c": "motorway", "b": 5.6, "h": 7.1, "lk": 0}, "geometry": {"type": "Polygon", "coordinates": [[[-96.87333361650934, 32.767370656974435], [-96.87333838349065, 32.767239343025565], [-96.87430938349065, 32.767264343025566], [-96.87430461650935, 32.767395656974436], [-96.87333361650934, 32.767370656974435]]]}}, {"type": "Feature", "properties": {"k": "deck", "c": "secondary", "b": 5.6, "h": 7.1, "lk": 0}, "geometry": {"type": "Polygon", "coordinates": [[[-96.8958455608218, 32.76686849463226], [-96.8957384391782, 32.76687950536774], [-96.8956384391782, 32.76618950536774], [-96.8957455608218, 32.766178494632264], [-96.8958455608218, 32.76686849463226]]]}}, {"type": "Feature", "properties": {"k": "deck", "c": "secondary", "b": 5.6, "h": 7.1, "lk": 0}, "geometry": {"type": "Polygon", "coordinates": [[[-96.78927265501025, 32.815613513128966], [-96.78924134498976, 32.81570048687104], [-96.78905334498975, 32.81565248687104], [-96.78908465501024, 32.815565513128966], [-96.78927265501025, 32.815613513128966]]]}}, {"type": "Feature", "properties": {"k": "deck", "c": "secondary", "b": 5.6, "h": 7.1, "lk": 0}, "geometry": {"type": "Polygon", "coordinates": [[[-96.78930210387574, 32.81558640697375], [-96.78910805373808, 32.81553110771173], [-96.78915394626192, 32.815416892288276], [-96.78934589612425, 32.815471593026246], [-96.78970783548671, 32.815564321292655], [-96.78966616451329, 32.81567967870734], [-96.78930210387574, 32.81558640697375]]]}}, {"type": "Feature", "properties": {"k": "deck", "c": "secondary", "b": 5.6, "h": 7.1, "lk": 0}, "geometry": {"type": "Polygon", "coordinates": [[[-96.76982675427303, 32.840208099482204], [-96.76991010882026, 32.840412884110584], [-96.76996078944012, 32.84061459297764], [-96.76985521055988, 32.84063340702236], [-96.76980589117974, 32.84043711588942], [-96.76972724572698, 32.8402439005178], [-96.76962407082968, 32.8400758728279], [-96.76971992917032, 32.840034127172096], [-96.76982675427303, 32.840208099482204]]]}}, {"type": "Feature", "properties": {"k": "deck", "c": "secondary", "b": 5.6, "h": 7.1, "lk": 0}, "geometry": {"type": "Polygon", "coordinates": [[[-96.76963305800207, 32.839922722346074], [-96.76971704596917, 32.840029984087174], [-96.76962695403083, 32.840080015912825], [-96.76954494199792, 32.83997527765392], [-96.76837202733275, 32.83867448132168], [-96.76845797266726, 32.83861951867832], [-96.76963305800207, 32.839922722346074]]]}}, {"type": "Feature", "properties": {"k": "deck", "c": "secondary", "b": 5.6, "h": 7.1, "lk": 0}, "geometry": {"type": "Polygon", "coordinates": [[[-96.77006904855246, 32.83949027651947], [-96.77017695144754, 32.839491723480535], [-96.77015895144754, 32.84044372348053], [-96.77005104855246, 32.84044227651947], [-96.77006904855246, 32.83949027651947]]]}}, {"type": "Feature", "properties": {"k": "deck", "c": "secondary", "b": 5.6, "h": 7.1, "lk": 0}, "geometry": {"type": "Polygon", "coordinates": [[[-96.85652795804131, 32.77636613705484], [-96.8564200419587, 32.77636586294516], [-96.85642904195869, 32.77385286294516], [-96.8565369580413, 32.77385313705484], [-96.85652795804131, 32.77636613705484]]]}}, {"type": "Feature", "properties": {"k": "deck", "c": "motorway", "b": 5.6, "h": 7.1, "lk": 0}, "geometry": {"type": "Polygon", "coordinates": [[[-96.75557344813546, 32.790976580749174], [-96.75556455186452, 32.79084541925083], [-96.75625055186453, 32.79081241925083], [-96.75625944813547, 32.79094358074917], [-96.75557344813546, 32.790976580749174]]]}}, {"type": "Feature", "properties": {"k": "deck", "c": "motorway", "b": 5.6, "h": 7.1, "lk": 0}, "geometry": {"type": "Polygon", "coordinates": [[[-96.7564576354964, 32.79100341526566], [-96.7564663645036, 32.79113458473434], [-96.7557883645036, 32.791166584734334], [-96.75577963549641, 32.79103541526566], [-96.7564576354964, 32.79100341526566]]]}}, {"type": "Feature", "properties": {"k": "deck", "c": "motorway", "b": 5.6, "h": 7.1, "lk": 0}, "geometry": {"type": "Polygon", "coordinates": [[[-96.75841298035478, 32.79084442414903], [-96.75833509492861, 32.790850415335655], [-96.7583209050714, 32.790719584664345], [-96.75839901964521, 32.79071357585097], [-96.7588291342494, 32.790681567322295], [-96.75884286575061, 32.79081243267771], [-96.75841298035478, 32.79084442414903]]]}}, {"type": "Feature", "properties": {"k": "deck", "c": "motorway", "b": 5.6, "h": 7.1, "lk": 0}, "geometry": {"type": "Polygon", "coordinates": [[[-96.75766995147677, 32.790950400893564], [-96.75767804852322, 32.791081599106434], [-96.75708404852323, 32.79110759910643], [-96.75707595147678, 32.79097640089356], [-96.75766995147677, 32.790950400893564]]]}}, {"type": "Feature", "properties": {"k": "deck", "c": "secondary", "b": 5.6, "h": 7.1, "lk": 0}, "geometry": {"type": "Polygon", "coordinates": [[[-96.74845256065663, 32.780277506507346], [-96.74834543934338, 32.78026649349265], [-96.74841443934338, 32.77979049349265], [-96.74852156065663, 32.77980150650735], [-96.74845256065663, 32.780277506507346]]]}}, {"type": "Feature", "properties": {"k": "deck", "c": "secondary", "b": 5.6, "h": 7.1, "lk": 0}, "geometry": {"type": "Polygon", "coordinates": [[[-96.74854837658856, 32.779811945189955], [-96.74865562341145, 32.77982205481005], [-96.74859262341144, 32.780296054810044], [-96.74848537658855, 32.78028594518995], [-96.74854837658856, 32.779811945189955]]]}}, {"type": "Feature", "properties": {"k": "deck", "c": "motorway", "b": 5.6, "h": 7.1, "lk": 0}, "geometry": {"type": "Polygon", "coordinates": [[[-96.7640416982406, 32.788842642385085], [-96.76393430175939, 32.788747357614916], [-96.7642583017594, 32.788488357614916], [-96.76436569824061, 32.788583642385085], [-96.7640416982406, 32.788842642385085]]]}}, {"type": "Feature", "properties": {"k": "deck", "c": "motorway", "b": 5.6, "h": 7.1, "lk": 0}, "geometry": {"type": "Polygon", "coordinates": [[[-96.7644213230515, 32.78862734060078], [-96.76452867694852, 32.78872265939921], [-96.7642006769485, 32.78898465939921], [-96.76409332305148, 32.78888934060078], [-96.7644213230515, 32.78862734060078]]]}}, {"type": "Feature", "properties": {"k": "deck", "c": "primary", "b": 5.6, "h": 7.1, "lk": 0}, "geometry": {"type": "Polygon", "coordinates": [[[-96.75828923947381, 32.725263694477114], [-96.75836076052619, 32.72526630552289], [-96.75797676052619, 32.73272630552289], [-96.75790523947381, 32.732723694477116], [-96.75828923947381, 32.725263694477114]]]}}, {"type": "Feature", "properties": {"k": "deck", "c": "primary", "b": 5.6, "h": 7.1, "lk": 0}, "geometry": {"type": "Polygon", "coordinates": [[[-96.75760794079012, 32.74021315712411], [-96.75750005920987, 32.74021084287589], [-96.75766205920988, 32.73485484287589], [-96.75776994079013, 32.73485715712411], [-96.75760794079012, 32.74021315712411]]]}}, {"type": "Feature", "properties": {"k": "deck", "c": "primary", "b": 5.6, "h": 7.1, "lk": 0}, "geometry": {"type": "Polygon", "coordinates": [[[-96.75780206057848, 32.73486779847957], [-96.75790993942152, 32.73487020152044], [-96.75774193942152, 32.74021920152043], [-96.75763406057848, 32.740216798479565], [-96.75780206057848, 32.73486779847957]]]}}, {"type": "Feature", "properties": {"k": "deck", "c": "primary", "b": 5.6, "h": 7.1, "lk": 0}, "geometry": {"type": "Polygon", "coordinates": [[[-96.8428955537334, 32.816322313307126], [-96.8427944462666, 32.81640768669287], [-96.8421134462666, 32.81583568669287], [-96.8422145537334, 32.81575031330713], [-96.8428955537334, 32.816322313307126]]]}}, {"type": "Feature", "properties": {"k": "deck", "c": "primary", "b": 5.6, "h": 7.1, "lk": 0}, "geometry": {"type": "Polygon", "coordinates": [[[-96.84224244800801, 32.8157536881555], [-96.84234355199199, 32.8156683118445], [-96.84303055199199, 32.8162453118445], [-96.84292944800801, 32.8163306881555], [-96.84224244800801, 32.8157536881555]]]}}, {"type": "Feature", "properties": {"k": "deck", "c": "primary_link", "b": 4.67, "h": 6.17, "lk": 1}, "geometry": {"type": "Polygon", "coordinates": [[[-96.88470900944131, 32.8593916809975], [-96.88469099055868, 32.85942431900251], [-96.88416999055869, 32.8592203190025], [-96.88418800944132, 32.85918768099749], [-96.88470900944131, 32.8593916809975]]]}}, {"type": "Feature", "properties": {"k": "deck", "c": "primary_link", "b": 2.38, "h": 3.88, "lk": 1}, "geometry": {"type": "Polygon", "coordinates": [[[-96.88543216361873, 32.85976465434206], [-96.88540983638126, 32.85979534565794], [-96.88468883638126, 32.859423345657945], [-96.88471116361873, 32.85939265434206], [-96.88543216361873, 32.85976465434206]]]}}, {"type": "Feature", "properties": {"k": "deck", "c": "primary_link", "b": 0.36, "h": 1.86, "lk": 1}, "geometry": {"type": "Polygon", "coordinates": [[[-96.88578748919777, 32.85991287500316], [-96.88576851080224, 32.85994512499684], [-96.88541151080223, 32.85979612499684], [-96.88543048919776, 32.85976387500316], [-96.88578748919777, 32.85991287500316]]]}}, {"type": "Feature", "properties": {"k": "deck", "c": "primary_link", "b": 0.0, "h": 0.61, "lk": 1}, "geometry": {"type": "Polygon", "coordinates": [[[-96.88614518951572, 32.86000377480142], [-96.88613281048428, 32.860038225198586], [-96.88577181048429, 32.859946225198584], [-96.88578418951572, 32.85991177480142], [-96.88614518951572, 32.86000377480142]]]}}, {"type": "Feature", "properties": {"k": "deck", "c": "primary_link", "b": 5.6, "h": 7.1, "lk": 1}, "geometry": {"type": "Polygon", "coordinates": [[[-96.88418626035858, 32.85918707390735], [-96.88417173964143, 32.85922092609265], [-96.88348473964143, 32.85901192609265], [-96.88349926035858, 32.85897807390735], [-96.88418626035858, 32.85918707390735]]]}}, {"type": "Feature", "properties": {"k": "deck", "c": "trunk_link", "b": 4.66, "h": 6.16, "lk": 1}, "geometry": {"type": "Polygon", "coordinates": [[[-96.88468575960574, 32.85793311454686], [-96.88467269187636, 32.85778836431377], [-96.88471530812363, 32.857785635686234], [-96.88472824039427, 32.85792888545314], [-96.88476609854274, 32.85812714259913], [-96.88472390145725, 32.858132857400875], [-96.88468575960574, 32.85793311454686]]]}}, {"type": "Feature", "properties": {"k": "deck", "c": "trunk_link", "b": 2.29, "h": 3.79, "lk": 1}, "geometry": {"type": "Polygon", "coordinates": [[[-96.88466563889487, 32.85763953827428], [-96.88465163466155, 32.857050360172636], [-96.88469436533846, 32.857049639827366], [-96.88470836110513, 32.85763846172572], [-96.88471535268638, 32.857786283729546], [-96.88467264731361, 32.85778771627046], [-96.88466563889487, 32.85763953827428]]]}}, {"type": "Feature", "properties": {"k": "deck", "c": "trunk_link", "b": 0.0, "h": 0.67, "lk": 1}, "geometry": {"type": "Polygon", "coordinates": [[[-96.88462703651685, 32.85686012529901], [-96.88458793326181, 32.85677018781243], [-96.88462806673819, 32.85675781218757], [-96.88466896348315, 32.85685187470099], [-96.88469424487563, 32.85704805830656], [-96.88465175512438, 32.85705194169344], [-96.88462703651685, 32.85686012529901]]]}}, {"type": "Feature", "properties": {"k": "deck", "c": "trunk_link", "b": 5.6, "h": 7.1, "lk": 1}, "geometry": {"type": "Polygon", "coordinates": [[[-96.88472450705115, 32.85813510181863], [-96.88476549294884, 32.85812489818137], [-96.88493749294885, 32.85861489818137], [-96.88489650705115, 32.85862510181863], [-96.88472450705115, 32.85813510181863]]]}}, {"type": "Feature", "properties": {"k": "deck", "c": "primary", "b": 5.6, "h": 7.1, "lk": 0}, "geometry": {"type": "Polygon", "coordinates": [[[-96.85065091016604, 32.82259988175117], [-96.85074908983397, 32.82251211824883], [-96.85120408983397, 32.82287311824883], [-96.85110591016604, 32.822960881751165], [-96.85065091016604, 32.82259988175117]]]}}, {"type": "Feature", "properties": {"k": "deck", "c": "primary", "b": 5.6, "h": 7.1, "lk": 0}, "geometry": {"type": "Polygon", "coordinates": [[[-96.85107903533445, 32.82296395257424], [-96.85100496466556, 32.82303004742576], [-96.85054196466555, 32.82266204742576], [-96.85061603533444, 32.82259595257424], [-96.85107903533445, 32.82296395257424]]]}}, {"type": "Feature", "properties": {"k": "deck", "c": "secondary", "b": 5.6, "h": 7.1, "lk": 0}, "geometry": {"type": "Polygon", "coordinates": [[[-96.81301169102834, 32.76065623691442], [-96.81302992734399, 32.760870007058905], [-96.8130329833259, 32.761030955439566], [-96.81301477656018, 32.761294953542375], [-96.81298229505248, 32.76152942942612], [-96.81292328141764, 32.76176039658315], [-96.81283286557162, 32.76201132595357], [-96.81268394435203, 32.76231423374035], [-96.81237885360454, 32.76280699544105], [-96.81188686230256, 32.76360298136868], [-96.81179113769745, 32.76356101863132], [-96.81228313769745, 32.76276501863132], [-96.81258605564797, 32.762275766259656], [-96.81273113442838, 32.761980674046434], [-96.81281871858236, 32.761737603416854], [-96.81287570494752, 32.76151457057388], [-96.81290722343982, 32.761287046457625], [-96.8129250166741, 32.76102904456043], [-96.81292207265602, 32.76087399294109], [-96.81290430897165, 32.760665763085576], [-96.81286855606919, 32.76044925939838], [-96.81297544393081, 32.76043674060163], [-96.81301169102834, 32.76065623691442]]]}}, {"type": "Feature", "properties": {"k": "deck", "c": "secondary", "b": 5.6, "h": 7.1, "lk": 0}, "geometry": {"type": "Polygon", "coordinates": [[[-96.77120337236984, 32.85107428866573], [-96.771154, 32.85107428866573], [-96.771154, 32.85095371133427], [-96.77120462763015, 32.85095371133427], [-96.77167925516382, 32.85096072060165], [-96.77167674483617, 32.85108127939836], [-96.77120337236984, 32.85107428866573]]]}}, {"type": "Feature", "properties": {"k": "deck", "c": "motorway", "b": 5.6, "h": 7.1, "lk": 0}, "geometry": {"type": "Polygon", "coordinates": [[[-96.8237572263468, 32.7344459502912], [-96.82371761529045, 32.7347113443688], [-96.82348438470954, 32.7346866556312], [-96.82352477365319, 32.7344160497088], [-96.82358132614763, 32.734151464824066], [-96.82381267385236, 32.73418653517594], [-96.8237572263468, 32.7344459502912]]]}}, {"type": "Feature", "properties": {"k": "deck", "c": "secondary", "b": 5.6, "h": 7.1, "lk": 0}, "geometry": {"type": "Polygon", "coordinates": [[[-96.80904276211353, 32.75126444101539], [-96.80904323788647, 32.75117355898461], [-96.80985123788646, 32.75117655898461], [-96.80985076211353, 32.751267441015386], [-96.80904276211353, 32.75126444101539]]]}}, {"type": "Feature", "properties": {"k": "deck", "c": "motorway", "b": 5.6, "h": 7.1, "lk": 0}, "geometry": {"type": "Polygon", "coordinates": [[[-96.8096789944541, 32.74878255371227], [-96.8094570055459, 32.748717446287735], [-96.80962200554589, 32.74831844628773], [-96.8098439944541, 32.748383553712266], [-96.8096789944541, 32.74878255371227]]]}}, {"type": "Feature", "properties": {"k": "deck", "c": "motorway", "b": 5.6, "h": 7.1, "lk": 0}, "geometry": {"type": "Polygon", "coordinates": [[[-96.80999775665964, 32.7486624295894], [-96.81014783881506, 32.74833625103827], [-96.81033016118494, 32.74839574896173], [-96.81018024334037, 32.748721570410595], [-96.81012632450873, 32.748840391539574], [-96.80994367549127, 32.74878160846043], [-96.80999775665964, 32.7486624295894]]]}}, {"type": "Feature", "properties": {"k": "deck", "c": "secondary", "b": 5.6, "h": 7.1, "lk": 0}, "geometry": {"type": "Polygon", "coordinates": [[[-96.81562795713693, 32.743598703347935], [-96.81552004286307, 32.74359929665207], [-96.81551904286307, 32.74347029665207], [-96.81562695713693, 32.743469703347934], [-96.81562795713693, 32.743598703347935]]]}}, {"type": "Feature", "properties": {"k": "deck", "c": "motorway", "b": 5.6, "h": 7.1, "lk": 0}, "geometry": {"type": "Polygon", "coordinates": [[[-96.80969757989611, 32.758648404744534], [-96.80978722101355, 32.758358794980516], [-96.80984305621674, 32.75816735999817], [-96.81003294378327, 32.75820664000183], [-96.80997677898645, 32.75839920501948], [-96.8098844201039, 32.75869759525547], [-96.80981280532718, 32.758862309241884], [-96.80962919467281, 32.758805690758116], [-96.80969757989611, 32.758648404744534]]]}}, {"type": "Feature", "properties": {"k": "deck", "c": "motorway_link", "b": 0.0, "h": 1.26, "lk": 1}, "geometry": {"type": "Polygon", "coordinates": [[[-96.76166688082233, 32.72452417286643], [-96.76162511917767, 32.72453182713357], [-96.76157911917767, 32.72435382713357], [-96.76162088082233, 32.72434617286643], [-96.76166688082233, 32.72452417286643]]]}}, {"type": "Feature", "properties": {"k": "deck", "c": "motorway_link", "b": 3.31, "h": 4.81, "lk": 1}, "geometry": {"type": "Polygon", "coordinates": [[[-96.76178437365313, 32.7248365698796], [-96.76174362634687, 32.724847430120406], [-96.76162562634687, 32.7245334301204], [-96.76166637365313, 32.724522569879596], [-96.76178437365313, 32.7248365698796]]]}}, {"type": "Feature", "properties": {"k": "deck", "c": "motorway_link", "b": 2.47, "h": 3.97, "lk": 1}, "geometry": {"type": "Polygon", "coordinates": [[[-96.76278188691983, 32.724395780201476], [-96.76282411308019, 32.72439021979852], [-96.76293811308018, 32.72500421979852], [-96.76289588691982, 32.725009780201475], [-96.76278188691983, 32.724395780201476]]]}}, {"type": "Feature", "properties": {"k": "deck", "c": "motorway_link", "b": 0.0, "h": 0.42, "lk": 1}, "geometry": {"type": "Polygon", "coordinates": [[[-96.76276978704396, 32.724312175166666], [-96.76281221295605, 32.72430782483334], [-96.76282421295605, 32.724390824833336], [-96.76278178704396, 32.72439517516666], [-96.76276978704396, 32.724312175166666]]]}}, {"type": "Feature", "properties": {"k": "deck", "c": "motorway_link", "b": 4.88, "h": 6.38, "lk": 1}, "geometry": {"type": "Polygon", "coordinates": [[[-96.77056021209103, 32.753031124308386], [-96.77063842886103, 32.75324571903637], [-96.77059757113896, 32.753256280963626], [-96.77051978790897, 32.75304287569161], [-96.77038405292738, 32.752745456393704], [-96.77042394707262, 32.75273254360629], [-96.77056021209103, 32.753031124308386]]]}}, {"type": "Feature", "properties": {"k": "deck", "c": "motorway_link", "b": 2.91, "h": 4.41, "lk": 1}, "geometry": {"type": "Polygon", "coordinates": [[[-96.7707226206804, 32.75351827289042], [-96.77105655446869, 32.754507076832375], [-96.7710154455313, 32.75451692316762], [-96.7706813793196, 32.753527727109585], [-96.77059731839776, 32.75325552983889], [-96.77063868160224, 32.75324647016111], [-96.7707226206804, 32.75351827289042]]]}}, {"type": "Feature", "properties": {"k": "deck", "c": "motorway_link", "b": 0.35, "h": 1.85, "lk": 1}, "geometry": {"type": "Polygon", "coordinates": [[[-96.77122344710486, 32.75496976935198], [-96.77118255289514, 32.75498023064802], [-96.77101555289514, 32.75451723064802], [-96.77105644710485, 32.75450676935198], [-96.77122344710486, 32.75496976935198]]]}}, {"type": "Feature", "properties": {"k": "deck", "c": "motorway_link", "b": 0.0, "h": 0.62, "lk": 1}, "geometry": {"type": "Polygon", "coordinates": [[[-96.77140532072347, 32.75544043099203], [-96.77136467927652, 32.75545156900797], [-96.77118267927652, 32.75498056900797], [-96.77122332072348, 32.754969430992034], [-96.77140532072347, 32.75544043099203]]]}}, {"type": "Feature", "properties": {"k": "deck", "c": "motorway", "b": 5.6, "h": 7.1, "lk": 0}, "geometry": {"type": "Polygon", "coordinates": [[[-96.81683649488977, 32.82165075231612], [-96.81671950511023, 32.821641247683885], [-96.81675650511023, 32.821318247683884], [-96.81687349488978, 32.821327752316115], [-96.81683649488977, 32.82165075231612]]]}}, {"type": "Feature", "properties": {"k": "deck", "c": "motorway", "b": 5.6, "h": 7.1, "lk": 0}, "geometry": {"type": "Polygon", "coordinates": [[[-96.81688347999757, 32.82142547226408], [-96.81700052000242, 32.82143452773592], [-96.81696452000243, 32.821764527735915], [-96.81684747999758, 32.82175547226408], [-96.81688347999757, 32.82142547226408]]]}}, {"type": "Feature", "properties": {"k": "deck", "c": "motorway", "b": 5.6, "h": 7.1, "lk": 0}, "geometry": {"type": "Polygon", "coordinates": [[[-96.81708048431244, 32.819372432883874], [-96.81719751568755, 32.81938156711613], [-96.81715151568756, 32.81979956711613], [-96.81703448431244, 32.81979043288387], [-96.81708048431244, 32.819372432883874]]]}}, {"type": "Feature", "properties": {"k": "deck", "c": "motorway", "b": 5.6, "h": 7.1, "lk": 0}, "geometry": {"type": "Polygon", "coordinates": [[[-96.81700353579839, 32.81989938052699], [-96.81688646420162, 32.819890619473014], [-96.81693046420162, 32.81947361947301], [-96.8170475357984, 32.819482380526985], [-96.81700353579839, 32.81989938052699]]]}}, {"type": "Feature", "properties": {"k": "deck", "c": "motorway", "b": 5.6, "h": 7.1, "lk": 0}, "geometry": {"type": "Polygon", "coordinates": [[[-96.74666009792804, 32.79143239459948], [-96.74666790207195, 32.79156360540051], [-96.74626490207196, 32.79158060540051], [-96.74625709792805, 32.79144939459948], [-96.74666009792804, 32.79143239459948]]]}}, {"type": "Feature", "properties": {"k": "deck", "c": "secondary", "b": 5.6, "h": 7.1, "lk": 0}, "geometry": {"type": "Polygon", "coordinates": [[[-96.73746095825662, 32.791962951983805], [-96.73735304174339, 32.7919630480162], [-96.73735204174338, 32.791166048016194], [-96.73745995825661, 32.7911659519838], [-96.73746095825662, 32.791962951983805]]]}}, {"type": "Feature", "properties": {"k": "deck", "c": "motorway", "b": 5.6, "h": 7.1, "lk": 0}, "geometry": {"type": "Polygon", "coordinates": [[[-96.75036421818142, 32.79127738960511], [-96.75037178181857, 32.79140861039488], [-96.74941778181858, 32.79144761039488], [-96.74941021818142, 32.791316389605115], [-96.75036421818142, 32.79127738960511]]]}}, {"type": "Feature", "properties": {"k": "deck", "c": "motorway", "b": 5.6, "h": 7.1, "lk": 0}, "geometry": {"type": "Polygon", "coordinates": [[[-96.74626535561788, 32.791341657687866], [-96.74626064438212, 32.79121034231214], [-96.74665364438212, 32.79120034231214], [-96.74665835561788, 32.79133165768786], [-96.74626535561788, 32.791341657687866]]]}}, {"type": "Feature", "properties": {"k": "deck", "c": "motorway_link", "b": 5.6, "h": 7.1, "lk": 1}, "geometry": {"type": "Polygon", "coordinates": [[[-96.75803619379249, 32.79073431960034], [-96.75804780620751, 32.79069968039966], [-96.75833380620752, 32.79076768039966], [-96.7583221937925, 32.79080231960034], [-96.75803619379249, 32.79073431960034]]]}}, {"type": "Feature", "properties": {"k": "deck", "c": "motorway", "b": 5.6, "h": 7.1, "lk": 0}, "geometry": {"type": "Polygon", "coordinates": [[[-96.75903819958702, 32.790863641655264], [-96.75905380041297, 32.79099435834473], [-96.75854580041297, 32.79103735834473], [-96.75853019958703, 32.79090664165526], [-96.75903819958702, 32.790863641655264]]]}}, {"type": "Feature", "properties": {"k": "deck", "c": "motorway", "b": 5.6, "h": 7.1, "lk": 0}, "geometry": {"type": "Polygon", "coordinates": [[[-96.74969423185951, 32.791243590899406], [-96.7496857681405, 32.7911124091006], [-96.75058176814049, 32.791071409100596], [-96.7505902318595, 32.7912025908994], [-96.74969423185951, 32.791243590899406]]]}}, {"type": "Feature", "properties": {"k": "deck", "c": "primary", "b": 5.6, "h": 7.1, "lk": 0}, "geometry": {"type": "Polygon", "coordinates": [[[-96.73344995528, 32.806177316437925], [-96.73354604472, 32.80621868356208], [-96.73307804472, 32.80698968356208], [-96.73298195528, 32.806948316437925], [-96.73344995528, 32.806177316437925]]]}}, {"type": "Feature", "properties": {"k": "deck", "c": "motorway", "b": 5.6, "h": 7.1, "lk": 0}, "geometry": {"type": "Polygon", "coordinates": [[[-96.732439, 32.79168331234928], [-96.732439, 32.79181468765073], [-96.73155, 32.79181468765073], [-96.73155, 32.79168331234928], [-96.732439, 32.79168331234928]]]}}, {"type": "Feature", "properties": {"k": "deck", "c": "motorway", "b": 5.6, "h": 7.1, "lk": 0}, "geometry": {"type": "Polygon", "coordinates": [[[-96.7315633039678, 32.79162765898769], [-96.7315586960322, 32.791496341012305], [-96.7324426960322, 32.791474341012304], [-96.7324473039678, 32.79160565898769], [-96.7315633039678, 32.79162765898769]]]}}, {"type": "Feature", "properties": {"k": "deck", "c": "motorway", "b": 5.6, "h": 7.1, "lk": 0}, "geometry": {"type": "Polygon", "coordinates": [[[-96.72295333724922, 32.794664485690866], [-96.72296466275078, 32.794795514309136], [-96.72218166275078, 32.794843514309136], [-96.72217033724922, 32.794712485690866], [-96.72295333724922, 32.794664485690866]]]}}, {"type": "Feature", "properties": {"k": "deck", "c": "motorway", "b": 5.6, "h": 7.1, "lk": 0}, "geometry": {"type": "Polygon", "coordinates": [[[-96.72243725503847, 32.794630476090326], [-96.72242474496153, 32.79449952390967], [-96.72322174496153, 32.79444552390967], [-96.72323425503848, 32.79457647609033], [-96.72243725503847, 32.794630476090326]]]}}, {"type": "Feature", "properties": {"k": "deck", "c": "secondary", "b": 5.6, "h": 7.1, "lk": 0}, "geometry": {"type": "Polygon", "coordinates": [[[-96.72870210442902, 32.79294014420457], [-96.72870189557098, 32.79287985579543], [-96.72951589557098, 32.792877855795425], [-96.72951610442902, 32.79293814420457], [-96.72870210442902, 32.79294014420457]]]}}, {"type": "Feature", "properties": {"k": "deck", "c": "secondary", "b": 5.6, "h": 7.1, "lk": 0}, "geometry": {"type": "Polygon", "coordinates": [[[-96.69998320637868, 32.79396184232314], [-96.70005479362132, 32.79396215767686], [-96.70005279362132, 32.794284157676856], [-96.69998120637868, 32.79428384232314], [-96.69998320637868, 32.79396184232314]]]}}, {"type": "Feature", "properties": {"k": "deck", "c": "motorway", "b": 5.6, "h": 7.1, "lk": 0}, "geometry": {"type": "Polygon", "coordinates": [[[-96.71210282379631, 32.794492050385216], [-96.71206717620369, 32.794619949614784], [-96.71163717620368, 32.794534949614786], [-96.7116728237963, 32.79440705038522], [-96.71210282379631, 32.794492050385216]]]}}, {"type": "Feature", "properties": {"k": "deck", "c": "motorway", "b": 5.6, "h": 7.1, "lk": 0}, "geometry": {"type": "Polygon", "coordinates": [[[-96.71173525126966, 32.794353964420445], [-96.71177074873034, 32.79422603557955], [-96.71220774873035, 32.79431203557955], [-96.71217225126966, 32.79443996442045], [-96.71173525126966, 32.794353964420445]]]}}, {"type": "Feature", "properties": {"k": "deck", "c": "primary_link", "b": 5.6, "h": 7.1, "lk": 1}, "geometry": {"type": "Polygon", "coordinates": [[[-96.75780198911771, 32.73154844366044], [-96.75771127462815, 32.73203391570902], [-96.75766333496975, 32.73274202441334], [-96.75762066503026, 32.732739975586654], [-96.75766872537184, 32.732030084290976], [-96.75776001088228, 32.73154155633956], [-96.7578751869697, 32.73112491936248], [-96.7579168130303, 32.73113308063753], [-96.75780198911771, 32.73154844366044]]]}}, {"type": "Feature", "properties": {"k": "deck", "c": "secondary", "b": 5.6, "h": 7.1, "lk": 0}, "geometry": {"type": "Polygon", "coordinates": [[[-96.87384141346277, 32.801821651228245], [-96.87386112544225, 32.801666912189305], [-96.87386904641605, 32.80143720394955], [-96.87391803473668, 32.794565842158164], [-96.87390712225857, 32.794352552813585], [-96.8738752433996, 32.79396602164833], [-96.87382135526333, 32.793546891699606], [-96.87392864473667, 32.7935371083004], [-96.87398275660041, 32.79395797835167], [-96.87401487774142, 32.79434744718642], [-96.87402596526331, 32.79456415784183], [-96.87397695358396, 32.80143879605045], [-96.87396887455775, 32.8016730878107], [-96.87394858653724, 32.80183234877176], [-96.8739055094386, 32.802111849016406], [-96.8737984905614, 32.8021001509836], [-96.87384141346277, 32.801821651228245]]]}}, {"type": "Feature", "properties": {"k": "deck", "c": "motorway_link", "b": 5.6, "h": 7.1, "lk": 1}, "geometry": {"type": "Polygon", "coordinates": [[[-96.85742088165848, 32.76612004028626], [-96.85745911834151, 32.76610395971374], [-96.85798211834151, 32.766985959713736], [-96.85794388165849, 32.76700204028626], [-96.85742088165848, 32.76612004028626]]]}}, {"type": "Feature", "properties": {"k": "deck", "c": "motorway_link", "b": 2.05, "h": 3.55, "lk": 1}, "geometry": {"type": "Polygon", "coordinates": [[[-96.85723092292424, 32.765803109504795], [-96.85726907707574, 32.7657868904952], [-96.85745907707575, 32.7661038904952], [-96.85742092292425, 32.7661201095048], [-96.85723092292424, 32.765803109504795]]]}}, {"type": "Feature", "properties": {"k": "deck", "c": "secondary", "b": 5.6, "h": 7.1, "lk": 0}, "geometry": {"type": "Polygon", "coordinates": [[[-96.81319401519895, 32.762794653493394], [-96.81298835604787, 32.762848045773], [-96.81279738166802, 32.76290778647644], [-96.8126830342658, 32.762955269719725], [-96.8125655554977, 32.76301015734089], [-96.81239935946437, 32.76311644550175], [-96.81217309720414, 32.76330352814982], [-96.81188110808985, 32.76361041466789], [-96.81179689191016, 32.76355358533211], [-96.81209290279587, 32.76324247185018], [-96.81232864053564, 32.76304755449824], [-96.81250644450229, 32.76293384265911], [-96.8126329657342, 32.762874730280274], [-96.81275461833198, 32.762824213523565], [-96.81295364395214, 32.762761954227], [-96.81316398480106, 32.76270734650661], [-96.81359387410448, 32.76260914335571], [-96.81362212589552, 32.76269685664429], [-96.81319401519895, 32.762794653493394]]]}}, {"type": "Feature", "properties": {"k": "deck", "c": "motorway", "b": 5.6, "h": 7.1, "lk": 0}, "geometry": {"type": "Polygon", "coordinates": [[[-96.77050592586933, 32.75210471079198], [-96.77039207413067, 32.752129289208014], [-96.76903907413067, 32.74768428920802], [-96.76915292586934, 32.747659710791986], [-96.77050592586933, 32.75210471079198]]]}}, {"type": "Feature", "properties": {"k": "deck", "c": "motorway_link", "b": 5.6, "h": 7.1, "lk": 1}, "geometry": {"type": "Polygon", "coordinates": [[[-96.79061477143182, 32.77418414358658], [-96.79046974111981, 32.774317171389995], [-96.79043825888019, 32.77429282861], [-96.79058322856818, 32.77415985641342], [-96.79066319839494, 32.774085884323675], [-96.79069480160506, 32.77411011567633], [-96.79061477143182, 32.77418414358658]]]}}, {"type": "Feature", "properties": {"k": "deck", "c": "motorway", "b": 5.6, "h": 7.1, "lk": 0}, "geometry": {"type": "Polygon", "coordinates": [[[-96.80701168201361, 32.762168928577324], [-96.80758367003764, 32.761385944970996], [-96.80821554318999, 32.760499122999285], [-96.80880554730464, 32.7596681172039], [-96.80908127311666, 32.75928150166313], [-96.80931806731834, 32.7589263103606], [-96.80946682235137, 32.75864169239744], [-96.80957481610709, 32.75839499106555], [-96.80966736719918, 32.758108381231914], [-96.8097426328008, 32.758125618768084], [-96.80964918389292, 32.758415008934456], [-96.80953917764865, 32.75866630760256], [-96.80938793268166, 32.7589556896394], [-96.80914872688335, 32.75931449833687], [-96.80887245269537, 32.759701882796094], [-96.80828245681002, 32.76053287700072], [-96.80765032996234, 32.76142005502901], [-96.8070783179864, 32.762203071422675], [-96.80624541755992, 32.763368932043626], [-96.80617858244008, 32.76333506795637], [-96.80701168201361, 32.762168928577324]]]}}, {"type": "Feature", "properties": {"k": "deck", "c": "motorway", "b": 5.6, "h": 7.1, "lk": 0}, "geometry": {"type": "Polygon", "coordinates": [[[-96.81327156124686, 32.85104078079583], [-96.81338843875312, 32.851051219204166], [-96.81335443875312, 32.851321219204166], [-96.81323756124686, 32.85131078079583], [-96.81327156124686, 32.85104078079583]]]}}, {"type": "Feature", "properties": {"k": "deck", "c": "motorway", "b": 5.6, "h": 7.1, "lk": 0}, "geometry": {"type": "Polygon", "coordinates": [[[-96.81321942440736, 32.851322331895744], [-96.81310257559262, 32.85131166810426], [-96.81313757559263, 32.85103966810426], [-96.81325442440738, 32.85105033189574], [-96.81321942440736, 32.851322331895744]]]}}, {"type": "Feature", "properties": {"k": "deck", "c": "secondary", "b": 5.6, "h": 7.1, "lk": 0}, "geometry": {"type": "Polygon", "coordinates": [[[-96.8957748613377, 32.76617674591206], [-96.89591713866231, 32.76616325408794], [-96.8959651386623, 32.76652225408794], [-96.89582286133769, 32.76653574591206], [-96.8957748613377, 32.76617674591206]]]}}, {"type": "Feature", "properties": {"k": "deck", "c": "motorway_link", "b": 5.6, "h": 7.1, "lk": 1}, "geometry": {"type": "Polygon", "coordinates": [[[-96.88851376950313, 32.76803909903432], [-96.88901772435972, 32.767987206653046], [-96.88950248175648, 32.76791040352639], [-96.88999635060954, 32.76780863661122], [-96.8915827448003, 32.767402791594556], [-96.8922217009894, 32.767236802975795], [-96.89223429901061, 32.76727119702421], [-96.89159525519969, 32.76743720840545], [-96.89000764939045, 32.76784336338878], [-96.88951151824351, 32.7679455964736], [-96.88902427564028, 32.76802279334696], [-96.88851823049686, 32.76807490096568], [-96.88821986615093, 32.7680969278637], [-96.88821613384906, 32.7680610721363], [-96.88851376950313, 32.76803909903432]]]}}, {"type": "Feature", "properties": {"k": "deck", "c": "motorway_link", "b": 4.94, "h": 6.44, "lk": 1}, "geometry": {"type": "Polygon", "coordinates": [[[-96.77430838311453, 32.75991013793223], [-96.77434761688546, 32.75989586206777], [-96.77452461688547, 32.76024086206777], [-96.77448538311454, 32.760255137932226], [-96.77430838311453, 32.75991013793223]]]}}, {"type": "Feature", "properties": {"k": "deck", "c": "motorway_link", "b": 2.66, "h": 4.16, "lk": 1}, "geometry": {"type": "Polygon", "coordinates": [[[-96.77384764328059, 32.759080625051475], [-96.7738863567194, 32.75906537494853], [-96.7743473567194, 32.75989537494853], [-96.77430864328059, 32.759910625051475], [-96.77384764328059, 32.759080625051475]]]}}, {"type": "Feature", "properties": {"k": "deck", "c": "motorway_link", "b": 0.0, "h": 1.28, "lk": 1}, "geometry": {"type": "Polygon", "coordinates": [[[-96.7734875914778, 32.75842253108012], [-96.77352640852219, 32.75840746891988], [-96.77388640852219, 32.75906546891988], [-96.7738475914778, 32.75908053108012], [-96.7734875914778, 32.75842253108012]]]}}, {"type": "Feature", "properties": {"k": "deck", "c": "motorway_link", "b": 0.0, "h": 1.02, "lk": 1}, "geometry": {"type": "Polygon", "coordinates": [[[-96.77343916048093, 32.759229031174584], [-96.77340083951907, 32.75924496882541], [-96.77309883951906, 32.75872996882541], [-96.77313716048093, 32.758714031174584], [-96.77343916048093, 32.759229031174584]]]}}, {"type": "Feature", "properties": {"k": "deck", "c": "motorway_link", "b": 1.97, "h": 3.47, "lk": 1}, "geometry": {"type": "Polygon", "coordinates": [[[-96.77382856611727, 32.75997576391568], [-96.77378943388273, 32.75999023608431], [-96.77340043388273, 32.759244236084314], [-96.77343956611728, 32.759229763915684], [-96.77382856611727, 32.75997576391568]]]}}, {"type": "Feature", "properties": {"k": "deck", "c": "motorway_link", "b": 4.5, "h": 6.0, "lk": 1}, "geometry": {"type": "Polygon", "coordinates": [[[-96.77410876167711, 32.76054915118554], [-96.7740692383229, 32.76056284881446], [-96.77378923832289, 32.759989848814456], [-96.77382876167711, 32.75997615118554], [-96.77410876167711, 32.76054915118554]]]}}, {"type": "Feature", "properties": {"k": "deck", "c": "primary_link", "b": 4.88, "h": 6.38, "lk": 1}, "geometry": {"type": "Polygon", "coordinates": [[[-96.75764836516994, 32.73336036719364], [-96.75760563483006, 32.733359632806355], [-96.75762063483006, 32.732740632806355], [-96.75766336516995, 32.73274136719364], [-96.75764836516994, 32.73336036719364]]]}}, {"type": "Feature", "properties": {"k": "deck", "c": "primary_link", "b": 3.19, "h": 4.69, "lk": 1}, "geometry": {"type": "Polygon", "coordinates": [[[-96.75763636197678, 32.733628509858605], [-96.75762036577116, 32.734338341482456], [-96.75757763422884, 32.734337658517546], [-96.75759363802322, 32.7336274901414], [-96.75760564555846, 32.73335932185453], [-96.75764835444154, 32.733360678145466], [-96.75763636197678, 32.733628509858605]]]}}, {"type": "Feature", "properties": {"k": "deck", "c": "primary_link", "b": 0.9, "h": 2.4, "lk": 1}, "geometry": {"type": "Polygon", "coordinates": [[[-96.75760136575171, 32.73517934234499], [-96.7575586342483, 32.73517865765501], [-96.75757763424829, 32.73433765765501], [-96.7576203657517, 32.73433834234499], [-96.75760136575171, 32.73517934234499]]]}}, {"type": "Feature", "properties": {"k": "deck", "c": "primary_link", "b": 0.0, "h": 0.79, "lk": 1}, "geometry": {"type": "Polygon", "coordinates": [[[-96.75760623189844, 32.735260235514], [-96.75762911117158, 32.735333639848655], [-96.75766594950461, 32.735395981643016], [-96.75771867126596, 32.735447761944336], [-96.75778179623649, 32.73548733282139], [-96.75786449556814, 32.735517750966366], [-96.75794329622119, 32.73553137083233], [-96.7579347037788, 32.73556662916767], [-96.75785150443186, 32.73555224903363], [-96.75776020376352, 32.73551866717861], [-96.75768932873405, 32.735474238055666], [-96.7576300504954, 32.73541601835698], [-96.75758888882842, 32.73534636015135], [-96.75756376810158, 32.73526576448601], [-96.75755865718051, 32.735179901012266], [-96.7576013428195, 32.73517809898774], [-96.75760623189844, 32.735260235514]]]}}, {"type": "Feature", "properties": {"k": "deck", "c": "primary_link", "b": 0.0, "h": 0.09, "lk": 1}, "geometry": {"type": "Polygon", "coordinates": [[[-96.75803612622217, 32.73553909268583], [-96.75803187377782, 32.73557490731417], [-96.75793687377782, 32.735566907314166], [-96.75794112622216, 32.73553109268583], [-96.75803612622217, 32.73553909268583]]]}}, {"type": "Feature", "properties": {"k": "deck", "c": "motorway_link", "b": 5.6, "h": 7.1, "lk": 1}, "geometry": {"type": "Polygon", "coordinates": [[[-96.79378432346238, 32.793772384803475], [-96.79364112841509, 32.793695673170994], [-96.79350640312758, 32.79360311381317], [-96.79334897373215, 32.793463062987364], [-96.79322819368856, 32.793323858869336], [-96.79314093365755, 32.79319450870573], [-96.79304411901488, 32.79299986031888], [-96.7929698599486, 32.79277911761498], [-96.79293240286071, 32.79258373334577], [-96.79283136261904, 32.79192847237256], [-96.79276443504574, 32.79153989287977], [-96.79263363571113, 32.7908349743284], [-96.79248886280531, 32.79026486860957], [-96.7925651371947, 32.790251131390434], [-96.79271036428887, 32.79082302567161], [-96.79284156495427, 32.79153010712024], [-96.79290863738095, 32.79191952762744], [-96.79300959713927, 32.792574266654235], [-96.7930461400514, 32.79276488238502], [-96.79311788098512, 32.79297813968112], [-96.79321106634245, 32.79316549129427], [-96.79329380631144, 32.79328814113067], [-96.79340902626785, 32.793420937012634], [-96.79355959687241, 32.79355488618683], [-96.79368687158492, 32.79364232682901], [-96.79382367653761, 32.79371561519652], [-96.79402036365526, 32.793804025062535], [-96.79398363634475, 32.793861974937464], [-96.79378432346238, 32.793772384803475]]]}}, {"type": "Feature", "properties": {"k": "deck", "c": "secondary", "b": 5.6, "h": 7.1, "lk": 0}, "geometry": {"type": "Polygon", "coordinates": [[[-96.85625655347434, 32.79293631889186], [-96.85636144652565, 32.792957681108135], [-96.85487744652566, 32.79812568110814], [-96.85477255347435, 32.798104318891866], [-96.85625655347434, 32.79293631889186]]]}}, {"type": "Feature", "properties": {"k": "deck", "c": "secondary", "b": 5.6, "h": 7.1, "lk": 0}, "geometry": {"type": "Polygon", "coordinates": [[[-96.85477243490641, 32.7981047405937], [-96.8548775650936, 32.798125259406305], [-96.8532335650936, 32.8040992594063], [-96.85312843490641, 32.804078740593695], [-96.85477243490641, 32.7981047405937]]]}}, {"type": "Feature", "properties": {"k": "deck", "c": "secondary", "b": 5.6, "h": 7.1, "lk": 0}, "geometry": {"type": "Polygon", "coordinates": [[[-96.8565740420846, 32.773868831415555], [-96.8566819579154, 32.77386916858444], [-96.8566709579154, 32.776366168584445], [-96.8565630420846, 32.77636583141556], [-96.8565740420846, 32.773868831415555]]]}}, {"type": "Feature", "properties": {"k": "deck", "c": "primary", "b": 5.6, "h": 7.1, "lk": 0}, "geometry": {"type": "Polygon", "coordinates": [[[-96.88081819503643, 32.85809478674194], [-96.88011208694016, 32.858184928201034], [-96.88009591305985, 32.858095071798964], [-96.88079980496357, 32.85800521325806], [-96.88113470479783, 32.85795039334472], [-96.88115529520218, 32.85803960665528], [-96.88081819503643, 32.85809478674194]]]}}, {"type": "Feature", "properties": {"k": "deck", "c": "motorway_link", "b": 4.65, "h": 6.15, "lk": 1}, "geometry": {"type": "Polygon", "coordinates": [[[-96.7269670298531, 32.79245681481001], [-96.72696097014689, 32.792421185189994], [-96.7272179701469, 32.792390185189994], [-96.7272240298531, 32.79242581481001], [-96.7269670298531, 32.79245681481001]]]}}, {"type": "Feature", "properties": {"k": "deck", "c": "motorway_link", "b": 3.1, "h": 4.6, "lk": 1}, "geometry": {"type": "Polygon", "coordinates": [[[-96.72680239806112, 32.79246595806124], [-96.72679960193886, 32.79243004193876], [-96.72696260193887, 32.79242104193876], [-96.72696539806113, 32.792456958061244], [-96.72680239806112, 32.79246595806124]]]}}, {"type": "Feature", "properties": {"k": "deck", "c": "motorway_link", "b": 1.09, "h": 2.59, "lk": 1}, "geometry": {"type": "Polygon", "coordinates": [[[-96.7264125216913, 32.792473991253004], [-96.72641147830869, 32.792438008747], [-96.72680047830869, 32.792430008747], [-96.7268015216913, 32.792465991253], [-96.7264125216913, 32.792473991253004]]]}}, {"type": "Feature", "properties": {"k": "deck", "c": "motorway_link", "b": 0.0, "h": 0.66, "lk": 1}, "geometry": {"type": "Polygon", "coordinates": [[[-96.72637343128223, 32.79248687407257], [-96.7262705984924, 32.79251982050038], [-96.7262554015076, 32.792486179499626], [-96.72635856871777, 32.79245312592743], [-96.72640473696956, 32.79243907472036], [-96.72641926303044, 32.79247292527964], [-96.72637343128223, 32.79248687407257]]]}}, {"type": "Feature", "properties": {"k": "deck", "c": "motorway", "b": 5.6, "h": 7.1, "lk": 0}, "geometry": {"type": "Polygon", "coordinates": [[[-96.72781423247233, 32.792672773313434], [-96.7280936385427, 32.79251282346155], [-96.72835585540395, 32.79237715913951], [-96.72861183818111, 32.79225932579764], [-96.72892230795797, 32.79213796953307], [-96.7291937278006, 32.792040744514814], [-96.72955854470545, 32.79193231282365], [-96.72998810256433, 32.791831713793464], [-96.73002989743566, 32.79195828620653], [-96.72960545529453, 32.79205768717635], [-96.72925027219938, 32.792163255485185], [-96.72898569204203, 32.792258030466925], [-96.72868216181888, 32.792376674202366], [-96.72843414459606, 32.79249084086049], [-96.72817836145731, 32.792623176538456], [-96.72790576752769, 32.79277922668657], [-96.7268966051814, 32.79343403430197], [-96.72680139481861, 32.793329965698035], [-96.72781423247233, 32.792672773313434]]]}}, {"type": "Feature", "properties": {"k": "deck", "c": "motorway", "b": 5.6, "h": 7.1, "lk": 0}, "geometry": {"type": "Polygon", "coordinates": [[[-96.7295026160436, 32.7919006364095], [-96.72921085753006, 32.79198697311249], [-96.72915914246994, 32.791863026887505], [-96.72945538395639, 32.791775363590496], [-96.7299546692241, 32.79165581641372], [-96.72999733077589, 32.79178218358628], [-96.7295026160436, 32.7919006364095]]]}}, {"type": "Feature", "properties": {"k": "deck", "c": "motorway", "b": 5.6, "h": 7.1, "lk": 0}, "geometry": {"type": "Polygon", "coordinates": [[[-96.83602798664253, 32.76732118320577], [-96.83603401335748, 32.767356816794226], [-96.83519201335747, 32.76745781679423], [-96.83518598664253, 32.767422183205774], [-96.83602798664253, 32.76732118320577]]]}}, {"type": "Feature", "properties": {"k": "deck", "c": "motorway", "b": 5.6, "h": 7.1, "lk": 0}, "geometry": {"type": "Polygon", "coordinates": [[[-96.80998264551452, 32.74840411043925], [-96.81005535448547, 32.748427889560745], [-96.80988335448548, 32.74880088956075], [-96.80981064551453, 32.748777110439256], [-96.80998264551452, 32.74840411043925]]]}}, {"type": "Feature", "properties": {"k": "deck", "c": "motorway", "b": 5.6, "h": 7.1, "lk": 0}, "geometry": {"type": "Polygon", "coordinates": [[[-96.82460915146153, 32.731876075927055], [-96.82473202404753, 32.73144652135807], [-96.82485396414963, 32.73099374376594], [-96.82496195142086, 32.73059179114518], [-96.8250639410759, 32.73020783009095], [-96.8251400589241, 32.730222169909055], [-96.82503804857915, 32.730606208854816], [-96.82493003812182, 32.73100824777929], [-96.82480797595247, 32.731461478641926], [-96.82468484853847, 32.73189192407295], [-96.82426777813347, 32.733262155379535], [-96.82419222186653, 32.73324584462047], [-96.82460915146153, 32.731876075927055]]]}}, {"type": "Feature", "properties": {"k": "deck", "c": "motorway", "b": 5.6, "h": 7.1, "lk": 0}, "geometry": {"type": "Polygon", "coordinates": [[[-96.82388350588938, 32.73439668438447], [-96.82393765542032, 32.73415100595707], [-96.82401434457968, 32.73416299404294], [-96.82396049411061, 32.734407315615535], [-96.82391560967564, 32.73467263249781], [-96.82383839032435, 32.734663367502186], [-96.82388350588938, 32.73439668438447]]]}}, {"type": "Feature", "properties": {"k": "deck", "c": "motorway", "b": 5.6, "h": 7.1, "lk": 0}, "geometry": {"type": "Polygon", "coordinates": [[[-96.77201369973521, 32.78082143562363], [-96.77169952716223, 32.780946513732616], [-96.77141082680733, 32.781080517992926], [-96.77114356767619, 32.78122397326184], [-96.7708642726171, 32.78140197469034], [-96.77060641969098, 32.78159191978477], [-96.77043115648608, 32.78174059812151], [-96.7702750792829, 32.78188096944261], [-96.7700550852032, 32.78211378828929], [-96.76984903407445, 32.782352373806795], [-96.76970135920728, 32.78255813412172], [-96.76956323069565, 32.78276434025692], [-96.76869736839916, 32.784289336481535], [-96.76855663160083, 32.784232663518466], [-96.76942476930434, 32.78270365974308], [-96.76956664079272, 32.78249186587828], [-96.76971896592555, 32.78227962619321], [-96.7699309147968, 32.782034211710716], [-96.77015692071711, 32.78179503055739], [-96.77031884351392, 32.78164940187849], [-96.77049958030904, 32.78149608021522], [-96.7707657273829, 32.78130002530966], [-96.77105443232382, 32.78111602673817], [-96.77133117319268, 32.78096748200708], [-96.77162847283778, 32.78082948626738], [-96.7719523002648, 32.78070056437637], [-96.77229802195625, 32.78058868359576], [-96.77235397804377, 32.78071131640424], [-96.77201369973521, 32.78082143562363]]]}}, {"type": "Feature", "properties": {"k": "deck", "c": "motorway_link", "b": 5.6, "h": 7.1, "lk": 1}, "geometry": {"type": "Polygon", "coordinates": [[[-96.76928990800525, 32.78274685244088], [-96.76925813355753, 32.78284320076624], [-96.76893660581581, 32.78343316911474], [-96.76873577322185, 32.78384582514115], [-96.76869622677815, 32.78383217485885], [-96.7688973941842, 32.78341883088526], [-96.76921786644247, 32.782830799233764], [-96.76924809199474, 32.78273914755913], [-96.76926590294822, 32.78264613480217], [-96.76930809705179, 32.78265186519783], [-96.76928990800525, 32.78274685244088]]]}}, {"type": "Feature", "properties": {"k": "deck", "c": "motorway", "b": 5.6, "h": 7.1, "lk": 0}, "geometry": {"type": "Polygon", "coordinates": [[[-96.87431338220156, 32.76741917680865], [-96.87431061779844, 32.767484823191346], [-96.87333961779844, 32.76745582319135], [-96.87334238220156, 32.767390176808654], [-96.87431338220156, 32.76741917680865]]]}}, {"type": "Feature", "properties": {"k": "deck", "c": "motorway", "b": 5.6, "h": 7.1, "lk": 0}, "geometry": {"type": "Polygon", "coordinates": [[[-96.86284477065735, 32.76710401508998], [-96.86284322934264, 32.767139984910024], [-96.86215222934266, 32.76711898491002], [-96.86215377065736, 32.76708301508997], [-96.86284477065735, 32.76710401508998]]]}}, {"type": "Feature", "properties": {"k": "deck", "c": "secondary", "b": 5.6, "h": 7.1, "lk": 0}, "geometry": {"type": "Polygon", "coordinates": [[[-96.72910493989124, 32.852262123096], [-96.72959198413234, 32.85206869412042], [-96.73006006727059, 32.85184162400228], [-96.73011393272941, 32.851920375997715], [-96.72964201586767, 32.85214930587958], [-96.72914706010874, 32.852345876903996], [-96.72863803768462, 32.852507519133354], [-96.72859996231537, 32.85242248086665], [-96.72910493989124, 32.852262123096]]]}}, {"type": "Feature", "properties": {"k": "deck", "c": "secondary", "b": 5.6, "h": 7.1, "lk": 0}, "geometry": {"type": "Polygon", "coordinates": [[[-96.7295936947895, 32.852039421649465], [-96.72911208822744, 32.852234477334314], [-96.72862075927549, 32.85240694382357], [-96.72857924072451, 32.85232305617643], [-96.72906791177256, 32.852151522665686], [-96.7295443052105, 32.85195857835053], [-96.73000803193567, 32.85174416706901], [-96.73005996806434, 32.851823832931], [-96.7295936947895, 32.852039421649465]]]}}, {"type": "Feature", "properties": {"k": "deck", "c": "secondary", "b": 5.6, "h": 7.1, "lk": 0}, "geometry": {"type": "Polygon", "coordinates": [[[-96.70434405927396, 32.749139591647904], [-96.70433994072603, 32.74923040835209], [-96.70399794072603, 32.74921940835209], [-96.70400205927396, 32.7491285916479], [-96.70434405927396, 32.749139591647904]]]}}, {"type": "Feature", "properties": {"k": "deck", "c": "secondary", "b": 5.6, "h": 7.1, "lk": 0}, "geometry": {"type": "Polygon", "coordinates": [[[-96.70404217630679, 32.74909532721698], [-96.70404982369323, 32.749004672783016], [-96.70440082369322, 32.74902567278302], [-96.70439317630678, 32.74911632721698], [-96.70404217630679, 32.74909532721698]]]}}, {"type": "Feature", "properties": {"k": "deck", "c": "secondary", "b": 5.6, "h": 7.1, "lk": 0}, "geometry": {"type": "Polygon", "coordinates": [[[-96.82521523984886, 32.73309112838766], [-96.82515476015115, 32.733058871612336], [-96.82580976015115, 32.73218787161234], [-96.82587023984885, 32.73222012838767], [-96.82521523984886, 32.73309112838766]]]}}, {"type": "Feature", "properties": {"k": "deck", "c": "secondary", "b": 5.6, "h": 7.1, "lk": 0}, "geometry": {"type": "Polygon", "coordinates": [[[-96.82588757961719, 32.73223011422249], [-96.82594842038282, 32.73226188577752], [-96.82530342038281, 32.733137885777516], [-96.82524257961718, 32.73310611422249], [-96.82588757961719, 32.73223011422249]]]}}, {"type": "Feature", "properties": {"k": "deck", "c": "secondary", "b": 5.6, "h": 7.1, "lk": 0}, "geometry": {"type": "Polygon", "coordinates": [[[-96.81481820807092, 32.836684284976734], [-96.81481979192908, 32.83656371502327], [-96.81514179192908, 32.83656671502327], [-96.81514020807091, 32.83668728497673], [-96.81481820807092, 32.836684284976734]]]}}, {"type": "Feature", "properties": {"k": "deck", "c": "secondary", "b": 5.6, "h": 7.1, "lk": 0}, "geometry": {"type": "Polygon", "coordinates": [[[-96.75406355383355, 32.859349921783014], [-96.75414444616645, 32.85941007821699], [-96.75371244616645, 32.859822078216986], [-96.75363155383354, 32.85976192178301], [-96.75406355383355, 32.859349921783014]]]}}, {"type": "Feature", "properties": {"k": "deck", "c": "secondary", "b": 5.6, "h": 7.1, "lk": 0}, "geometry": {"type": "Polygon", "coordinates": [[[-96.75359845987401, 32.85973906513898], [-96.75351754012598, 32.85967893486102], [-96.75395654012598, 32.85925993486102], [-96.75403745987401, 32.85932006513898], [-96.75359845987401, 32.85973906513898]]]}}, {"type": "Feature", "properties": {"k": "deck", "c": "secondary", "b": 5.6, "h": 7.1, "lk": 0}, "geometry": {"type": "Polygon", "coordinates": [[[-96.79915390278961, 32.81743044644243], [-96.79908436050404, 32.817429466973614], [-96.79898337753154, 32.817435182990934], [-96.79887729879246, 32.817450473619985], [-96.79879823196143, 32.81746762064358], [-96.79871660111478, 32.817490401344976], [-96.7986161264994, 32.81752844513137], [-96.79857187350059, 32.81744555486863], [-96.79867739888523, 32.81740559865502], [-96.79876776803857, 32.81738037935642], [-96.79885470120755, 32.81736152638001], [-96.79897062246845, 32.81734481700907], [-96.79908163949595, 32.81733853302638], [-96.79915409721039, 32.817339553557574], [-96.79933429208992, 32.81733756245393], [-96.79933570791007, 32.81742843754607], [-96.79915390278961, 32.81743044644243]]]}}, {"type": "Feature", "properties": {"k": "deck", "c": "secondary", "b": 5.6, "h": 7.1, "lk": 0}, "geometry": {"type": "Polygon", "coordinates": [[[-96.71355236104777, 32.73388637131898], [-96.71359363895222, 32.73393562868102], [-96.71306363895222, 32.73425062868102], [-96.71302236104778, 32.73420137131898], [-96.71355236104777, 32.73388637131898]]]}}, {"type": "Feature", "properties": {"k": "deck", "c": "motorway", "b": 5.6, "h": 7.1, "lk": 0}, "geometry": {"type": "Polygon", "coordinates": [[[-96.72747948135049, 32.74528049550705], [-96.72744651864951, 32.74537550449295], [-96.72693851864952, 32.745250504492944], [-96.72697148135049, 32.74515549550705], [-96.72747948135049, 32.74528049550705]]]}}, {"type": "Feature", "properties": {"k": "deck", "c": "motorway", "b": 5.6, "h": 7.1, "lk": 0}, "geometry": {"type": "Polygon", "coordinates": [[[-96.72689124584227, 32.74507643676133], [-96.72692475415772, 32.744981563238674], [-96.72743175415772, 32.745108563238674], [-96.72739824584227, 32.74520343676133], [-96.72689124584227, 32.74507643676133]]]}}, {"type": "Feature", "properties": {"k": "deck", "c": "secondary", "b": 5.6, "h": 7.1, "lk": 0}, "geometry": {"type": "Polygon", "coordinates": [[[-96.78151485673762, 32.7539195337475], [-96.78124218221258, 32.75432205328443], [-96.78112648362199, 32.75450258298186], [-96.78103151637802, 32.75445941701814], [-96.78114781778741, 32.75427794671557], [-96.7814211322473, 32.75387448251288], [-96.78575815429339, 32.747484449999774], [-96.7858518457066, 32.74752955000022], [-96.78151485673762, 32.7539195337475]]]}}, {"type": "Feature", "properties": {"k": "deck", "c": "secondary", "b": 5.6, "h": 7.1, "lk": 0}, "geometry": {"type": "Polygon", "coordinates": [[[-96.78013678974536, 32.756902565428646], [-96.78020000265606, 32.756630649574724], [-96.78027624850544, 32.75635776969269], [-96.7803515483911, 32.7561127940647], [-96.78044898950056, 32.75584558442435], [-96.7805614307121, 32.755575524728776], [-96.78074186631055, 32.75518658577211], [-96.78087247641496, 32.75492938433574], [-96.78104503640712, 32.754635430395574], [-96.7812365444505, 32.754321597842846], [-96.78149194458953, 32.75394701097226], [-96.78584793009517, 32.74753403231115], [-96.78591006990482, 32.74756396768885], [-96.78155405541048, 32.75397698902774], [-96.7812994555495, 32.75435040215716], [-96.78110896359287, 32.75466256960443], [-96.78093752358505, 32.75495461566426], [-96.78080813368946, 32.75520941422789], [-96.78062856928791, 32.755596475271226], [-96.78051701049945, 32.755864415575644], [-96.78042045160889, 32.7561292059353], [-96.78034575149455, 32.75637223030731], [-96.78026999734395, 32.75664335042527], [-96.78020721025463, 32.75691343457136], [-96.7800502830097, 32.75768707589358], [-96.77997971699031, 32.75767692410643], [-96.78013678974536, 32.756902565428646]]]}}, {"type": "Feature", "properties": {"k": "deck", "c": "motorway", "b": 5.6, "h": 7.1, "lk": 0}, "geometry": {"type": "Polygon", "coordinates": [[[-96.74984039586997, 32.74720248808053], [-96.74984160413004, 32.74710351191946], [-96.75076560413004, 32.747111511919464], [-96.75076439586996, 32.74721048808053], [-96.74984039586997, 32.74720248808053]]]}}, {"type": "Feature", "properties": {"k": "deck", "c": "motorway", "b": 5.6, "h": 7.1, "lk": 0}, "geometry": {"type": "Polygon", "coordinates": [[[-96.7505941791306, 32.74725951413266], [-96.7505958208694, 32.747358485867345], [-96.74966082086941, 32.747369485867345], [-96.7496591791306, 32.74727051413266], [-96.7505941791306, 32.74725951413266]]]}}, {"type": "Feature", "properties": {"k": "deck", "c": "motorway", "b": 5.6, "h": 7.1, "lk": 0}, "geometry": {"type": "Polygon", "coordinates": [[[-96.7536040032533, 32.747218253280856], [-96.7536099967467, 32.74728374671914], [-96.7531939967467, 32.747310746719144], [-96.7531880032533, 32.74724525328086], [-96.7536040032533, 32.747218253280856]]]}}, {"type": "Feature", "properties": {"k": "deck", "c": "motorway", "b": 5.6, "h": 7.1, "lk": 0}, "geometry": {"type": "Polygon", "coordinates": [[[-96.75316421983146, 32.747189731697716], [-96.75315778016855, 32.74712426830229], [-96.75363078016855, 32.747091268302285], [-96.75363721983146, 32.747156731697714], [-96.75316421983146, 32.747189731697716]]]}}, {"type": "Feature", "properties": {"k": "deck", "c": "secondary", "b": 5.6, "h": 7.1, "lk": 0}, "geometry": {"type": "Polygon", "coordinates": [[[-96.73997617140631, 32.8437360221603], [-96.74004782859367, 32.8438039778397], [-96.73887782859369, 32.8446789778397], [-96.73880617140632, 32.8446110221603], [-96.73997617140631, 32.8437360221603]]]}}, {"type": "Feature", "properties": {"k": "deck", "c": "secondary", "b": 5.6, "h": 7.1, "lk": 0}, "geometry": {"type": "Polygon", "coordinates": [[[-96.7388094138212, 32.844618044366], [-96.73876058617878, 32.844573955634004], [-96.73990258617879, 32.843676955634], [-96.7399514138212, 32.843721044366], [-96.7388094138212, 32.844618044366]]]}}, {"type": "Feature", "properties": {"k": "deck", "c": "secondary", "b": 5.6, "h": 7.1, "lk": 0}, "geometry": {"type": "Polygon", "coordinates": [[[-96.72440638500731, 32.852740559699775], [-96.72440561499269, 32.85283144030023], [-96.72157661499268, 32.85281444030023], [-96.72157738500731, 32.852723559699776], [-96.72440638500731, 32.852740559699775]]]}}, {"type": "Feature", "properties": {"k": "deck", "c": "primary", "b": 5.6, "h": 7.1, "lk": 0}, "geometry": {"type": "Polygon", "coordinates": [[[-96.72900010488786, 32.85653068319533], [-96.72965003860982, 32.85625028035689], [-96.73046368778783, 32.855922018449895], [-96.73051031221216, 32.85600398155011], [-96.72969796139019, 32.85633171964311], [-96.72904989511213, 32.856611316804674], [-96.72433918632896, 32.85870518736124], [-96.72428881367105, 32.858624812638766], [-96.72900010488786, 32.85653068319533]]]}}, {"type": "Feature", "properties": {"k": "deck", "c": "secondary", "b": 5.6, "h": 7.1, "lk": 0}, "geometry": {"type": "Polygon", "coordinates": [[[-96.81563204201697, 32.743424152465], [-96.81573995798303, 32.74342384753499], [-96.81574295798303, 32.744176847534995], [-96.81563504201698, 32.74417715246501], [-96.81563204201697, 32.743424152465]]]}}, {"type": "Feature", "properties": {"k": "deck", "c": "secondary", "b": 5.6, "h": 7.1, "lk": 0}, "geometry": {"type": "Polygon", "coordinates": [[[-96.81563781313511, 32.744154474203754], [-96.81566555660889, 32.74421712075747], [-96.8155644433911, 32.744248879242534], [-96.81553018686489, 32.74417152579625], [-96.81552004772757, 32.74359967845154], [-96.81562795227242, 32.74359832154847], [-96.81563781313511, 32.744154474203754]]]}}, {"type": "Feature", "properties": {"k": "deck", "c": "secondary", "b": 5.6, "h": 7.1, "lk": 0}, "geometry": {"type": "Polygon", "coordinates": [[[-96.69998420693797, 32.79385176922202], [-96.70005579306202, 32.79385223077798], [-96.70005479306202, 32.79396223077798], [-96.69998320693797, 32.79396176922202], [-96.69998420693797, 32.79385176922202]]]}}, {"type": "Feature", "properties": {"k": "deck", "c": "secondary", "b": 5.6, "h": 7.1, "lk": 0}, "geometry": {"type": "Polygon", "coordinates": [[[-96.77160997989768, 32.851119566036814], [-96.77160802010232, 32.85121043396319], [-96.77108502010232, 32.85120243396319], [-96.77108697989767, 32.85111156603681], [-96.77160997989768, 32.851119566036814]]]}}, {"type": "Feature", "properties": {"k": "deck", "c": "secondary", "b": 5.6, "h": 7.1, "lk": 0}, "geometry": {"type": "Polygon", "coordinates": [[[-96.77891686881898, 32.83663071133427], [-96.779018, 32.83663071133427], [-96.779018, 32.83675128866573], [-96.77891713118103, 32.83675128866573], [-96.77859326236117, 32.836752288260854], [-96.77859273763883, 32.836631711739145], [-96.77891686881898, 32.83663071133427]]]}}, {"type": "Feature", "properties": {"k": "deck", "c": "secondary", "b": 5.6, "h": 7.1, "lk": 0}, "geometry": {"type": "Polygon", "coordinates": [[[-96.77857863673759, 32.83661328866573], [-96.77846127349392, 32.83661228556108], [-96.77846272650609, 32.836491714438914], [-96.7785793632624, 32.83649271133427], [-96.77904, 32.83649271133427], [-96.77904, 32.83661328866573], [-96.77857863673759, 32.83661328866573]]]}}, {"type": "Feature", "properties": {"k": "deck", "c": "motorway", "b": 5.6, "h": 7.1, "lk": 0}, "geometry": {"type": "Polygon", "coordinates": [[[-96.82504976120445, 32.77900410220004], [-96.82520280945191, 32.77895208580221], [-96.82526119054809, 32.77907391419779], [-96.82510823879555, 32.779125897799965], [-96.82442828701699, 32.77935788134794], [-96.82436971298301, 32.77923611865206], [-96.82504976120445, 32.77900410220004]]]}}, {"type": "Feature", "properties": {"k": "deck", "c": "motorway", "b": 5.6, "h": 7.1, "lk": 0}, "geometry": {"type": "Polygon", "coordinates": [[[-96.88574644617195, 32.827673518851064], [-96.88619960872241, 32.8279776279357], [-96.88610239127759, 32.8280803720643], [-96.88564955382806, 32.82777648114894], [-96.88518871706654, 32.82747058950246], [-96.88528528293347, 32.82736741049754], [-96.88574644617195, 32.827673518851064]]]}}, {"type": "Feature", "properties": {"k": "deck", "c": "secondary", "b": 5.6, "h": 7.1, "lk": 0}, "geometry": {"type": "Polygon", "coordinates": [[[-96.69996604171327, 32.793695], [-96.70007395828672, 32.793695], [-96.70007395828672, 32.793852], [-96.69996604171327, 32.793852], [-96.69996604171327, 32.793695]]]}}, {"type": "Feature", "properties": {"k": "deck", "c": "primary", "b": 5.6, "h": 7.1, "lk": 0}, "geometry": {"type": "Polygon", "coordinates": [[[-96.73161970259191, 32.76635072838744], [-96.73161629740808, 32.76647127161256], [-96.73046829740808, 32.76644827161256], [-96.73047170259191, 32.76632772838744], [-96.73161970259191, 32.76635072838744]]]}}, {"type": "Feature", "properties": {"k": "deck", "c": "primary", "b": 5.6, "h": 7.1, "lk": 0}, "geometry": {"type": "Polygon", "coordinates": [[[-96.73046640703765, 32.76631527373822], [-96.73046959296235, 32.76619472626178], [-96.73153659296234, 32.76621472626178], [-96.73153340703765, 32.76633527373822], [-96.73046640703765, 32.76631527373822]]]}}, {"type": "Feature", "properties": {"k": "deck", "c": "secondary", "b": 5.6, "h": 7.1, "lk": 0}, "geometry": {"type": "Polygon", "coordinates": [[[-96.73813458463933, 32.75562623461173], [-96.73805741536067, 32.75568976538826], [-96.73776141536067, 32.755434765388266], [-96.73783858463932, 32.75537123461174], [-96.73813458463933, 32.75562623461173]]]}}, {"type": "Feature", "properties": {"k": "deck", "c": "secondary", "b": 5.6, "h": 7.1, "lk": 0}, "geometry": {"type": "Polygon", "coordinates": [[[-96.73789177264243, 32.755343070293286], [-96.73796822735758, 32.75527892970671], [-96.73827222735758, 32.75553592970671], [-96.73819577264243, 32.75560007029328], [-96.73789177264243, 32.755343070293286]]]}}, {"type": "Feature", "properties": {"k": "deck", "c": "secondary", "b": 5.6, "h": 7.1, "lk": 0}, "geometry": {"type": "Polygon", "coordinates": [[[-96.77859223732172, 32.83664656308252], [-96.77859376267828, 32.83673743691748], [-96.77834176267828, 32.83674043691748], [-96.77834023732171, 32.83664956308252], [-96.77859223732172, 32.83664656308252]]]}}, {"type": "Feature", "properties": {"k": "deck", "c": "primary", "b": 5.6, "h": 7.1, "lk": 0}, "geometry": {"type": "Polygon", "coordinates": [[[-96.72573824943458, 32.81344911381878], [-96.7256697505654, 32.813378886181226], [-96.72653275056541, 32.81278188618123], [-96.7266012494346, 32.81285211381878], [-96.72573824943458, 32.81344911381878]]]}}, {"type": "Feature", "properties": {"k": "deck", "c": "primary", "b": 5.6, "h": 7.1, "lk": 0}, "geometry": {"type": "Polygon", "coordinates": [[[-96.72656000382283, 32.81293071206405], [-96.72662799617719, 32.813001287935954], [-96.72584499617717, 32.81353628793595], [-96.72577700382281, 32.81346571206405], [-96.72656000382283, 32.81293071206405]]]}}, {"type": "Feature", "properties": {"k": "deck", "c": "secondary", "b": 5.6, "h": 7.1, "lk": 0}, "geometry": {"type": "Polygon", "coordinates": [[[-96.72871767515126, 32.783603143091426], [-96.72871832484874, 32.78354285690857], [-96.72950332484874, 32.783548856908574], [-96.72950267515125, 32.78360914309143], [-96.72871767515126, 32.783603143091426]]]}}, {"type": "Feature", "properties": {"k": "deck", "c": "secondary", "b": 5.6, "h": 7.1, "lk": 0}, "geometry": {"type": "Polygon", "coordinates": [[[-96.72949843367016, 32.783679857879655], [-96.72949756632985, 32.783740142120344], [-96.72871356632984, 32.78373214212034], [-96.72871443367015, 32.78367185787965], [-96.72949843367016, 32.783679857879655]]]}}, {"type": "Feature", "properties": {"k": "deck", "c": "secondary", "b": 5.6, "h": 7.1, "lk": 0}, "geometry": {"type": "Polygon", "coordinates": [[[-96.78092380115494, 32.75484640757337], [-96.78073588313968, 32.75519937527399], [-96.78054884627852, 32.755614238950066], [-96.78044471584037, 32.75587803606006], [-96.78036206392181, 32.75613893729693], [-96.78026934287334, 32.75642009144391], [-96.7801848297266, 32.756735275767674], [-96.7799739974975, 32.75766353709859], [-96.7798680025025, 32.75764646290141], [-96.7800791702734, 32.75671672423233], [-96.78016465712665, 32.75639790855609], [-96.78025793607819, 32.75611506270307], [-96.78034128415963, 32.75585196393994], [-96.78044715372147, 32.75558376104993], [-96.78063611686032, 32.75516462472601], [-96.78082619884505, 32.75480759242663], [-96.78103067140627, 32.754460790925755], [-96.78112732859374, 32.75450120907424], [-96.78092380115494, 32.75484640757337]]]}}, {"type": "Feature", "properties": {"k": "deck", "c": "motorway", "b": 5.6, "h": 7.1, "lk": 0}, "geometry": {"type": "Polygon", "coordinates": [[[-96.73244966058058, 32.79160700565359], [-96.73245033941942, 32.79164299434642], [-96.73155333941942, 32.791654994346416], [-96.73155266058059, 32.79161900565359], [-96.73244966058058, 32.79160700565359]]]}}, {"type": "Feature", "properties": {"k": "deck", "c": "motorway", "b": 5.6, "h": 7.1, "lk": 0}, "geometry": {"type": "Polygon", "coordinates": [[[-96.71214285114817, 32.79444647323744], [-96.71213314885182, 32.79448152676255], [-96.71170014885182, 32.794396526762554], [-96.71170985114817, 32.794361473237444], [-96.71214285114817, 32.79444647323744]]]}}, {"type": "Feature", "properties": {"k": "deck", "c": "motorway", "b": 5.6, "h": 7.1, "lk": 0}, "geometry": {"type": "Polygon", "coordinates": [[[-96.72309249789674, 32.79460204789816], [-96.72309550210326, 32.794637952101844], [-96.72230350210326, 32.79468495210184], [-96.72230049789674, 32.794649047898154], [-96.72309249789674, 32.79460204789816]]]}}, {"type": "Feature", "properties": {"k": "deck", "c": "motorway", "b": 5.6, "h": 7.1, "lk": 0}, "geometry": {"type": "Polygon", "coordinates": [[[-96.7277644669968, 32.79261941506161], [-96.72801940862834, 32.79247287380883], [-96.72828535754533, 32.79233638681748], [-96.72856116064006, 32.79221102177441], [-96.72885316023975, 32.79208860269826], [-96.72918042466964, 32.791975164414275], [-96.7294896330156, 32.79188481132617], [-96.72999928376032, 32.791765659187426], [-96.73001071623969, 32.79180034081258], [-96.72950236698439, 32.79191918867383], [-96.72919557533035, 32.792008835585726], [-96.72887083976026, 32.79212139730174], [-96.72858083935995, 32.79224297822558], [-96.72830664245467, 32.79236761318252], [-96.72804259137166, 32.792503126191164], [-96.7277895330032, 32.79264858493839], [-96.72676600007998, 32.79330928343668], [-96.72673999992003, 32.79328071656332], [-96.7277644669968, 32.79261941506161]]]}}, {"type": "Feature", "properties": {"k": "deck", "c": "motorway_link", "b": 5.6, "h": 7.1, "lk": 1}, "geometry": {"type": "Polygon", "coordinates": [[[-96.8921639444565, 32.86018087693084], [-96.89191202083393, 32.85994194936817], [-96.89194397916606, 32.859918050631826], [-96.8921960555435, 32.86015712306916], [-96.89252113099053, 32.86047219619474], [-96.89248886900947, 32.86049580380526], [-96.8921639444565, 32.86018087693084]]]}}, {"type": "Feature", "properties": {"k": "deck", "c": "secondary", "b": 5.6, "h": 7.1, "lk": 0}, "geometry": {"type": "Polygon", "coordinates": [[[-96.82072371912322, 32.81895951965587], [-96.82084428087678, 32.818894480344134], [-96.82098728087678, 32.81908248034413], [-96.82086671912322, 32.819147519655864], [-96.82072371912322, 32.81895951965587]]]}}, {"type": "Feature", "properties": {"k": "deck", "c": "secondary", "b": 5.6, "h": 7.1, "lk": 0}, "geometry": {"type": "Polygon", "coordinates": [[[-96.87017745041045, 32.84620229026926], [-96.8697787235539, 32.84603084751768], [-96.86981127644609, 32.84597715248232], [-96.87022654958956, 32.84615570973074], [-96.87027872467567, 32.846221206115445], [-96.87021927532433, 32.846254793884555], [-96.87017745041045, 32.84620229026926]]]}}, {"type": "Feature", "properties": {"k": "deck", "c": "primary", "b": 5.6, "h": 7.1, "lk": 0}, "geometry": {"type": "Polygon", "coordinates": [[[-96.87334018323818, 32.843956004371165], [-96.87323981676181, 32.84404199562883], [-96.87290881676181, 32.84376799562883], [-96.87300918323818, 32.84368200437117], [-96.87334018323818, 32.843956004371165]]]}}, {"type": "Feature", "properties": {"k": "deck", "c": "primary", "b": 5.6, "h": 7.1, "lk": 0}, "geometry": {"type": "Polygon", "coordinates": [[[-96.87305190987416, 32.843655231335795], [-96.87315409012584, 32.8435707686642], [-96.87348509012584, 32.8438547686642], [-96.87338290987417, 32.843939231335796], [-96.87305190987416, 32.843655231335795]]]}}, {"type": "Feature", "properties": {"k": "deck", "c": "primary", "b": 5.6, "h": 7.1, "lk": 0}, "geometry": {"type": "Polygon", "coordinates": [[[-96.72990708809071, 32.856034837521904], [-96.72964712871097, 32.85613306644783], [-96.72938762941786, 32.85624243396602], [-96.7242331058029, 32.8585242230813], [-96.72418289419711, 32.8584437769187], [-96.72933837058216, 32.85616156603399], [-96.72960087128904, 32.85605093355216], [-96.72986491190927, 32.85595116247809], [-96.73107792988552, 32.85554181895312], [-96.73111807011449, 32.85562618104688], [-96.72990708809071, 32.856034837521904]]]}}, {"type": "Feature", "properties": {"k": "deck", "c": "motorway", "b": 5.6, "h": 7.1, "lk": 0}, "geometry": {"type": "Polygon", "coordinates": [[[-96.88775133640414, 32.85621412358301], [-96.88783866359586, 32.85614787641699], [-96.88817666359586, 32.85646387641699], [-96.88808933640414, 32.856530123583006], [-96.88775133640414, 32.85621412358301]]]}}, {"type": "Feature", "properties": {"k": "deck", "c": "motorway", "b": 5.6, "h": 7.1, "lk": 0}, "geometry": {"type": "Polygon", "coordinates": [[[-96.88803960153774, 32.856567818490035], [-96.88795239846226, 32.85663418150996], [-96.88761439846226, 32.85631918150996], [-96.88770160153774, 32.856252818490034], [-96.88803960153774, 32.856567818490035]]]}}, {"type": "Feature", "properties": {"k": "deck", "c": "motorway", "b": 5.6, "h": 7.1, "lk": 0}, "geometry": {"type": "Polygon", "coordinates": [[[-96.72185091893645, 32.74174131471739], [-96.72176708106353, 32.741810685282616], [-96.72145908106354, 32.741546685282614], [-96.72154291893646, 32.741477314717386], [-96.72185091893645, 32.74174131471739]]]}}, {"type": "Feature", "properties": {"k": "deck", "c": "motorway", "b": 5.6, "h": 7.1, "lk": 0}, "geometry": {"type": "Polygon", "coordinates": [[[-96.71737818986777, 32.73781777829763], [-96.71746181013224, 32.73774822170237], [-96.71784181013223, 32.73807222170237], [-96.71775818986777, 32.73814177829763], [-96.71737818986777, 32.73781777829763]]]}}, {"type": "Feature", "properties": {"k": "deck", "c": "motorway", "b": 5.6, "h": 7.1, "lk": 0}, "geometry": {"type": "Polygon", "coordinates": [[[-96.71989611994708, 32.74007048785744], [-96.71981188005292, 32.74013951214256], [-96.71950688005292, 32.73987551214256], [-96.71959111994708, 32.739806487857436], [-96.71989611994708, 32.74007048785744]]]}}, {"type": "Feature", "properties": {"k": "deck", "c": "motorway", "b": 5.6, "h": 7.1, "lk": 0}, "geometry": {"type": "Polygon", "coordinates": [[[-96.72159214786228, 32.74144074244596], [-96.72167585213771, 32.741371257554036], [-96.72198485213771, 32.74163525755404], [-96.72190114786228, 32.74170474244596], [-96.72159214786228, 32.74144074244596]]]}}, {"type": "Feature", "properties": {"k": "deck", "c": "motorway", "b": 5.6, "h": 7.1, "lk": 0}, "geometry": {"type": "Polygon", "coordinates": [[[-96.71770684591948, 32.73818325224218], [-96.71762315408051, 32.73825274775783], [-96.71724615408051, 32.73793074775782], [-96.71732984591948, 32.737861252242176], [-96.71770684591948, 32.73818325224218]]]}}, {"type": "Feature", "properties": {"k": "deck", "c": "motorway", "b": 5.6, "h": 7.1, "lk": 0}, "geometry": {"type": "Polygon", "coordinates": [[[-96.71963871601419, 32.73976236958403], [-96.7197232839858, 32.73969363041597], [-96.72002928398581, 32.73996063041597], [-96.7199447160142, 32.74002936958403], [-96.71963871601419, 32.73976236958403]]]}}, {"type": "Feature", "properties": {"k": "deck", "c": "motorway_link", "b": 5.6, "h": 7.1, "lk": 1}, "geometry": {"type": "Polygon", "coordinates": [[[-96.80884553856137, 32.75919532024576], [-96.80873694829948, 32.759322008884645], [-96.80858241573965, 32.75948155873538], [-96.80831219535504, 32.7597697273374], [-96.80806874709856, 32.76005707609916], [-96.80800525290144, 32.760018923900844], [-96.80824980464494, 32.759730272662594], [-96.80852158426036, 32.75944044126462], [-96.80867505170052, 32.75928199111535], [-96.80878246143862, 32.759156679754234], [-96.80887654541944, 32.759048583265646], [-96.80893945458057, 32.75908741673435], [-96.80884553856137, 32.75919532024576]]]}}, {"type": "Feature", "properties": {"k": "deck", "c": "motorway_link", "b": 5.6, "h": 7.1, "lk": 1}, "geometry": {"type": "Polygon", "coordinates": [[[-96.80875939610378, 32.76118620089451], [-96.80884065709137, 32.760962482373145], [-96.8089737927349, 32.760631144794125], [-96.80915298478841, 32.76019968236361], [-96.8094511605905, 32.75957231247132], [-96.8094908394095, 32.759585687528684], [-96.80919301521159, 32.76021231763638], [-96.8090142072651, 32.76064285520588], [-96.80888134290862, 32.76097351762685], [-96.80880060389622, 32.76119579910549], [-96.80874574278188, 32.7613823268942], [-96.80870425721811, 32.7613736731058], [-96.80875939610378, 32.76118620089451]]]}}, {"type": "Feature", "properties": {"k": "deck", "c": "motorway_link", "b": 0.0, "h": 1.2, "lk": 1}, "geometry": {"type": "Polygon", "coordinates": [[[-96.80906491122599, 32.758217722021975], [-96.80900275854427, 32.75842021946887], [-96.80892724145573, 32.75840378053113], [-96.80898908877401, 32.75820227797802], [-96.80900795464325, 32.75813177920351], [-96.80908404535674, 32.75814622079649], [-96.80906491122599, 32.758217722021975]]]}}, {"type": "Feature", "properties": {"k": "deck", "c": "motorway_link", "b": 2.6, "h": 4.1, "lk": 1}, "geometry": {"type": "Polygon", "coordinates": [[[-96.80889420401378, 32.75864921085779], [-96.80882179598622, 32.75862478914221], [-96.80892879598622, 32.75839978914221], [-96.80900120401378, 32.75842421085779], [-96.80889420401378, 32.75864921085779]]]}}, {"type": "Feature", "properties": {"k": "deck", "c": "motorway_link", "b": 4.72, "h": 6.22, "lk": 1}, "geometry": {"type": "Polygon", "coordinates": [[[-96.80880745235687, 32.758808685941176], [-96.80873654764314, 32.75878131405882], [-96.80882254764313, 32.75862331405882], [-96.80889345235687, 32.75865068594118], [-96.80880745235687, 32.758808685941176]]]}}, {"type": "Feature", "properties": {"k": "deck", "c": "motorway_link", "b": 3.91, "h": 5.41, "lk": 1}, "geometry": {"type": "Polygon", "coordinates": [[[-96.80999724157202, 32.759431008217085], [-96.81010475842798, 32.75947099178291], [-96.80982475842798, 32.760004991782914], [-96.80971724157202, 32.75996500821709], [-96.80999724157202, 32.759431008217085]]]}}, {"type": "Feature", "properties": {"k": "deck", "c": "motorway_link", "b": 1.32, "h": 2.82, "lk": 1}, "geometry": {"type": "Polygon", "coordinates": [[[-96.8101356128964, 32.759146252952036], [-96.81024438710361, 32.75918374704797], [-96.8101053871036, 32.759469747047966], [-96.8099966128964, 32.75943225295203], [-96.8101356128964, 32.759146252952036]]]}}, {"type": "Feature", "properties": {"k": "deck", "c": "motorway_link", "b": 0.0, "h": 0.96, "lk": 1}, "geometry": {"type": "Polygon", "coordinates": [[[-96.81024253886125, 32.75883327421463], [-96.81035546113876, 32.758860725785375], [-96.81024646113876, 32.759178725785375], [-96.81013353886125, 32.75915127421463], [-96.81024253886125, 32.75883327421463]]]}}, {"type": "Feature", "properties": {"k": "deck", "c": "motorway_link", "b": 5.6, "h": 7.1, "lk": 1}, "geometry": {"type": "Polygon", "coordinates": [[[-96.80995816008158, 32.75918523990688], [-96.81007177807325, 32.75890518152387], [-96.81011222192674, 32.75891681847612], [-96.80999783991842, 32.75919876009312], [-96.809668336973, 32.75978866050299], [-96.80962966302698, 32.759773339497], [-96.80995816008158, 32.75918523990688]]]}}, {"type": "Feature", "properties": {"k": "deck", "c": "motorway_link", "b": 5.6, "h": 7.1, "lk": 1}, "geometry": {"type": "Polygon", "coordinates": [[[-96.80597194836551, 32.76300225753686], [-96.80557752066498, 32.763561281020806], [-96.80547647933501, 32.7635107189792], [-96.80586805163449, 32.76295574246314], [-96.80612585840753, 32.76249587092204], [-96.80623214159247, 32.76253812907797], [-96.80597194836551, 32.76300225753686]]]}}, {"type": "Feature", "properties": {"k": "deck", "c": "motorway_link", "b": 4.94, "h": 6.44, "lk": 1}, "geometry": {"type": "Polygon", "coordinates": [[[-96.81022765679283, 32.75802410552431], [-96.81027034320716, 32.75802589447569], [-96.81025734320717, 32.75824589447569], [-96.81021465679284, 32.75824410552431], [-96.81022765679283, 32.75802410552431]]]}}, {"type": "Feature", "properties": {"k": "deck", "c": "motorway_link", "b": 3.67, "h": 5.17, "lk": 1}, "geometry": {"type": "Polygon", "coordinates": [[[-96.81022963114688, 32.75782584768372], [-96.8102723688531, 32.757826152316284], [-96.81027036885311, 32.758025152316286], [-96.81022763114689, 32.75802484768372], [-96.81022963114688, 32.75782584768372]]]}}, {"type": "Feature", "properties": {"k": "deck", "c": "motorway_link", "b": 1.71, "h": 3.21, "lk": 1}, "geometry": {"type": "Polygon", "coordinates": [[[-96.81022463130465, 32.757373167277684], [-96.81026736869536, 32.75737283272232], [-96.81027236869535, 32.75782583272232], [-96.81022963130464, 32.757826167277685], [-96.81022463130465, 32.757373167277684]]]}}, {"type": "Feature", "properties": {"k": "deck", "c": "motorway_link", "b": 0.0, "h": 0.92, "lk": 1}, "geometry": {"type": "Polygon", "coordinates": [[[-96.81021463841736, 32.75706649349555], [-96.81025736158264, 32.75706550650445], [-96.81026736158265, 32.75737250650445], [-96.81022463841737, 32.75737349349555], [-96.81021463841736, 32.75706649349555]]]}}, {"type": "Feature", "properties": {"k": "deck", "c": "motorway_link", "b": 5.6, "h": 7.1, "lk": 1}, "geometry": {"type": "Polygon", "coordinates": [[[-96.80915515539667, 32.758434993724414], [-96.80908772042145, 32.758584961057394], [-96.80902929324624, 32.758691741756905], [-96.80895295154716, 32.75882232624216], [-96.80887668639063, 32.758938730954775], [-96.80877227938312, 32.75909634537956], [-96.80866745694891, 32.75923039714638], [-96.80841399803923, 32.75951190684449], [-96.80827422237422, 32.759665660075996], [-96.8081714637183, 32.759788371869], [-96.80813653628171, 32.759767628130994], [-96.80823977762577, 32.75964433992401], [-96.80838000196077, 32.75949009315551], [-96.80863254305109, 32.759209602853616], [-96.80873572061687, 32.75907765462044], [-96.80883931360937, 32.758921269045224], [-96.80891504845283, 32.75880567375784], [-96.80899070675376, 32.7586762582431], [-96.80904827957855, 32.758571038942605], [-96.80911484460333, 32.758423006275585], [-96.80928369436987, 32.75798939208221], [-96.80932430563013, 32.75800060791779], [-96.80915515539667, 32.758434993724414]]]}}, {"type": "Feature", "properties": {"k": "deck", "c": "motorway_link", "b": 0.0, "h": 0.55, "lk": 1}, "geometry": {"type": "Polygon", "coordinates": [[[-96.80945119389251, 32.75665369680433], [-96.8094088061075, 32.75665830319567], [-96.8093708061075, 32.75641030319567], [-96.80941319389251, 32.75640569680433], [-96.80945119389251, 32.75665369680433]]]}}, {"type": "Feature", "properties": {"k": "deck", "c": "motorway_link", "b": 0.3, "h": 1.8, "lk": 1}, "geometry": {"type": "Polygon", "coordinates": [[[-96.80947432829201, 32.75696588130495], [-96.809431671708, 32.756968118695056], [-96.809408671708, 32.75665711869505], [-96.80945132829201, 32.75665488130495], [-96.80947432829201, 32.75696588130495]]]}}, {"type": "Feature", "properties": {"k": "deck", "c": "motorway_link", "b": 1.67, "h": 3.17, "lk": 1}, "geometry": {"type": "Polygon", "coordinates": [[[-96.8094653629797, 32.757271448558356], [-96.8094226370203, 32.75727055144165], [-96.80943163702031, 32.75696655144165], [-96.8094743629797, 32.756967448558356], [-96.8094653629797, 32.757271448558356]]]}}, {"type": "Feature", "properties": {"k": "deck", "c": "motorway_link", "b": 2.95, "h": 4.45, "lk": 1}, "geometry": {"type": "Polygon", "coordinates": [[[-96.80943125218727, 32.75754488409085], [-96.80938874781273, 32.75754111590915], [-96.80942274781273, 32.75726911590915], [-96.80946525218727, 32.75727288409085], [-96.80943125218727, 32.75754488409085]]]}}, {"type": "Feature", "properties": {"k": "deck", "c": "motorway_link", "b": 4.58, "h": 6.08, "lk": 1}, "geometry": {"type": "Polygon", "coordinates": [[[-96.80932496466362, 32.75799848693235], [-96.80928303533638, 32.75799151306765], [-96.80938903533638, 32.75753951306765], [-96.80943096466362, 32.75754648693235], [-96.80932496466362, 32.75799848693235]]]}}, {"type": "Feature", "properties": {"k": "deck", "c": "motorway_link", "b": 5.6, "h": 7.1, "lk": 1}, "geometry": {"type": "Polygon", "coordinates": [[[-96.80712522613734, 32.76139923440421], [-96.8065452107195, 32.762156254527156], [-96.80626320549969, 32.76255883441692], [-96.80609479450031, 32.76247516558308], [-96.80637878928049, 32.76206974547284], [-96.80695877386265, 32.76131276559579], [-96.80743976562857, 32.76062520682666], [-96.80760823437143, 32.760708793173336], [-96.80712522613734, 32.76139923440421]]]}}, {"type": "Feature", "properties": {"k": "deck", "c": "secondary", "b": 5.6, "h": 7.1, "lk": 0}, "geometry": {"type": "Polygon", "coordinates": [[[-96.72039297219364, 32.77838107789996], [-96.72043902780636, 32.778334922100036], [-96.72095902780636, 32.77870292210004], [-96.72091297219363, 32.77874907789996], [-96.72039297219364, 32.77838107789996]]]}}, {"type": "Feature", "properties": {"k": "deck", "c": "secondary", "b": 5.6, "h": 7.1, "lk": 0}, "geometry": {"type": "Polygon", "coordinates": [[[-96.72083580194304, 32.77870876358657], [-96.72079019805697, 32.778755236413424], [-96.72024419805697, 32.778375236413424], [-96.72028980194304, 32.77832876358657], [-96.72083580194304, 32.77870876358657]]]}}, {"type": "Feature", "properties": {"k": "deck", "c": "secondary", "b": 5.6, "h": 7.1, "lk": 0}, "geometry": {"type": "Polygon", "coordinates": [[[-96.81346668931769, 32.73991729433508], [-96.81330572015547, 32.73974197123483], [-96.81317892332953, 32.739547137087655], [-96.81308161378112, 32.73933325880937], [-96.81318238621887, 32.73930074119063], [-96.81327707667046, 32.739508862912345], [-96.81339627984453, 32.73969202876517], [-96.8135493106823, 32.73985870566492], [-96.81526279166653, 32.74143430887897], [-96.81518320833348, 32.741495691121024], [-96.81346668931769, 32.73991729433508]]]}}, {"type": "Feature", "properties": {"k": "deck", "c": "secondary", "b": 5.6, "h": 7.1, "lk": 0}, "geometry": {"type": "Polygon", "coordinates": [[[-96.81320787128081, 32.73956547116307], [-96.81333202906669, 32.73975073785917], [-96.81348726452308, 32.739918665522694], [-96.8152098228151, 32.741505337545746], [-96.81513017718488, 32.74156666245426], [-96.81340473547692, 32.7399773344773], [-96.81324197093332, 32.73980126214083], [-96.81311012871919, 32.73960452883693], [-96.81300673727108, 32.73938152767436], [-96.81310726272892, 32.73934847232564], [-96.81320787128081, 32.73956547116307]]]}}, {"type": "Feature", "properties": {"k": "deck", "c": "secondary", "b": 5.6, "h": 7.1, "lk": 0}, "geometry": {"type": "Polygon", "coordinates": [[[-96.7994787930427, 32.747388232895084], [-96.7994072069573, 32.74738776710492], [-96.7994102069573, 32.74706076710492], [-96.7994817930427, 32.747061232895085], [-96.7994787930427, 32.747388232895084]]]}}, {"type": "Feature", "properties": {"k": "deck", "c": "secondary", "b": 5.6, "h": 7.1, "lk": 0}, "geometry": {"type": "Polygon", "coordinates": [[[-96.79956421010988, 32.747132537082166], [-96.79963578989012, 32.74713346291783], [-96.79962978989012, 32.74746246291783], [-96.79955821010988, 32.74746153708217], [-96.79956421010988, 32.747132537082166]]]}}, {"type": "Feature", "properties": {"k": "deck", "c": "secondary", "b": 5.6, "h": 7.1, "lk": 0}, "geometry": {"type": "Polygon", "coordinates": [[[-96.81390365356411, 32.736138372104755], [-96.81399434643588, 32.73618762789524], [-96.81373934643588, 32.736520627895246], [-96.81364865356412, 32.73647137210476], [-96.81390365356411, 32.736138372104755]]]}}, {"type": "Feature", "properties": {"k": "deck", "c": "secondary", "b": 5.6, "h": 7.1, "lk": 0}, "geometry": {"type": "Polygon", "coordinates": [[[-96.8136495001347, 32.73646042601508], [-96.8135584998653, 32.73641157398492], [-96.8138044998653, 32.73608657398492], [-96.8138955001347, 32.73613542601508], [-96.8136495001347, 32.73646042601508]]]}}, {"type": "Feature", "properties": {"k": "deck", "c": "secondary", "b": 5.6, "h": 7.1, "lk": 0}, "geometry": {"type": "Polygon", "coordinates": [[[-96.73812449279244, 32.76990077715083], [-96.73822083126112, 32.76972128337234], [-96.73831916873888, 32.769758716627656], [-96.73822550720756, 32.76993322284917], [-96.73814148061945, 32.770158611814914], [-96.73803851938055, 32.770131388185085], [-96.73812449279244, 32.76990077715083]]]}}, {"type": "Feature", "properties": {"k": "deck", "c": "secondary", "b": 5.6, "h": 7.1, "lk": 0}, "geometry": {"type": "Polygon", "coordinates": [[[-96.73817305796825, 32.769816950031604], [-96.73813218166815, 32.76989675614136], [-96.73803072897358, 32.77013248446103], [-96.7379292710264, 32.77010151553897], [-96.73803181833186, 32.769863243858644], [-96.73807494203174, 32.7697790499684], [-96.73812748061471, 32.769688117805565], [-96.73822451938528, 32.76972788219444], [-96.73817305796825, 32.769816950031604]]]}}, {"type": "Feature", "properties": {"k": "deck", "c": "secondary", "b": 5.6, "h": 7.1, "lk": 0}, "geometry": {"type": "Polygon", "coordinates": [[[-96.85527042925963, 32.80898100804952], [-96.85528557074036, 32.809070991950485], [-96.85504257074037, 32.80909999195048], [-96.85502742925964, 32.80901000804952], [-96.85527042925963, 32.80898100804952]]]}}, {"type": "Feature", "properties": {"k": "deck", "c": "secondary", "b": 5.6, "h": 7.1, "lk": 0}, "geometry": {"type": "Polygon", "coordinates": [[[-96.8550074144072, 32.80897337523206], [-96.85498258559281, 32.808854624767946], [-96.85524558559281, 32.808815624767945], [-96.8552704144072, 32.808934375232056], [-96.8550074144072, 32.80897337523206]]]}}, {"type": "Feature", "properties": {"k": "deck", "c": "primary", "b": 5.6, "h": 7.1, "lk": 0}, "geometry": {"type": "Polygon", "coordinates": [[[-96.70601411932586, 32.83828795161873], [-96.70610988067415, 32.83824604838127], [-96.70640788067415, 32.83872904838127], [-96.70631211932586, 32.83877095161873], [-96.70601411932586, 32.83828795161873]]]}}, {"type": "Feature", "properties": {"k": "deck", "c": "primary", "b": 5.6, "h": 7.1, "lk": 0}, "geometry": {"type": "Polygon", "coordinates": [[[-96.70628390954478, 32.83877609524145], [-96.70618809045523, 32.83881790475855], [-96.70588909045523, 32.83833190475855], [-96.70598490954478, 32.83829009524145], [-96.70628390954478, 32.83877609524145]]]}}, {"type": "Feature", "properties": {"k": "deck", "c": "secondary", "b": 5.6, "h": 7.1, "lk": 0}, "geometry": {"type": "Polygon", "coordinates": [[[-96.70128315123844, 32.85260636706991], [-96.70143235591625, 32.8527747264023], [-96.70154753198828, 32.852923242916255], [-96.70164004467543, 32.853058995228885], [-96.70157795532458, 32.853089004771114], [-96.70148646801171, 32.852954757083744], [-96.70137364408374, 32.8528092735977], [-96.70122684876156, 32.852643632930096], [-96.7010624181113, 32.85247621263165], [-96.70111758188868, 32.85243778736835], [-96.70128315123844, 32.85260636706991]]]}}, {"type": "Feature", "properties": {"k": "deck", "c": "secondary", "b": 5.6, "h": 7.1, "lk": 0}, "geometry": {"type": "Polygon", "coordinates": [[[-96.70147635854399, 32.85274260572535], [-96.701294126305, 32.8525375944565], [-96.7011434570588, 32.85237495149536], [-96.70122854294121, 32.85231904850465], [-96.70137987369499, 32.852482405543505], [-96.70156564145601, 32.85269139427464], [-96.70157790891155, 32.852708122623106], [-96.70148609108846, 32.8527558773769], [-96.70147635854399, 32.85274260572535]]]}}, {"type": "Feature", "properties": {"k": "deck", "c": "motorway_link", "b": 5.6, "h": 7.1, "lk": 1}, "geometry": {"type": "Polygon", "coordinates": [[[-96.80542763715728, 32.76373983678363], [-96.80521926031393, 32.764023349507994], [-96.80508550081558, 32.76421201029297], [-96.80497098577413, 32.764384280746626], [-96.8047593681739, 32.76475760613572], [-96.80466644826053, 32.76492945801852], [-96.80462755173947, 32.764914541981476], [-96.80472063182609, 32.76474239386428], [-96.80493301422587, 32.76436771925337], [-96.80504849918441, 32.76419398970703], [-96.80518273968606, 32.76400465049201], [-96.80539036284272, 32.76372216321637], [-96.80550796021382, 32.7635278285777], [-96.80554603978618, 32.7635441714223], [-96.80542763715728, 32.76373983678363]]]}}, {"type": "Feature", "properties": {"k": "deck", "c": "motorway_link", "b": 5.6, "h": 7.1, "lk": 1}, "geometry": {"type": "Polygon", "coordinates": [[[-96.80526041969637, 32.76389930325421], [-96.80489618798609, 32.7643988778951], [-96.80459899234248, 32.764907501312], [-96.80452900765752, 32.764878498688], [-96.80482781201391, 32.76436712210491], [-96.80519558030363, 32.76386269674578], [-96.80549549863471, 32.763516637133], [-96.80555850136528, 32.763555362867], [-96.80526041969637, 32.76389930325421]]]}}, {"type": "Feature", "properties": {"k": "deck", "c": "motorway_link", "b": 5.6, "h": 7.1, "lk": 1}, "geometry": {"type": "Polygon", "coordinates": [[[-96.89174638508665, 32.76735661367583], [-96.89098297046094, 32.76749268758028], [-96.89030409925464, 32.767587950157235], [-96.88969389072466, 32.76760400827645], [-96.88946374102002, 32.7675959681121], [-96.88845553600208, 32.76753095489169], [-96.88794770368136, 32.767504963473705], [-96.88795029631865, 32.7674690365263], [-96.88845846399792, 32.76749504510831], [-96.88946625897998, 32.7675600318879], [-96.88969410927535, 32.76756799172355], [-96.89029990074538, 32.76755204984276], [-96.89097502953906, 32.767457312419715], [-96.89173761491334, 32.76732138632417], [-96.89222365473609, 32.76723637935929], [-96.89223234526392, 32.76727162064071], [-96.89174638508665, 32.76735661367583]]]}}, {"type": "Feature", "properties": {"k": "deck", "c": "motorway_link", "b": 0.0, "h": 1.08, "lk": 1}, "geometry": {"type": "Polygon", "coordinates": [[[-96.88560773198519, 32.76798606241231], [-96.8863956374495, 32.768037056293885], [-96.8863923625505, 32.76807294370611], [-96.8856042680148, 32.76802193758768], [-96.8853411735473, 32.76800293076304], [-96.88534482645271, 32.76796706923697], [-96.88560773198519, 32.76798606241231]]]}}, {"type": "Feature", "properties": {"k": "deck", "c": "motorway_link", "b": 1.94, "h": 3.44, "lk": 1}, "geometry": {"type": "Polygon", "coordinates": [[[-96.88707230937868, 32.7680720371981], [-96.88706969062133, 32.7681079628019], [-96.88639269062132, 32.768072962801895], [-96.88639530937867, 32.7680370371981], [-96.88707230937868, 32.7680720371981]]]}}, {"type": "Feature", "properties": {"k": "deck", "c": "motorway_link", "b": 3.54, "h": 5.04, "lk": 1}, "geometry": {"type": "Polygon", "coordinates": [[[-96.88769624358228, 32.76807800455252], [-96.88769575641773, 32.76811399544748], [-96.88707075641773, 32.76810799544748], [-96.88707124358228, 32.76807200455252], [-96.88769624358228, 32.76807800455252]]]}}, {"type": "Feature", "properties": {"k": "deck", "c": "motorway_link", "b": 4.96, "h": 6.46, "lk": 1}, "geometry": {"type": "Polygon", "coordinates": [[[-96.88821717423474, 32.76806101682471], [-96.88821882576525, 32.76809698317529], [-96.88769682576526, 32.76811398317529], [-96.88769517423475, 32.76807801682471], [-96.88821717423474, 32.76806101682471]]]}}, {"type": "Feature", "properties": {"k": "deck", "c": "motorway_link", "b": 4.82, "h": 6.32, "lk": 1}, "geometry": {"type": "Polygon", "coordinates": [[[-96.88750439908459, 32.76751199347804], [-96.88750360091542, 32.76747600652196], [-96.88794860091542, 32.767469006521964], [-96.88794939908459, 32.76750499347804], [-96.88750439908459, 32.76751199347804]]]}}, {"type": "Feature", "properties": {"k": "deck", "c": "motorway_link", "b": 2.31, "h": 3.81, "lk": 1}, "geometry": {"type": "Polygon", "coordinates": [[[-96.88651710289713, 32.76755497263235], [-96.88651489710287, 32.76751902736765], [-96.88750289710288, 32.76747602736765], [-96.88750510289714, 32.76751197263235], [-96.88651710289713, 32.76755497263235]]]}}, {"type": "Feature", "properties": {"k": "deck", "c": "motorway_link", "b": 0.0, "h": 1.04, "lk": 1}, "geometry": {"type": "Polygon", "coordinates": [[[-96.88592590084124, 32.76757598061896], [-96.88592409915876, 32.767540019381045], [-96.88651509915876, 32.76751901938104], [-96.88651690084124, 32.767554980618954], [-96.88592590084124, 32.76757598061896]]]}}, {"type": "Feature", "properties": {"k": "deck", "c": "motorway_link", "b": 5.04, "h": 6.54, "lk": 1}, "geometry": {"type": "Polygon", "coordinates": [[[-96.89344063223339, 32.76702238330558], [-96.8934493677666, 32.76705761669442], [-96.89223236776661, 32.76727161669442], [-96.8922236322334, 32.76723638330558], [-96.89344063223339, 32.76702238330558]]]}}, {"type": "Feature", "properties": {"k": "deck", "c": "motorway_link", "b": 3.76, "h": 5.26, "lk": 1}, "geometry": {"type": "Polygon", "coordinates": [[[-96.89421977402203, 32.76688635853283], [-96.89502488606212, 32.766753340021864], [-96.89503311393787, 32.76678865997813], [-96.89422822597795, 32.766921641467164], [-96.89344933777677, 32.767057621949014], [-96.89344066222323, 32.76702237805099], [-96.89421977402203, 32.76688635853283]]]}}, {"type": "Feature", "properties": {"k": "deck", "c": "motorway_link", "b": 2.33, "h": 3.83, "lk": 1}, "geometry": {"type": "Polygon", "coordinates": [[[-96.89556111158072, 32.76668016281752], [-96.89600060783191, 32.7666391164706], [-96.8966025710947, 32.766581120010066], [-96.89660742890528, 32.76661687998993], [-96.89600539216808, 32.766674883529404], [-96.89556688841927, 32.766715837182474], [-96.89503241778627, 32.76678876495109], [-96.89502558221372, 32.76675323504891], [-96.89556111158072, 32.76668016281752]]]}}, {"type": "Feature", "properties": {"k": "deck", "c": "motorway_link", "b": 0.81, "h": 2.31, "lk": 1}, "geometry": {"type": "Polygon", "coordinates": [[[-96.89729905924418, 32.7665420162668], [-96.89856854020067, 32.7665190075497], [-96.89856945979932, 32.7665549924503], [-96.89730094075583, 32.7665779837332], [-96.89660642075927, 32.766616956797755], [-96.89660357924072, 32.766581043202244], [-96.89729905924418, 32.7665420162668]]]}}, {"type": "Feature", "properties": {"k": "deck", "c": "motorway_link", "b": 0.0, "h": 0.76, "lk": 1}, "geometry": {"type": "Polygon", "coordinates": [[[-96.89986086252327, 32.766512003755786], [-96.89986113747673, 32.76654799624422], [-96.89856913747673, 32.76655499624422], [-96.89856886252326, 32.76651900375578], [-96.89986086252327, 32.766512003755786]]]}}, {"type": "Feature", "properties": {"k": "deck", "c": "motorway_link", "b": 0.0, "h": 0.09, "lk": 1}, "geometry": {"type": "Polygon", "coordinates": [[[-96.90004738897468, 32.766468634832655], [-96.90005861102532, 32.766503365167345], [-96.89986661102532, 32.76654736516735], [-96.89985538897469, 32.76651263483266], [-96.90004738897468, 32.766468634832655]]]}}, {"type": "Feature", "properties": {"k": "deck", "c": "secondary", "b": 5.6, "h": 7.1, "lk": 0}, "geometry": {"type": "Polygon", "coordinates": [[[-96.89391518509896, 32.83217244320788], [-96.89369172952537, 32.83205970886445], [-96.89353293061151, 32.83197528412544], [-96.89334479673063, 32.83187266564496], [-96.89310094868709, 32.83172816310064], [-96.8931630513129, 32.831653836899356], [-96.89340520326938, 32.83179733435504], [-96.89359106938849, 32.831898715874566], [-96.89374827047463, 32.831982291135546], [-96.89396881490103, 32.83209355679212], [-96.89428287954058, 32.83223812622936], [-96.89423112045941, 32.83231787377064], [-96.89391518509896, 32.83217244320788]]]}}, {"type": "Feature", "properties": {"k": "deck", "c": "motorway_link", "b": 5.6, "h": 7.1, "lk": 1}, "geometry": {"type": "Polygon", "coordinates": [[[-96.89334146279293, 32.83299674356877], [-96.89353005640442, 32.83313544469044], [-96.8935019435956, 32.833162555309556], [-96.89331253720707, 32.83302325643123], [-96.89203314924568, 32.83198194066281], [-96.89206285075433, 32.831956059337195], [-96.89334146279293, 32.83299674356877]]]}}, {"type": "Feature", "properties": {"k": "deck", "c": "secondary", "b": 5.6, "h": 7.1, "lk": 0}, "geometry": {"type": "Polygon", "coordinates": [[[-96.89292280067538, 32.831638092873696], [-96.892624924216, 32.831439508567456], [-96.89229676350773, 32.83122640420507], [-96.89182625924187, 32.830909064093845], [-96.89073126926193, 32.830171070847086], [-96.89082073073807, 32.83007692915291], [-96.89191573073806, 32.830814929152915], [-96.89238523649227, 32.83113159579493], [-96.892713075784, 32.831344491432546], [-96.89300919932462, 32.8315419071263], [-96.89317392363664, 32.83164213095469], [-96.89309007636335, 32.83173986904531], [-96.89292280067538, 32.831638092873696]]]}}, {"type": "Feature", "properties": {"k": "deck", "c": "motorway_link", "b": 5.6, "h": 7.1, "lk": 1}, "geometry": {"type": "Polygon", "coordinates": [[[-96.79601832502897, 32.793647498888035], [-96.79597567497103, 32.79359250111196], [-96.79675567497104, 32.79316350111196], [-96.79679832502897, 32.79321849888804], [-96.79601832502897, 32.793647498888035]]]}}, {"type": "Feature", "properties": {"k": "deck", "c": "motorway", "b": 5.6, "h": 7.1, "lk": 0}, "geometry": {"type": "Polygon", "coordinates": [[[-96.8243620236948, 32.779203534293856], [-96.82431597630519, 32.77911246570615], [-96.8250939763052, 32.77883346570615], [-96.82514002369481, 32.77892453429386], [-96.8243620236948, 32.779203534293856]]]}}, {"type": "Feature", "properties": {"k": "deck", "c": "motorway_link", "b": 5.6, "h": 7.1, "lk": 1}, "geometry": {"type": "Polygon", "coordinates": [[[-96.81013411372685, 32.758691164933055], [-96.81018684910993, 32.75845833324173], [-96.81021475659409, 32.75824304693535], [-96.81025724340591, 32.758246953064656], [-96.81022915089008, 32.75846366675827], [-96.81017588627314, 32.75869883506695], [-96.81011275273951, 32.758915292896575], [-96.81007124726048, 32.75890670710342], [-96.81013411372685, 32.758691164933055]]]}}, {"type": "Feature", "properties": {"k": "deck", "c": "motorway_link", "b": 5.6, "h": 7.1, "lk": 1}, "geometry": {"type": "Polygon", "coordinates": [[[-96.80909627357364, 32.76075107697215], [-96.8092055433717, 32.76053654727686], [-96.80930573429521, 32.76036121316075], [-96.8093846523145, 32.760222357405276], [-96.80962958244193, 32.75977348545744], [-96.80966841755806, 32.75978851454256], [-96.8094233476855, 32.760237642594724], [-96.8093442657048, 32.760376786839245], [-96.80924445662829, 32.76055145272315], [-96.80913572642636, 32.76076492302786], [-96.80904980952752, 32.7609437500615], [-96.80901019047249, 32.7609302499385], [-96.80909627357364, 32.76075107697215]]]}}, {"type": "Feature", "properties": {"k": "deck", "c": "motorway_link", "b": 4.59, "h": 6.09, "lk": 1}, "geometry": {"type": "Polygon", "coordinates": [[[-96.80949652102535, 32.75948759904928], [-96.80953547897465, 32.75950240095072], [-96.80949047897465, 32.759586400950724], [-96.80945152102535, 32.75957159904928], [-96.80949652102535, 32.75948759904928]]]}}, {"type": "Feature", "properties": {"k": "deck", "c": "motorway_link", "b": 1.04, "h": 2.54, "lk": 1}, "geometry": {"type": "Polygon", "coordinates": [[[-96.80951468647676, 32.75926169687688], [-96.80955731352323, 32.75926430312312], [-96.80953731352324, 32.75949630312312], [-96.80949468647677, 32.75949369687688], [-96.80951468647676, 32.75926169687688]]]}}, {"type": "Feature", "properties": {"k": "deck", "c": "motorway_link", "b": 5.6, "h": 7.1, "lk": 1}, "geometry": {"type": "Polygon", "coordinates": [[[-96.80900693293133, 32.761089039348924], [-96.8091445053351, 32.76091358468905], [-96.80953730778478, 32.760299022881696], [-96.80971748321745, 32.759964553570214], [-96.80982451678254, 32.76000544642979], [-96.80964269221522, 32.7603429771183], [-96.8092454946649, 32.76096441531095], [-96.80910706706867, 32.76114096065107], [-96.80890599382128, 32.76143659804945], [-96.8088040061787, 32.76138740195055], [-96.80900693293133, 32.761089039348924]]]}}, {"type": "Feature", "properties": {"k": "deck", "c": "motorway_link", "b": 5.6, "h": 7.1, "lk": 1}, "geometry": {"type": "Polygon", "coordinates": [[[-96.72892860358692, 32.79193899351993], [-96.72892939641306, 32.79190300648008], [-96.72918539641307, 32.79190700648007], [-96.72918460358693, 32.791942993519925], [-96.72892860358692, 32.79193899351993]]]}}, {"type": "Feature", "properties": {"k": "deck", "c": "motorway", "b": 5.6, "h": 7.1, "lk": 0}, "geometry": {"type": "Polygon", "coordinates": [[[-96.75733398825668, 32.79089860172468], [-96.75732601174332, 32.79076739827532], [-96.75792901174331, 32.79074139827532], [-96.75793698825667, 32.79087260172468], [-96.75733398825668, 32.79089860172468]]]}}, {"type": "Feature", "properties": {"k": "deck", "c": "motorway_link", "b": 5.6, "h": 7.1, "lk": 1}, "geometry": {"type": "Polygon", "coordinates": [[[-96.75784685092974, 32.79068871880832], [-96.75756063571669, 32.79066188613209], [-96.75756536428332, 32.79062611386791], [-96.75785514907027, 32.79065328119169], [-96.75804787566665, 32.790699697021175], [-96.75803612433336, 32.79073430297883], [-96.75784685092974, 32.79068871880832]]]}}, {"type": "Feature", "properties": {"k": "deck", "c": "motorway_link", "b": 2.05, "h": 3.55, "lk": 1}, "geometry": {"type": "Polygon", "coordinates": [[[-96.759808233088, 32.79091800445395], [-96.75980776691202, 32.790953995546055], [-96.75904576691201, 32.79094699554605], [-96.75904623308799, 32.790911004453946], [-96.759808233088, 32.79091800445395]]]}}, {"type": "Feature", "properties": {"k": "deck", "c": "motorway_link", "b": 2.05, "h": 3.55, "lk": 1}, "geometry": {"type": "Polygon", "coordinates": [[[-96.76412980104033, 32.78892631896732], [-96.76416419895966, 32.788947681032674], [-96.76381919895967, 32.789341681032674], [-96.76378480104033, 32.78932031896732], [-96.76412980104033, 32.78892631896732]]]}}, {"type": "Feature", "properties": {"k": "deck", "c": "motorway_link", "b": 3.56, "h": 5.06, "lk": 1}, "geometry": {"type": "Polygon", "coordinates": [[[-96.77027038529404, 32.782594473555704], [-96.77029561470597, 32.7826235264443], [-96.77014461470597, 32.7827165264443], [-96.77011938529404, 32.782687473555704], [-96.77027038529404, 32.782594473555704]]]}}, {"type": "Feature", "properties": {"k": "deck", "c": "motorway_link", "b": 0.01, "h": 1.51, "lk": 1}, "geometry": {"type": "Polygon", "coordinates": [[[-96.77040171258639, 32.78254741183245], [-96.7704182874136, 32.782580588167555], [-96.77029128741361, 32.782625588167555], [-96.7702747125864, 32.78259241183245], [-96.77040171258639, 32.78254741183245]]]}}, {"type": "Feature", "properties": {"k": "deck", "c": "motorway_link", "b": 2.05, "h": 3.55, "lk": 1}, "geometry": {"type": "Polygon", "coordinates": [[[-96.76757571149952, 32.78621942198856], [-96.76761028850049, 32.786240578011444], [-96.7669002885005, 32.78706357801144], [-96.76686571149952, 32.78704242198856], [-96.76757571149952, 32.78621942198856]]]}}, {"type": "Feature", "properties": {"k": "deck", "c": "motorway_link", "b": 5.6, "h": 7.1, "lk": 1}, "geometry": {"type": "Polygon", "coordinates": [[[-96.7679874916572, 32.785591654116004], [-96.7680265083428, 32.78560634588399], [-96.76782050834281, 32.78599434588399], [-96.7677814916572, 32.785979654116005], [-96.7679874916572, 32.785591654116004]]]}}, {"type": "Feature", "properties": {"k": "deck", "c": "motorway_link", "b": 2.05, "h": 3.55, "lk": 1}, "geometry": {"type": "Polygon", "coordinates": [[[-96.76700682124743, 32.785996397624054], [-96.76698117875256, 32.78596760237594], [-96.76715217875257, 32.78585960237594], [-96.76717782124744, 32.785888397624056], [-96.76700682124743, 32.785996397624054]]]}}, {"type": "Feature", "properties": {"k": "deck", "c": "motorway_link", "b": 5.6, "h": 7.1, "lk": 1}, "geometry": {"type": "Polygon", "coordinates": [[[-96.76717997300202, 32.78588684036511], [-96.767150026998, 32.78586115963489], [-96.76733502699798, 32.78570815963489], [-96.767364973002, 32.78573384036511], [-96.76717997300202, 32.78588684036511]]]}}, {"type": "Feature", "properties": {"k": "deck", "c": "motorway", "b": 5.6, "h": 7.1, "lk": 0}, "geometry": {"type": "Polygon", "coordinates": [[[-96.76772110579124, 32.78580194013104], [-96.76794539552091, 32.78555871037975], [-96.76806860447908, 32.78563928962024], [-96.76784289420875, 32.78588405986896], [-96.76754815709984, 32.78618481202092], [-96.76742784290016, 32.786101187979085], [-96.76772110579124, 32.78580194013104]]]}}, {"type": "Feature", "properties": {"k": "deck", "c": "motorway", "b": 5.6, "h": 7.1, "lk": 0}, "geometry": {"type": "Polygon", "coordinates": [[[-96.76764068158249, 32.78571533799734], [-96.76733815689312, 32.786011812192925], [-96.76721984310689, 32.78592618780708], [-96.7675173184175, 32.78563466200266], [-96.76782009724639, 32.78527033469053], [-96.7679479027536, 32.78534566530947], [-96.76764068158249, 32.78571533799734]]]}}, {"type": "Feature", "properties": {"k": "deck", "c": "motorway", "b": 5.6, "h": 7.1, "lk": 0}, "geometry": {"type": "Polygon", "coordinates": [[[-96.76829197902714, 32.78490716235767], [-96.76812252900038, 32.785141785471644], [-96.76795547099962, 32.78505621452836], [-96.76812402097286, 32.78482283764234], [-96.76854258412378, 32.78421946737227], [-96.76871141587621, 32.784302532627734], [-96.76829197902714, 32.78490716235767]]]}}, {"type": "Feature", "properties": {"k": "deck", "c": "motorway_link", "b": 5.6, "h": 7.1, "lk": 1}, "geometry": {"type": "Polygon", "coordinates": [[[-96.76864804032698, 32.784264147155724], [-96.76860595967301, 32.78425785284428], [-96.76869495967301, 32.78383585284428], [-96.76873704032698, 32.783842147155724], [-96.76864804032698, 32.784264147155724]]]}}, {"type": "Feature", "properties": {"k": "deck", "c": "motorway_link", "b": 5.6, "h": 7.1, "lk": 1}, "geometry": {"type": "Polygon", "coordinates": [[[-96.76952782306876, 32.78347024086984], [-96.76956017693124, 32.78349375913016], [-96.76923117693124, 32.78381475913016], [-96.76919882306876, 32.78379124086984], [-96.76952782306876, 32.78347024086984]]]}}, {"type": "Feature", "properties": {"k": "deck", "c": "motorway", "b": 5.6, "h": 7.1, "lk": 0}, "geometry": {"type": "Polygon", "coordinates": [[[-96.76825516284492, 32.78515887150458], [-96.76852993688887, 32.78477833910558], [-96.76877862566046, 32.7843820223381], [-96.76912676321834, 32.78376754458553], [-96.76930323678167, 32.78383845541447], [-96.76895337433955, 32.7844559776619], [-96.76870006311113, 32.78485966089442], [-96.76841883715508, 32.78524912849542], [-96.76808695847629, 32.785646377217006], [-96.7679270415237, 32.78555162278299], [-96.76825516284492, 32.78515887150458]]]}}, {"type": "Feature", "properties": {"k": "deck", "c": "motorway_link", "b": 5.6, "h": 7.1, "lk": 1}, "geometry": {"type": "Polygon", "coordinates": [[[-96.77328209097693, 32.78069664194411], [-96.77329990902307, 32.780729358055886], [-96.77283390902306, 32.78090935805589], [-96.77281609097693, 32.78087664194411], [-96.77328209097693, 32.78069664194411]]]}}, {"type": "Feature", "properties": {"k": "deck", "c": "motorway_link", "b": 5.6, "h": 7.1, "lk": 1}, "geometry": {"type": "Polygon", "coordinates": [[[-96.77224532834487, 32.7805738894754], [-96.77224067165514, 32.780538110524596], [-96.77289067165513, 32.7804781105246], [-96.77289532834486, 32.7805138894754], [-96.77224532834487, 32.7805738894754]]]}}, {"type": "Feature", "properties": {"k": "deck", "c": "motorway", "b": 5.6, "h": 7.1, "lk": 0}, "geometry": {"type": "Polygon", "coordinates": [[[-96.77234994121181, 32.78071251678839], [-96.7723020587882, 32.78058748321161], [-96.77286905878819, 32.78043348321161], [-96.7729169412118, 32.78055851678839], [-96.77234994121181, 32.78071251678839]]]}}, {"type": "Feature", "properties": {"k": "deck", "c": "motorway_link", "b": 5.6, "h": 7.1, "lk": 1}, "geometry": {"type": "Polygon", "coordinates": [[[-96.7632440051092, 32.72830977152387], [-96.76320599489081, 32.728326228476135], [-96.7631009948908, 32.728154228476136], [-96.7631390051092, 32.72813777152387], [-96.7632440051092, 32.72830977152387]]]}}, {"type": "Feature", "properties": {"k": "deck", "c": "motorway_link", "b": 5.6, "h": 7.1, "lk": 1}, "geometry": {"type": "Polygon", "coordinates": [[[-96.76334763054696, 32.72719092917806], [-96.76339036945303, 32.72719107082194], [-96.76338836945304, 32.72761907082194], [-96.76334563054697, 32.72761892917806], [-96.76334763054696, 32.72719092917806]]]}}, {"type": "Feature", "properties": {"k": "deck", "c": "motorway", "b": 5.6, "h": 7.1, "lk": 0}, "geometry": {"type": "Polygon", "coordinates": [[[-96.76740148217912, 32.745796274007475], [-96.7672180492711, 32.74564357850566], [-96.76705456851323, 32.74553360054128], [-96.76689250866767, 32.74542324076914], [-96.76671331126062, 32.74531730639039], [-96.7665354247845, 32.745221903587556], [-96.76633237018333, 32.74511838555559], [-96.7661408437811, 32.745028080360754], [-96.76595472143987, 32.7449508593894], [-96.7657749812024, 32.7448863117903], [-96.76558370627312, 32.74482056103337], [-96.76538845635734, 32.744758120704965], [-96.76520853203041, 32.744712645325635], [-96.76502972264718, 32.7446739032926], [-96.76483702751192, 32.74463615888467], [-96.7646204541035, 32.744602381380595], [-96.76440761512329, 32.74457453328973], [-96.76415862108671, 32.74454863790992], [-96.76388165187167, 32.744524726898554], [-96.76361049589056, 32.74450877654672], [-96.76338952796054, 32.74449782768532], [-96.76317767390297, 32.74449484382536], [-96.76296454857645, 32.74449484382536], [-96.76275453038492, 32.74449982055976], [-96.76254377373598, 32.74450876777598], [-96.76233894856934, 32.744524676526794], [-96.76214798040805, 32.74454257979191], [-96.76194645465804, 32.74456739823403], [-96.76175991004513, 32.744597165991415], [-96.76159208774358, 32.744628942995256], [-96.7614113344626, 32.744667675841185], [-96.76122404555137, 32.744714250332336], [-96.76109090545889, 32.74475399364352], [-96.76091463762758, 32.74480548761671], [-96.75807941981807, 32.74591379094796], [-96.75804658018194, 32.745854209052034], [-96.76088536237243, 32.744744512383285], [-96.76106509454111, 32.74469200635648], [-96.76119995444863, 32.74465174966767], [-96.76139066553742, 32.744604324158814], [-96.76157391225642, 32.74456505700474], [-96.76174408995487, 32.74453283400859], [-96.76193354534195, 32.744502601765966], [-96.76213801959194, 32.744477420208085], [-96.76233105143065, 32.74445932347321], [-96.76253822626401, 32.744443232224015], [-96.76275146961508, 32.74443417944024], [-96.76296345142354, 32.74442915617464], [-96.76317832609702, 32.74442915617464], [-96.76339247203946, 32.744432172314674], [-96.76361550410945, 32.744443223453274], [-96.76388834812833, 32.74445927310145], [-96.76416737891329, 32.74448336209007], [-96.76441838487672, 32.74450946671028], [-96.76463354589652, 32.74453761861941], [-96.76485297248807, 32.74457184111534], [-96.76504827735282, 32.7446100967074], [-96.76522946796959, 32.744649354674365], [-96.76541354364265, 32.74469587929503], [-96.76561229372687, 32.74475943896663], [-96.7658050187976, 32.744825688209694], [-96.76598727856012, 32.7448911406106], [-96.7661771562189, 32.744969919639246], [-96.76637162981666, 32.7450616144444], [-96.7665765752155, 32.74516609641244], [-96.76675668873938, 32.745262693609604], [-96.76693949133232, 32.74537075923085], [-96.76710343148676, 32.74548239945872], [-96.76726995072892, 32.74559442149434], [-96.76745651782089, 32.745749725992525], [-96.767617618692, 32.745885811200424], [-96.767562381308, 32.74593218879957], [-96.76740148217912, 32.745796274007475]]]}}, {"type": "Feature", "properties": {"k": "deck", "c": "motorway_link", "b": 2.05, "h": 3.55, "lk": 1}, "geometry": {"type": "Polygon", "coordinates": [[[-96.77141234004075, 32.75376159935091], [-96.77145365995925, 32.75375240064909], [-96.77186265995925, 32.75505540064909], [-96.77182134004076, 32.75506459935091], [-96.77141234004075, 32.75376159935091]]]}}, {"type": "Feature", "properties": {"k": "deck", "c": "motorway_link", "b": 5.6, "h": 7.1, "lk": 1}, "geometry": {"type": "Polygon", "coordinates": [[[-96.77443895030449, 32.76127355069235], [-96.7743990496955, 32.76128644930765], [-96.77406904969551, 32.76056244930765], [-96.7741089503045, 32.76054955069235], [-96.77443895030449, 32.76127355069235]]]}}, {"type": "Feature", "properties": {"k": "deck", "c": "motorway", "b": 5.6, "h": 7.1, "lk": 0}, "geometry": {"type": "Polygon", "coordinates": [[[-96.77434990720648, 32.76056665240726], [-96.7744413085132, 32.76077255644988], [-96.77452754421155, 32.760978118288946], [-96.77461255962817, 32.76118115507261], [-96.77446544037184, 32.76122484492739], [-96.77438044807367, 32.761021863321155], [-96.77429469148679, 32.760817443550124], [-96.77420409279351, 32.76061334759274], [-96.77415925094611, 32.760515692013975], [-96.77430474905388, 32.760468307986024], [-96.77434990720648, 32.76056665240726]]]}}, {"type": "Feature", "properties": {"k": "deck", "c": "motorway", "b": 5.6, "h": 7.1, "lk": 0}, "geometry": {"type": "Polygon", "coordinates": [[[-96.77429495663236, 32.760384040818145], [-96.77444104336763, 32.76033795918186], [-96.77475104336763, 32.761034959181856], [-96.77460495663236, 32.76108104081814], [-96.77429495663236, 32.760384040818145]]]}}, {"type": "Feature", "properties": {"k": "deck", "c": "motorway_link", "b": 2.05, "h": 3.55, "lk": 1}, "geometry": {"type": "Polygon", "coordinates": [[[-96.77471659312664, 32.761611784417234], [-96.77468140687336, 32.76163221558277], [-96.77440140687335, 32.76129021558277], [-96.77443659312664, 32.76126978441723], [-96.77471659312664, 32.761611784417234]]]}}, {"type": "Feature", "properties": {"k": "deck", "c": "motorway_link", "b": 5.6, "h": 7.1, "lk": 1}, "geometry": {"type": "Polygon", "coordinates": [[[-96.77448481110378, 32.76025389926607], [-96.77452518889623, 32.760242100733926], [-96.77483418889624, 32.76099210073393], [-96.77479381110378, 32.76100389926607], [-96.77448481110378, 32.76025389926607]]]}}, {"type": "Feature", "properties": {"k": "deck", "c": "primary_link", "b": 3.32, "h": 4.82, "lk": 1}, "geometry": {"type": "Polygon", "coordinates": [[[-96.75753029390481, 32.74066251359496], [-96.75748770609519, 32.74065948640504], [-96.75753270609519, 32.74021048640504], [-96.75757529390481, 32.74021351359496], [-96.75753029390481, 32.74066251359496]]]}}, {"type": "Feature", "properties": {"k": "deck", "c": "primary_link", "b": 0.32, "h": 1.82, "lk": 1}, "geometry": {"type": "Polygon", "coordinates": [[[-96.7575143384375, 32.74072699868402], [-96.75746408875439, 32.740811089990466], [-96.75742591124562, 32.740794910009534], [-96.75747366156249, 32.740715001315984], [-96.75748808882103, 32.740657292281796], [-96.75752991117896, 32.74066470771821], [-96.7575143384375, 32.74072699868402]]]}}, {"type": "Feature", "properties": {"k": "deck", "c": "primary_link", "b": 0.0, "h": 0.5, "lk": 1}, "geometry": {"type": "Polygon", "coordinates": [[[-96.75739553463083, 32.74089428666515], [-96.75736046536917, 32.74087371333485], [-96.75742746536918, 32.74079271333485], [-96.75746253463083, 32.74081328666515], [-96.75739553463083, 32.74089428666515]]]}}, {"type": "Feature", "properties": {"k": "deck", "c": "secondary", "b": 5.6, "h": 7.1, "lk": 0}, "geometry": {"type": "Polygon", "coordinates": [[[-96.7001689568709, 32.72457332918648], [-96.7000610431291, 32.72457267081352], [-96.7000650431291, 32.724107670813524], [-96.7001729568709, 32.72410832918648], [-96.7001689568709, 32.72457332918648]]]}}, {"type": "Feature", "properties": {"k": "deck", "c": "secondary", "b": 5.6, "h": 7.1, "lk": 0}, "geometry": {"type": "Polygon", "coordinates": [[[-96.70021704207184, 32.72421383433473], [-96.70032495792816, 32.72421416566527], [-96.70032295792817, 32.72467616566527], [-96.70021504207185, 32.72467583433473], [-96.70021704207184, 32.72421383433473]]]}}, {"type": "Feature", "properties": {"k": "deck", "c": "secondary", "b": 5.6, "h": 7.1, "lk": 0}, "geometry": {"type": "Polygon", "coordinates": [[[-96.72811553182656, 32.74707118917789], [-96.72803846817344, 32.74713481082212], [-96.72766946817345, 32.746817810822115], [-96.72774653182657, 32.746754189177885], [-96.72811553182656, 32.74707118917789]]]}}, {"type": "Feature", "properties": {"k": "deck", "c": "secondary", "b": 5.6, "h": 7.1, "lk": 0}, "geometry": {"type": "Polygon", "coordinates": [[[-96.72808117299563, 32.74688097869604], [-96.72797064901812, 32.746759300922626], [-96.72787883299283, 32.74663822484533], [-96.72793916700716, 32.74660577515468], [-96.72802935098187, 32.74672469907737], [-96.72813682700438, 32.74684302130396], [-96.72825318144898, 32.7469573867837], [-96.72819881855104, 32.746996613216304], [-96.72808117299563, 32.74688097869604]]]}}, {"type": "Feature", "properties": {"k": "deck", "c": "motorway_link", "b": 4.7, "h": 6.2, "lk": 1}, "geometry": {"type": "Polygon", "coordinates": [[[-96.75091279857126, 32.74733928997909], [-96.75134878055196, 32.7474052872514], [-96.75134121944804, 32.7474407127486], [-96.75090520142872, 32.747374710020914], [-96.75059118341501, 32.74732670726722], [-96.750598816585, 32.74729129273278], [-96.75091279857126, 32.74733928997909]]]}}, {"type": "Feature", "properties": {"k": "deck", "c": "motorway_link", "b": 3.09, "h": 4.59, "lk": 1}, "geometry": {"type": "Polygon", "coordinates": [[[-96.75182805687095, 32.74748333066129], [-96.75181994312905, 32.74751866933871], [-96.75134094312905, 32.74744066933871], [-96.75134905687095, 32.74740533066129], [-96.75182805687095, 32.74748333066129]]]}}, {"type": "Feature", "properties": {"k": "deck", "c": "motorway_link", "b": 1.86, "h": 3.36, "lk": 1}, "geometry": {"type": "Polygon", "coordinates": [[[-96.75232184512814, 32.74753916360032], [-96.75231615487186, 32.74757483639968], [-96.75182115487186, 32.74751883639968], [-96.75182684512814, 32.74748316360032], [-96.75232184512814, 32.74753916360032]]]}}, {"type": "Feature", "properties": {"k": "deck", "c": "motorway_link", "b": 0.06, "h": 1.56, "lk": 1}, "geometry": {"type": "Polygon", "coordinates": [[[-96.75327035946692, 32.74759003983732], [-96.75326764053308, 32.74762596016268], [-96.75231764053308, 32.74757496016268], [-96.75232035946692, 32.74753903983732], [-96.75327035946692, 32.74759003983732]]]}}, {"type": "Feature", "properties": {"k": "deck", "c": "motorway_link", "b": 0.0, "h": 0.2, "lk": 1}, "geometry": {"type": "Polygon", "coordinates": [[[-96.75332237148454, 32.74759100587637], [-96.75341826430063, 32.74759200475988], [-96.75341773569936, 32.74762799524012], [-96.75332162851545, 32.74762699412362], [-96.75326852135025, 32.74762599210164], [-96.75326947864976, 32.74759000789836], [-96.75332237148454, 32.74759100587637]]]}}, {"type": "Feature", "properties": {"k": "deck", "c": "motorway", "b": 5.6, "h": 7.1, "lk": 0}, "geometry": {"type": "Polygon", "coordinates": [[[-96.72851115061289, 32.74538392635131], [-96.72852884938712, 32.745286073648685], [-96.72921484938712, 32.74537407364869], [-96.72919715061289, 32.745471926351314], [-96.72851115061289, 32.74538392635131]]]}}, {"type": "Feature", "properties": {"k": "deck", "c": "motorway", "b": 5.6, "h": 7.1, "lk": 0}, "geometry": {"type": "Polygon", "coordinates": [[[-96.72918667742378, 32.74552705180846], [-96.72916932257623, 32.74562494819154], [-96.72848532257622, 32.74553894819154], [-96.72850267742378, 32.745441051808456], [-96.72918667742378, 32.74552705180846]]]}}, {"type": "Feature", "properties": {"k": "deck", "c": "motorway", "b": 5.6, "h": 7.1, "lk": 0}, "geometry": {"type": "Polygon", "coordinates": [[[-96.73060719669951, 32.745649932247545], [-96.73062480330049, 32.745552067752456], [-96.73129880330049, 32.74563806775245], [-96.73128119669951, 32.74573593224754], [-96.73060719669951, 32.745649932247545]]]}}, {"type": "Feature", "properties": {"k": "deck", "c": "motorway", "b": 5.6, "h": 7.1, "lk": 0}, "geometry": {"type": "Polygon", "coordinates": [[[-96.73127090332805, 32.74579408058981], [-96.73125309667195, 32.74589191941019], [-96.73057909667195, 32.74580491941019], [-96.73059690332805, 32.74570708058981], [-96.73127090332805, 32.74579408058981]]]}}, {"type": "Feature", "properties": {"k": "deck", "c": "motorway", "b": 5.6, "h": 7.1, "lk": 0}, "geometry": {"type": "Polygon", "coordinates": [[[-96.74008033738883, 32.746853950052326], [-96.74009766261116, 32.74675604994768], [-96.74083066261116, 32.74684804994767], [-96.74081333738883, 32.74694595005232], [-96.74008033738883, 32.746853950052326]]]}}, {"type": "Feature", "properties": {"k": "deck", "c": "motorway", "b": 5.6, "h": 7.1, "lk": 0}, "geometry": {"type": "Polygon", "coordinates": [[[-96.74078908683956, 32.747003104527465], [-96.74077091316045, 32.74710089547253], [-96.74007291316045, 32.74700889547253], [-96.74009108683956, 32.74691110452747], [-96.74078908683956, 32.747003104527465]]]}}, {"type": "Feature", "properties": {"k": "deck", "c": "motorway", "b": 5.6, "h": 7.1, "lk": 0}, "geometry": {"type": "Polygon", "coordinates": [[[-96.73497615822951, 32.746205927327935], [-96.73499384177047, 32.74610807267206], [-96.73566484177049, 32.74619407267206], [-96.73564715822953, 32.74629192732794], [-96.73497615822951, 32.746205927327935]]]}}, {"type": "Feature", "properties": {"k": "deck", "c": "motorway", "b": 5.6, "h": 7.1, "lk": 0}, "geometry": {"type": "Polygon", "coordinates": [[[-96.73563782891028, 32.74635007102503], [-96.73562017108972, 32.746447928974966], [-96.73494817108971, 32.74636192897497], [-96.73496582891028, 32.74626407102503], [-96.73563782891028, 32.74635007102503]]]}}, {"type": "Feature", "properties": {"k": "deck", "c": "motorway", "b": 12.7, "h": 14.2, "lk": 0}, "geometry": {"type": "Polygon", "coordinates": [[[-96.77014194463005, 32.748994228598505], [-96.77009642824707, 32.74884184766419], [-96.77003673598391, 32.748678688811545], [-96.76998290399747, 32.74853214618179], [-96.76992450567175, 32.7483876350707], [-96.76986116866324, 32.74825997141291], [-96.7697667895744, 32.74808015441207], [-96.76968162602348, 32.747940525799514], [-96.76958933257107, 32.74780158941955], [-96.76949224560886, 32.747667847175684], [-96.76938548441146, 32.747536372738125], [-96.76930128456291, 32.74744523878441], [-96.76923113661594, 32.747370150841185], [-96.76915256388644, 32.74729648890727], [-96.76756216819606, 32.7459320073753], [-96.76761783180393, 32.74588599262469], [-96.76920943611357, 32.74725151109273], [-96.76929086338406, 32.747327849158815], [-96.7693627154371, 32.74740476121559], [-96.76944851558855, 32.74749762726188], [-96.76955775439114, 32.747632152824316], [-96.76965666742892, 32.74776841058045], [-96.76975037397652, 32.74790947420049], [-96.76983721042559, 32.74805184558793], [-96.76993283133676, 32.74823402858709], [-96.76999749432824, 32.7483643649293], [-96.77005709600253, 32.748511853818215], [-96.77011126401608, 32.748659311188455], [-96.77017157175293, 32.74882415233581], [-96.77021805536994, 32.748979771401494], [-96.77024624342666, 32.749098563926204], [-96.77016975657334, 32.7491114360738], [-96.77014194463005, 32.748994228598505]]]}}, {"type": "Feature", "properties": {"k": "pier", "b": 0.0, "h": 12.7}, "geometry": {"type": "Polygon", "coordinates": [[[-96.770124, 32.748763], [-96.7701, 32.748763], [-96.7701, 32.748783], [-96.770124, 32.748783], [-96.770124, 32.748763]]]}}, {"type": "Feature", "properties": {"k": "pier", "b": 0.0, "h": 12.7}, "geometry": {"type": "Polygon", "coordinates": [[[-96.770001, 32.748437], [-96.769978, 32.748437], [-96.769978, 32.748457], [-96.770001, 32.748457], [-96.770001, 32.748437]]]}}, {"type": "Feature", "properties": {"k": "pier", "b": 0.0, "h": 12.7}, "geometry": {"type": "Polygon", "coordinates": [[[-96.769848, 32.748121], [-96.769824, 32.748121], [-96.769824, 32.748141], [-96.769848, 32.748141], [-96.769848, 32.748121]]]}}, {"type": "Feature", "properties": {"k": "pier", "b": 0.0, "h": 12.7}, "geometry": {"type": "Polygon", "coordinates": [[[-96.769662, 32.747817], [-96.769639, 32.747817], [-96.769639, 32.747837], [-96.769662, 32.747837], [-96.769662, 32.747817]]]}}, {"type": "Feature", "properties": {"k": "pier", "b": 0.0, "h": 12.7}, "geometry": {"type": "Polygon", "coordinates": [[[-96.769446, 32.747528], [-96.769422, 32.747528], [-96.769422, 32.747548], [-96.769446, 32.747548], [-96.769446, 32.747528]]]}}, {"type": "Feature", "properties": {"k": "pier", "b": 0.0, "h": 12.7}, "geometry": {"type": "Polygon", "coordinates": [[[-96.769191, 32.747262], [-96.769167, 32.747262], [-96.769167, 32.747282], [-96.769191, 32.747282], [-96.769191, 32.747262]]]}}, {"type": "Feature", "properties": {"k": "pier", "b": 0.0, "h": 12.7}, "geometry": {"type": "Polygon", "coordinates": [[[-96.768906, 32.747018], [-96.768883, 32.747018], [-96.768883, 32.747038], [-96.768906, 32.747038], [-96.768906, 32.747018]]]}}, {"type": "Feature", "properties": {"k": "pier", "b": 0.0, "h": 12.7}, "geometry": {"type": "Polygon", "coordinates": [[[-96.768622, 32.746774], [-96.768598, 32.746774], [-96.768598, 32.746794], [-96.768622, 32.746794], [-96.768622, 32.746774]]]}}, {"type": "Feature", "properties": {"k": "pier", "b": 0.0, "h": 12.7}, "geometry": {"type": "Polygon", "coordinates": [[[-96.768337, 32.74653], [-96.768314, 32.74653], [-96.768314, 32.74655], [-96.768337, 32.74655], [-96.768337, 32.74653]]]}}, {"type": "Feature", "properties": {"k": "pier", "b": 0.0, "h": 12.7}, "geometry": {"type": "Polygon", "coordinates": [[[-96.768053, 32.746286], [-96.768029, 32.746286], [-96.768029, 32.746306], [-96.768053, 32.746306], [-96.768053, 32.746286]]]}}, {"type": "Feature", "properties": {"k": "pier", "b": 0.0, "h": 12.7}, "geometry": {"type": "Polygon", "coordinates": [[[-96.767768, 32.746042], [-96.767745, 32.746042], [-96.767745, 32.746062], [-96.767768, 32.746062], [-96.767768, 32.746042]]]}}, {"type": "Feature", "properties": {"k": "deck", "c": "motorway_link", "b": 19.8, "h": 21.3, "lk": 1}, "geometry": {"type": "Polygon", "coordinates": [[[-96.769042230143, 32.74867850819611], [-96.76896576985699, 32.748691491803896], [-96.768648769857, 32.74736749180389], [-96.768725230143, 32.7473545081961], [-96.769042230143, 32.74867850819611]]]}}, {"type": "Feature", "properties": {"k": "pier", "b": 0.0, "h": 19.8}, "geometry": {"type": "Polygon", "coordinates": [[[-96.768779, 32.747686], [-96.768755, 32.747686], [-96.768755, 32.747706], [-96.768779, 32.747706], [-96.768779, 32.747686]]]}}, {"type": "Feature", "properties": {"k": "pier", "b": 0.0, "h": 19.8}, "geometry": {"type": "Polygon", "coordinates": [[[-96.768859, 32.748021], [-96.768836, 32.748021], [-96.768836, 32.748041], [-96.768859, 32.748041], [-96.768859, 32.748021]]]}}, {"type": "Feature", "properties": {"k": "pier", "b": 0.0, "h": 19.8}, "geometry": {"type": "Polygon", "coordinates": [[[-96.76894, 32.748357], [-96.768916, 32.748357], [-96.768916, 32.748376], [-96.76894, 32.748376], [-96.76894, 32.748357]]]}}, {"type": "Feature", "properties": {"k": "deck", "c": "motorway_link", "b": 5.6, "h": 7.1, "lk": 1}, "geometry": {"type": "Polygon", "coordinates": [[[-96.7703913046515, 32.74957648509137], [-96.77043269534849, 32.749567514908634], [-96.7710306953485, 32.75152451490863], [-96.77098930465151, 32.751533485091365], [-96.7703913046515, 32.74957648509137]]]}}, {"type": "Feature", "properties": {"k": "deck", "c": "motorway_link", "b": 0.0, "h": 1.04, "lk": 1}, "geometry": {"type": "Polygon", "coordinates": [[[-96.7712678266538, 32.75264056122976], [-96.77119700296407, 32.752325345934615], [-96.77123899703594, 32.752318654065384], [-96.7713101733462, 32.752635438770234], [-96.77132326642769, 32.75274723354284], [-96.77128073357233, 32.75275076645716], [-96.7712678266538, 32.75264056122976]]]}}, {"type": "Feature", "properties": {"k": "deck", "c": "motorway_link", "b": 1.59, "h": 3.09, "lk": 1}, "geometry": {"type": "Polygon", "coordinates": [[[-96.77114212738064, 32.75211485873878], [-96.77118387261936, 32.75210714126122], [-96.77123887261936, 32.75231814126122], [-96.77119712738065, 32.75232585873878], [-96.77114212738064, 32.75211485873878]]]}}, {"type": "Feature", "properties": {"k": "deck", "c": "motorway_link", "b": 3.06, "h": 4.56, "lk": 1}, "geometry": {"type": "Polygon", "coordinates": [[[-96.77107105071686, 32.75181755188797], [-96.77111294928314, 32.75181044811204], [-96.77118394928314, 32.752107448112035], [-96.77114205071686, 32.75211455188796], [-96.77107105071686, 32.75181755188797]]]}}, {"type": "Feature", "properties": {"k": "deck", "c": "motorway_link", "b": 4.76, "h": 6.26, "lk": 1}, "geometry": {"type": "Polygon", "coordinates": [[[-96.77098923136899, 32.75153323804004], [-96.77103076863102, 32.751524761959956], [-96.77111276863101, 32.75180976195996], [-96.77107123136898, 32.751818238040045], [-96.77098923136899, 32.75153323804004]]]}}, {"type": "Feature", "properties": {"k": "deck", "c": "motorway_link", "b": 5.6, "h": 7.1, "lk": 1}, "geometry": {"type": "Polygon", "coordinates": [[[-96.77010275569963, 32.74813260583596], [-96.76998079046577, 32.74772704664369], [-96.76980215466656, 32.747341987254295], [-96.76947592154974, 32.746758570361315], [-96.76933403560287, 32.74642549058531], [-96.76919483830774, 32.746053963991834], [-96.76904682084677, 32.745665918215785], [-96.76890170307685, 32.745274600643114], [-96.76875454423818, 32.74486015330155], [-96.7686104873204, 32.744428982943504], [-96.76846532897649, 32.74400351883202], [-96.76833832359067, 32.74357550068137], [-96.7681964941701, 32.74315800280953], [-96.76805055487674, 32.74272518285045], [-96.76789355113999, 32.74228217230663], [-96.7678185250887, 32.74205909484751], [-96.76707857519882, 32.73993323881251], [-96.76715342480118, 32.73991476118749], [-96.76789347491129, 32.742040905152486], [-96.76796844886002, 32.742263827693364], [-96.76812544512327, 32.74270681714955], [-96.76827150582992, 32.743139997190475], [-96.76841367640934, 32.74355849931863], [-96.7685406710235, 32.74398648116798], [-96.7686855126796, 32.74441101705649], [-96.76882945576183, 32.74484184669844], [-96.76897629692316, 32.74525539935689], [-96.76912117915325, 32.74564608178421], [-96.76926916169226, 32.74603403600816], [-96.76940796439715, 32.74640450941469], [-96.76954807845027, 32.74673342963869], [-96.76987384533342, 32.747316012745706], [-96.77005520953422, 32.747706953356314], [-96.77017924430037, 32.748119394164036], [-96.77045052268706, 32.749566879577905], [-96.77037347731293, 32.749577120422096], [-96.77010275569963, 32.74813260583596]]]}}, {"type": "Feature", "properties": {"k": "deck", "c": "motorway_link", "b": 5.6, "h": 7.1, "lk": 1}, "geometry": {"type": "Polygon", "coordinates": [[[-96.77127809783349, 32.753175760704], [-96.77096322852354, 32.752045229943526], [-96.77087926398904, 32.75176134985071], [-96.77079420380619, 32.75147314594652], [-96.7707160861984, 32.751180705671224], [-96.77064896751169, 32.75089219549552], [-96.77039091539541, 32.74957492946008], [-96.77043308460458, 32.74956907053992], [-96.7706910324883, 32.750885804504485], [-96.77075791380159, 32.75117329432877], [-96.77083579619381, 32.75146485405348], [-96.77092073731306, 32.751752654551666], [-96.77100477147646, 32.75203677005647], [-96.77131990216651, 32.753168239295995], [-96.7714539827762, 32.753753591211364], [-96.77141201722381, 32.75376040878864], [-96.77127809783349, 32.753175760704]]]}}, {"type": "Feature", "properties": {"k": "deck", "c": "motorway", "b": 5.6, "h": 7.1, "lk": 0}, "geometry": {"type": "Polygon", "coordinates": [[[-96.77042552040507, 32.75053334528664], [-96.77050247959494, 32.750522654713365], [-96.77080547959494, 32.75206965471336], [-96.77072852040507, 32.752080345286636], [-96.77042552040507, 32.75053334528664]]]}}, {"type": "Feature", "properties": {"k": "deck", "c": "motorway_link", "b": 5.6, "h": 7.1, "lk": 1}, "geometry": {"type": "Polygon", "coordinates": [[[-96.7687254342691, 32.7473554282316], [-96.7686485657309, 32.747366571768396], [-96.7679985657309, 32.744186571768395], [-96.76807543426911, 32.7441754282316], [-96.7687254342691, 32.7473554282316]]]}}, {"type": "Feature", "properties": {"k": "deck", "c": "motorway_link", "b": 2.89, "h": 4.39, "lk": 1}, "geometry": {"type": "Polygon", "coordinates": [[[-96.76969445307871, 32.75083178594297], [-96.76965354692128, 32.75084221405702], [-96.76931854692128, 32.749910214057024], [-96.76935945307872, 32.74989978594297], [-96.76969445307871, 32.75083178594297]]]}}, {"type": "Feature", "properties": {"k": "deck", "c": "motorway_link", "b": 0.0, "h": 0.84, "lk": 1}, "geometry": {"type": "Polygon", "coordinates": [[[-96.76978567413178, 32.75112544603966], [-96.76974432586823, 32.75113455396035], [-96.76965332586822, 32.75084155396034], [-96.76969467413177, 32.75083244603965], [-96.76978567413178, 32.75112544603966]]]}}, {"type": "Feature", "properties": {"k": "deck", "c": "motorway_link", "b": 5.6, "h": 7.1, "lk": 1}, "geometry": {"type": "Polygon", "coordinates": [[[-96.76910495342905, 32.74907741987244], [-96.76921568925736, 32.749472477422145], [-96.76935956022781, 32.7499000939176], [-96.76931843977219, 32.749909906082394], [-96.76917431074263, 32.74948152257785], [-96.76906304657096, 32.74908458012755], [-96.76898293310023, 32.748688018447474], [-96.76902506689976, 32.74868198155253], [-96.76910495342905, 32.74907741987244]]]}}, {"type": "Feature", "properties": {"k": "deck", "c": "motorway_link", "b": 5.6, "h": 7.1, "lk": 1}, "geometry": {"type": "Polygon", "coordinates": [[[-96.76930737531252, 32.74946457021008], [-96.76946529706908, 32.749868370144554], [-96.76942470293093, 32.74987962985544], [-96.76926662468749, 32.749475429789925], [-96.7689835520257, 32.748690228236946], [-96.76902444797429, 32.74867977176306], [-96.76930737531252, 32.74946457021008]]]}}, {"type": "Feature", "properties": {"k": "deck", "c": "motorway_link", "b": 4.68, "h": 6.18, "lk": 1}, "geometry": {"type": "Polygon", "coordinates": [[[-96.89161174822293, 32.859464606416644], [-96.89111887457763, 32.859048713036444], [-96.89114912542236, 32.85902328696356], [-96.89164225177707, 32.85943939358335], [-96.89194837599483, 32.85970650196944], [-96.89191762400516, 32.859731498030555], [-96.89161174822293, 32.859464606416644]]]}}, {"type": "Feature", "properties": {"k": "deck", "c": "motorway_link", "b": 2.71, "h": 4.21, "lk": 1}, "geometry": {"type": "Polygon", "coordinates": [[[-96.89037895280723, 32.85843077870729], [-96.89040904719278, 32.85840522129271], [-96.89114904719277, 32.859023221292716], [-96.89111895280722, 32.85904877870729], [-96.89037895280723, 32.85843077870729]]]}}, {"type": "Feature", "properties": {"k": "deck", "c": "motorway_link", "b": 1.03, "h": 2.53, "lk": 1}, "geometry": {"type": "Polygon", "coordinates": [[[-96.89011692248594, 32.858208753685645], [-96.88970600257082, 32.857867820130764], [-96.88973599742917, 32.85784217986924], [-96.89014707751404, 32.858183246314354], [-96.89040915676438, 32.85840531346539], [-96.89037884323562, 32.85843068653461], [-96.89011692248594, 32.858208753685645]]]}}, {"type": "Feature", "properties": {"k": "deck", "c": "motorway_link", "b": 0.0, "h": 0.88, "lk": 1}, "geometry": {"type": "Polygon", "coordinates": [[[-96.8894473415191, 32.85764225167732], [-96.88906606680597, 32.857282992826875], [-96.88909793319404, 32.85725900717312], [-96.88947865848091, 32.85761774832268], [-96.88973637211787, 32.85784249858748], [-96.88970562788212, 32.85786750141252], [-96.8894473415191, 32.85764225167732]]]}}, {"type": "Feature", "properties": {"k": "deck", "c": "motorway_link", "b": 5.6, "h": 7.1, "lk": 1}, "geometry": {"type": "Polygon", "coordinates": [[[-96.89191704901906, 32.859730976045945], [-96.89194895098093, 32.85970702395405], [-96.89254495098093, 32.86027002395405], [-96.89251304901906, 32.860293976045945], [-96.89191704901906, 32.859730976045945]]]}}, {"type": "Feature", "properties": {"k": "deck", "c": "motorway_link", "b": 2.05, "h": 3.55, "lk": 1}, "geometry": {"type": "Polygon", "coordinates": [[[-96.89156533069195, 32.85972749270323], [-96.89159066930804, 32.85969850729677], [-96.89194066930804, 32.85991550729677], [-96.89191533069194, 32.85994449270323], [-96.89156533069195, 32.85972749270323]]]}}, {"type": "Feature", "properties": {"k": "deck", "c": "motorway_link", "b": 1.1, "h": 2.6, "lk": 1}, "geometry": {"type": "Polygon", "coordinates": [[[-96.88557105122997, 32.827898144997256], [-96.88629689503642, 32.82837204301965], [-96.88624910496358, 32.82842395698035], [-96.88552294877003, 32.82794985500275], [-96.88544479381176, 32.827897751697236], [-96.88549320618824, 32.82784624830276], [-96.88557105122997, 32.827898144997256]]]}}, {"type": "Feature", "properties": {"k": "deck", "c": "primary_link", "b": 0.04, "h": 1.54, "lk": 1}, "geometry": {"type": "Polygon", "coordinates": [[[-96.88273118357998, 32.85881920421349], [-96.88272481642002, 32.85885479578651], [-96.88212581642003, 32.85877879578651], [-96.88213218357998, 32.85874320421349], [-96.88273118357998, 32.85881920421349]]]}}, {"type": "Feature", "properties": {"k": "deck", "c": "primary_link", "b": 2.4, "h": 3.9, "lk": 1}, "geometry": {"type": "Polygon", "coordinates": [[[-96.88304460622453, 32.85887742643395], [-96.88303539377546, 32.858912573566045], [-96.88272339377546, 32.85885457356605], [-96.88273260622454, 32.85881942643395], [-96.88304460622453, 32.85887742643395]]]}}, {"type": "Feature", "properties": {"k": "deck", "c": "primary_link", "b": 4.14, "h": 5.64, "lk": 1}, "geometry": {"type": "Polygon", "coordinates": [[[-96.88311913096152, 32.85889152558061], [-96.88349757330472, 32.85897762621955], [-96.88348642669528, 32.85901237378045], [-96.8831088690385, 32.858926474419384], [-96.88303531609739, 32.85891255899809], [-96.8830446839026, 32.8588774410019], [-96.88311913096152, 32.85889152558061]]]}}, {"type": "Feature", "properties": {"k": "deck", "c": "motorway_link", "b": 1.13, "h": 2.63, "lk": 1}, "geometry": {"type": "Polygon", "coordinates": [[[-96.86035060363649, 32.767188530905514], [-96.8621440219999, 32.76733208412637], [-96.86213997800012, 32.76736791587363], [-96.86033539636351, 32.76722346909449], [-96.860144794159, 32.767111772103675], [-96.860169205841, 32.767082227896324], [-96.86035060363649, 32.767188530905514]]]}}, {"type": "Feature", "properties": {"k": "deck", "c": "motorway_link", "b": 4.48, "h": 5.98, "lk": 1}, "geometry": {"type": "Polygon", "coordinates": [[[-96.82383899866043, 32.76920150320275], [-96.82384900133955, 32.76923649679725], [-96.82333600133956, 32.76934049679725], [-96.82332599866044, 32.76930550320275], [-96.82383899866043, 32.76920150320275]]]}}, {"type": "Feature", "properties": {"k": "deck", "c": "motorway_link", "b": 1.34, "h": 2.84, "lk": 1}, "geometry": {"type": "Polygon", "coordinates": [[[-96.82477054820708, 32.7690343982294], [-96.82477945179292, 32.7690696017706], [-96.82384845179291, 32.7692366017706], [-96.82383954820708, 32.7692013982294], [-96.82477054820708, 32.7690343982294]]]}}, {"type": "Feature", "properties": {"k": "deck", "c": "motorway_link", "b": 0.0, "h": 0.41, "lk": 1}, "geometry": {"type": "Polygon", "coordinates": [[[-96.82496118908735, 32.769005291866335], [-96.82496881091267, 32.76904070813366], [-96.82477881091266, 32.769069708133664], [-96.82477118908734, 32.76903429186634], [-96.82496118908735, 32.769005291866335]]]}}, {"type": "Feature", "properties": {"k": "deck", "c": "motorway", "b": 5.6, "h": 7.1, "lk": 0}, "geometry": {"type": "Polygon", "coordinates": [[[-96.896392927051, 32.83379462185622], [-96.896297072949, 32.83397537814378], [-96.895276072949, 32.83359137814378], [-96.895371927051, 32.83341062185622], [-96.896392927051, 32.83379462185622]]]}}, {"type": "Feature", "properties": {"k": "deck", "c": "motorway_link", "b": 5.6, "h": 7.1, "lk": 1}, "geometry": {"type": "Polygon", "coordinates": [[[-96.80880103831664, 32.761392400434374], [-96.80890896168334, 32.761431599565626], [-96.80806396168335, 32.76308159956562], [-96.80795603831665, 32.76304240043437], [-96.80880103831664, 32.761392400434374]]]}}, {"type": "Feature", "properties": {"k": "deck", "c": "motorway_link", "b": 12.7, "h": 14.2, "lk": 1}, "geometry": {"type": "Polygon", "coordinates": [[[-96.80723903214272, 32.76446156375536], [-96.80734496785729, 32.764504436244636], [-96.80714296785729, 32.76485843624464], [-96.80703703214272, 32.76481556375536], [-96.80723903214272, 32.76446156375536]]]}}, {"type": "Feature", "properties": {"k": "pier", "b": 0.0, "h": 12.7}, "geometry": {"type": "Polygon", "coordinates": [[[-96.807278, 32.764519], [-96.807254, 32.764519], [-96.807254, 32.764539], [-96.807278, 32.764539], [-96.807278, 32.764519]]]}}, {"type": "Feature", "properties": {"k": "deck", "c": "motorway_link", "b": 12.7, "h": 14.2, "lk": 1}, "geometry": {"type": "Polygon", "coordinates": [[[-96.80727137999209, 32.76447827520513], [-96.80731262000792, 32.76448772479487], [-96.80718662000791, 32.76487772479487], [-96.80714537999208, 32.76486827520513], [-96.80727137999209, 32.76447827520513]]]}}, {"type": "Feature", "properties": {"k": "pier", "b": 0.0, "h": 12.7}, "geometry": {"type": "Polygon", "coordinates": [[[-96.807284, 32.764533], [-96.807261, 32.764533], [-96.807261, 32.764553], [-96.807284, 32.764553], [-96.807284, 32.764533]]]}}, {"type": "Feature", "properties": {"k": "deck", "c": "motorway_link", "b": 5.6, "h": 7.1, "lk": 1}, "geometry": {"type": "Polygon", "coordinates": [[[-96.80793822856513, 32.763036280046], [-96.80808177143486, 32.763087719953994], [-96.80736377143486, 32.764508719953994], [-96.80722022856514, 32.764457280046], [-96.80793822856513, 32.763036280046]]]}}, {"type": "Feature", "properties": {"k": "deck", "c": "motorway_link", "b": 5.6, "h": 7.1, "lk": 1}, "geometry": {"type": "Polygon", "coordinates": [[[-96.80814281410152, 32.76258193031528], [-96.80839247999027, 32.76211167609109], [-96.80846031929822, 32.76198298093335], [-96.80855117245389, 32.76179328753141], [-96.80859977718163, 32.76169111840984], [-96.80866039521243, 32.76151622048493], [-96.80870431360528, 32.76137348570809], [-96.80874568639472, 32.76138251429191], [-96.80870160478759, 32.761525779515075], [-96.80864022281838, 32.76170288159015], [-96.80859082754611, 32.76180671246859], [-96.80849968070179, 32.76199701906665], [-96.80843152000973, 32.76212632390891], [-96.80818318589847, 32.762594069684724], [-96.8080306212925, 32.76306672081698], [-96.80798937870749, 32.763057279183016], [-96.80814281410152, 32.76258193031528]]]}}, {"type": "Feature", "properties": {"k": "deck", "c": "motorway_link", "b": 5.6, "h": 7.1, "lk": 1}, "geometry": {"type": "Polygon", "coordinates": [[[-96.80900959020632, 32.760931667004144], [-96.8090504097937, 32.76094233299585], [-96.80887540979369, 32.761417332995855], [-96.8088345902063, 32.761406667004145], [-96.80900959020632, 32.760931667004144]]]}}, {"type": "Feature", "properties": {"k": "deck", "c": "motorway_link", "b": 5.6, "h": 7.1, "lk": 1}, "geometry": {"type": "Polygon", "coordinates": [[[-96.80583241865529, 32.76297829173965], [-96.80509412008321, 32.76397834163227], [-96.80502787991678, 32.76394365836774], [-96.80576758134472, 32.76294170826035], [-96.8061473579169, 32.762497800551984], [-96.8062106420831, 32.76253619944802], [-96.80583241865529, 32.76297829173965]]]}}, {"type": "Feature", "properties": {"k": "deck", "c": "motorway_link", "b": 5.6, "h": 7.1, "lk": 1}, "geometry": {"type": "Polygon", "coordinates": [[[-96.80794927057566, 32.76001372382189], [-96.80779691722533, 32.76027162916657], [-96.80772708277466, 32.76024237083344], [-96.80788072942433, 32.759982276178114], [-96.80806347092397, 32.75972322504128], [-96.80813052907604, 32.759756774958724], [-96.80794927057566, 32.76001372382189]]]}}, {"type": "Feature", "properties": {"k": "deck", "c": "motorway_link", "b": 5.6, "h": 7.1, "lk": 1}, "geometry": {"type": "Polygon", "coordinates": [[[-96.80803204239429, 32.75996265586292], [-96.80791856761365, 32.76012232391708], [-96.80777862740456, 32.76026830471074], [-96.80774537259543, 32.760245695289264], [-96.80788343238635, 32.76010167608292], [-96.80799595760571, 32.759943344137085], [-96.80813627736657, 32.75976794443601], [-96.80817172263343, 32.75978805556399], [-96.80803204239429, 32.75996265586292]]]}}, {"type": "Feature", "properties": {"k": "deck", "c": "motorway_link", "b": 5.6, "h": 7.1, "lk": 1}, "geometry": {"type": "Polygon", "coordinates": [[[-96.80788616347711, 32.760282575025265], [-96.80755610562247, 32.76068564567803], [-96.80749189437753, 32.760648354321965], [-96.8078218365229, 32.760245424974734], [-96.80800477910752, 32.760019495881174], [-96.80806922089248, 32.76005650411883], [-96.80788616347711, 32.760282575025265]]]}}, {"type": "Feature", "properties": {"k": "deck", "c": "motorway_link", "b": 5.6, "h": 7.1, "lk": 1}, "geometry": {"type": "Polygon", "coordinates": [[[-96.80757679539909, 32.76068873588711], [-96.80747120460092, 32.76064526411289], [-96.80770920460091, 32.76023526411289], [-96.80781479539908, 32.76027873588711], [-96.80757679539909, 32.76068873588711]]]}}, {"type": "Feature", "properties": {"k": "deck", "c": "motorway_link", "b": 5.6, "h": 7.1, "lk": 1}, "geometry": {"type": "Polygon", "coordinates": [[[-96.80944363816094, 32.758170621225574], [-96.80939507777694, 32.758311244004254], [-96.80931411731285, 32.758497453071655], [-96.80918882201745, 32.758729855635714], [-96.80913596810078, 32.758809136510706], [-96.80902847034932, 32.75896887616007], [-96.8089409730899, 32.759085539172624], [-96.8088750269101, 32.759050460827375], [-96.80896152965067, 32.75893512383993], [-96.80906803189922, 32.75877686348929], [-96.80911917798257, 32.75870014436429], [-96.80924188268716, 32.758472546928346], [-96.80932092222307, 32.75829075599575], [-96.80936836183905, 32.75815337877442], [-96.80940519470396, 32.75803093438573], [-96.80948080529605, 32.758047065614264], [-96.80944363816094, 32.758170621225574]]]}}, {"type": "Feature", "properties": {"k": "deck", "c": "motorway", "b": 5.6, "h": 7.1, "lk": 0}, "geometry": {"type": "Polygon", "coordinates": [[[-96.80944444438273, 32.75848055981966], [-96.80935593441258, 32.75866368389587], [-96.80925485011242, 32.758848668165164], [-96.80906626540165, 32.75915762609558], [-96.80896173459836, 32.75911237390442], [-96.80914914988757, 32.75880533183483], [-96.80924806558743, 32.758624316104125], [-96.80933355561726, 32.75844744018033], [-96.80947677324241, 32.758050608010656], [-96.8095892267576, 32.75807939198935], [-96.80944444438273, 32.75848055981966]]]}}, {"type": "Feature", "properties": {"k": "deck", "c": "motorway_link", "b": 5.6, "h": 7.1, "lk": 1}, "geometry": {"type": "Polygon", "coordinates": [[[-96.8086515418625, 32.75903075683757], [-96.80836152697125, 32.75944177794207], [-96.80829447302875, 32.75940822205793], [-96.80858445813749, 32.75899724316243], [-96.80873844328372, 32.75877826428565], [-96.8088055567163, 32.758811735714346], [-96.8086515418625, 32.75903075683757]]]}}, {"type": "Feature", "properties": {"k": "deck", "c": "primary", "b": 5.6, "h": 7.1, "lk": 0}, "geometry": {"type": "Polygon", "coordinates": [[[-96.71764956152354, 32.85726756915284], [-96.71757843847645, 32.857274430847156], [-96.71754143847646, 32.85700243084716], [-96.71761256152355, 32.85699556915284], [-96.71764956152354, 32.85726756915284]]]}}, {"type": "Feature", "properties": {"k": "deck", "c": "primary", "b": 5.6, "h": 7.1, "lk": 0}, "geometry": {"type": "Polygon", "coordinates": [[[-96.7176594546961, 32.856992548054286], [-96.71773054530391, 32.85698545194571], [-96.7177685453039, 32.85725545194571], [-96.7176974546961, 32.85726254805429], [-96.7176594546961, 32.856992548054286]]]}}, {"type": "Feature", "properties": {"k": "deck", "c": "secondary", "b": 5.6, "h": 7.1, "lk": 0}, "geometry": {"type": "Polygon", "coordinates": [[[-96.71783153617459, 32.77718076489764], [-96.71780646382543, 32.777237235102355], [-96.71733646382542, 32.77708923510236], [-96.71736153617458, 32.77703276489765], [-96.71783153617459, 32.77718076489764]]]}}, {"type": "Feature", "properties": {"k": "deck", "c": "secondary", "b": 5.6, "h": 7.1, "lk": 0}, "geometry": {"type": "Polygon", "coordinates": [[[-96.71735699509921, 32.777009084341614], [-96.7173830049008, 32.776952915658384], [-96.71785800490079, 32.77710891565839], [-96.7178319950992, 32.77716508434162], [-96.71735699509921, 32.777009084341614]]]}}, {"type": "Feature", "properties": {"k": "deck", "c": "secondary", "b": 5.6, "h": 7.1, "lk": 0}, "geometry": {"type": "Polygon", "coordinates": [[[-96.72950989531377, 32.79298185579606], [-96.72951010468624, 32.79304214420394], [-96.72869810468623, 32.79304414420394], [-96.72869789531376, 32.79298385579606], [-96.72950989531377, 32.79298185579606]]]}}, {"type": "Feature", "properties": {"k": "deck", "c": "secondary", "b": 12.7, "h": 14.2, "lk": 0}, "geometry": {"type": "Polygon", "coordinates": [[[-96.83495872562462, 32.7906848796876], [-96.83573265349223, 32.78679224249305], [-96.83579449166191, 32.786450137780115], [-96.83582231009854, 32.78622957731839], [-96.8358432232789, 32.78590990441844], [-96.83585321146639, 32.78543346787494], [-96.8359247885336, 32.785434532125066], [-96.83591477672111, 32.78591209558156], [-96.83589368990147, 32.78623442268161], [-96.83586550833809, 32.78645786221988], [-96.83580334650777, 32.78680175750695], [-96.83502927437537, 32.79069512031239], [-96.8350052444582, 32.79080926241897], [-96.8349347555418, 32.790798737581035], [-96.83495872562462, 32.7906848796876]]]}}, {"type": "Feature", "properties": {"k": "pier", "b": 0.0, "h": 12.7}, "geometry": {"type": "Polygon", "coordinates": [[[-96.83505, 32.790457], [-96.835027, 32.790457], [-96.835027, 32.790477], [-96.83505, 32.790477], [-96.83505, 32.790457]]]}}, {"type": "Feature", "properties": {"k": "pier", "b": 0.0, "h": 12.7}, "geometry": {"type": "Polygon", "coordinates": [[[-96.835117, 32.79012], [-96.835094, 32.79012], [-96.835094, 32.79014], [-96.835117, 32.79014], [-96.835117, 32.79012]]]}}, {"type": "Feature", "properties": {"k": "pier", "b": 0.0, "h": 12.7}, "geometry": {"type": "Polygon", "coordinates": [[[-96.835184, 32.789783], [-96.835161, 32.789783], [-96.835161, 32.789802], [-96.835184, 32.789802], [-96.835184, 32.789783]]]}}, {"type": "Feature", "properties": {"k": "pier", "b": 0.0, "h": 12.7}, "geometry": {"type": "Polygon", "coordinates": [[[-96.835251, 32.789445], [-96.835228, 32.789445], [-96.835228, 32.789465], [-96.835251, 32.789465], [-96.835251, 32.789445]]]}}, {"type": "Feature", "properties": {"k": "pier", "b": 0.0, "h": 12.7}, "geometry": {"type": "Polygon", "coordinates": [[[-96.835318, 32.789108], [-96.835295, 32.789108], [-96.835295, 32.789128], [-96.835318, 32.789128], [-96.835318, 32.789108]]]}}, {"type": "Feature", "properties": {"k": "pier", "b": 0.0, "h": 12.7}, "geometry": {"type": "Polygon", "coordinates": [[[-96.835385, 32.788771], [-96.835362, 32.788771], [-96.835362, 32.788791], [-96.835385, 32.788791], [-96.835385, 32.788771]]]}}, {"type": "Feature", "properties": {"k": "pier", "b": 0.0, "h": 12.7}, "geometry": {"type": "Polygon", "coordinates": [[[-96.835452, 32.788434], [-96.835429, 32.788434], [-96.835429, 32.788453], [-96.835452, 32.788453], [-96.835452, 32.788434]]]}}, {"type": "Feature", "properties": {"k": "pier", "b": 0.0, "h": 12.7}, "geometry": {"type": "Polygon", "coordinates": [[[-96.835519, 32.788096], [-96.835496, 32.788096], [-96.835496, 32.788116], [-96.835519, 32.788116], [-96.835519, 32.788096]]]}}, {"type": "Feature", "properties": {"k": "pier", "b": 0.0, "h": 12.7}, "geometry": {"type": "Polygon", "coordinates": [[[-96.835586, 32.787759], [-96.835563, 32.787759], [-96.835563, 32.787779], [-96.835586, 32.787779], [-96.835586, 32.787759]]]}}, {"type": "Feature", "properties": {"k": "pier", "b": 0.0, "h": 12.7}, "geometry": {"type": "Polygon", "coordinates": [[[-96.835654, 32.787422], [-96.83563, 32.787422], [-96.83563, 32.787442], [-96.835654, 32.787442], [-96.835654, 32.787422]]]}}, {"type": "Feature", "properties": {"k": "pier", "b": 0.0, "h": 12.7}, "geometry": {"type": "Polygon", "coordinates": [[[-96.835721, 32.787085], [-96.835697, 32.787085], [-96.835697, 32.787104], [-96.835721, 32.787104], [-96.835721, 32.787085]]]}}, {"type": "Feature", "properties": {"k": "pier", "b": 0.0, "h": 12.7}, "geometry": {"type": "Polygon", "coordinates": [[[-96.835787, 32.786747], [-96.835763, 32.786747], [-96.835763, 32.786767], [-96.835787, 32.786767], [-96.835787, 32.786747]]]}}, {"type": "Feature", "properties": {"k": "pier", "b": 0.0, "h": 12.7}, "geometry": {"type": "Polygon", "coordinates": [[[-96.835846, 32.786409], [-96.835823, 32.786409], [-96.835823, 32.786429], [-96.835846, 32.786429], [-96.835846, 32.786409]]]}}, {"type": "Feature", "properties": {"k": "pier", "b": 0.0, "h": 12.7}, "geometry": {"type": "Polygon", "coordinates": [[[-96.83588, 32.786068], [-96.835856, 32.786068], [-96.835856, 32.786088], [-96.83588, 32.786088], [-96.83588, 32.786068]]]}}, {"type": "Feature", "properties": {"k": "pier", "b": 0.0, "h": 12.7}, "geometry": {"type": "Polygon", "coordinates": [[[-96.835894, 32.785727], [-96.835871, 32.785727], [-96.835871, 32.785747], [-96.835894, 32.785747], [-96.835894, 32.785727]]]}}, {"type": "Feature", "properties": {"k": "deck", "c": "secondary", "b": 12.7, "h": 14.2, "lk": 0}, "geometry": {"type": "Polygon", "coordinates": [[[-96.83493472906058, 32.79079886495559], [-96.83500527093942, 32.79080913504441], [-96.83418827093942, 32.79478913504441], [-96.83411772906058, 32.79477886495559], [-96.83493472906058, 32.79079886495559]]]}}, {"type": "Feature", "properties": {"k": "pier", "b": 0.0, "h": 12.7}, "geometry": {"type": "Polygon", "coordinates": [[[-96.834234, 32.794437], [-96.83421, 32.794437], [-96.83421, 32.794457], [-96.834234, 32.794457], [-96.834234, 32.794437]]]}}, {"type": "Feature", "properties": {"k": "pier", "b": 0.0, "h": 12.7}, "geometry": {"type": "Polygon", "coordinates": [[[-96.834303, 32.7941], [-96.83428, 32.7941], [-96.83428, 32.79412], [-96.834303, 32.79412], [-96.834303, 32.7941]]]}}, {"type": "Feature", "properties": {"k": "pier", "b": 0.0, "h": 12.7}, "geometry": {"type": "Polygon", "coordinates": [[[-96.834372, 32.793763], [-96.834349, 32.793763], [-96.834349, 32.793783], [-96.834372, 32.793783], [-96.834372, 32.793763]]]}}, {"type": "Feature", "properties": {"k": "pier", "b": 0.0, "h": 12.7}, "geometry": {"type": "Polygon", "coordinates": [[[-96.834441, 32.793426], [-96.834418, 32.793426], [-96.834418, 32.793446], [-96.834441, 32.793446], [-96.834441, 32.793426]]]}}, {"type": "Feature", "properties": {"k": "pier", "b": 0.0, "h": 12.7}, "geometry": {"type": "Polygon", "coordinates": [[[-96.834511, 32.793089], [-96.834487, 32.793089], [-96.834487, 32.793109], [-96.834511, 32.793109], [-96.834511, 32.793089]]]}}, {"type": "Feature", "properties": {"k": "pier", "b": 0.0, "h": 12.7}, "geometry": {"type": "Polygon", "coordinates": [[[-96.83458, 32.792752], [-96.834556, 32.792752], [-96.834556, 32.792772], [-96.83458, 32.792772], [-96.83458, 32.792752]]]}}, {"type": "Feature", "properties": {"k": "pier", "b": 0.0, "h": 12.7}, "geometry": {"type": "Polygon", "coordinates": [[[-96.834649, 32.792416], [-96.834625, 32.792416], [-96.834625, 32.792435], [-96.834649, 32.792435], [-96.834649, 32.792416]]]}}, {"type": "Feature", "properties": {"k": "pier", "b": 0.0, "h": 12.7}, "geometry": {"type": "Polygon", "coordinates": [[[-96.834718, 32.792079], [-96.834695, 32.792079], [-96.834695, 32.792098], [-96.834718, 32.792098], [-96.834718, 32.792079]]]}}, {"type": "Feature", "properties": {"k": "pier", "b": 0.0, "h": 12.7}, "geometry": {"type": "Polygon", "coordinates": [[[-96.834787, 32.791742], [-96.834764, 32.791742], [-96.834764, 32.791761], [-96.834787, 32.791761], [-96.834787, 32.791742]]]}}, {"type": "Feature", "properties": {"k": "pier", "b": 0.0, "h": 12.7}, "geometry": {"type": "Polygon", "coordinates": [[[-96.834856, 32.791405], [-96.834833, 32.791405], [-96.834833, 32.791425], [-96.834856, 32.791425], [-96.834856, 32.791405]]]}}, {"type": "Feature", "properties": {"k": "pier", "b": 0.0, "h": 12.7}, "geometry": {"type": "Polygon", "coordinates": [[[-96.834926, 32.791068], [-96.834902, 32.791068], [-96.834902, 32.791088], [-96.834926, 32.791088], [-96.834926, 32.791068]]]}}, {"type": "Feature", "properties": {"k": "deck", "c": "secondary", "b": 12.7, "h": 14.2, "lk": 0}, "geometry": {"type": "Polygon", "coordinates": [[[-96.8340823118651, 32.79473693152702], [-96.8340116881349, 32.79472706847299], [-96.83478968813489, 32.79077606847299], [-96.8348603118651, 32.79078593152702], [-96.8340823118651, 32.79473693152702]]]}}, {"type": "Feature", "properties": {"k": "pier", "b": 0.0, "h": 12.7}, "geometry": {"type": "Polygon", "coordinates": [[[-96.83477, 32.791108], [-96.834747, 32.791108], [-96.834747, 32.791128], [-96.83477, 32.791128], [-96.83477, 32.791108]]]}}, {"type": "Feature", "properties": {"k": "pier", "b": 0.0, "h": 12.7}, "geometry": {"type": "Polygon", "coordinates": [[[-96.834704, 32.791446], [-96.83468, 32.791446], [-96.83468, 32.791466], [-96.834704, 32.791466], [-96.834704, 32.791446]]]}}, {"type": "Feature", "properties": {"k": "pier", "b": 0.0, "h": 12.7}, "geometry": {"type": "Polygon", "coordinates": [[[-96.834637, 32.791783], [-96.834614, 32.791783], [-96.834614, 32.791803], [-96.834637, 32.791803], [-96.834637, 32.791783]]]}}, {"type": "Feature", "properties": {"k": "pier", "b": 0.0, "h": 12.7}, "geometry": {"type": "Polygon", "coordinates": [[[-96.834571, 32.79212], [-96.834548, 32.79212], [-96.834548, 32.79214], [-96.834571, 32.79214], [-96.834571, 32.79212]]]}}, {"type": "Feature", "properties": {"k": "pier", "b": 0.0, "h": 12.7}, "geometry": {"type": "Polygon", "coordinates": [[[-96.834505, 32.792458], [-96.834481, 32.792458], [-96.834481, 32.792478], [-96.834505, 32.792478], [-96.834505, 32.792458]]]}}, {"type": "Feature", "properties": {"k": "pier", "b": 0.0, "h": 12.7}, "geometry": {"type": "Polygon", "coordinates": [[[-96.834438, 32.792795], [-96.834415, 32.792795], [-96.834415, 32.792815], [-96.834438, 32.792815], [-96.834438, 32.792795]]]}}, {"type": "Feature", "properties": {"k": "pier", "b": 0.0, "h": 12.7}, "geometry": {"type": "Polygon", "coordinates": [[[-96.834372, 32.793132], [-96.834348, 32.793132], [-96.834348, 32.793152], [-96.834372, 32.793152], [-96.834372, 32.793132]]]}}, {"type": "Feature", "properties": {"k": "pier", "b": 0.0, "h": 12.7}, "geometry": {"type": "Polygon", "coordinates": [[[-96.834305, 32.79347], [-96.834282, 32.79347], [-96.834282, 32.79349], [-96.834305, 32.79349], [-96.834305, 32.79347]]]}}, {"type": "Feature", "properties": {"k": "pier", "b": 0.0, "h": 12.7}, "geometry": {"type": "Polygon", "coordinates": [[[-96.834239, 32.793807], [-96.834215, 32.793807], [-96.834215, 32.793827], [-96.834239, 32.793827], [-96.834239, 32.793807]]]}}, {"type": "Feature", "properties": {"k": "pier", "b": 0.0, "h": 12.7}, "geometry": {"type": "Polygon", "coordinates": [[[-96.834173, 32.794144], [-96.834149, 32.794144], [-96.834149, 32.794164], [-96.834173, 32.794164], [-96.834173, 32.794144]]]}}, {"type": "Feature", "properties": {"k": "pier", "b": 0.0, "h": 12.7}, "geometry": {"type": "Polygon", "coordinates": [[[-96.834106, 32.794482], [-96.834083, 32.794482], [-96.834083, 32.794502], [-96.834106, 32.794502], [-96.834106, 32.794482]]]}}, {"type": "Feature", "properties": {"k": "deck", "c": "secondary", "b": 12.7, "h": 14.2, "lk": 0}, "geometry": {"type": "Polygon", "coordinates": [[[-96.83579977809428, 32.78586417567205], [-96.83577768956206, 32.78615433866333], [-96.83575758508397, 32.78633929986198], [-96.83572047499229, 32.78658201992102], [-96.83567735971134, 32.786840711606786], [-96.8350362745624, 32.78990511862133], [-96.83488330113632, 32.79066998575169], [-96.8348603052992, 32.7907859647563], [-96.83478969470079, 32.7907760352437], [-96.83481269886367, 32.7906600142483], [-96.83496572543761, 32.78989488137868], [-96.83560664028867, 32.786831288393216], [-96.83564952500771, 32.78657398007898], [-96.83568641491604, 32.78633270013802], [-96.83570631043793, 32.78614966133667], [-96.83572822190571, 32.785861824327945], [-96.83573620938517, 32.785380578691424], [-96.83580779061484, 32.78538142130858], [-96.83579977809428, 32.78586417567205]]]}}, {"type": "Feature", "properties": {"k": "pier", "b": 0.0, "h": 12.7}, "geometry": {"type": "Polygon", "coordinates": [[[-96.835778, 32.785713], [-96.835755, 32.785713], [-96.835755, 32.785733], [-96.835778, 32.785733], [-96.835778, 32.785713]]]}}, {"type": "Feature", "properties": {"k": "pier", "b": 0.0, "h": 12.7}, "geometry": {"type": "Polygon", "coordinates": [[[-96.83576, 32.786055], [-96.835737, 32.786055], [-96.835737, 32.786074], [-96.83576, 32.786074], [-96.83576, 32.786055]]]}}, {"type": "Feature", "properties": {"k": "pier", "b": 0.0, "h": 12.7}, "geometry": {"type": "Polygon", "coordinates": [[[-96.835723, 32.786395], [-96.8357, 32.786395], [-96.8357, 32.786415], [-96.835723, 32.786415], [-96.835723, 32.786395]]]}}, {"type": "Feature", "properties": {"k": "pier", "b": 0.0, "h": 12.7}, "geometry": {"type": "Polygon", "coordinates": [[[-96.835669, 32.786734], [-96.835646, 32.786734], [-96.835646, 32.786754], [-96.835669, 32.786754], [-96.835669, 32.786734]]]}}, {"type": "Feature", "properties": {"k": "pier", "b": 0.0, "h": 12.7}, "geometry": {"type": "Polygon", "coordinates": [[[-96.835603, 32.787071], [-96.835579, 32.787071], [-96.835579, 32.787091], [-96.835603, 32.787091], [-96.835603, 32.787071]]]}}, {"type": "Feature", "properties": {"k": "pier", "b": 0.0, "h": 12.7}, "geometry": {"type": "Polygon", "coordinates": [[[-96.835532, 32.787408], [-96.835509, 32.787408], [-96.835509, 32.787428], [-96.835532, 32.787428], [-96.835532, 32.787408]]]}}, {"type": "Feature", "properties": {"k": "pier", "b": 0.0, "h": 12.7}, "geometry": {"type": "Polygon", "coordinates": [[[-96.835462, 32.787745], [-96.835438, 32.787745], [-96.835438, 32.787764], [-96.835462, 32.787764], [-96.835462, 32.787745]]]}}, {"type": "Feature", "properties": {"k": "pier", "b": 0.0, "h": 12.7}, "geometry": {"type": "Polygon", "coordinates": [[[-96.835391, 32.788081], [-96.835368, 32.788081], [-96.835368, 32.788101], [-96.835391, 32.788101], [-96.835391, 32.788081]]]}}, {"type": "Feature", "properties": {"k": "pier", "b": 0.0, "h": 12.7}, "geometry": {"type": "Polygon", "coordinates": [[[-96.835321, 32.788418], [-96.835297, 32.788418], [-96.835297, 32.788438], [-96.835321, 32.788438], [-96.835321, 32.788418]]]}}, {"type": "Feature", "properties": {"k": "pier", "b": 0.0, "h": 12.7}, "geometry": {"type": "Polygon", "coordinates": [[[-96.83525, 32.788755], [-96.835227, 32.788755], [-96.835227, 32.788775], [-96.83525, 32.788775], [-96.83525, 32.788755]]]}}, {"type": "Feature", "properties": {"k": "pier", "b": 0.0, "h": 12.7}, "geometry": {"type": "Polygon", "coordinates": [[[-96.83518, 32.789092], [-96.835156, 32.789092], [-96.835156, 32.789111], [-96.83518, 32.789111], [-96.83518, 32.789092]]]}}, {"type": "Feature", "properties": {"k": "pier", "b": 0.0, "h": 12.7}, "geometry": {"type": "Polygon", "coordinates": [[[-96.835109, 32.789428], [-96.835086, 32.789428], [-96.835086, 32.789448], [-96.835109, 32.789448], [-96.835109, 32.789428]]]}}, {"type": "Feature", "properties": {"k": "pier", "b": 0.0, "h": 12.7}, "geometry": {"type": "Polygon", "coordinates": [[[-96.835039, 32.789765], [-96.835015, 32.789765], [-96.835015, 32.789785], [-96.835039, 32.789785], [-96.835039, 32.789765]]]}}, {"type": "Feature", "properties": {"k": "pier", "b": 0.0, "h": 12.7}, "geometry": {"type": "Polygon", "coordinates": [[[-96.83497, 32.790102], [-96.834947, 32.790102], [-96.834947, 32.790122], [-96.83497, 32.790122], [-96.83497, 32.790102]]]}}, {"type": "Feature", "properties": {"k": "pier", "b": 0.0, "h": 12.7}, "geometry": {"type": "Polygon", "coordinates": [[[-96.834903, 32.790439], [-96.834879, 32.790439], [-96.834879, 32.790459], [-96.834903, 32.790459], [-96.834903, 32.790439]]]}}, {"type": "Feature", "properties": {"k": "deck", "c": "secondary", "b": 5.6, "h": 7.1, "lk": 0}, "geometry": {"type": "Polygon", "coordinates": [[[-96.72754943840398, 32.74832772373086], [-96.72747456159603, 32.74826227626914], [-96.72787756159602, 32.74793527626914], [-96.72795243840397, 32.74800072373086], [-96.72754943840398, 32.74832772373086]]]}}, {"type": "Feature", "properties": {"k": "deck", "c": "secondary", "b": 5.6, "h": 7.1, "lk": 0}, "geometry": {"type": "Polygon", "coordinates": [[[-96.72800054977105, 32.74803449437285], [-96.72807345022895, 32.748101505627154], [-96.72764445022895, 32.74843250562715], [-96.72757154977106, 32.74836549437285], [-96.72800054977105, 32.74803449437285]]]}}, {"type": "Feature", "properties": {"k": "deck", "c": "secondary", "b": 5.6, "h": 7.1, "lk": 0}, "geometry": {"type": "Polygon", "coordinates": [[[-96.717105, 32.749230441457], [-96.717105, 32.74913955854299], [-96.717589, 32.74913955854299], [-96.717589, 32.749230441457], [-96.717105, 32.749230441457]]]}}, {"type": "Feature", "properties": {"k": "deck", "c": "secondary", "b": 5.6, "h": 7.1, "lk": 0}, "geometry": {"type": "Polygon", "coordinates": [[[-96.71758040722173, 32.74928555983711], [-96.71757959277826, 32.749376440162884], [-96.71710759277826, 32.749373440162884], [-96.71710840722173, 32.74928255983711], [-96.71758040722173, 32.74928555983711]]]}}, {"type": "Feature", "properties": {"k": "deck", "c": "motorway_link", "b": 5.6, "h": 7.1, "lk": 1}, "geometry": {"type": "Polygon", "coordinates": [[[-96.80813018168854, 32.759757257906074], [-96.80806381831147, 32.75972274209393], [-96.80829481831147, 32.75940774209393], [-96.80836118168854, 32.75944225790607], [-96.80813018168854, 32.759757257906074]]]}}, {"type": "Feature", "properties": {"k": "deck", "c": "secondary", "b": 5.6, "h": 7.1, "lk": 0}, "geometry": {"type": "Polygon", "coordinates": [[[-96.85013810752088, 32.76461005048564], [-96.85011189247913, 32.76455394951435], [-96.85080589247913, 32.764323949514356], [-96.85083210752087, 32.76438005048565], [-96.85013810752088, 32.76461005048564]]]}}, {"type": "Feature", "properties": {"k": "deck", "c": "secondary", "b": 5.6, "h": 7.1, "lk": 0}, "geometry": {"type": "Polygon", "coordinates": [[[-96.81508261294638, 32.76229258161382], [-96.81486826737628, 32.76238444400101], [-96.81471004429685, 32.762437525292164], [-96.81453799325534, 32.762489140604615], [-96.81436974441954, 32.762532723134385], [-96.81362161161483, 32.762696971835815], [-96.81359438838517, 32.762609028164185], [-96.81434025558048, 32.76244527686562], [-96.81450400674466, 32.76240285939538], [-96.81467195570315, 32.76235247470783], [-96.81482373262372, 32.762301555998995], [-96.81502938705361, 32.76221341838618], [-96.81522635186256, 32.76210949223071], [-96.81528364813742, 32.7621865077693], [-96.81508261294638, 32.76229258161382]]]}}, {"type": "Feature", "properties": {"k": "deck", "c": "secondary", "b": 5.6, "h": 7.1, "lk": 0}, "geometry": {"type": "Polygon", "coordinates": [[[-96.81725164444441, 32.8158807908121], [-96.8173263555556, 32.8158152091879], [-96.8177533555556, 32.8161602091879], [-96.81767864444441, 32.8162257908121], [-96.81725164444441, 32.8158807908121]]]}}, {"type": "Feature", "properties": {"k": "deck", "c": "primary", "b": 5.6, "h": 7.1, "lk": 0}, "geometry": {"type": "Polygon", "coordinates": [[[-96.757834748746, 32.73275151718215], [-96.757763251254, 32.732748482817854], [-96.757860251254, 32.731127482817854], [-96.757931748746, 32.73113051718215], [-96.757834748746, 32.73275151718215]]]}}, {"type": "Feature", "properties": {"k": "deck", "c": "motorway", "b": 5.6, "h": 7.1, "lk": 0}, "geometry": {"type": "Polygon", "coordinates": [[[-96.75867606210582, 32.79089991386296], [-96.75843881356707, 32.79091693169063], [-96.75843518643293, 32.790881068309375], [-96.75867193789418, 32.79086408613705], [-96.75894468991727, 32.79083910884555], [-96.75894931008274, 32.79087489115445], [-96.75867606210582, 32.79089991386296]]]}}, {"type": "Feature", "properties": {"k": "deck", "c": "motorway", "b": 5.6, "h": 7.1, "lk": 0}, "geometry": {"type": "Polygon", "coordinates": [[[-96.75568815679749, 32.791038970228996], [-96.7556858432025, 32.791003029771005], [-96.7563648432025, 32.790972029771005], [-96.7563671567975, 32.791007970228996], [-96.75568815679749, 32.791038970228996]]]}}, {"type": "Feature", "properties": {"k": "deck", "c": "motorway", "b": 5.6, "h": 7.1, "lk": 0}, "geometry": {"type": "Polygon", "coordinates": [[[-96.75718497820249, 32.790970977751826], [-96.7571830217975, 32.79093502224818], [-96.7577790217975, 32.79091202224818], [-96.75778097820249, 32.79094797775183], [-96.75718497820249, 32.790970977751826]]]}}, {"type": "Feature", "properties": {"k": "deck", "c": "motorway", "b": 5.6, "h": 7.1, "lk": 0}, "geometry": {"type": "Polygon", "coordinates": [[[-96.74957007960893, 32.791308973635175], [-96.74956792039106, 32.79127302636483], [-96.75045992039107, 32.791235026364824], [-96.75046207960894, 32.79127097363517], [-96.74957007960893, 32.791308973635175]]]}}, {"type": "Feature", "properties": {"k": "deck", "c": "motorway", "b": 5.6, "h": 7.1, "lk": 0}, "geometry": {"type": "Polygon", "coordinates": [[[-96.74627803449195, 32.79145597551694], [-96.74627596550806, 32.79142002448306], [-96.74666796550805, 32.79140402448306], [-96.74667003449194, 32.79143997551694], [-96.74627803449195, 32.79145597551694]]]}}, {"type": "Feature", "properties": {"k": "deck", "c": "motorway", "b": 5.6, "h": 7.1, "lk": 0}, "geometry": {"type": "Polygon", "coordinates": [[[-96.75862700936196, 32.79083508056852], [-96.75891077840602, 32.79081010089915], [-96.758915221594, 32.790845899100844], [-96.75863099063804, 32.79087091943148], [-96.75840075921202, 32.79088693553068], [-96.75839724078797, 32.79085106446932], [-96.75862700936196, 32.79083508056852]]]}}, {"type": "Feature", "properties": {"k": "deck", "c": "motorway", "b": 5.6, "h": 7.1, "lk": 0}, "geometry": {"type": "Polygon", "coordinates": [[[-96.7578248215725, 32.79087703076779], [-96.75782717842749, 32.79091296923221], [-96.75722517842749, 32.79094096923221], [-96.7572228215725, 32.79090503076779], [-96.7578248215725, 32.79087703076779]]]}}, {"type": "Feature", "properties": {"k": "deck", "c": "motorway", "b": 5.6, "h": 7.1, "lk": 0}, "geometry": {"type": "Polygon", "coordinates": [[[-96.75633076881066, 32.790943033276946], [-96.75633323118934, 32.79097896672306], [-96.75565423118934, 32.791011966723055], [-96.75565176881065, 32.79097603327694], [-96.75633076881066, 32.790943033276946]]]}}, {"type": "Feature", "properties": {"k": "deck", "c": "motorway", "b": 5.6, "h": 7.1, "lk": 0}, "geometry": {"type": "Polygon", "coordinates": [[[-96.75049384058644, 32.791203029890575], [-96.75049615941356, 32.791238970109426], [-96.74960015941356, 32.79127997010943], [-96.74959784058645, 32.79124402989058], [-96.75049384058644, 32.791203029890575]]]}}, {"type": "Feature", "properties": {"k": "deck", "c": "motorway", "b": 5.6, "h": 7.1, "lk": 0}, "geometry": {"type": "Polygon", "coordinates": [[[-96.7466676086805, 32.791358006401], [-96.7466683913195, 32.791393993599], [-96.7462793913195, 32.791399993599], [-96.7462786086805, 32.791364006401], [-96.7466676086805, 32.791358006401]]]}}, {"type": "Feature", "properties": {"k": "deck", "c": "motorway", "b": 5.6, "h": 7.1, "lk": 0}, "geometry": {"type": "Polygon", "coordinates": [[[-96.76434930596395, 32.78857793307056], [-96.76437869403605, 32.78860406692943], [-96.76405269403605, 32.788864066929435], [-96.76402330596395, 32.78883793307057], [-96.76434930596395, 32.78857793307056]]]}}, {"type": "Feature", "properties": {"k": "deck", "c": "motorway", "b": 5.6, "h": 7.1, "lk": 0}, "geometry": {"type": "Polygon", "coordinates": [[[-96.76600675675039, 32.78717938716996], [-96.76603724324963, 32.78720461283004], [-96.76575724324962, 32.78744461283004], [-96.76572675675038, 32.78741938716996], [-96.76600675675039, 32.78717938716996]]]}}, {"type": "Feature", "properties": {"k": "deck", "c": "motorway", "b": 5.6, "h": 7.1, "lk": 0}, "geometry": {"type": "Polygon", "coordinates": [[[-96.76408581337478, 32.78888697101278], [-96.76405618662523, 32.78886102898722], [-96.76437718662523, 32.78860102898722], [-96.76440681337478, 32.78862697101278], [-96.76408581337478, 32.78888697101278]]]}}, {"type": "Feature", "properties": {"k": "deck", "c": "motorway", "b": 5.6, "h": 7.1, "lk": 0}, "geometry": {"type": "Polygon", "coordinates": [[[-96.76578424324963, 32.78746561283004], [-96.76575375675039, 32.78744038716996], [-96.76603375675037, 32.78720038716996], [-96.76606424324962, 32.78722561283004], [-96.76578424324963, 32.78746561283004]]]}}, {"type": "Feature", "properties": {"k": "deck", "c": "primary", "b": 5.6, "h": 7.1, "lk": 0}, "geometry": {"type": "Polygon", "coordinates": [[[-96.72820666736065, 32.811803510815864], [-96.72813933263934, 32.81173248918414], [-96.72848733263935, 32.81149848918414], [-96.72855466736065, 32.811569510815865], [-96.72820666736065, 32.811803510815864]]]}}, {"type": "Feature", "properties": {"k": "deck", "c": "primary", "b": 5.6, "h": 7.1, "lk": 0}, "geometry": {"type": "Polygon", "coordinates": [[[-96.72857283056648, 32.81165651765393], [-96.72863716943353, 32.81172948234607], [-96.72831416943352, 32.81193148234607], [-96.72824983056647, 32.81185851765393], [-96.72857283056648, 32.81165651765393]]]}}, {"type": "Feature", "properties": {"k": "deck", "c": "primary", "b": 5.6, "h": 7.1, "lk": 0}, "geometry": {"type": "Polygon", "coordinates": [[[-96.74410430401775, 32.855645361085905], [-96.74412769598226, 32.855556638914095], [-96.74498869598226, 32.85571763891409], [-96.74496530401775, 32.855806361085904], [-96.74410430401775, 32.855645361085905]]]}}, {"type": "Feature", "properties": {"k": "deck", "c": "primary", "b": 5.6, "h": 7.1, "lk": 0}, "geometry": {"type": "Polygon", "coordinates": [[[-96.74495582491623, 32.85582366316322], [-96.74493217508378, 32.85591233683678], [-96.74410217508377, 32.85575533683678], [-96.74412582491622, 32.85566666316322], [-96.74495582491623, 32.85582366316322]]]}}, {"type": "Feature", "properties": {"k": "deck", "c": "motorway_link", "b": 5.6, "h": 7.1, "lk": 1}, "geometry": {"type": "Polygon", "coordinates": [[[-96.88978627221225, 32.829575045217595], [-96.88964570062589, 32.82949572267958], [-96.88875746074368, 32.828943573563606], [-96.88836357660615, 32.82870764296347], [-96.8879615391254, 32.82846462030718], [-96.8879864608746, 32.82843537969281], [-96.88838842339383, 32.82867835703653], [-96.88878253925631, 32.8289144264364], [-96.8896702993741, 32.82946627732042], [-96.88980972778775, 32.829544954782406], [-96.89053155824968, 32.82993586296886], [-96.89050844175031, 32.82996613703114], [-96.88978627221225, 32.829575045217595]]]}}, {"type": "Feature", "properties": {"k": "deck", "c": "motorway", "b": 4.7, "h": 6.2, "lk": 0}, "geometry": {"type": "Polygon", "coordinates": [[[-96.89573037785085, 32.83353546693075], [-96.89523783286973, 32.833350262008985], [-96.89472289483405, 32.833131864165054], [-96.89429314870546, 32.83292550588419], [-96.8939004229709, 32.8327241337601], [-96.89352497410991, 32.83250887641313], [-96.89354902589008, 32.832479123586864], [-96.8939235770291, 32.8326938662399], [-96.89431485129455, 32.832894494115806], [-96.89474310516596, 32.83310013583494], [-96.89525616713027, 32.83331773799102], [-96.89574762214916, 32.83350253306926], [-96.89642653157412, 32.83375149985396], [-96.89640946842587, 32.83378450014604], [-96.89573037785085, 32.83353546693075]]]}}, {"type": "Feature", "properties": {"k": "deck", "c": "motorway", "b": 5.6, "h": 7.1, "lk": 0}, "geometry": {"type": "Polygon", "coordinates": [[[-96.89304505304787, 32.832210320002694], [-96.89259377893534, 32.83191213888176], [-96.88773374892969, 32.82867711890887], [-96.88776025107032, 32.82864888109113], [-96.89262022106466, 32.83188386111824], [-96.89307094695212, 32.83218167999731], [-96.89354969747608, 32.83247952479092], [-96.89352430252391, 32.832508475209075], [-96.89304505304787, 32.832210320002694]]]}}, {"type": "Feature", "properties": {"k": "deck", "c": "motorway", "b": 5.6, "h": 7.1, "lk": 0}, "geometry": {"type": "Polygon", "coordinates": [[[-96.88544468173832, 32.827146073998925], [-96.88547131826168, 32.82711792600107], [-96.88643831826168, 32.827766926001075], [-96.88641168173832, 32.82779507399893], [-96.88544468173832, 32.827146073998925]]]}}, {"type": "Feature", "properties": {"k": "deck", "c": "motorway", "b": 5.6, "h": 7.1, "lk": 0}, "geometry": {"type": "Polygon", "coordinates": [[[-96.82415745339688, 32.77927473583111], [-96.82160246158506, 32.78016473297886], [-96.82155753841494, 32.78007326702114], [-96.82411253841494, 32.77918326702114], [-96.82431655479233, 32.77911226131872], [-96.82436144520766, 32.77920373868128], [-96.82415745339688, 32.77927473583111]]]}}, {"type": "Feature", "properties": {"k": "deck", "c": "secondary", "b": 5.6, "h": 7.1, "lk": 0}, "geometry": {"type": "Polygon", "coordinates": [[[-96.800532, 32.836622441457], [-96.800532, 32.836531558542994], [-96.800862, 32.836531558542994], [-96.800862, 32.836622441457], [-96.800532, 32.836622441457]]]}}, {"type": "Feature", "properties": {"k": "deck", "c": "motorway", "b": 5.6, "h": 7.1, "lk": 0}, "geometry": {"type": "Polygon", "coordinates": [[[-96.89210868126641, 32.831904444375425], [-96.8919873187336, 32.83203355562458], [-96.89003131873359, 32.83072955562458], [-96.8901526812664, 32.83060044437543], [-96.89210868126641, 32.831904444375425]]]}}, {"type": "Feature", "properties": {"k": "deck", "c": "secondary", "b": 5.6, "h": 7.1, "lk": 0}, "geometry": {"type": "Polygon", "coordinates": [[[-96.74634114469494, 32.85957461821878], [-96.74641685530507, 32.859639381781214], [-96.74594285530506, 32.86003238178122], [-96.74586714469493, 32.85996761821878], [-96.74634114469494, 32.85957461821878]]]}}, {"type": "Feature", "properties": {"k": "deck", "c": "secondary", "b": 5.6, "h": 7.1, "lk": 0}, "geometry": {"type": "Polygon", "coordinates": [[[-96.74588096907591, 32.85990428717227], [-96.74580503092407, 32.859839712827736], [-96.74627503092408, 32.85944771282773], [-96.74635096907592, 32.859512287172265], [-96.74588096907591, 32.85990428717227]]]}}, {"type": "Feature", "properties": {"k": "deck", "c": "secondary", "b": 5.6, "h": 7.1, "lk": 0}, "geometry": {"type": "Polygon", "coordinates": [[[-96.87021636248977, 32.846217966916115], [-96.8702331270143, 32.84621098169755], [-96.8702648729857, 32.84626501830245], [-96.87023534508478, 32.8462773215945], [-96.87021245510019, 32.84627961059295], [-96.8701944310968, 32.84627560525887], [-96.86973810877043, 32.8461137817026], [-96.86976589122958, 32.8460582182974], [-96.87021636248977, 32.846217966916115]]]}}, {"type": "Feature", "properties": {"k": "deck", "c": "secondary", "b": 5.6, "h": 7.1, "lk": 0}, "geometry": {"type": "Polygon", "coordinates": [[[-96.8705141411346, 32.84632122799043], [-96.8704578588654, 32.846398772009564], [-96.8702208588654, 32.84627677200957], [-96.87027714113461, 32.84619922799043], [-96.8705141411346, 32.84632122799043]]]}}, {"type": "Feature", "properties": {"k": "deck", "c": "motorway", "b": 12.7, "h": 14.2, "lk": 0}, "geometry": {"type": "Polygon", "coordinates": [[[-96.76034834495492, 32.74522055662391], [-96.7606599550511, 32.745120037238046], [-96.76099499514405, 32.74502775074538], [-96.76130455290992, 32.74494433095782], [-96.76155772293129, 32.74489389868265], [-96.76182928412572, 32.744848638483575], [-96.76205034891778, 32.744820374491894], [-96.76228054802971, 32.744803210523024], [-96.76256781371877, 32.744794138974946], [-96.76282526929795, 32.74480019675328], [-96.76306805834473, 32.74481833037503], [-96.76332550251978, 32.744844477049064], [-96.76412128483638, 32.7449547239695], [-96.76440951688947, 32.74500712979733], [-96.76460548341738, 32.7450546062242], [-96.76494333693967, 32.74514811925268], [-96.76526072492214, 32.74525492282775], [-96.76558793638971, 32.745387821023805], [-96.76578475362388, 32.74547966906641], [-96.76608757996078, 32.745638101388366], [-96.76604642003923, 32.745693898611634], [-96.76574524637613, 32.74553633093359], [-96.76555206361029, 32.7454461789762], [-96.76522927507784, 32.74531507717226], [-96.76491666306035, 32.74520988074732], [-96.76458251658262, 32.7451173937758], [-96.76439048311052, 32.74507087020267], [-96.76410671516363, 32.745019276030504], [-96.76331449748021, 32.74490952295094], [-96.76305994165527, 32.74488366962496], [-96.76282073070205, 32.74486580324672], [-96.76256818628123, 32.744859861025056], [-96.76228545197029, 32.744868789476975], [-96.76205965108223, 32.744885625508104], [-96.76184271587428, 32.744913361516424], [-96.76157427706872, 32.74495810131735], [-96.76132544709007, 32.74500766904218], [-96.76101900485597, 32.745090249254616], [-96.7606860449489, 32.745181962761954], [-96.76037765504508, 32.74528144337609], [-96.75811234907832, 32.74609819314434], [-96.7580816509217, 32.74603780685566], [-96.76034834495492, 32.74522055662391]]]}}, {"type": "Feature", "properties": {"k": "pier", "b": 0.0, "h": 12.7}, "geometry": {"type": "Polygon", "coordinates": [[[-96.758482, 32.745924], [-96.758459, 32.745924], [-96.758459, 32.745943], [-96.758482, 32.745943], [-96.758482, 32.745924]]]}}, {"type": "Feature", "properties": {"k": "pier", "b": 0.0, "h": 12.7}, "geometry": {"type": "Polygon", "coordinates": [[[-96.758855, 32.745789], [-96.758832, 32.745789], [-96.758832, 32.745809], [-96.758855, 32.745809], [-96.758855, 32.745789]]]}}, {"type": "Feature", "properties": {"k": "pier", "b": 0.0, "h": 12.7}, "geometry": {"type": "Polygon", "coordinates": [[[-96.759229, 32.745654], [-96.759205, 32.745654], [-96.759205, 32.745674], [-96.759229, 32.745674], [-96.759229, 32.745654]]]}}, {"type": "Feature", "properties": {"k": "pier", "b": 0.0, "h": 12.7}, "geometry": {"type": "Polygon", "coordinates": [[[-96.759602, 32.74552], [-96.759578, 32.74552], [-96.759578, 32.74554], [-96.759602, 32.74554], [-96.759602, 32.74552]]]}}, {"type": "Feature", "properties": {"k": "pier", "b": 0.0, "h": 12.7}, "geometry": {"type": "Polygon", "coordinates": [[[-96.759975, 32.745385], [-96.759952, 32.745385], [-96.759952, 32.745405], [-96.759975, 32.745405], [-96.759975, 32.745385]]]}}, {"type": "Feature", "properties": {"k": "pier", "b": 0.0, "h": 12.7}, "geometry": {"type": "Polygon", "coordinates": [[[-96.760348, 32.745251], [-96.760325, 32.745251], [-96.760325, 32.74527], [-96.760348, 32.74527], [-96.760348, 32.745251]]]}}, {"type": "Feature", "properties": {"k": "pier", "b": 0.0, "h": 12.7}, "geometry": {"type": "Polygon", "coordinates": [[[-96.760728, 32.745129], [-96.760704, 32.745129], [-96.760704, 32.745149], [-96.760728, 32.745149], [-96.760728, 32.745129]]]}}, {"type": "Feature", "properties": {"k": "pier", "b": 0.0, "h": 12.7}, "geometry": {"type": "Polygon", "coordinates": [[[-96.761114, 32.745023], [-96.76109, 32.745023], [-96.76109, 32.745043], [-96.761114, 32.745043], [-96.761114, 32.745023]]]}}, {"type": "Feature", "properties": {"k": "pier", "b": 0.0, "h": 12.7}, "geometry": {"type": "Polygon", "coordinates": [[[-96.761504, 32.744931], [-96.761481, 32.744931], [-96.761481, 32.744951], [-96.761504, 32.744951], [-96.761504, 32.744931]]]}}, {"type": "Feature", "properties": {"k": "pier", "b": 0.0, "h": 12.7}, "geometry": {"type": "Polygon", "coordinates": [[[-96.761902, 32.744864], [-96.761879, 32.744864], [-96.761879, 32.744884], [-96.761902, 32.744884], [-96.761902, 32.744864]]]}}, {"type": "Feature", "properties": {"k": "pier", "b": 0.0, "h": 12.7}, "geometry": {"type": "Polygon", "coordinates": [[[-96.762306, 32.744826], [-96.762282, 32.744826], [-96.762282, 32.744846], [-96.762306, 32.744846], [-96.762306, 32.744826]]]}}, {"type": "Feature", "properties": {"k": "pier", "b": 0.0, "h": 12.7}, "geometry": {"type": "Polygon", "coordinates": [[[-96.762712, 32.74482], [-96.762688, 32.74482], [-96.762688, 32.74484], [-96.762712, 32.74484], [-96.762712, 32.74482]]]}}, {"type": "Feature", "properties": {"k": "pier", "b": 0.0, "h": 12.7}, "geometry": {"type": "Polygon", "coordinates": [[[-96.763116, 32.744845], [-96.763093, 32.744845], [-96.763093, 32.744865], [-96.763116, 32.744865], [-96.763116, 32.744845]]]}}, {"type": "Feature", "properties": {"k": "pier", "b": 0.0, "h": 12.7}, "geometry": {"type": "Polygon", "coordinates": [[[-96.763518, 32.744893], [-96.763495, 32.744893], [-96.763495, 32.744913], [-96.763518, 32.744913], [-96.763518, 32.744893]]]}}, {"type": "Feature", "properties": {"k": "pier", "b": 0.0, "h": 12.7}, "geometry": {"type": "Polygon", "coordinates": [[[-96.763919, 32.744948], [-96.763895, 32.744948], [-96.763895, 32.744968], [-96.763919, 32.744968], [-96.763919, 32.744948]]]}}, {"type": "Feature", "properties": {"k": "pier", "b": 0.0, "h": 12.7}, "geometry": {"type": "Polygon", "coordinates": [[[-96.764318, 32.745012], [-96.764294, 32.745012], [-96.764294, 32.745032], [-96.764318, 32.745032], [-96.764318, 32.745012]]]}}, {"type": "Feature", "properties": {"k": "pier", "b": 0.0, "h": 12.7}, "geometry": {"type": "Polygon", "coordinates": [[[-96.764708, 32.745104], [-96.764685, 32.745104], [-96.764685, 32.745124], [-96.764708, 32.745124], [-96.764708, 32.745104]]]}}, {"type": "Feature", "properties": {"k": "pier", "b": 0.0, "h": 12.7}, "geometry": {"type": "Polygon", "coordinates": [[[-96.765091, 32.745219], [-96.765067, 32.745219], [-96.765067, 32.745239], [-96.765091, 32.745239], [-96.765091, 32.745219]]]}}, {"type": "Feature", "properties": {"k": "pier", "b": 0.0, "h": 12.7}, "geometry": {"type": "Polygon", "coordinates": [[[-96.765461, 32.745358], [-96.765438, 32.745358], [-96.765438, 32.745378], [-96.765461, 32.745378], [-96.765461, 32.745358]]]}}, {"type": "Feature", "properties": {"k": "pier", "b": 0.0, "h": 12.7}, "geometry": {"type": "Polygon", "coordinates": [[[-96.765819, 32.74552], [-96.765795, 32.74552], [-96.765795, 32.74554], [-96.765819, 32.74554], [-96.765819, 32.74552]]]}}, {"type": "Feature", "properties": {"k": "deck", "c": "motorway_link", "b": 4.7, "h": 6.2, "lk": 1}, "geometry": {"type": "Polygon", "coordinates": [[[-96.89629550742872, 32.83394232917602], [-96.8962744925713, 32.83397367082399], [-96.89531349257129, 32.83351667082398], [-96.89533450742871, 32.833485329176014], [-96.89629550742872, 32.83394232917602]]]}}, {"type": "Feature", "properties": {"k": "deck", "c": "motorway_link", "b": 3.16, "h": 4.66, "lk": 1}, "geometry": {"type": "Polygon", "coordinates": [[[-96.89867844315611, 32.834930855844895], [-96.89865955684388, 32.834963144155104], [-96.89627555684389, 32.83397414415511], [-96.89629444315612, 32.8339418558449], [-96.89867844315611, 32.834930855844895]]]}}, {"type": "Feature", "properties": {"k": "deck", "c": "motorway_link", "b": 0.19, "h": 1.69, "lk": 1}, "geometry": {"type": "Polygon", "coordinates": [[[-96.90088775119133, 32.83588498624383], [-96.90086824880868, 32.835917013756166], [-96.89865924880867, 32.834963013756166], [-96.89867875119133, 32.83493098624383], [-96.90088775119133, 32.83588498624383]]]}}, {"type": "Feature", "properties": {"k": "deck", "c": "motorway_link", "b": 0.0, "h": 0.13, "lk": 1}, "geometry": {"type": "Polygon", "coordinates": [[[-96.90105747825476, 32.836015763340995], [-96.90102852174525, 32.83604223665901], [-96.90086352174525, 32.83591423665901], [-96.90089247825476, 32.83588776334099], [-96.90105747825476, 32.836015763340995]]]}}, {"type": "Feature", "properties": {"k": "deck", "c": "motorway", "b": 5.6, "h": 7.1, "lk": 0}, "geometry": {"type": "Polygon", "coordinates": [[[-96.72887279914545, 32.792109986506816], [-96.72857476447565, 32.792225833870155], [-96.72829531840627, 32.79235168369573], [-96.7280205697427, 32.79248009883196], [-96.7277504325145, 32.79261271165308], [-96.72672825593685, 32.79326825959469], [-96.72663374406315, 32.79316374040531], [-96.7276635674855, 32.79250328834692], [-96.7279434302573, 32.79236590116804], [-96.72822068159373, 32.79223631630427], [-96.72850523552434, 32.79210816612984], [-96.72880920085456, 32.79199001349319], [-96.72915409895063, 32.79186468715014], [-96.72921590104937, 32.79198531284986], [-96.72887279914545, 32.792109986506816]]]}}, {"type": "Feature", "properties": {"k": "deck", "c": "motorway_link", "b": 5.6, "h": 7.1, "lk": 1}, "geometry": {"type": "Polygon", "coordinates": [[[-96.76972360511942, 32.750557187111944], [-96.77014778120484, 32.75204780590268], [-96.77010621879516, 32.75205619409732], [-96.76968239488059, 32.75056681288806], [-96.76942462242016, 32.74987941966027], [-96.76946537757985, 32.74986858033973], [-96.76972360511942, 32.750557187111944]]]}}, {"type": "Feature", "properties": {"k": "deck", "c": "motorway_link", "b": 5.6, "h": 7.1, "lk": 1}, "geometry": {"type": "Polygon", "coordinates": [[[-96.77042423488135, 32.75273321355424], [-96.77038376511865, 32.75274478644576], [-96.77010676511865, 32.75205778644576], [-96.77014723488135, 32.75204621355424], [-96.77042423488135, 32.75273321355424]]]}}, {"type": "Feature", "properties": {"k": "deck", "c": "motorway", "b": 5.6, "h": 7.1, "lk": 0}, "geometry": {"type": "Polygon", "coordinates": [[[-96.89287569416771, 32.83242237544192], [-96.89325181338934, 32.83265222607736], [-96.89363497327112, 32.83287117458123], [-96.89387916720375, 32.83300319813017], [-96.89412208825271, 32.833126145926386], [-96.89447999785789, 32.83329416460214], [-96.89474515886663, 32.83341035875204], [-96.89501838005053, 32.83352303756146], [-96.89619045593649, 32.83400906902953], [-96.89612154406352, 32.83412693097048], [-96.89494961994946, 32.83364096243854], [-96.89467484113338, 32.83352764124796], [-96.8944060021421, 32.83340983539786], [-96.89404391174727, 32.83323985407361], [-96.89379683279626, 32.833114801869826], [-96.89354902672888, 32.83298082541877], [-96.89316218661067, 32.832759773922646], [-96.8927823058323, 32.83252762455808], [-96.89200043975175, 32.832021063435484], [-96.89209556024825, 32.83191693656452], [-96.89287569416771, 32.83242237544192]]]}}, {"type": "Feature", "properties": {"k": "deck", "c": "motorway_link", "b": 5.6, "h": 7.1, "lk": 1}, "geometry": {"type": "Polygon", "coordinates": [[[-96.89400541256599, 32.83339096696686], [-96.89435971617165, 32.83355418548182], [-96.89432228382834, 32.83361181451817], [-96.89396458743401, 32.83344703303314], [-96.89349399115035, 32.83317611406387], [-96.89353800884966, 32.83312188593613], [-96.89400541256599, 32.83339096696686]]]}}, {"type": "Feature", "properties": {"k": "deck", "c": "motorway", "b": 5.6, "h": 7.1, "lk": 0}, "geometry": {"type": "Polygon", "coordinates": [[[-96.76915293779334, 32.74765975003253], [-96.76903906220667, 32.74768424996747], [-96.76798006220668, 32.744193249967466], [-96.76809393779334, 32.74416875003253], [-96.76915293779334, 32.74765975003253]]]}}, {"type": "Feature", "properties": {"k": "deck", "c": "motorway", "b": 5.6, "h": 7.1, "lk": 0}, "geometry": {"type": "Polygon", "coordinates": [[[-96.76811255957855, 32.74416470012465], [-96.76796144042146, 32.744197299875346], [-96.76760344042145, 32.74302029987535], [-96.76775455957855, 32.74298770012465], [-96.76811255957855, 32.74416470012465]]]}}, {"type": "Feature", "properties": {"k": "deck", "c": "motorway_link", "b": 5.0, "h": 6.5, "lk": 1}, "geometry": {"type": "Polygon", "coordinates": [[[-96.88776954335692, 32.82834862286439], [-96.88779445664308, 32.82831937713561], [-96.88798645664308, 32.828435377135605], [-96.88796154335692, 32.82846462286439], [-96.88776954335692, 32.82834862286439]]]}}, {"type": "Feature", "properties": {"k": "deck", "c": "motorway_link", "b": 2.04, "h": 3.54, "lk": 1}, "geometry": {"type": "Polygon", "coordinates": [[[-96.88701348505087, 32.82788858751264], [-96.88703851494914, 32.82785941248736], [-96.88779451494914, 32.82831941248736], [-96.88776948505087, 32.828348587512636], [-96.88701348505087, 32.82788858751264]]]}}, {"type": "Feature", "properties": {"k": "deck", "c": "motorway_link", "b": 0.0, "h": 0.59, "lk": 1}, "geometry": {"type": "Polygon", "coordinates": [[[-96.88679659512357, 32.82783216926878], [-96.88680940487643, 32.82779783073122], [-96.88703240487644, 32.82785683073122], [-96.88701959512358, 32.82789116926878], [-96.88679659512357, 32.82783216926878]]]}}, {"type": "Feature", "properties": {"k": "deck", "c": "motorway_link", "b": 4.86, "h": 6.36, "lk": 1}, "geometry": {"type": "Polygon", "coordinates": [[[-96.8105273884608, 32.74807385165609], [-96.8105666115392, 32.74808814834391], [-96.81040061153921, 32.74841114834391], [-96.8103613884608, 32.74839685165609], [-96.8105273884608, 32.74807385165609]]]}}, {"type": "Feature", "properties": {"k": "deck", "c": "motorway_link", "b": 3.32, "h": 4.82, "lk": 1}, "geometry": {"type": "Polygon", "coordinates": [[[-96.81073396510696, 32.74773282049661], [-96.81077203489305, 32.74774917950339], [-96.81056603489304, 32.74808917950339], [-96.81052796510696, 32.74807282049661], [-96.81073396510696, 32.74773282049661]]]}}, {"type": "Feature", "properties": {"k": "deck", "c": "motorway_link", "b": 1.44, "h": 2.94, "lk": 1}, "geometry": {"type": "Polygon", "coordinates": [[[-96.8110517414311, 32.7472926491806], [-96.8110882585689, 32.747311350819395], [-96.8107712585689, 32.747750350819395], [-96.8107347414311, 32.7477316491806], [-96.8110517414311, 32.7472926491806]]]}}, {"type": "Feature", "properties": {"k": "deck", "c": "motorway_link", "b": 0.0, "h": 0.93, "lk": 1}, "geometry": {"type": "Polygon", "coordinates": [[[-96.81141339856704, 32.74696670171345], [-96.81144460143297, 32.74699129828656], [-96.81108560143296, 32.747314298286554], [-96.81105439856704, 32.74728970171344], [-96.81141339856704, 32.74696670171345]]]}}, {"type": "Feature", "properties": {"k": "deck", "c": "motorway_link", "b": 5.6, "h": 7.1, "lk": 1}, "geometry": {"type": "Polygon", "coordinates": [[[-96.81036123939536, 32.748397148991245], [-96.81040076060465, 32.74841085100876], [-96.81018176060465, 32.748858851008755], [-96.81014223939536, 32.74884514899124], [-96.81036123939536, 32.748397148991245]]]}}, {"type": "Feature", "properties": {"k": "deck", "c": "motorway", "b": 5.6, "h": 7.1, "lk": 0}, "geometry": {"type": "Polygon", "coordinates": [[[-96.77019789667399, 32.751553076241656], [-96.77048471538059, 32.75210380799427], [-96.77041328461941, 32.75213019200573], [-96.77012410332601, 32.75157492375835], [-96.76985533932117, 32.75073353196705], [-96.76993066067882, 32.750716468032955], [-96.77019789667399, 32.751553076241656]]]}}, {"type": "Feature", "properties": {"k": "deck", "c": "primary", "b": 5.6, "h": 7.1, "lk": 0}, "geometry": {"type": "Polygon", "coordinates": [[[-96.72471496384576, 32.76612876302586], [-96.72470903615424, 32.76624923697413], [-96.72379203615424, 32.766217236974136], [-96.72379796384575, 32.766096763025864], [-96.72471496384576, 32.76612876302586]]]}}, {"type": "Feature", "properties": {"k": "deck", "c": "primary", "b": 5.6, "h": 7.1, "lk": 0}, "geometry": {"type": "Polygon", "coordinates": [[[-96.7238008188393, 32.766094260676], [-96.72380518116071, 32.765973739324], [-96.72466218116071, 32.765995739324], [-96.72465781883929, 32.766116260676], [-96.7238008188393, 32.766094260676]]]}}, {"type": "Feature", "properties": {"k": "deck", "c": "motorway", "b": 5.6, "h": 7.1, "lk": 0}, "geometry": {"type": "Polygon", "coordinates": [[[-96.76253828379083, 32.725079982502706], [-96.76241083918308, 32.72470860095041], [-96.76229928242326, 32.72442273675339], [-96.76219562672051, 32.724167584254296], [-96.7621388718217, 32.72403814325706], [-96.76224912817828, 32.72400385674294], [-96.7623063732795, 32.7241344157457], [-96.76241071757674, 32.72439126324661], [-96.76252316081693, 32.72467939904959], [-96.76265171620918, 32.7250540174973], [-96.76342394748369, 32.727606782021354], [-96.76331005251632, 32.72763121797864], [-96.76253828379083, 32.725079982502706]]]}}, {"type": "Feature", "properties": {"k": "deck", "c": "motorway", "b": 5.6, "h": 7.1, "lk": 0}, "geometry": {"type": "Polygon", "coordinates": [[[-96.7665690126402, 32.73829308543356], [-96.76567506784875, 32.73531126958552], [-96.76331011532847, 32.727631423769125], [-96.76342388467154, 32.72760657623087], [-96.76578893215125, 32.73528673041447], [-96.7666829873598, 32.73826891456644], [-96.76717299622437, 32.739911944289894], [-96.76705900377563, 32.73993605571011], [-96.7665690126402, 32.73829308543356]]]}}, {"type": "Feature", "properties": {"k": "deck", "c": "motorway_link", "b": 5.6, "h": 7.1, "lk": 1}, "geometry": {"type": "Polygon", "coordinates": [[[-96.886902141238, 32.82878780846729], [-96.88804683509017, 32.829540607131634], [-96.88817112524539, 32.82961617554602], [-96.88830247926042, 32.82968881829675], [-96.88991822403234, 32.8305286856287], [-96.88989577596764, 32.83055931437131], [-96.88827952073957, 32.82971918170325], [-96.88814687475461, 32.829645824453976], [-96.88802116490984, 32.829569392868365], [-96.886875858762, 32.82881619153272], [-96.8862598699524, 32.82841219887187], [-96.88628613004761, 32.82838380112813], [-96.886902141238, 32.82878780846729]]]}}, {"type": "Feature", "properties": {"k": "deck", "c": "secondary", "b": 5.6, "h": 7.1, "lk": 0}, "geometry": {"type": "Polygon", "coordinates": [[[-96.78951398569063, 32.81566135917741], [-96.78964765162685, 32.815695274414956], [-96.78960634837314, 32.815810725585045], [-96.78947201430935, 32.81577664082259], [-96.78923568124247, 32.815714553321975], [-96.78927831875754, 32.81559944667803], [-96.78951398569063, 32.81566135917741]]]}}, {"type": "Feature", "properties": {"k": "deck", "c": "motorway", "b": 5.6, "h": 7.1, "lk": 0}, "geometry": {"type": "Polygon", "coordinates": [[[-96.77016944048292, 32.74910991988378], [-96.77024655951708, 32.74910008011622], [-96.77050255951708, 32.750523080116224], [-96.77042544048292, 32.75053291988378], [-96.77016944048292, 32.74910991988378]]]}}, {"type": "Feature", "properties": {"k": "deck", "c": "motorway", "b": 12.7, "h": 14.2, "lk": 0}, "geometry": {"type": "Polygon", "coordinates": [[[-96.76911902324001, 32.74868846580665], [-96.76918535172928, 32.74881704103201], [-96.76955802571764, 32.749718671649006], [-96.76993020260836, 32.75071514525969], [-96.76985579739163, 32.750734854740315], [-96.76948397428235, 32.749739328351], [-96.76911264827072, 32.74884095896799], [-96.76904897676, 32.74871753419335], [-96.7686328844818, 32.74808491427879], [-96.76870111551818, 32.74805308572121], [-96.76911902324001, 32.74868846580665]]]}}, {"type": "Feature", "properties": {"k": "pier", "b": 0.0, "h": 12.7}, "geometry": {"type": "Polygon", "coordinates": [[[-96.768875, 32.748358], [-96.768852, 32.748358], [-96.768852, 32.748378], [-96.768875, 32.748378], [-96.768875, 32.748358]]]}}, {"type": "Feature", "properties": {"k": "pier", "b": 0.0, "h": 12.7}, "geometry": {"type": "Polygon", "coordinates": [[[-96.769072, 32.748657], [-96.769049, 32.748657], [-96.769049, 32.748677], [-96.769072, 32.748677], [-96.769072, 32.748657]]]}}, {"type": "Feature", "properties": {"k": "pier", "b": 0.0, "h": 12.7}, "geometry": {"type": "Polygon", "coordinates": [[[-96.769225, 32.748974], [-96.769201, 32.748974], [-96.769201, 32.748993], [-96.769225, 32.748993], [-96.769225, 32.748974]]]}}, {"type": "Feature", "properties": {"k": "pier", "b": 0.0, "h": 12.7}, "geometry": {"type": "Polygon", "coordinates": [[[-96.769358, 32.749297], [-96.769335, 32.749297], [-96.769335, 32.749316], [-96.769358, 32.749316], [-96.769358, 32.749297]]]}}, {"type": "Feature", "properties": {"k": "pier", "b": 0.0, "h": 12.7}, "geometry": {"type": "Polygon", "coordinates": [[[-96.769492, 32.74962], [-96.769468, 32.74962], [-96.769468, 32.749639], [-96.769492, 32.749639], [-96.769492, 32.74962]]]}}, {"type": "Feature", "properties": {"k": "pier", "b": 0.0, "h": 12.7}, "geometry": {"type": "Polygon", "coordinates": [[[-96.769617, 32.749945], [-96.769594, 32.749945], [-96.769594, 32.749965], [-96.769617, 32.749965], [-96.769617, 32.749945]]]}}, {"type": "Feature", "properties": {"k": "pier", "b": 0.0, "h": 12.7}, "geometry": {"type": "Polygon", "coordinates": [[[-96.769739, 32.750271], [-96.769715, 32.750271], [-96.769715, 32.750291], [-96.769739, 32.750291], [-96.769739, 32.750271]]]}}, {"type": "Feature", "properties": {"k": "pier", "b": 0.0, "h": 12.7}, "geometry": {"type": "Polygon", "coordinates": [[[-96.769861, 32.750597], [-96.769837, 32.750597], [-96.769837, 32.750617], [-96.769861, 32.750617], [-96.769861, 32.750597]]]}}, {"type": "Feature", "properties": {"k": "deck", "c": "motorway_link", "b": 4.57, "h": 6.07, "lk": 1}, "geometry": {"type": "Polygon", "coordinates": [[[-96.75427402609094, 32.747339165316454], [-96.75444508047315, 32.747313308258676], [-96.75495993670434, 32.74722933170835], [-96.75496806329566, 32.747264668291656], [-96.75445291952684, 32.74734869174133], [-96.75427997390906, 32.74737483468355], [-96.75410416380453, 32.74738990412108], [-96.75409983619548, 32.74735409587892], [-96.75427402609094, 32.747339165316454]]]}}, {"type": "Feature", "properties": {"k": "deck", "c": "motorway_link", "b": 2.04, "h": 3.54, "lk": 1}, "geometry": {"type": "Polygon", "coordinates": [[[-96.75512140110011, 32.74719662418035], [-96.75576780657896, 32.74703177579702], [-96.75578019342105, 32.747066224202975], [-96.75513259889989, 32.74723137581965], [-96.75496899492485, 32.74726449809681], [-96.75495900507515, 32.74722950190319], [-96.75512140110011, 32.74719662418035]]]}}, {"type": "Feature", "properties": {"k": "deck", "c": "motorway_link", "b": 0.0, "h": 1.46, "lk": 1}, "geometry": {"type": "Polygon", "coordinates": [[[-96.7561644321866, 32.74694162497086], [-96.7561755678134, 32.746976375029135], [-96.7557795678134, 32.747066375029135], [-96.7557684321866, 32.74703162497086], [-96.7561644321866, 32.74694162497086]]]}}, {"type": "Feature", "properties": {"k": "deck", "c": "motorway_link", "b": 0.0, "h": 0.43, "lk": 1}, "geometry": {"type": "Polygon", "coordinates": [[[-96.75645791008317, 32.7469170896549], [-96.75646208991684, 32.7469529103451], [-96.75617208991683, 32.7469769103451], [-96.75616791008316, 32.7469410896549], [-96.75645791008317, 32.7469170896549]]]}}, {"type": "Feature", "properties": {"k": "deck", "c": "motorway_link", "b": 5.6, "h": 7.1, "lk": 1}, "geometry": {"type": "Polygon", "coordinates": [[[-96.75351584358518, 32.74737499892232], [-96.75370847826774, 32.7473700083865], [-96.75390496696342, 32.74736701617286], [-96.75410032217293, 32.74735405893957], [-96.75410367782708, 32.747389941060426], [-96.75390703303658, 32.74740298382714], [-96.75370952173226, 32.747405991613505], [-96.75351615641483, 32.74741100107769], [-96.7532946555904, 32.74740799427917], [-96.7532953444096, 32.747372005720834], [-96.75351584358518, 32.74737499892232]]]}}, {"type": "Feature", "properties": {"k": "deck", "c": "motorway_link", "b": 0.0, "h": 0.76, "lk": 1}, "geometry": {"type": "Polygon", "coordinates": [[[-96.75735103796413, 32.74599443249904], [-96.75682116775681, 32.746235828945096], [-96.75680083224319, 32.746204171054906], [-96.75732896203587, 32.74596356750096], [-96.75765913904776, 32.74577802996557], [-96.75768286095224, 32.74580797003443], [-96.75735103796413, 32.74599443249904]]]}}, {"type": "Feature", "properties": {"k": "deck", "c": "motorway_link", "b": 0.84, "h": 2.34, "lk": 1}, "geometry": {"type": "Polygon", "coordinates": [[[-96.75603268963654, 32.74653144154104], [-96.75601531036345, 32.74649855845897], [-96.75680231036345, 32.746203558458966], [-96.75681968963654, 32.746236441541036], [-96.75603268963654, 32.74653144154104]]]}}, {"type": "Feature", "properties": {"k": "deck", "c": "motorway_link", "b": 2.57, "h": 4.07, "lk": 1}, "geometry": {"type": "Polygon", "coordinates": [[[-96.75548466531895, 32.74668609915563], [-96.75479054366507, 32.74687413211086], [-96.75477745633493, 32.746839867889136], [-96.75547133468105, 32.74665190084436], [-96.75601721350388, 32.746497935022546], [-96.75603078649611, 32.74653206497746], [-96.75548466531895, 32.74668609915563]]]}}, {"type": "Feature", "properties": {"k": "deck", "c": "motorway_link", "b": 4.58, "h": 6.08, "lk": 1}, "geometry": {"type": "Polygon", "coordinates": [[[-96.75417908139357, 32.74698667013346], [-96.75376859932805, 32.74704573950386], [-96.75376140067195, 32.74701026049614], [-96.75417091860643, 32.74695132986654], [-96.75477944081386, 32.74683941773644], [-96.75478855918614, 32.74687458226356], [-96.75417908139357, 32.74698667013346]]]}}, {"type": "Feature", "properties": {"k": "deck", "c": "motorway_link", "b": 5.49, "h": 6.99, "lk": 1}, "geometry": {"type": "Polygon", "coordinates": [[[-96.75362853765147, 32.74705986927498], [-96.75362346234853, 32.74702413072502], [-96.75376246234853, 32.74701013072502], [-96.75376753765147, 32.74704586927498], [-96.75362853765147, 32.74705986927498]]]}}, {"type": "Feature", "properties": {"k": "deck", "c": "motorway_link", "b": 5.6, "h": 7.1, "lk": 1}, "geometry": {"type": "Polygon", "coordinates": [[[-96.75316317148015, 32.74709990346199], [-96.75315882851986, 32.74706409653801], [-96.75362382851985, 32.74702409653801], [-96.75362817148014, 32.74705990346199], [-96.75316317148015, 32.74709990346199]]]}}, {"type": "Feature", "properties": {"k": "deck", "c": "motorway_link", "b": 3.99, "h": 5.49, "lk": 1}, "geometry": {"type": "Polygon", "coordinates": [[[-96.75269440665384, 32.74712595758533], [-96.75269159334614, 32.74709004241466], [-96.75315959334615, 32.747064042414664], [-96.75316240665386, 32.747099957585334], [-96.75269440665384, 32.74712595758533]]]}}, {"type": "Feature", "properties": {"k": "deck", "c": "motorway_link", "b": 1.43, "h": 2.93, "lk": 1}, "geometry": {"type": "Polygon", "coordinates": [[[-96.75241992521929, 32.747135979740996], [-96.75241807478072, 32.747100020259005], [-96.75269207478071, 32.747090020259], [-96.75269392521928, 32.74712597974099], [-96.75241992521929, 32.747135979740996]]]}}, {"type": "Feature", "properties": {"k": "deck", "c": "motorway_link", "b": 0.0, "h": 0.99, "lk": 1}, "geometry": {"type": "Polygon", "coordinates": [[[-96.7521425862757, 32.74718757726606], [-96.75213341372431, 32.74715242273393], [-96.75241441372431, 32.747100422733936], [-96.7524235862757, 32.747135577266064], [-96.7521425862757, 32.74718757726606]]]}}, {"type": "Feature", "properties": {"k": "deck", "c": "motorway_link", "b": 5.6, "h": 7.1, "lk": 1}, "geometry": {"type": "Polygon", "coordinates": [[[-96.8959313475811, 32.83313760556084], [-96.89574985186633, 32.833053838307876], [-96.89556023282667, 32.8329690087375], [-96.8948814070623, 32.83268508161367], [-96.89445784611743, 32.83250384158761], [-96.89417944164926, 32.83236964662814], [-96.8938967309579, 32.832235308923735], [-96.89369261541401, 32.83211867147008], [-96.89348249645677, 32.8319869701141], [-96.89330253844109, 32.83185225294035], [-96.89311728218044, 32.83170404793184], [-96.89314671781955, 32.83167795206816], [-96.8933314615589, 32.83182574705965], [-96.89350950354323, 32.831959029885894], [-96.89371738458598, 32.832089328529925], [-96.89391926904209, 32.832204691076264], [-96.89420055835073, 32.83233835337187], [-96.89447815388257, 32.832472158412386], [-96.8949005929377, 32.83265291838634], [-96.89557976717334, 32.83293699126251], [-96.89577014813366, 32.83302216169213], [-96.89595265241891, 32.83310639443916], [-96.89664302574393, 32.83345658380693], [-96.89662097425607, 32.83348741619307], [-96.8959313475811, 32.83313760556084]]]}}, {"type": "Feature", "properties": {"k": "deck", "c": "motorway", "b": 5.6, "h": 7.1, "lk": 0}, "geometry": {"type": "Polygon", "coordinates": [[[-96.89367915198434, 32.832252352597415], [-96.89301033046254, 32.831869028023725], [-96.8928289837215, 32.8318053116012], [-96.89285901627849, 32.8317446883988], [-96.89304766953745, 32.831810971976275], [-96.89371884801565, 32.83219564740258], [-96.89664958724255, 32.83344268543708], [-96.89661441275744, 32.83350131456292], [-96.89367915198434, 32.832252352597415]]]}}, {"type": "Feature", "properties": {"k": "deck", "c": "motorway", "b": 5.6, "h": 7.1, "lk": 0}, "geometry": {"type": "Polygon", "coordinates": [[[-96.8927300324739, 32.83178767257378], [-96.8928199675261, 32.83168032742621], [-96.89288896752609, 32.831721327426216], [-96.8927990324739, 32.831828672573785], [-96.8927300324739, 32.83178767257378]]]}}, {"type": "Feature", "properties": {"k": "deck", "c": "trunk_link", "b": 0.07, "h": 1.57, "lk": 1}, "geometry": {"type": "Polygon", "coordinates": [[[-96.88518777054036, 32.8591284378439], [-96.88499823687968, 32.858835613352255], [-96.88503576312033, 32.85881838664774], [-96.88522422945964, 32.8591095621561], [-96.88524159680762, 32.85913078891474], [-96.88520640319237, 32.85915121108526], [-96.88518777054036, 32.8591284378439]]]}}, {"type": "Feature", "properties": {"k": "deck", "c": "trunk_link", "b": 4.24, "h": 5.74, "lk": 1}, "geometry": {"type": "Polygon", "coordinates": [[[-96.88489720583823, 32.85862678195592], [-96.88493679416177, 32.858613218044084], [-96.88503679416178, 32.85882021804408], [-96.88499720583823, 32.858833781955916], [-96.88489720583823, 32.85862678195592]]]}}, {"type": "Feature", "properties": {"k": "deck", "c": "motorway_link", "b": 4.92, "h": 6.42, "lk": 1}, "geometry": {"type": "Polygon", "coordinates": [[[-96.8219730965123, 32.74094665252429], [-96.82210234898567, 32.740866495951664], [-96.82241752362606, 32.74067200527167], [-96.8229987426111, 32.74023359438777], [-96.8230272573889, 32.740260405612226], [-96.82244447637393, 32.740699994728324], [-96.82212765101433, 32.74089550404834], [-96.8219989034877, 32.740975347475704], [-96.82190613091768, 32.741036198301195], [-96.82187986908232, 32.74100780169881], [-96.8219730965123, 32.74094665252429]]]}}, {"type": "Feature", "properties": {"k": "deck", "c": "motorway_link", "b": 3.04, "h": 4.54, "lk": 1}, "geometry": {"type": "Polygon", "coordinates": [[[-96.82349652932449, 32.73963763644412], [-96.82353147067552, 32.73965836355588], [-96.82303047067552, 32.74025736355588], [-96.82299552932449, 32.740236636444116], [-96.82349652932449, 32.73963763644412]]]}}, {"type": "Feature", "properties": {"k": "deck", "c": "motorway_link", "b": 1.77, "h": 3.27, "lk": 1}, "geometry": {"type": "Polygon", "coordinates": [[[-96.82373694252061, 32.7392897981264], [-96.8239524666146, 32.738880701466506], [-96.8239915333854, 32.7388952985335], [-96.8237750574794, 32.739306201873596], [-96.82353246698328, 32.73965705589691], [-96.82349553301673, 32.73963894410309], [-96.82373694252061, 32.7392897981264]]]}}, {"type": "Feature", "properties": {"k": "deck", "c": "motorway_link", "b": 0.39, "h": 1.89, "lk": 1}, "geometry": {"type": "Polygon", "coordinates": [[[-96.824112180507, 32.738388888429796], [-96.82416502845948, 32.73816154252102], [-96.82420697154052, 32.738168457478984], [-96.824153819493, 32.73839711157021], [-96.82399261041164, 32.73889275439801], [-96.82395138958836, 32.738883245602], [-96.824112180507, 32.738388888429796]]]}}, {"type": "Feature", "properties": {"k": "deck", "c": "motorway_link", "b": 0.0, "h": 0.67, "lk": 1}, "geometry": {"type": "Polygon", "coordinates": [[[-96.82419666838922, 32.73791872219879], [-96.8242114810321, 32.73753458099379], [-96.82411151068487, 32.73734738161814], [-96.82415048931512, 32.73733261838186], [-96.82425451896792, 32.737527419006206], [-96.82423933161078, 32.73792127780121], [-96.82420724150248, 32.738166967692905], [-96.82416475849752, 32.7381630323071], [-96.82419666838922, 32.73791872219879]]]}}, {"type": "Feature", "properties": {"k": "deck", "c": "secondary", "b": 5.6, "h": 7.1, "lk": 0}, "geometry": {"type": "Polygon", "coordinates": [[[-96.88917729313972, 32.82910348424135], [-96.88874666869128, 32.82881373693266], [-96.8880150227747, 32.82833796718362], [-96.8880809772253, 32.82826603281638], [-96.88881333130871, 32.82874226306734], [-96.88924470686028, 32.82903251575865], [-96.89055373288453, 32.82991553331358], [-96.89048626711546, 32.82998646668642], [-96.88917729313972, 32.82910348424135]]]}}, {"type": "Feature", "properties": {"k": "deck", "c": "motorway_link", "b": 0.76, "h": 2.26, "lk": 1}, "geometry": {"type": "Polygon", "coordinates": [[[-96.81003270882391, 32.749087258038166], [-96.81007129117609, 32.74910274196183], [-96.80983929117609, 32.74951274196183], [-96.80980070882391, 32.74949725803817], [-96.81003270882391, 32.749087258038166]]]}}, {"type": "Feature", "properties": {"k": "deck", "c": "motorway_link", "b": 4.31, "h": 5.81, "lk": 1}, "geometry": {"type": "Polygon", "coordinates": [[[-96.81014203216007, 32.7488455892965], [-96.81018196783994, 32.7488584107035], [-96.81007196783993, 32.749101410703496], [-96.81003203216007, 32.7490885892965], [-96.81014203216007, 32.7488455892965]]]}}, {"type": "Feature", "properties": {"k": "deck", "c": "primary_link", "b": 0.0, "h": 0.65, "lk": 1}, "geometry": {"type": "Polygon", "coordinates": [[[-96.71786489267637, 32.85527407550609], [-96.71792208963616, 32.85506134295394], [-96.71799191036384, 32.85507465704607], [-96.71793510732363, 32.85528592449391], [-96.71790126071834, 32.855449184589986], [-96.71783073928167, 32.85543881541001], [-96.71786489267637, 32.85527407550609]]]}}, {"type": "Feature", "properties": {"k": "deck", "c": "primary_link", "b": 0.61, "h": 2.11, "lk": 1}, "geometry": {"type": "Polygon", "coordinates": [[[-96.71795457091098, 32.85491754158027], [-96.71799841659134, 32.854578734050236], [-96.71806958340866, 32.854585265949765], [-96.71802542908902, 32.85492645841973], [-96.71799216274451, 32.85507363679242], [-96.71792183725549, 32.85506236320759], [-96.71795457091098, 32.85491754158027]]]}}, {"type": "Feature", "properties": {"k": "deck", "c": "primary_link", "b": 2.58, "h": 4.08, "lk": 1}, "geometry": {"type": "Polygon", "coordinates": [[[-96.71801218950417, 32.854303686419236], [-96.71800521423135, 32.8540316507796], [-96.71807678576864, 32.854030349220395], [-96.71808381049583, 32.85430431358076], [-96.71806976196324, 32.854583277299625], [-96.71799823803677, 32.854580722700376], [-96.71801218950417, 32.854303686419236]]]}}, {"type": "Feature", "properties": {"k": "deck", "c": "primary_link", "b": 4.44, "h": 5.94, "lk": 1}, "geometry": {"type": "Polygon", "coordinates": [[[-96.71798133331049, 32.85380154234448], [-96.71797739564292, 32.853761181252004], [-96.71794350525818, 32.85354189052715], [-96.71801449474182, 32.853534109472854], [-96.71804860435708, 32.853754818747994], [-96.71805266668952, 32.85379645765553], [-96.71807665904294, 32.85402838373861], [-96.71800534095706, 32.85403361626139], [-96.71798133331049, 32.85380154234448]]]}}, {"type": "Feature", "properties": {"k": "deck", "c": "primary_link", "b": 5.45, "h": 6.95, "lk": 1}, "geometry": {"type": "Polygon", "coordinates": [[[-96.7179276795786, 32.85346088787622], [-96.7179983204214, 32.853451112123786], [-96.7180143204214, 32.853533112123785], [-96.7179436795786, 32.853542887876216], [-96.7179276795786, 32.85346088787622]]]}}, {"type": "Feature", "properties": {"k": "deck", "c": "secondary", "b": 5.6, "h": 7.1, "lk": 0}, "geometry": {"type": "Polygon", "coordinates": [[[-96.85107152412002, 32.76433995749392], [-96.85111247587997, 32.76442404250608], [-96.85064347587998, 32.76458604250608], [-96.85060252412002, 32.76450195749392], [-96.85107152412002, 32.76433995749392]]]}}, {"type": "Feature", "properties": {"k": "deck", "c": "motorway", "b": 5.6, "h": 7.1, "lk": 0}, "geometry": {"type": "Polygon", "coordinates": [[[-96.8904667919996, 32.83028763917861], [-96.89056320800039, 32.83018436082139], [-96.89275620800039, 32.83163636082139], [-96.8926597919996, 32.83173963917861], [-96.8904667919996, 32.83028763917861]]]}}, {"type": "Feature", "properties": {"k": "deck", "c": "motorway", "b": 5.6, "h": 7.1, "lk": 0}, "geometry": {"type": "Polygon", "coordinates": [[[-96.89015196774875, 32.83059997321301], [-96.89003203225124, 32.830730026786995], [-96.88984703225124, 32.830609026786995], [-96.88996696774875, 32.83047897321301], [-96.89015196774875, 32.83059997321301]]]}}, {"type": "Feature", "properties": {"k": "deck", "c": "secondary", "b": 5.6, "h": 7.1, "lk": 0}, "geometry": {"type": "Polygon", "coordinates": [[[-96.89047519620391, 32.829998021541954], [-96.89056480379608, 32.82990397845805], [-96.89082080379609, 32.830076978458045], [-96.89073119620392, 32.83017102154195], [-96.89047519620391, 32.829998021541954]]]}}, {"type": "Feature", "properties": {"k": "deck", "c": "motorway", "b": 5.6, "h": 7.1, "lk": 0}, "geometry": {"type": "Polygon", "coordinates": [[[-96.88797546416484, 32.829158530385875], [-96.88995572610472, 32.83049270686457], [-96.88985827389527, 32.83059529313544], [-96.88787853583517, 32.82926146961413], [-96.88745579956779, 32.82898164418891], [-96.88755220043222, 32.82887835581109], [-96.88797546416484, 32.829158530385875]]]}}, {"type": "Feature", "properties": {"k": "deck", "c": "motorway_link", "b": 0.25, "h": 1.75, "lk": 1}, "geometry": {"type": "Polygon", "coordinates": [[[-96.80953767023983, 32.75782004001824], [-96.80946832976018, 32.75778995998176], [-96.80959432976017, 32.75758395998176], [-96.80966367023983, 32.75761404001824], [-96.80953767023983, 32.75782004001824]]]}}, {"type": "Feature", "properties": {"k": "deck", "c": "motorway_link", "b": 3.8, "h": 5.3, "lk": 1}, "geometry": {"type": "Polygon", "coordinates": [[[-96.80948112090408, 32.7580459324505], [-96.80940487909592, 32.75803206754949], [-96.80946487909593, 32.757798067549494], [-96.80954112090409, 32.7578119324505], [-96.80948112090408, 32.7580459324505]]]}}, {"type": "Feature", "properties": {"k": "deck", "c": "primary", "b": 5.6, "h": 7.1, "lk": 0}, "geometry": {"type": "Polygon", "coordinates": [[[-96.73114428255923, 32.85565477477156], [-96.73120171744077, 32.855765225228446], [-96.73051571744077, 32.856018225228446], [-96.73045828255923, 32.85590777477156], [-96.73114428255923, 32.85565477477156]]]}}, {"type": "Feature", "properties": {"k": "deck", "c": "secondary", "b": 5.6, "h": 7.1, "lk": 0}, "geometry": {"type": "Polygon", "coordinates": [[[-96.89584036687809, 32.76653398120791], [-96.8959476331219, 32.76652401879209], [-96.89599163312191, 32.766860018792094], [-96.8958843668781, 32.76686998120791], [-96.89584036687809, 32.76653398120791]]]}}, {"type": "Feature", "properties": {"k": "deck", "c": "secondary", "b": 5.6, "h": 7.1, "lk": 0}, "geometry": {"type": "Polygon", "coordinates": [[[-96.84970626613116, 32.76476544609119], [-96.84966773386884, 32.7646805539088], [-96.85010573386884, 32.764539553908804], [-96.85014426613117, 32.76462444609119], [-96.84970626613116, 32.76476544609119]]]}}, {"type": "Feature", "properties": {"k": "deck", "c": "motorway", "b": 5.6, "h": 7.1, "lk": 0}, "geometry": {"type": "Polygon", "coordinates": [[[-96.82389200096955, 32.77941382429346], [-96.82393999903044, 32.77950417570655], [-96.82358699903044, 32.77963717570655], [-96.82353900096955, 32.779546824293455], [-96.82389200096955, 32.77941382429346]]]}}, {"type": "Feature", "properties": {"k": "deck", "c": "motorway", "b": 5.6, "h": 7.1, "lk": 0}, "geometry": {"type": "Polygon", "coordinates": [[[-96.82437725629987, 32.77925102161012], [-96.82442074370013, 32.77934297838988], [-96.82393774370013, 32.77950497838988], [-96.82389425629987, 32.779413021610125], [-96.82437725629987, 32.77925102161012]]]}}, {"type": "Feature", "properties": {"k": "deck", "c": "motorway", "b": 5.6, "h": 7.1, "lk": 0}, "geometry": {"type": "Polygon", "coordinates": [[[-96.77087838813672, 32.7526551987859], [-96.77069187459699, 32.75209266597086], [-96.77084212540302, 32.75205733402913], [-96.77102961186328, 32.7526228012141], [-96.77115801704156, 32.7530932858126], [-96.77100598295846, 32.7531227141874], [-96.77087838813672, 32.7526551987859]]]}}, {"type": "Feature", "properties": {"k": "deck", "c": "secondary", "b": 5.6, "h": 7.1, "lk": 0}, "geometry": {"type": "Polygon", "coordinates": [[[-96.70169748795027, 32.85311642377315], [-96.70160251204973, 32.85315957622685], [-96.70156151204974, 32.85309557622685], [-96.70165648795027, 32.85305242377315], [-96.70169748795027, 32.85311642377315]]]}}, {"type": "Feature", "properties": {"k": "deck", "c": "secondary", "b": 5.6, "h": 7.1, "lk": 0}, "geometry": {"type": "Polygon", "coordinates": [[[-96.70164996419346, 32.8529510435573], [-96.70150151186128, 32.852747793384374], [-96.70156248813872, 32.85271620661563], [-96.70171203580652, 32.8529209564427], [-96.70181653058172, 32.85308473190768], [-96.70175346941828, 32.85311326809232], [-96.70164996419346, 32.8529510435573]]]}}, {"type": "Feature", "properties": {"k": "deck", "c": "motorway_link", "b": 0.0, "h": 1.31, "lk": 1}, "geometry": {"type": "Polygon", "coordinates": [[[-96.75190788371063, 32.74731514071056], [-96.75236371571005, 32.74734606148076], [-96.75236028428996, 32.74738193851923], [-96.75190211628936, 32.74735085928943], [-96.75169096557812, 32.74731667298381], [-96.75169903442188, 32.74728132701619], [-96.75190788371063, 32.74731514071056]]]}}, {"type": "Feature", "properties": {"k": "deck", "c": "motorway_link", "b": 2.7, "h": 4.2, "lk": 1}, "geometry": {"type": "Polygon", "coordinates": [[[-96.75291995572293, 32.747367021390666], [-96.75291804427708, 32.74740297860934], [-96.75236104427708, 32.74738197860933], [-96.75236295572293, 32.74734602139066], [-96.75291995572293, 32.747367021390666]]]}}, {"type": "Feature", "properties": {"k": "deck", "c": "motorway_link", "b": 4.77, "h": 6.27, "lk": 1}, "geometry": {"type": "Polygon", "coordinates": [[[-96.75329533738882, 32.7473720056265], [-96.75329466261117, 32.7474079943735], [-96.75291866261118, 32.7474029943735], [-96.75291933738883, 32.7473670056265], [-96.75329533738882, 32.7473720056265]]]}}, {"type": "Feature", "properties": {"k": "deck", "c": "secondary", "b": 5.6, "h": 7.1, "lk": 0}, "geometry": {"type": "Polygon", "coordinates": [[[-96.8212128542103, 32.74071942398681], [-96.82137814469367, 32.74085341686386], [-96.82157996834634, 32.740982467564855], [-96.82176089000659, 32.741061681913386], [-96.82171110999342, 32.74114231808661], [-96.82152203165366, 32.74105953243515], [-96.82130785530633, 32.74092258313614], [-96.8211351457897, 32.740782576013196], [-96.82093481731053, 32.74059432764331], [-96.82101518268948, 32.74053367235669], [-96.8212128542103, 32.74071942398681]]]}}, {"type": "Feature", "properties": {"k": "deck", "c": "secondary", "b": 5.6, "h": 7.1, "lk": 0}, "geometry": {"type": "Polygon", "coordinates": [[[-96.821663219451, 32.74097958055285], [-96.8214555430876, 32.74086282717442], [-96.8212542526478, 32.74070672438439], [-96.82106529307359, 32.74052382768419], [-96.82114670692641, 32.740464172315804], [-96.82133174735219, 32.74064327561562], [-96.8215224569124, 32.74079117282559], [-96.82171678054901, 32.74090041944715], [-96.8219163355548, 32.74098102787314], [-96.8218696644452, 32.74106297212686], [-96.821663219451, 32.74097958055285]]]}}, {"type": "Feature", "properties": {"k": "deck", "c": "motorway_link", "b": 5.6, "h": 7.1, "lk": 1}, "geometry": {"type": "Polygon", "coordinates": [[[-96.82468993236554, 32.732173980478684], [-96.82489792392498, 32.73120002000325], [-96.82508088571328, 32.73021222630469], [-96.82512311428673, 32.730217773695315], [-96.82494007607501, 32.73120597999675], [-96.82473206763444, 32.732180019521316], [-96.82452809937932, 32.73324985301636], [-96.82448590062067, 32.73324414698364], [-96.82468993236554, 32.732173980478684]]]}}, {"type": "Feature", "properties": {"k": "deck", "c": "motorway_link", "b": 5.6, "h": 7.1, "lk": 1}, "geometry": {"type": "Polygon", "coordinates": [[[-96.82478550341683, 32.731114085904245], [-96.82449744737448, 32.73200625947989], [-96.82399923469178, 32.733241786915904], [-96.8239587653082, 32.73323021308409], [-96.82445655262552, 32.731995740520105], [-96.82474449658316, 32.73110391409575], [-96.82508163208527, 32.730209554633156], [-96.82512236791473, 32.73022044536685], [-96.82478550341683, 32.731114085904245]]]}}, {"type": "Feature", "properties": {"k": "deck", "c": "secondary", "b": 5.6, "h": 7.1, "lk": 0}, "geometry": {"type": "Polygon", "coordinates": [[[-96.79884770036458, 32.737881921576104], [-96.79895429963543, 32.7378960784239], [-96.79886029963542, 32.7383980784239], [-96.79875370036457, 32.7383839215761], [-96.79884770036458, 32.737881921576104]]]}}, {"type": "Feature", "properties": {"k": "deck", "c": "secondary", "b": 5.6, "h": 7.1, "lk": 0}, "geometry": {"type": "Polygon", "coordinates": [[[-96.79869730043977, 32.738381074127005], [-96.79859069956022, 32.738366925872995], [-96.79868669956022, 32.737853925873], [-96.79879330043977, 32.73786807412701], [-96.79869730043977, 32.738381074127005]]]}}, {"type": "Feature", "properties": {"k": "deck", "c": "primary_link", "b": 4.94, "h": 6.44, "lk": 1}, "geometry": {"type": "Polygon", "coordinates": [[[-96.71730165999442, 32.853575392872465], [-96.71732862629004, 32.853839063318446], [-96.71735375394715, 32.854032043724956], [-96.71735878656243, 32.85423838095201], [-96.71728721343756, 32.85423961904799], [-96.71728224605286, 32.85403595627504], [-96.71725737370996, 32.853844936681554], [-96.71723034000557, 32.85358060712753], [-96.71722234212233, 32.85350362750133], [-96.71729365787768, 32.85349837249867], [-96.71730165999442, 32.853575392872465]]]}}, {"type": "Feature", "properties": {"k": "deck", "c": "primary_link", "b": 2.56, "h": 4.06, "lk": 1}, "geometry": {"type": "Polygon", "coordinates": [[[-96.717358794111, 32.85448742727181], [-96.71729177973126, 32.85647785437197], [-96.71722022026876, 32.85647614562803], [-96.717287205889, 32.854486572728185], [-96.717287205889, 32.854239], [-96.717358794111, 32.854239], [-96.717358794111, 32.85448742727181]]]}}, {"type": "Feature", "properties": {"k": "deck", "c": "primary_link", "b": 0.0, "h": 0.62, "lk": 1}, "geometry": {"type": "Polygon", "coordinates": [[[-96.71729378705388, 32.856884494748954], [-96.71732463036629, 32.857155119941766], [-96.7172533696337, 32.85716088005823], [-96.71722221294613, 32.85688750525105], [-96.71722020619252, 32.856477124137434], [-96.71729179380749, 32.85647687586256], [-96.71729378705388, 32.856884494748954]]]}}, {"type": "Feature", "properties": {"k": "deck", "c": "motorway_link", "b": 2.28, "h": 3.78, "lk": 1}, "geometry": {"type": "Polygon", "coordinates": [[[-96.77566474400736, 32.76311773382011], [-96.77570525599263, 32.76310626617989], [-96.77615825599264, 32.76424126617989], [-96.77611774400737, 32.76425273382011], [-96.77566474400736, 32.76311773382011]]]}}, {"type": "Feature", "properties": {"k": "deck", "c": "motorway_link", "b": 0.0, "h": 0.23, "lk": 1}, "geometry": {"type": "Polygon", "coordinates": [[[-96.7756346954307, 32.7630406106413], [-96.7756753045693, 32.76302938935871], [-96.7757053045693, 32.763106389358704], [-96.77566469543069, 32.763117610641295], [-96.7756346954307, 32.7630406106413]]]}}, {"type": "Feature", "properties": {"k": "deck", "c": "motorway_link", "b": 2.05, "h": 3.55, "lk": 1}, "geometry": {"type": "Polygon", "coordinates": [[[-96.77542967538241, 32.76436445006835], [-96.77538832461758, 32.764373549931655], [-96.77520432461759, 32.76378054993165], [-96.77524567538242, 32.76377145006835], [-96.77542967538241, 32.76436445006835]]]}}, {"type": "Feature", "properties": {"k": "deck", "c": "motorway", "b": 5.6, "h": 7.1, "lk": 0}, "geometry": {"type": "Polygon", "coordinates": [[[-96.8855487528885, 32.82709384338441], [-96.88566924711151, 32.826964156615595], [-96.8861882471115, 32.82730615661559], [-96.8860677528885, 32.82743584338441], [-96.8855487528885, 32.82709384338441]]]}}, {"type": "Feature", "properties": {"k": "deck", "c": "motorway", "b": 5.6, "h": 7.1, "lk": 0}, "geometry": {"type": "Polygon", "coordinates": [[[-96.7679669215138, 32.785351615497085], [-96.76780107848619, 32.785264384502916], [-96.7679560784862, 32.78505538450292], [-96.76812192151381, 32.78514261549709], [-96.7679669215138, 32.785351615497085]]]}}, {"type": "Feature", "properties": {"k": "deck", "c": "motorway_link", "b": 12.7, "h": 14.2, "lk": 1}, "geometry": {"type": "Polygon", "coordinates": [[[-96.78123485256641, 32.77990815573684], [-96.78140178390822, 32.779798514441346], [-96.7815655302707, 32.77965942867563], [-96.78168987867531, 32.77950942107641], [-96.78177280041898, 32.77938503846091], [-96.78184496391542, 32.77924268855012], [-96.78189566444539, 32.77911046952099], [-96.7819363355546, 32.77912153047902], [-96.78188503608457, 32.77925531144988], [-96.78181119958101, 32.77940096153909], [-96.78172612132468, 32.77952857892359], [-96.7815984697293, 32.77968257132437], [-96.78143021609176, 32.77982548555865], [-96.78125914743357, 32.77993784426315], [-96.78110706851739, 32.78001539443896], [-96.78108493148262, 32.77998460556104], [-96.78123485256641, 32.77990815573684]]]}}, {"type": "Feature", "properties": {"k": "pier", "b": 0.0, "h": 12.7}, "geometry": {"type": "Polygon", "coordinates": [[[-96.781438, 32.779793], [-96.781415, 32.779793], [-96.781415, 32.779813], [-96.781438, 32.779813], [-96.781438, 32.779793]]]}}, {"type": "Feature", "properties": {"k": "pier", "b": 0.0, "h": 12.7}, "geometry": {"type": "Polygon", "coordinates": [[[-96.7817, 32.779533], [-96.781676, 32.779533], [-96.781676, 32.779553], [-96.7817, 32.779553], [-96.7817, 32.779533]]]}}, {"type": "Feature", "properties": {"k": "pier", "b": 0.0, "h": 12.7}, "geometry": {"type": "Polygon", "coordinates": [[[-96.781881, 32.779228], [-96.781857, 32.779228], [-96.781857, 32.779248], [-96.781881, 32.779248], [-96.781881, 32.779228]]]}}, {"type": "Feature", "properties": {"k": "deck", "c": "motorway_link", "b": 12.7, "h": 14.2, "lk": 1}, "geometry": {"type": "Polygon", "coordinates": [[[-96.78192375093091, 32.77898576637557], [-96.78193957356851, 32.7787632605343], [-96.78192271437287, 32.778603594034394], [-96.78196528562712, 32.778600405965605], [-96.78198242643148, 32.7787627394657], [-96.78196624906907, 32.77899023362443], [-96.78193699094366, 32.77911937293665], [-96.78189500905633, 32.779112627063355], [-96.78192375093091, 32.77898576637557]]]}}, {"type": "Feature", "properties": {"k": "pier", "b": 0.0, "h": 12.7}, "geometry": {"type": "Polygon", "coordinates": [[[-96.781972, 32.778767], [-96.781948, 32.778767], [-96.781948, 32.778787], [-96.781972, 32.778787], [-96.781972, 32.778767]]]}}, {"type": "Feature", "properties": {"k": "deck", "c": "primary_link", "b": 3.92, "h": 5.42, "lk": 1}, "geometry": {"type": "Polygon", "coordinates": [[[-96.8830928582064, 32.857606324300924], [-96.88313514179362, 32.85755767569908], [-96.8834271417936, 32.85773767569908], [-96.88338485820638, 32.857786324300925], [-96.8830928582064, 32.857606324300924]]]}}, {"type": "Feature", "properties": {"k": "deck", "c": "primary_link", "b": 0.37, "h": 1.87, "lk": 1}, "geometry": {"type": "Polygon", "coordinates": [[[-96.88273056075106, 32.857472582815554], [-96.88275943924894, 32.85741741718444], [-96.88312843924895, 32.857554417184446], [-96.88309956075106, 32.857609582815556], [-96.88273056075106, 32.857472582815554]]]}}, {"type": "Feature", "properties": {"k": "deck", "c": "secondary", "b": 5.6, "h": 7.1, "lk": 0}, "geometry": {"type": "Polygon", "coordinates": [[[-96.82295894801052, 32.774808907991215], [-96.82298505198946, 32.774897092008786], [-96.82280405198946, 32.77493509200878], [-96.82277794801053, 32.77484690799121], [-96.82295894801052, 32.774808907991215]]]}}, {"type": "Feature", "properties": {"k": "deck", "c": "motorway_link", "b": 5.6, "h": 7.1, "lk": 1}, "geometry": {"type": "Polygon", "coordinates": [[[-96.82241552199133, 32.76953135733877], [-96.823324961396, 32.76930573685258], [-96.823337038604, 32.76934026314742], [-96.82241647800868, 32.769568642661234], [-96.8222338518864, 32.76953046657918], [-96.8222441481136, 32.76949553342083], [-96.82241552199133, 32.76953135733877]]]}}, {"type": "Feature", "properties": {"k": "deck", "c": "motorway", "b": 5.6, "h": 7.1, "lk": 0}, "geometry": {"type": "Polygon", "coordinates": [[[-96.82330062685456, 32.769163330937886], [-96.82334737314544, 32.76928866906212], [-96.82226237314543, 32.76957566906212], [-96.82221562685456, 32.769450330937886], [-96.82330062685456, 32.769163330937886]]]}}, {"type": "Feature", "properties": {"k": "deck", "c": "secondary", "b": 5.6, "h": 7.1, "lk": 0}, "geometry": {"type": "Polygon", "coordinates": [[[-96.71299129604222, 32.73416301721803], [-96.71292870395777, 32.73408898278198], [-96.71345070395778, 32.73377598278197], [-96.71351329604222, 32.733850017218025], [-96.71299129604222, 32.73416301721803]]]}}, {"type": "Feature", "properties": {"k": "deck", "c": "motorway", "b": 19.8, "h": 21.3, "lk": 0}, "geometry": {"type": "Polygon", "coordinates": [[[-96.7751674275038, 32.76272585529185], [-96.7750554421782, 32.76241489603954], [-96.7752425578218, 32.762367103960464], [-96.7753545724962, 32.76267814470815], [-96.77565058712057, 32.76350318546861], [-96.77546341287945, 32.7635508145314], [-96.7751674275038, 32.76272585529185]]]}}, {"type": "Feature", "properties": {"k": "pier", "b": 0.0, "h": 19.8}, "geometry": {"type": "Polygon", "coordinates": [[[-96.775451, 32.76319], [-96.775428, 32.76319], [-96.775428, 32.76321], [-96.775451, 32.76321], [-96.775451, 32.76319]]]}}, {"type": "Feature", "properties": {"k": "pier", "b": 0.0, "h": 19.8}, "geometry": {"type": "Polygon", "coordinates": [[[-96.775334, 32.762862], [-96.77531, 32.762862], [-96.77531, 32.762882], [-96.775334, 32.762882], [-96.775334, 32.762862]]]}}, {"type": "Feature", "properties": {"k": "pier", "b": 0.0, "h": 19.8}, "geometry": {"type": "Polygon", "coordinates": [[[-96.775216, 32.762535], [-96.775193, 32.762535], [-96.775193, 32.762555], [-96.775216, 32.762555], [-96.775216, 32.762535]]]}}, {"type": "Feature", "properties": {"k": "deck", "c": "motorway", "b": 5.6, "h": 7.1, "lk": 0}, "geometry": {"type": "Polygon", "coordinates": [[[-96.77076795780032, 32.75286740811913], [-96.77057804219969, 32.75290659188087], [-96.77035404219968, 32.75213659188087], [-96.77054395780031, 32.75209740811913], [-96.77076795780032, 32.75286740811913]]]}}]}